varnames = FOB xcoord ycoord zcoord pitch roll yaw casenum
1 9.77 15.1 -6.74 123.38 -5.12 13.38 1
2 12.42 8.31 -6.22 109.73 20.83 19.58 2
3 16.21 2.68 -6.9 -151.02 -62.27 -6.7 3
1 9.77 15.09 -6.74 123.35 -5.1 13.36 4
2 12.42 8.31 -6.22 109.75 20.83 19.58 5
3 16.21 2.68 -6.9 -151.04 -62.27 -6.68 6
1 9.77 15.09 -6.74 123.35 -5.1 13.36 7
2 12.41 8.3 -6.22 109.73 20.83 19.58 8
3 16.21 2.68 -6.9 -151.06 -62.27 -6.68 9
1 9.77 15.1 -6.74 123.35 -5.08 13.36 10
2 12.41 8.31 -6.22 109.75 20.83 19.58 11
3 16.2 2.68 -6.9 -151.02 -62.23 -6.7 12
1 9.77 15.1 -6.74 123.38 -5.08 13.34 13
2 12.41 8.31 -6.22 109.73 20.81 19.58 14
3 16.21 2.69 -6.9 -151 -62.23 -6.75 15
1 9.77 15.1 -6.74 123.35 -5.05 13.36 16
2 12.41 8.31 -6.22 109.73 20.81 19.56 17
3 16.2 2.68 -6.9 -151.04 -62.23 -6.7 18
1 9.76 15.1 -6.75 123.35 -5.03 13.36 19
2 12.41 8.31 -6.22 109.75 20.81 19.56 20
3 16.2 2.68 -6.9 -151.04 -62.2 -6.68 21
1 9.77 15.09 -6.75 123.33 -5.03 13.36 22
2 12.41 8.31 -6.22 109.73 20.81 19.56 23
3 16.2 2.68 -6.9 -151.04 -62.25 -6.7 24
1 9.76 15.1 -6.75 123.33 -5.01 13.34 25
2 12.41 8.31 -6.22 109.71 20.81 19.53 26
3 16.2 2.69 -6.9 -151.02 -62.23 -6.72 27
1 9.76 15.1 -6.75 123.33 -5.01 13.32 28
2 12.4 8.31 -6.23 109.71 20.81 19.53 29
3 16.2 2.69 -6.91 -151.04 -62.23 -6.72 30
1 9.76 15.1 -6.75 123.31 -4.99 13.32 31
2 12.4 8.31 -6.23 109.73 20.81 19.53 32
3 16.2 2.68 -6.9 -151.08 -62.23 -6.68 33
1 9.76 15.1 -6.75 123.31 -4.99 13.29 34
2 12.4 8.31 -6.23 109.71 20.81 19.53 35
3 16.19 2.69 -6.9 -151.08 -62.2 -6.66 36
1 9.76 15.1 -6.75 123.31 -4.99 13.29 37
2 12.4 8.31 -6.23 109.69 20.79 19.51 38
3 16.19 2.69 -6.91 -151.08 -62.23 -6.68 39
1 9.76 15.1 -6.75 123.33 -4.97 13.29 40
2 12.39 8.31 -6.23 109.71 20.79 19.51 41
3 16.19 2.69 -6.91 -151.08 -62.23 -6.68 42
1 9.76 15.1 -6.76 123.31 -4.92 13.32 43
2 12.39 8.31 -6.23 109.69 20.81 19.51 44
3 16.19 2.68 -6.91 -151.15 -62.18 -6.64 45
1 9.76 15.1 -6.76 123.31 -4.9 13.29 46
2 12.39 8.31 -6.23 109.69 20.79 19.49 47
3 16.19 2.69 -6.91 -151.13 -62.18 -6.64 48
1 9.75 15.1 -6.76 123.31 -4.88 13.29 49
2 12.39 8.31 -6.23 109.69 20.81 19.49 50
3 16.19 2.69 -6.91 -151.11 -62.16 -6.66 51
1 9.76 15.1 -6.77 123.29 -4.83 13.29 52
2 12.38 8.31 -6.23 109.67 20.81 19.47 53
3 16.19 2.69 -6.91 -151.13 -62.18 -6.64 54
1 9.75 15.1 -6.78 123.27 -4.79 13.32 55
2 12.38 8.31 -6.23 109.69 20.81 19.49 56
3 16.19 2.69 -6.92 -151.15 -62.14 -6.61 57
1 9.75 15.11 -6.78 123.27 -4.77 13.32 58
2 12.38 8.31 -6.24 109.67 20.79 19.47 59
3 16.18 2.69 -6.92 -151.11 -62.14 -6.68 60
1 9.74 15.11 -6.78 123.27 -4.7 13.34 61
2 12.38 8.32 -6.24 109.69 20.76 19.47 62
3 16.18 2.69 -6.92 -151.24 -62.12 -6.57 63
1 9.74 15.11 -6.78 123.27 -4.68 13.32 64
2 12.37 8.32 -6.24 109.67 20.74 19.45 65
3 16.18 2.69 -6.92 -151.22 -62.12 -6.59 66
1 9.73 15.11 -6.79 123.24 -4.64 13.32 67
2 12.36 8.33 -6.24 109.71 20.72 19.45 68
3 16.17 2.69 -6.93 -151.24 -62.07 -6.59 69
1 9.73 15.11 -6.79 123.24 -4.59 13.32 70
2 12.35 8.32 -6.24 109.67 20.7 19.4 71
3 16.17 2.69 -6.93 -151.24 -62.05 -6.59 72
1 9.73 15.11 -6.79 123.22 -4.57 13.29 73
2 12.34 8.33 -6.24 109.69 20.65 19.4 74
3 16.16 2.69 -6.94 -151.24 -61.98 -6.59 75
1 9.73 15.11 -6.79 123.2 -4.53 13.32 76
2 12.34 8.33 -6.25 109.67 20.61 19.4 77
3 16.16 2.69 -6.95 -151.24 -61.96 -6.59 78
1 9.72 15.11 -6.8 123.2 -4.48 13.32 79
2 12.33 8.33 -6.26 109.69 20.59 19.4 80
3 16.15 2.69 -6.95 -151.39 -61.9 -6.5 81
1 9.71 15.11 -6.79 123.18 -4.48 13.29 82
2 12.32 8.32 -6.26 109.64 20.57 19.38 83
3 16.15 2.69 -6.95 -151.39 -61.83 -6.48 84
1 9.71 15.12 -6.79 123.18 -4.46 13.27 85
2 12.31 8.32 -6.26 109.64 20.52 19.34 86
3 16.14 2.69 -6.96 -151.39 -61.79 -6.5 87
1 9.7 15.12 -6.79 123.18 -4.44 13.25 88
2 12.31 8.33 -6.27 109.64 20.52 19.34 89
3 16.14 2.69 -6.97 -151.39 -61.74 -6.48 90
1 9.7 15.12 -6.79 123.18 -4.44 13.23 91
2 12.3 8.33 -6.27 109.64 20.48 19.31 92
3 16.13 2.69 -6.97 -151.41 -61.74 -6.48 93
1 9.7 15.12 -6.8 123.16 -4.39 13.23 94
2 12.3 8.33 -6.27 109.67 20.48 19.31 95
3 16.13 2.69 -6.97 -151.5 -61.68 -6.42 96
1 9.7 15.11 -6.8 123.16 -4.37 13.23 97
2 12.3 8.33 -6.27 109.64 20.46 19.29 98
3 16.13 2.69 -6.98 -151.48 -61.66 -6.46 99
1 9.69 15.11 -6.8 123.16 -4.35 13.25 100
2 12.3 8.33 -6.28 109.67 20.43 19.31 101
3 16.13 2.69 -6.99 -151.48 -61.68 -6.48 102
1 9.69 15.11 -6.8 123.16 -4.35 13.25 103
2 12.3 8.33 -6.27 109.67 20.43 19.31 104
3 16.13 2.68 -6.99 -151.48 -61.68 -6.48 105
1 9.69 15.11 -6.8 123.16 -4.33 13.23 106
2 12.3 8.32 -6.27 109.67 20.43 19.29 107
3 16.13 2.68 -6.99 -151.46 -61.68 -6.5 108
1 9.69 15.11 -6.8 123.18 -4.35 13.23 109
2 12.3 8.32 -6.27 109.67 20.41 19.29 110
3 16.13 2.68 -6.99 -151.46 -61.7 -6.53 111
1 9.69 15.11 -6.8 123.16 -4.28 13.25 112
2 12.3 8.32 -6.26 109.69 20.39 19.31 113
3 16.13 2.68 -6.99 -151.44 -61.68 -6.53 114
1 9.69 15.1 -6.8 123.18 -4.26 13.27 115
2 12.32 8.31 -6.26 109.69 20.37 19.34 116
3 16.13 2.68 -6.99 -151.41 -61.7 -6.55 117
1 9.69 15.1 -6.79 123.18 -4.24 13.27 118
2 12.33 8.3 -6.25 109.73 20.3 19.4 119
3 16.14 2.67 -6.99 -151.46 -61.68 -6.55 120
1 9.69 15.1 -6.79 123.2 -4.2 13.29 121
2 12.34 8.3 -6.24 109.73 20.26 19.4 122
3 16.14 2.66 -6.99 -151.44 -61.68 -6.53 123
1 9.69 15.09 -6.79 123.2 -4.13 13.32 124
2 12.34 8.29 -6.23 109.78 20.21 19.42 125
3 16.14 2.66 -6.98 -151.41 -61.66 -6.55 126
1 9.7 15.09 -6.78 123.2 -4.11 13.32 127
2 12.36 8.29 -6.21 109.8 20.17 19.42 128
3 16.15 2.66 -6.98 -151.35 -61.68 -6.64 129
1 9.7 15.09 -6.78 123.24 -4.06 13.32 130
2 12.35 8.29 -6.21 109.82 20.13 19.42 131
3 16.15 2.66 -6.98 -151.24 -61.68 -6.68 132
1 9.7 15.09 -6.78 123.24 -4.06 13.36 133
2 12.36 8.29 -6.21 109.8 20.13 19.4 134
3 16.15 2.66 -6.98 -151.24 -61.68 -6.68 135
1 9.7 15.08 -6.78 123.24 -4.02 13.38 136
2 12.36 8.29 -6.21 109.82 20.13 19.47 137
3 16.16 2.65 -6.98 -151.19 -61.68 -6.75 138
1 9.7 15.08 -6.77 123.27 -4 13.38 139
2 12.35 8.29 -6.21 109.82 20.13 19.45 140
3 16.15 2.65 -6.98 -151.17 -61.68 -6.77 141
1 9.7 15.08 -6.77 123.27 -4 13.38 142
2 12.36 8.29 -6.21 109.82 20.13 19.47 143
3 16.16 2.65 -6.98 -151.17 -61.66 -6.75 144
1 9.7 15.08 -6.77 123.27 -4 13.36 145
2 12.35 8.29 -6.21 109.82 20.1 19.45 146
3 16.16 2.65 -6.98 -151.17 -61.66 -6.77 147
1 9.7 15.08 -6.77 123.27 -4 13.36 148
2 12.35 8.29 -6.21 109.84 20.08 19.45 149
3 16.16 2.65 -6.98 -151.19 -61.63 -6.72 150
1 9.7 15.08 -6.77 123.27 -4 13.36 151
2 12.35 8.29 -6.22 109.82 20.08 19.45 152
3 16.16 2.65 -6.98 -151.19 -61.61 -6.72 153
1 9.7 15.08 -6.77 123.24 -3.96 13.36 154
2 12.34 8.29 -6.22 109.8 20.06 19.45 155
3 16.15 2.65 -6.99 -151.22 -61.61 -6.72 156
1 9.7 15.08 -6.77 123.24 -3.96 13.36 157
2 12.33 8.3 -6.22 109.78 19.97 19.42 158
3 16.14 2.65 -7 -151.22 -61.59 -6.77 159
1 9.7 15.08 -6.77 123.24 -3.96 13.36 160
2 12.32 8.3 -6.23 109.69 19.84 19.38 161
3 16.14 2.64 -7.01 -151.26 -61.5 -6.75 162
1 9.7 15.08 -6.77 123.24 -3.93 13.38 163
2 12.3 8.3 -6.23 109.64 19.75 19.34 164
3 16.12 2.64 -7.02 -151.28 -61.33 -6.75 165
1 9.69 15.09 -6.76 123.22 -3.96 13.38 166
2 12.28 8.31 -6.23 109.58 19.56 19.29 167
3 16.1 2.63 -7.04 -151.17 -61.15 -6.86 168
1 9.69 15.08 -6.75 123.18 -3.91 13.38 169
2 12.26 8.3 -6.22 109.51 19.4 19.27 170
3 16.09 2.63 -7.05 -151.22 -61.08 -6.88 171
1 9.69 15.09 -6.75 123.16 -3.87 13.4 172
2 12.25 8.31 -6.23 109.51 19.36 19.27 173
3 16.07 2.61 -7.06 -151.26 -60.97 -6.9 174
1 9.68 15.08 -6.74 123.07 -3.78 13.47 175
2 12.24 8.3 -6.23 109.45 19.23 19.27 176
3 16.05 2.59 -7.08 -151.24 -60.91 -7.01 177
1 9.68 15.08 -6.73 122.98 -3.74 13.47 178
2 12.23 8.29 -6.23 109.4 19.16 19.29 179
3 16.05 2.59 -7.09 -151.26 -60.86 -6.99 180
1 9.67 15.07 -6.72 122.92 -3.63 13.54 181
2 12.23 8.29 -6.23 109.38 19.12 19.29 182
3 16.04 2.58 -7.09 -151.26 -60.78 -7.03 183
1 9.66 15.07 -6.71 122.87 -3.56 13.62 184
2 12.22 8.28 -6.23 109.34 19.03 19.31 185
3 16.03 2.58 -7.1 -151.26 -60.75 -7.05 186
1 9.65 15.08 -6.71 122.81 -3.47 13.73 187
2 12.21 8.28 -6.23 109.34 18.94 19.31 188
3 16.03 2.58 -7.11 -151.22 -60.64 -7.08 189
1 9.64 15.07 -6.69 122.74 -3.41 13.78 190
2 12.2 8.28 -6.23 109.29 18.87 19.31 191
3 16.02 2.56 -7.12 -151.26 -60.62 -7.1 192
1 9.64 15.07 -6.69 122.72 -3.38 13.8 193
2 12.19 8.27 -6.23 109.25 18.81 19.31 194
3 16.01 2.56 -7.12 -151.26 -60.56 -7.1 195
1 9.63 15.07 -6.69 122.63 -3.3 13.86 196
2 12.18 8.27 -6.23 109.2 18.68 19.27 197
3 16 2.55 -7.13 -151.26 -60.53 -7.12 198
1 9.63 15.07 -6.69 122.59 -3.23 13.91 199
2 12.18 8.27 -6.23 109.18 18.65 19.25 200
3 15.99 2.54 -7.14 -151.28 -60.45 -7.1 201
1 9.63 15.07 -6.69 122.56 -3.19 13.93 202
2 12.17 8.27 -6.23 109.12 18.57 19.2 203
3 15.98 2.54 -7.15 -151.28 -60.38 -7.12 204
1 9.62 15.07 -6.68 122.54 -3.16 13.95 205
2 12.16 8.27 -6.22 109.12 18.46 19.16 206
3 15.97 2.54 -7.15 -151.26 -60.27 -7.1 207
1 9.62 15.07 -6.68 122.5 -3.14 13.97 208
2 12.15 8.27 -6.22 109.09 18.41 19.16 209
3 15.96 2.54 -7.16 -151.3 -60.18 -7.05 210
1 9.62 15.07 -6.68 122.45 -3.12 14.02 211
2 12.14 8.27 -6.22 109.05 18.33 19.16 212
3 15.96 2.53 -7.17 -151.3 -60.18 -7.08 213
1 9.61 15.07 -6.67 122.39 -3.05 14.11 214
2 12.13 8.27 -6.23 109.07 18.28 19.2 215
3 15.94 2.52 -7.18 -151.39 -60.1 -6.99 216
1 9.6 15.06 -6.67 122.34 -2.99 14.26 217
2 12.12 8.27 -6.22 109.05 18.19 19.25 218
3 15.93 2.52 -7.18 -151.41 -60.01 -6.9 219
1 9.59 15.06 -6.67 122.32 -2.97 14.3 220
2 12.11 8.26 -6.22 109.03 18.13 19.25 221
3 15.93 2.52 -7.19 -151.39 -59.96 -6.9 222
1 9.58 15.06 -6.67 122.28 -2.92 14.39 223
2 12.1 8.26 -6.23 109.03 18.08 19.27 224
3 15.92 2.52 -7.19 -151.41 -59.92 -6.81 225
1 9.57 15.07 -6.66 122.26 -2.97 14.48 226
2 12.09 8.26 -6.23 109.03 18 19.29 227
3 15.91 2.51 -7.21 -151.44 -59.83 -6.75 228
1 9.56 15.06 -6.66 122.21 -2.92 14.52 229
2 12.08 8.26 -6.24 108.96 17.93 19.31 230
3 15.91 2.5 -7.22 -151.48 -59.79 -6.7 231
1 9.56 15.06 -6.66 122.17 -2.92 14.57 232
2 12.08 8.26 -6.24 108.92 17.89 19.31 233
3 15.9 2.48 -7.23 -151.55 -59.66 -6.61 234
1 9.56 15.06 -6.66 122.15 -2.94 14.55 235
2 12.07 8.25 -6.26 108.83 17.82 19.31 236
3 15.88 2.47 -7.25 -151.52 -59.55 -6.59 237
1 9.55 15.06 -6.66 122.15 -2.94 14.57 238
2 12.05 8.25 -6.27 108.74 17.73 19.27 239
3 15.88 2.47 -7.26 -151.44 -59.48 -6.61 240
1 9.56 15.07 -6.66 122.1 -2.97 14.57 241
2 12.05 8.25 -6.27 108.68 17.67 19.2 242
3 15.86 2.47 -7.29 -151.46 -59.35 -6.55 243
1 9.56 15.06 -6.66 122.08 -2.97 14.55 244
2 12.04 8.24 -6.28 108.52 17.58 19.14 245
3 15.85 2.47 -7.29 -151.46 -59.24 -6.57 246
1 9.56 15.07 -6.66 122.04 -2.99 14.55 247
2 12.04 8.24 -6.3 108.37 17.51 19.09 248
3 15.85 2.47 -7.3 -151.44 -59.08 -6.57 249
1 9.56 15.07 -6.66 121.99 -3.03 14.55 250
2 12.03 8.23 -6.31 108.33 17.47 19.05 251
3 15.84 2.45 -7.32 -151.52 -58.97 -6.5 252
1 9.56 15.06 -6.66 121.97 -3.05 14.52 253
2 12.03 8.21 -6.33 108.13 17.42 19.01 254
3 15.83 2.43 -7.33 -151.55 -58.89 -6.5 255
1 9.56 15.07 -6.67 121.88 -3.12 14.5 256
2 12.02 8.2 -6.36 108.02 17.38 18.94 257
3 15.81 2.41 -7.37 -151.55 -58.82 -6.57 258
1 9.56 15.06 -6.67 121.79 -3.23 14.44 259
2 12.01 8.2 -6.37 107.97 17.36 18.92 260
3 15.8 2.4 -7.39 -151.55 -58.67 -6.57 261
1 9.57 15.06 -6.67 121.73 -3.3 14.39 262
2 12.01 8.19 -6.39 107.89 17.27 18.83 263
3 15.8 2.39 -7.4 -151.57 -58.56 -6.57 264
1 9.57 15.06 -6.68 121.6 -3.47 14.3 265
2 12 8.19 -6.4 107.84 17.23 18.79 266
3 15.8 2.37 -7.42 -151.66 -58.4 -6.55 267
1 9.58 15.05 -6.69 121.44 -3.63 14.24 268
2 12 8.17 -6.42 107.69 17.14 18.7 269
3 15.79 2.34 -7.45 -151.7 -58.32 -6.57 270
1 9.58 15.05 -6.7 121.38 -3.67 14.24 271
2 12 8.16 -6.44 107.58 17.07 18.65 272
3 15.78 2.32 -7.47 -151.72 -58.27 -6.59 273
1 9.59 15.03 -6.71 121.27 -3.8 14.13 274
2 12 8.15 -6.45 107.51 17.03 18.59 275
3 15.77 2.31 -7.48 -151.63 -58.1 -6.68 276
1 9.6 15.02 -6.71 121.16 -3.91 14 277
2 12 8.13 -6.46 107.36 16.94 18.44 278
3 15.77 2.31 -7.5 -151.5 -57.96 -6.72 279
1 9.6 15.02 -6.71 121.11 -3.98 13.93 280
2 12 8.12 -6.47 107.31 16.85 18.37 281
3 15.77 2.29 -7.5 -151.52 -57.88 -6.7 282
1 9.61 15.01 -6.71 121.05 -4.06 13.84 283
2 12 8.12 -6.48 107.27 16.81 18.33 284
3 15.77 2.29 -7.51 -151.46 -57.72 -6.77 285
1 9.62 15 -6.71 120.98 -4.17 13.75 286
2 12 8.1 -6.49 107.18 16.74 18.28 287
3 15.77 2.26 -7.54 -151.35 -57.66 -6.88 288
1 9.62 15 -6.72 120.96 -4.22 13.75 289
2 12.01 8.08 -6.5 107.09 16.72 18.28 290
3 15.77 2.25 -7.55 -151.28 -57.63 -6.92 291
1 9.63 14.99 -6.73 120.89 -4.28 13.78 292
2 12.01 8.07 -6.51 107.05 16.7 18.3 293
3 15.77 2.21 -7.57 -151.19 -57.55 -7.03 294
1 9.64 14.98 -6.73 120.85 -4.31 13.82 295
2 12.02 8.04 -6.53 106.98 16.68 18.35 296
3 15.77 2.2 -7.58 -151.06 -57.5 -7.14 297
1 9.65 14.96 -6.74 120.74 -4.39 13.86 298
2 12.03 8.02 -6.53 106.9 16.61 18.35 299
3 15.78 2.16 -7.61 -150.84 -57.35 -7.32 300
1 9.66 14.94 -6.75 120.63 -4.48 13.97 301
2 12.05 8 -6.54 106.85 16.59 18.39 302
3 15.8 2.11 -7.62 -150.51 -57.17 -7.6 303
1 9.68 14.93 -6.75 120.56 -4.55 14.04 304
2 12.06 7.95 -6.57 106.72 16.52 18.5 305
3 15.8 2.09 -7.63 -150.27 -57.11 -7.82 306
1 9.72 14.9 -6.77 120.37 -4.66 14.22 307
2 12.1 7.89 -6.59 106.5 16.46 18.57 308
3 15.83 2.03 -7.65 -149.94 -56.95 -8.17 309
1 9.78 14.84 -6.77 120.1 -4.86 14.41 310
2 12.12 7.85 -6.6 106.37 16.41 18.59 311
3 15.84 1.96 -7.67 -149.7 -56.87 -8.53 312
1 9.82 14.81 -6.78 119.9 -4.94 14.5 313
2 12.17 7.77 -6.61 106.06 16.3 18.57 314
3 15.85 1.93 -7.68 -149.41 -56.82 -8.81 315
1 9.89 14.74 -6.77 119.55 -5.16 14.63 316
2 12.21 7.7 -6.62 105.82 16.15 18.52 317
3 15.86 1.87 -7.69 -148.89 -56.62 -9.32 318
1 9.97 14.69 -6.77 119.27 -5.38 14.74 319
2 12.23 7.67 -6.63 105.71 16.11 18.54 320
3 15.89 1.82 -7.72 -148.32 -56.45 -9.89 321
1 10 14.66 -6.78 119.16 -5.45 14.83 322
2 12.27 7.61 -6.65 105.56 16.02 18.61 323
3 15.91 1.78 -7.74 -148.12 -56.43 -10.17 324
1 10.07 14.6 -6.78 118.87 -5.56 15.01 325
2 12.3 7.58 -6.65 105.42 16 18.63 326
3 15.93 1.7 -7.77 -147.66 -56.32 -10.7 327
1 10.15 14.53 -6.8 118.56 -5.65 15.23 328
2 12.34 7.51 -6.68 105.21 15.93 18.74 329
3 15.94 1.62 -7.79 -147.11 -56.23 -11.29 330
1 10.18 14.5 -6.8 118.39 -5.71 15.31 331
2 12.39 7.43 -6.7 104.94 15.86 18.79 332
3 15.95 1.59 -7.8 -146.76 -56.14 -11.62 333
1 10.27 14.43 -6.81 118.1 -5.8 15.45 334
2 12.41 7.38 -6.71 104.83 15.78 18.81 335
3 15.98 1.51 -7.82 -146.14 -55.92 -12.22 336
1 10.34 14.36 -6.81 117.84 -5.89 15.51 337
2 12.46 7.31 -6.72 104.55 15.64 18.68 338
3 16.01 1.43 -7.83 -145.63 -55.66 -12.7 339
1 10.38 14.33 -6.81 117.69 -5.98 15.49 340
2 12.52 7.22 -6.74 104.24 15.56 18.59 341
3 16.02 1.4 -7.84 -145.28 -55.57 -13.01 342
1 10.47 14.27 -6.82 117.42 -6.06 15.47 343
2 12.55 7.18 -6.75 104.11 15.49 18.57 344
3 16.04 1.31 -7.88 -144.65 -55.44 -13.67 345
1 10.56 14.19 -6.83 117.09 -6.11 15.51 346
2 12.6 7.08 -6.77 103.73 15.36 18.5 347
3 16.04 1.2 -7.91 -144.03 -55.33 -14.39 348
1 10.6 14.14 -6.85 116.92 -6.11 15.58 349
2 12.67 6.98 -6.79 103.38 15.29 18.5 350
3 16.04 1.14 -7.93 -143.79 -55.26 -14.72 351
1 10.7 14.04 -6.87 116.56 -6.15 15.64 352
2 12.69 6.92 -6.81 103.21 15.25 18.54 353
3 16.06 1.04 -7.96 -143.17 -55.06 -15.29 354
1 10.75 14 -6.87 116.37 -6.22 15.64 355
2 12.74 6.82 -6.83 102.88 15.16 18.52 356
3 16.08 0.98 -7.96 -142.93 -54.91 -15.49 357
1 10.86 13.91 -6.89 116.02 -6.31 15.64 358
2 12.81 6.74 -6.85 102.57 15.03 18.46 359
3 16.11 0.89 -7.98 -142.32 -54.65 -16.06 360
1 10.97 13.82 -6.9 115.64 -6.42 15.6 361
2 12.85 6.69 -6.86 102.39 15.01 18.41 362
3 16.15 0.8 -8.02 -141.77 -54.47 -16.61 363
1 11.02 13.78 -6.91 115.49 -6.46 15.58 364
2 12.91 6.59 -6.9 102.06 14.96 18.37 365
3 16.17 0.76 -8.03 -141.5 -54.38 -16.92 366
1 11.14 13.68 -6.94 115.14 -6.48 15.56 367
2 12.98 6.48 -6.92 101.67 14.9 18.28 368
3 16.21 0.66 -8.04 -141.04 -54.12 -17.38 369
1 11.25 13.59 -6.97 114.74 -6.5 15.49 370
2 13.02 6.43 -6.93 101.45 14.85 18.19 371
3 16.22 0.57 -8.07 -140.45 -53.92 -17.97 372
1 11.31 13.54 -6.98 114.54 -6.53 15.42 373
2 13.09 6.33 -6.96 101.05 14.79 18.08 374
3 16.24 0.53 -8.08 -140.14 -53.81 -18.3 375
1 11.43 13.45 -6.99 114.21 -6.61 15.25 376
2 13.17 6.24 -6.99 100.72 14.7 18.02 377
3 16.28 0.45 -8.11 -139.46 -53.61 -18.96 378
1 11.54 13.39 -6.99 113.97 -6.77 15.03 379
2 13.21 6.2 -7 100.55 14.66 18 380
3 16.31 0.35 -8.13 -139 -53.39 -19.49 381
1 11.6 13.34 -6.99 113.8 -6.81 14.94 382
2 13.29 6.1 -7.02 100.13 14.57 17.93 383
3 16.33 0.3 -8.15 -138.67 -53.33 -19.86 384
1 11.73 13.25 -7 113.44 -6.86 14.85 385
2 13.33 6.04 -7.04 99.93 14.55 17.95 386
3 16.35 0.18 -8.19 -138.25 -53.28 -20.46 387
1 11.87 13.14 -7.03 113.03 -6.86 14.9 388
2 13.42 5.94 -7.06 99.54 14.48 18.02 389
3 16.4 0.06 -8.22 -137.79 -53.13 -21.05 390
1 11.93 13.1 -7.04 112.83 -6.86 14.92 391
2 13.5 5.84 -7.08 99.21 14.35 18.08 392
3 16.42 0.02 -8.23 -137.44 -53.04 -21.38 393
1 12.06 13.01 -7.05 112.46 -6.92 14.94 394
2 13.54 5.8 -7.08 99.07 14.3 18.06 395
3 16.45 -0.06 -8.24 -136.89 -52.8 -21.91 396
1 12.18 12.94 -7.06 112.15 -7.01 14.96 397
2 13.62 5.72 -7.09 98.77 14.19 18.11 398
3 16.51 -0.14 -8.26 -136.45 -52.65 -22.37 399
1 12.24 12.9 -7.06 111.97 -7.05 14.99 400
2 13.69 5.64 -7.1 98.48 14.11 18.19 401
3 16.53 -0.18 -8.27 -136.23 -52.56 -22.59 402
1 12.36 12.83 -7.06 111.64 -7.14 15.05 403
2 13.72 5.6 -7.11 98.33 14.06 18.26 404
3 16.57 -0.25 -8.29 -135.88 -52.51 -23.07 405
1 12.45 12.77 -7.06 111.42 -7.23 15.14 406
2 13.79 5.54 -7.12 98.17 14.02 18.41 407
3 16.59 -0.32 -8.31 -135.59 -52.49 -23.47 408
1 12.49 12.74 -7.06 111.31 -7.25 15.16 409
2 13.84 5.48 -7.11 98 13.95 18.44 410
3 16.6 -0.34 -8.31 -135.51 -52.45 -23.58 411
1 12.56 12.7 -7.05 111.16 -7.34 15.18 412
2 13.86 5.47 -7.11 97.98 13.91 18.48 413
3 16.62 -0.38 -8.32 -135.31 -52.49 -23.8 414
1 12.58 12.68 -7.04 111.14 -7.36 15.18 415
2 13.9 5.45 -7.11 97.95 13.84 18.5 416
3 16.64 -0.38 -8.32 -135.24 -52.47 -23.84 417
1 12.62 12.66 -7.03 111.09 -7.4 15.18 418
2 13.92 5.44 -7.1 98 13.78 18.5 419
3 16.67 -0.39 -8.32 -135.15 -52.47 -23.93 420
1 12.65 12.65 -7.01 111.12 -7.43 15.16 421
2 13.93 5.44 -7.1 98.04 13.75 18.54 422
3 16.69 -0.4 -8.31 -135.11 -52.49 -23.97 423
1 12.66 12.65 -7.01 111.14 -7.4 15.14 424
2 13.94 5.44 -7.09 98.11 13.75 18.54 425
3 16.69 -0.41 -8.31 -135.18 -52.56 -23.99 426
1 12.66 12.64 -7.01 111.16 -7.36 15.18 427
2 13.94 5.44 -7.09 98.15 13.75 18.57 428
3 16.7 -0.41 -8.3 -135.15 -52.58 -23.97 429
1 12.67 12.63 -7.01 111.16 -7.29 15.18 430
2 13.94 5.43 -7.08 98.17 13.78 18.52 431
3 16.7 -0.41 -8.3 -135.22 -52.67 -23.93 432
1 12.67 12.63 -7.01 111.18 -7.27 15.16 433
2 13.94 5.44 -7.08 98.24 13.82 18.54 434
3 16.71 -0.41 -8.3 -135.24 -52.69 -23.91 435
1 12.67 12.63 -7.01 111.23 -7.23 15.18 436
2 13.94 5.44 -7.07 98.31 13.86 18.54 437
3 16.71 -0.41 -8.29 -135.29 -52.76 -23.84 438
1 12.66 12.63 -7.01 111.25 -7.19 15.21 439
2 13.94 5.45 -7.07 98.35 13.89 18.57 440
3 16.71 -0.41 -8.28 -135.33 -52.84 -23.77 441
1 12.67 12.63 -7.01 111.25 -7.19 15.18 442
2 13.94 5.45 -7.07 98.39 13.95 18.59 443
3 16.71 -0.4 -8.27 -135.31 -52.89 -23.75 444
1 12.66 12.63 -7.02 111.27 -7.12 15.21 445
2 13.94 5.46 -7.06 98.39 14 18.57 446
3 16.7 -0.38 -8.27 -135.4 -53 -23.69 447
1 12.66 12.63 -7.02 111.29 -7.08 15.21 448
2 13.93 5.47 -7.06 98.44 14.13 18.59 449
3 16.7 -0.36 -8.24 -135.59 -53.15 -23.51 450
1 12.66 12.64 -7.02 111.29 -7.03 15.23 451
2 13.92 5.5 -7.05 98.44 14.3 18.59 452
3 16.69 -0.36 -8.22 -135.75 -53.22 -23.36 453
1 12.66 12.66 -7.03 111.31 -6.88 15.18 454
2 13.91 5.53 -7.04 98.44 14.39 18.59 455
3 16.68 -0.31 -8.2 -135.97 -53.37 -23.2 456
1 12.65 12.71 -7.03 111.34 -6.68 15.12 457
2 13.89 5.6 -7.03 98.37 14.61 18.59 458
3 16.65 -0.25 -8.18 -136.23 -53.55 -23.05 459
1 12.65 12.74 -7.04 111.29 -6.53 15.12 460
2 13.86 5.68 -7.03 98.22 14.83 18.65 461
3 16.63 -0.22 -8.17 -136.34 -53.57 -23.01 462
1 12.65 12.82 -7.06 111.16 -6.26 15.16 463
2 13.85 5.71 -7.03 98.17 14.9 18.72 464
3 16.59 -0.18 -8.17 -136.63 -53.77 -22.98 465
1 12.65 12.9 -7.08 110.92 -6.11 15.25 466
2 13.83 5.77 -7.02 97.95 14.94 18.79 467
3 16.54 -0.12 -8.17 -136.82 -53.88 -22.98 468
1 12.65 12.95 -7.08 110.81 -6.06 15.31 469
2 13.81 5.83 -7.02 97.78 14.99 18.87 470
3 16.51 -0.09 -8.16 -136.96 -53.92 -22.94 471
1 12.65 13.03 -7.08 110.54 -6.06 15.31 472
2 13.8 5.87 -7.01 97.65 15.01 18.87 473
3 16.47 -0.03 -8.15 -137.4 -54.01 -22.74 474
1 12.66 13.09 -7.06 110.39 -6.09 15.31 475
2 13.78 5.97 -6.98 97.34 14.99 18.81 476
3 16.44 0.02 -8.15 -137.64 -54.03 -22.65 477
1 12.68 13.19 -7.05 110.13 -6.11 15.25 478
2 13.76 6.1 -6.95 96.9 14.99 18.68 479
3 16.38 0.11 -8.11 -138.36 -54.03 -22.24 480
1 12.7 13.3 -7.02 109.69 -6.15 15.07 481
2 13.74 6.15 -6.95 96.66 15.01 18.7 482
3 16.32 0.21 -8.1 -139.09 -54.14 -21.95 483
1 12.72 13.36 -7.01 109.47 -6.2 15.05 484
2 13.72 6.27 -6.96 96.24 15.16 18.79 485
3 16.22 0.31 -8.1 -139.44 -54.27 -21.88 486
1 12.76 13.49 -7.02 108.94 -6.17 14.99 487
2 13.7 6.41 -6.96 95.8 15.25 18.68 488
3 16.19 0.37 -8.1 -140.27 -54.36 -21.47 489
1 12.8 13.67 -7.04 108.44 -6.15 14.96 490
2 13.69 6.5 -6.96 95.58 15.29 18.63 491
3 16.13 0.51 -8.08 -141.06 -54.43 -21.03 492
1 12.81 13.77 -7.05 108.24 -6.2 14.96 493
2 13.67 6.65 -6.96 95.1 15.45 18.52 494
3 16.07 0.67 -8.06 -141.55 -54.36 -20.72 495
1 12.83 13.97 -7.04 107.86 -6.39 14.79 496
2 13.65 6.82 -6.96 94.57 15.56 18.35 497
3 16.03 0.73 -8.06 -142.56 -54.47 -20.26 498
1 12.86 14.15 -7.07 107.42 -6.44 14.7 499
2 13.63 6.9 -6.97 94.28 15.67 18.28 500
3 15.93 0.87 -8.06 -143.66 -54.62 -19.71 501
1 12.88 14.23 -7.07 107.16 -6.46 14.59 502
2 13.6 7.07 -6.98 93.69 15.86 18.17 503
3 15.9 0.94 -8.06 -144.29 -54.69 -19.38 504
1 12.92 14.41 -7.08 106.66 -6.5 14.33 505
2 13.58 7.16 -6.99 93.45 16 18.11 506
3 15.82 1.09 -8.06 -145.39 -54.82 -18.79 507
1 12.93 14.58 -7.08 106.22 -6.68 14.11 508
2 13.55 7.35 -7 92.97 16.15 17.97 509
3 15.75 1.26 -8.03 -146.51 -54.78 -18.02 510
1 12.94 14.7 -7.08 106.04 -6.79 13.95 511
2 13.5 7.55 -7.01 92.55 16.22 17.8 512
3 15.71 1.34 -8.02 -147.11 -54.76 -17.64 513
1 12.94 14.92 -7.08 105.73 -6.94 13.84 514
2 13.48 7.65 -7 92.29 16.24 17.64 515
3 15.64 1.51 -8 -148.36 -54.69 -16.88 516
1 12.96 15.12 -7.11 105.38 -7.03 13.8 517
2 13.44 7.84 -7.01 91.82 16.35 17.51 518
3 15.57 1.66 -8.01 -149.57 -54.76 -16.15 519
1 12.96 15.21 -7.12 105.25 -6.99 13.75 520
2 13.4 8.02 -7.03 91.38 16.46 17.47 521
3 15.52 1.73 -8.01 -150.14 -54.8 -15.84 522
1 12.96 15.36 -7.14 104.81 -6.97 13.75 523
2 13.38 8.11 -7.02 91.19 16.41 17.36 524
3 15.43 1.87 -8.02 -151.33 -54.8 -15.07 525
1 12.93 15.54 -7.15 104.61 -6.99 13.71 526
2 13.32 8.29 -7.04 90.9 16.44 17.31 527
3 15.39 1.94 -8.02 -151.9 -54.78 -14.7 528
1 12.9 15.64 -7.13 104.55 -7.1 13.62 529
2 13.26 8.47 -7.02 90.62 16.33 17.09 530
3 15.31 2.1 -8.01 -152.95 -54.62 -13.97 531
1 12.87 15.82 -7.1 104.35 -7.29 13.54 532
2 13.24 8.56 -7.01 90.48 16.24 17.05 533
3 15.24 2.26 -8.03 -153.74 -54.62 -13.47 534
1 12.85 15.91 -7.09 104.28 -7.34 13.51 535
2 13.19 8.74 -7.02 90.26 16.17 17.05 536
3 15.22 2.32 -8.03 -154.31 -54.56 -13.16 537
1 12.84 16.06 -7.08 104.02 -7.4 13.51 538
2 13.14 8.89 -7.04 90.04 16.15 17.05 539
3 15.16 2.43 -8.06 -155.32 -54.56 -12.59 540
1 12.82 16.19 -7.11 103.75 -7.29 13.67 541
2 13.12 8.96 -7.04 89.96 16.15 17.03 542
3 15.09 2.54 -8.07 -156.18 -54.51 -12.06 543
1 12.81 16.25 -7.12 103.62 -7.25 13.73 544
2 13.05 9.1 -7.04 89.93 15.97 17.07 545
3 15.06 2.6 -8.08 -156.58 -54.45 -11.82 546
1 12.76 16.38 -7.12 103.54 -7.23 13.86 547
2 12.99 9.23 -7.03 89.89 15.82 16.96 548
3 15.01 2.72 -8.09 -157.26 -54.29 -11.34 549
1 12.7 16.52 -7.07 103.51 -7.43 13.71 550
2 12.97 9.29 -7.02 89.82 15.67 16.83 551
3 14.97 2.85 -8.07 -157.85 -53.99 -10.94 552
1 12.68 16.58 -7.03 103.51 -7.56 13.58 553
2 12.94 9.4 -7 89.74 15.45 16.61 554
3 14.95 2.9 -8.08 -158.18 -53.94 -10.79 555
1 12.65 16.71 -7.01 103.54 -7.65 13.49 556
2 12.92 9.46 -7.01 89.71 15.42 16.59 557
3 14.91 2.99 -8.11 -158.69 -54.01 -10.52 558
1 12.61 16.81 -7.01 103.54 -7.65 13.45 559
2 12.86 9.57 -7.02 89.71 15.34 16.59 560
3 14.85 3.05 -8.14 -159.26 -54.01 -10.17 561
1 12.59 16.86 -7.01 103.54 -7.65 13.45 562
2 12.81 9.65 -7.04 89.71 15.29 16.66 563
3 14.83 3.09 -8.15 -159.5 -54.01 -10 564
1 12.54 16.95 -7.02 103.51 -7.6 13.45 565
2 12.78 9.7 -7.04 89.74 15.25 16.63 566
3 14.79 3.17 -8.16 -159.94 -53.85 -9.67 567
1 12.48 17.04 -7.02 103.56 -7.6 13.38 568
2 12.73 9.8 -7.05 89.76 15.14 16.55 569
3 14.75 3.26 -8.18 -160.36 -53.75 -9.38 570
1 12.45 17.09 -7.01 103.62 -7.62 13.34 571
2 12.68 9.9 -7.05 89.8 14.96 16.39 572
3 14.74 3.29 -8.19 -160.64 -53.64 -9.18 573
1 12.39 17.2 -6.99 103.71 -7.73 13.16 574
2 12.66 9.95 -7.05 89.78 14.85 16.26 575
3 14.7 3.38 -8.22 -161.1 -53.48 -8.83 576
1 12.34 17.29 -6.97 103.8 -7.78 13.05 577
2 12.61 10.05 -7.07 89.87 14.72 16.19 578
3 14.68 3.45 -8.23 -161.72 -53.28 -8.48 579
1 12.31 17.33 -6.98 103.82 -7.78 13.05 580
2 12.55 10.13 -7.09 89.89 14.63 16.17 581
3 14.66 3.48 -8.24 -161.92 -53.22 -8.33 582
1 12.27 17.4 -6.99 103.82 -7.71 13.05 583
2 12.52 10.17 -7.1 89.91 14.55 16.17 584
3 14.61 3.57 -8.27 -162.31 -53.06 -7.95 585
1 12.23 17.43 -6.99 103.82 -7.73 13.05 586
2 12.46 10.26 -7.1 90.02 14.37 16.17 587
3 14.59 3.62 -8.28 -162.58 -52.93 -7.71 588
1 12.16 17.53 -6.98 103.91 -7.78 13.05 589
2 12.4 10.36 -7.12 90.15 14.19 16.15 590
3 14.55 3.72 -8.31 -162.82 -52.71 -7.47 591
1 12.07 17.64 -6.97 104.06 -7.89 13.05 592
2 12.37 10.41 -7.13 90.2 14.11 16.11 593
3 14.51 3.8 -8.35 -163.37 -52.51 -7.05 594
1 12.02 17.69 -6.97 104.13 -7.95 13.01 595
2 12.31 10.52 -7.13 90.26 13.84 15.97 596
3 14.49 3.84 -8.36 -163.67 -52.45 -6.81 597
1 11.95 17.79 -6.96 104.24 -8.06 12.96 598
2 12.24 10.62 -7.13 90.35 13.54 15.78 599
3 14.44 3.89 -8.41 -164.38 -52.27 -6.26 600
1 11.89 17.87 -6.96 104.26 -8.09 12.92 601
2 12.2 10.66 -7.15 90.4 13.45 15.73 602
3 14.4 3.97 -8.45 -164.86 -52.08 -5.93 603
1 11.85 17.91 -6.97 104.28 -8.04 12.94 604
2 12.14 10.75 -7.16 90.51 13.23 15.62 605
3 14.38 4.02 -8.47 -165.08 -51.94 -5.73 606
1 11.76 18 -6.97 104.39 -8.04 12.88 607
2 12.07 10.85 -7.17 90.59 12.99 15.53 608
3 14.34 4.1 -8.49 -165.56 -51.57 -5.41 609
1 11.67 18.1 -6.95 104.48 -8.11 12.79 610
2 12.04 10.91 -7.17 90.7 12.81 15.47 611
3 14.29 4.2 -8.53 -166.03 -51.33 -5.05 612
1 11.63 18.15 -6.93 104.55 -8.2 12.7 613
2 11.98 11.01 -7.17 90.75 12.52 15.23 614
3 14.27 4.24 -8.55 -166.25 -51.2 -4.92 615
1 11.56 18.24 -6.92 104.61 -8.28 12.5 616
2 11.94 11.06 -7.19 90.77 12.46 15.16 617
3 14.23 4.31 -8.59 -166.88 -51.02 -4.5 618
1 11.5 18.33 -6.92 104.7 -8.37 12.26 619
2 11.87 11.15 -7.23 90.81 12.35 15.03 620
3 14.18 4.38 -8.62 -167.32 -50.8 -4.24 621
1 11.47 18.37 -6.9 104.72 -8.44 12.11 622
2 11.81 11.25 -7.25 90.79 12.13 14.77 623
3 14.15 4.42 -8.63 -167.61 -50.62 -4.09 624
1 11.39 18.47 -6.9 104.83 -8.53 11.84 625
2 11.77 11.3 -7.26 90.81 12.04 14.63 626
3 14.11 4.5 -8.66 -168.11 -50.45 -3.74 627
1 11.29 18.58 -6.88 105.01 -8.68 11.54 628
2 11.72 11.4 -7.26 90.88 11.87 14.35 629
3 14.07 4.6 -8.67 -168.64 -50.12 -3.38 630
1 11.24 18.64 -6.87 105.12 -8.75 11.38 631
2 11.65 11.5 -7.27 91.05 11.67 14.15 632
3 14.06 4.64 -8.69 -168.9 -50.01 -3.21 633
1 11.15 18.75 -6.87 105.31 -8.81 11.18 634
2 11.62 11.55 -7.28 91.1 11.58 14.06 635
3 14.02 4.72 -8.71 -169.48 -49.83 -2.77 636
1 11.07 18.84 -6.89 105.49 -8.85 11.01 637
2 11.57 11.63 -7.29 91.21 11.51 13.93 638
3 13.98 4.79 -8.74 -170.02 -49.75 -2.33 639
1 11.04 18.87 -6.9 105.58 -8.85 10.94 640
2 11.5 11.7 -7.32 91.38 11.47 13.8 641
3 13.95 4.82 -8.76 -170.27 -49.75 -2.13 642
1 10.96 18.94 -6.9 105.73 -8.88 10.74 643
2 11.47 11.74 -7.32 91.45 11.38 13.67 644
3 13.91 4.88 -8.78 -170.73 -49.61 -1.71 645
1 10.92 18.98 -6.89 105.86 -8.9 10.63 646
2 11.38 11.82 -7.33 91.78 11.27 13.6 647
3 13.9 4.91 -8.79 -170.95 -49.53 -1.49 648
1 10.82 19.05 -6.88 106.13 -8.99 10.48 649
2 11.31 11.9 -7.33 92.09 11.14 13.51 650
3 13.86 4.99 -8.79 -171.23 -49.31 -1.23 651
1 10.72 19.11 -6.88 106.37 -8.99 10.44 652
2 11.27 11.93 -7.35 92.22 11.16 13.51 653
3 13.84 5.06 -8.81 -171.52 -49.2 -0.92 654
1 10.67 19.14 -6.9 106.52 -8.94 10.42 655
2 11.2 11.99 -7.35 92.5 11.1 13.45 656
3 13.83 5.08 -8.82 -171.74 -49.13 -0.73 657
1 10.56 19.2 -6.92 106.85 -8.83 10.37 658
2 11.13 12.04 -7.36 92.81 11.01 13.36 659
3 13.8 5.12 -8.83 -172.09 -49.04 -0.35 660
1 10.45 19.25 -6.92 107.18 -8.79 10.2 661
2 11.1 12.07 -7.36 92.97 10.94 13.27 662
3 13.77 5.17 -8.84 -172.31 -48.96 0 663
1 10.4 19.27 -6.91 107.34 -8.81 10.09 664
2 11.02 12.11 -7.35 93.3 10.85 13.07 665
3 13.76 5.19 -8.84 -172.4 -48.87 0.11 666
1 10.27 19.32 -6.89 107.78 -8.85 9.82 667
2 10.92 12.16 -7.35 93.78 10.74 12.96 668
3 13.74 5.23 -8.83 -172.46 -48.74 0.35 669
1 10.1 19.38 -6.87 108.37 -8.94 9.65 670
2 10.88 12.18 -7.35 94.02 10.66 12.88 671
3 13.72 5.27 -8.83 -172.57 -48.6 0.57 672
1 10.02 19.4 -6.86 108.63 -8.92 9.56 673
2 10.8 12.22 -7.34 94.48 10.57 12.83 674
3 13.71 5.29 -8.84 -172.62 -48.56 0.68 675
1 9.86 19.43 -6.86 109.2 -8.88 9.4 676
2 10.75 12.23 -7.35 94.72 10.57 12.79 677
3 13.69 5.31 -8.85 -172.81 -48.52 1.01 678
1 9.69 19.45 -6.86 109.84 -8.83 9.12 679
2 10.67 12.25 -7.36 95.23 10.55 12.68 680
3 13.67 5.33 -8.86 -172.9 -48.47 1.3 681
1 9.6 19.46 -6.86 110.19 -8.83 8.92 682
2 10.56 12.27 -7.35 95.87 10.42 12.5 683
3 13.66 5.34 -8.86 -172.95 -48.43 1.43 684
1 9.39 19.48 -6.84 111.07 -8.92 8.44 685
2 10.5 12.27 -7.35 96.17 10.35 12.37 686
3 13.65 5.37 -8.86 -172.97 -48.36 1.65 687
1 9.19 19.49 -6.82 111.91 -9.01 7.98 688
2 10.4 12.3 -7.34 96.88 10.24 12.11 689
3 13.64 5.38 -8.86 -173.01 -48.27 1.82 690
1 9.09 19.49 -6.82 112.32 -9.01 7.82 691
2 10.3 12.29 -7.35 97.51 10.2 12.04 692
3 13.63 5.38 -8.87 -173.01 -48.25 1.91 693
1 8.92 19.47 -6.85 113.01 -8.83 7.65 694
2 10.26 12.27 -7.36 97.78 10.22 12.06 695
3 13.61 5.39 -8.88 -173.1 -48.21 2.13 696
1 8.75 19.43 -6.89 113.66 -8.61 7.6 697
2 10.17 12.26 -7.38 98.48 10.28 12.15 698
3 13.61 5.39 -8.88 -173.17 -48.14 2.35 699
1 8.65 19.41 -6.89 114.06 -8.59 7.54 700
2 10.07 12.23 -7.38 99.14 10.2 12.08 701
3 13.61 5.39 -8.88 -173.14 -48.1 2.46 702
1 8.46 19.37 -6.9 114.79 -8.55 7.43 703
2 10.03 12.22 -7.37 99.47 10.11 12 704
3 13.6 5.39 -8.89 -173.12 -47.99 2.75 705
1 8.36 19.34 -6.88 115.25 -8.57 7.27 706
2 9.93 12.2 -7.37 100.17 9.98 11.91 707
3 13.59 5.4 -8.89 -173.08 -47.9 2.9 708
1 8.17 19.3 -6.83 116.13 -8.83 6.79 709
2 9.83 12.17 -7.38 100.92 9.95 11.84 710
3 13.57 5.4 -8.9 -172.97 -47.79 3.25 711
1 7.97 19.23 -6.85 117.03 -8.81 6.57 712
2 9.77 12.14 -7.4 101.27 10 11.87 713
3 13.55 5.39 -8.93 -172.79 -47.66 3.6 714
1 7.87 19.19 -6.89 117.42 -8.72 6.59 715
2 9.68 12.06 -7.43 101.91 10.06 11.89 716
3 13.54 5.37 -8.93 -172.68 -47.59 3.78 717
1 7.69 19.09 -6.95 118.06 -8.5 6.66 718
2 9.59 11.98 -7.46 102.5 10.13 11.91 719
3 13.52 5.33 -8.96 -172.46 -47.5 4.11 720
1 7.55 18.98 -6.96 118.61 -8.53 6.55 721
2 9.56 11.94 -7.47 102.79 10.09 11.82 722
3 13.51 5.28 -8.99 -172.11 -47.35 4.35 723
1 7.48 18.93 -6.95 118.94 -8.61 6.39 724
2 9.49 11.86 -7.48 103.34 10 11.56 725
3 13.5 5.26 -9 -171.91 -47.26 4.39 726
1 7.32 18.83 -6.95 119.69 -8.7 6.06 727
2 9.42 11.76 -7.48 103.82 9.91 11.38 728
3 13.5 5.2 -9.01 -171.43 -47.07 4.39 729
1 7.17 18.7 -6.96 120.37 -8.83 5.82 730
2 9.39 11.71 -7.5 104.11 9.93 11.32 731
3 13.5 5.13 -9.04 -170.95 -47.02 4.39 732
1 7.11 18.62 -6.98 120.63 -8.81 5.76 733
2 9.33 11.58 -7.55 104.68 10.13 11.34 734
3 13.51 5.08 -9.05 -170.73 -46.98 4.37 735
1 6.98 18.45 -7.03 121.2 -8.7 5.76 736
2 9.3 11.51 -7.58 104.96 10.22 11.38 737
3 13.53 4.99 -9.06 -170.16 -46.87 4.37 738
1 6.83 18.29 -7.09 121.9 -8.57 5.8 739
2 9.24 11.37 -7.6 105.58 10.33 11.38 740
3 13.53 4.89 -9.07 -169.48 -46.85 4.33 741
1 6.75 18.21 -7.11 122.3 -8.59 5.76 742
2 9.19 11.23 -7.62 106.17 10.26 11.32 743
3 13.54 4.85 -9.07 -169.1 -46.78 4.31 744
1 6.61 18.04 -7.11 123.07 -8.72 5.54 745
2 9.17 11.17 -7.62 106.5 10.24 11.25 746
3 13.57 4.76 -9.1 -168.44 -46.71 4.26 747
1 6.5 17.87 -7.11 123.77 -8.9 5.41 748
2 9.13 11.04 -7.64 107.14 10.22 11.21 749
3 13.61 4.65 -9.1 -167.85 -46.65 4.24 750
1 6.46 17.77 -7.14 124.01 -8.85 5.47 751
2 9.11 10.87 -7.66 107.62 10.28 11.21 752
3 13.62 4.59 -9.11 -167.56 -46.67 4.24 753
1 6.37 17.57 -7.18 124.5 -8.7 5.6 754
2 9.09 10.78 -7.66 107.86 10.33 11.23 755
3 13.65 4.47 -9.12 -166.88 -46.65 4.13 756
1 6.29 17.38 -7.2 124.91 -8.75 5.67 757
2 9.07 10.62 -7.68 108.41 10.35 11.29 758
3 13.7 4.35 -9.13 -166.18 -46.56 3.96 759
1 6.26 17.28 -7.2 125.16 -8.75 5.65 760
2 9.04 10.47 -7.69 108.98 10.28 11.18 761
3 13.72 4.3 -9.12 -165.74 -46.52 3.8 762
1 6.18 17.1 -7.21 125.66 -8.77 5.58 763
2 9.04 10.39 -7.68 109.18 10.24 11.07 764
3 13.76 4.19 -9.12 -164.99 -46.34 3.56 765
1 6.16 17.01 -7.2 125.93 -8.85 5.47 766
2 9.04 10.23 -7.69 109.58 10.15 10.9 767
3 13.78 4.14 -9.13 -164.6 -46.36 3.41 768
1 6.1 16.83 -7.2 126.45 -8.94 5.34 769
2 9.04 10.06 -7.7 110 10.15 10.83 770
3 13.83 4 -9.14 -163.98 -46.32 3.23 771
1 6.06 16.62 -7.21 126.78 -8.96 5.3 772
2 9.04 9.97 -7.71 110.21 10.13 10.85 773
3 13.86 3.88 -9.16 -163.3 -46.36 2.97 774
1 6.02 16.52 -7.23 127.05 -8.88 5.43 775
2 9.04 9.8 -7.73 110.65 10.15 10.88 776
3 13.88 3.81 -9.17 -162.97 -46.38 2.88 777
1 5.98 16.31 -7.24 127.46 -8.9 5.49 778
2 9.05 9.63 -7.72 111.01 10.04 10.7 779
3 13.94 3.69 -9.16 -162.22 -46.21 2.61 780
1 5.94 16.12 -7.22 127.92 -9.01 5.32 781
2 9.06 9.55 -7.72 111.25 10.02 10.68 782
3 14 3.58 -9.17 -161.41 -46.25 2.29 783
1 5.91 16.04 -7.22 128.23 -9.07 5.25 784
2 9.07 9.38 -7.72 111.64 9.98 10.57 785
3 14.03 3.52 -9.17 -160.99 -46.19 2.15 786
1 5.89 15.85 -7.2 128.67 -9.18 5.01 787
2 9.08 9.3 -7.72 111.82 9.95 10.52 788
3 14.08 3.4 -9.18 -160.25 -46.25 1.87 789
1 5.88 15.66 -7.2 129.11 -9.16 4.9 790
2 9.11 9.13 -7.73 112.17 9.93 10.44 791
3 14.13 3.25 -9.19 -159.59 -46.32 1.65 792
1 5.88 15.56 -7.22 129.27 -9.07 4.94 793
2 9.15 8.94 -7.73 112.48 9.95 10.35 794
3 14.16 3.19 -9.19 -159.17 -46.32 1.49 795
1 5.86 15.34 -7.25 129.62 -8.96 5.05 796
2 9.17 8.85 -7.74 112.65 10.02 10.35 797
3 14.23 3.05 -9.18 -158.33 -46.38 1.14 798
1 5.86 15.14 -7.25 129.99 -9.01 5.03 799
2 9.21 8.67 -7.74 112.98 10.04 10.35 800
3 14.3 2.92 -9.17 -157.41 -46.32 0.79 801
1 5.87 15.05 -7.25 130.19 -9.03 4.97 802
2 9.27 8.49 -7.74 113.29 10 10.26 803
3 14.33 2.87 -9.18 -156.8 -46.38 0.48 804
1 5.88 14.85 -7.25 130.61 -9.07 4.92 805
2 9.29 8.41 -7.73 113.44 10 10.24 806
3 14.42 2.72 -9.17 -155.98 -46.36 0.11 807
1 5.92 14.65 -7.26 130.94 -9.01 4.94 808
2 9.36 8.22 -7.74 113.69 10.04 10.22 809
3 14.5 2.58 -9.18 -155.06 -46.45 -0.31 810
1 5.94 14.54 -7.28 131.11 -8.96 4.97 811
2 9.44 8.02 -7.74 113.88 10.15 10.2 812
3 14.54 2.49 -9.17 -154.71 -46.52 -0.53 813
1 5.99 14.32 -7.29 131.35 -8.9 5.01 814
2 9.48 7.93 -7.74 113.97 10.22 10.2 815
3 14.62 2.33 -9.17 -153.79 -46.67 -0.97 816
1 6.02 14.22 -7.3 131.46 -8.85 5.01 817
2 9.56 7.74 -7.74 114.26 10.33 10.26 818
3 14.66 2.27 -9.15 -153.28 -46.71 -1.16 819
1 6.09 14.02 -7.3 131.75 -8.79 4.99 820
2 9.65 7.56 -7.73 114.46 10.42 10.2 821
3 14.76 2.13 -9.13 -152.38 -46.74 -1.54 822
1 6.16 13.83 -7.3 132.01 -8.75 4.92 823
2 9.7 7.48 -7.73 114.59 10.46 10.22 824
3 14.87 2 -9.11 -151.48 -46.87 -1.93 825
1 6.19 13.75 -7.32 132.17 -8.7 4.94 826
2 9.82 7.3 -7.73 114.74 10.59 10.17 827
3 14.93 1.92 -9.09 -151.06 -46.87 -2.15 828
1 6.3 13.56 -7.34 132.3 -8.59 4.97 829
2 9.94 7.13 -7.73 114.79 10.74 10.11 830
3 15.04 1.77 -9.1 -150.21 -47.09 -2.66 831
1 6.42 13.38 -7.35 132.36 -8.48 4.92 832
2 9.99 7.04 -7.73 114.81 10.81 10.13 833
3 15.13 1.63 -9.07 -149.28 -47.15 -3.19 834
1 6.48 13.28 -7.35 132.36 -8.46 4.92 835
2 10.11 6.86 -7.74 114.79 10.94 10.15 836
3 15.18 1.56 -9.07 -148.75 -47.2 -3.47 837
1 6.6 13.1 -7.36 132.41 -8.39 4.92 838
2 10.23 6.69 -7.73 114.83 11.03 10.15 839
3 15.28 1.41 -9.04 -147.72 -47.31 -4.15 840
1 6.72 12.94 -7.37 132.45 -8.33 4.94 841
2 10.31 6.6 -7.73 114.76 11.07 10.06 842
3 15.39 1.26 -9.03 -146.67 -47.35 -4.77 843
1 6.79 12.86 -7.37 132.47 -8.33 4.92 844
2 10.45 6.43 -7.71 114.65 11.14 10.02 845
3 15.46 1.2 -9.03 -146.07 -47.44 -5.19 846
1 6.93 12.69 -7.39 132.47 -8.24 5.03 847
2 10.52 6.35 -7.71 114.65 11.18 10.02 848
3 15.57 1.04 -9 -145.11 -47.55 -5.87 849
1 7.1 12.51 -7.4 132.39 -8.15 5.12 850
2 10.66 6.17 -7.71 114.59 11.29 10.11 851
3 15.68 0.87 -8.98 -144.16 -47.75 -6.46 852
1 7.17 12.43 -7.41 132.39 -8.13 5.16 853
2 10.8 6.01 -7.72 114.61 11.47 10.26 854
3 15.75 0.79 -8.97 -143.72 -47.81 -6.72 855
1 7.32 12.27 -7.42 132.39 -8.09 5.23 856
2 10.87 5.93 -7.71 114.59 11.54 10.31 857
3 15.85 0.66 -8.94 -142.67 -47.99 -7.27 858
1 7.48 12.11 -7.42 132.32 -8.04 5.32 859
2 11.02 5.77 -7.69 114.52 11.69 10.42 860
3 15.99 0.55 -8.92 -141.48 -48.1 -7.93 861
1 7.57 12.04 -7.43 132.25 -8 5.41 862
2 11.18 5.62 -7.7 114.41 11.84 10.66 863
3 16.05 0.48 -8.9 -141.06 -48.14 -8.2 864
1 7.74 11.91 -7.44 132.06 -7.93 5.54 865
2 11.25 5.55 -7.7 114.3 11.91 10.77 866
3 16.15 0.35 -8.91 -140.01 -48.3 -9.01 867
1 7.93 11.79 -7.46 131.77 -7.8 5.73 868
2 11.41 5.41 -7.7 114.1 12.02 10.85 869
3 16.25 0.19 -8.91 -139.15 -48.54 -9.73 870
1 8.03 11.72 -7.48 131.59 -7.71 5.78 871
2 11.58 5.27 -7.7 113.75 12.17 10.9 872
3 16.31 0.12 -8.91 -138.76 -48.63 -10.06 873
1 8.23 11.61 -7.48 131.29 -7.62 5.8 874
2 11.66 5.21 -7.7 113.62 12.24 10.9 875
3 16.4 0 -8.88 -137.81 -48.71 -10.77 876
1 8.33 11.55 -7.49 131.11 -7.6 5.87 877
2 11.83 5.09 -7.69 113.27 12.33 10.94 878
3 16.46 -0.05 -8.87 -137.31 -48.71 -11.12 879
1 8.54 11.47 -7.49 130.76 -7.62 5.95 880
2 11.99 4.98 -7.69 112.9 12.44 11.07 881
3 16.56 -0.15 -8.87 -136.25 -48.89 -12.02 882
1 8.75 11.4 -7.48 130.34 -7.65 6.02 883
2 12.08 4.93 -7.68 112.7 12.46 11.16 884
3 16.65 -0.27 -8.87 -135.4 -49.02 -12.85 885
1 8.86 11.35 -7.48 130.1 -7.65 6.09 886
2 12.24 4.83 -7.68 112.26 12.57 11.36 887
3 16.69 -0.33 -8.87 -135 -49.11 -13.32 888
1 9.07 11.28 -7.5 129.62 -7.56 6.44 889
2 12.39 4.72 -7.67 111.84 12.68 11.6 890
3 16.77 -0.45 -8.87 -134.41 -49.28 -13.97 891
1 9.29 11.2 -7.51 129.16 -7.51 6.68 892
2 12.47 4.67 -7.66 111.6 12.72 11.69 893
3 16.84 -0.54 -8.86 -133.62 -49.44 -14.77 894
1 9.39 11.18 -7.51 128.98 -7.49 6.72 895
2 12.62 4.6 -7.66 111.27 12.81 11.89 896
3 16.89 -0.57 -8.86 -133.09 -49.5 -15.25 897
1 9.59 11.13 -7.5 128.56 -7.51 6.83 898
2 12.77 4.53 -7.66 110.87 12.9 12.15 899
3 16.98 -0.63 -8.82 -132.3 -49.55 -15.93 900
1 9.8 11.1 -7.5 128.14 -7.56 7.08 901
2 12.85 4.5 -7.66 110.72 12.94 12.37 902
3 17.07 -0.69 -8.8 -131.62 -49.72 -16.66 903
1 9.89 11.08 -7.51 127.95 -7.56 7.23 904
2 12.99 4.45 -7.64 110.3 13.07 12.66 905
3 17.11 -0.73 -8.79 -131.33 -49.81 -16.96 906
1 10.09 11.05 -7.51 127.4 -7.51 7.6 907
2 13.06 4.43 -7.63 110.13 13.16 12.81 908
3 17.16 -0.81 -8.79 -130.87 -50.05 -17.6 909
1 10.29 11.03 -7.51 126.87 -7.43 7.98 910
2 13.19 4.38 -7.63 109.73 13.32 13.27 911
3 17.2 -0.86 -8.78 -130.23 -50.3 -18.33 912
1 10.39 11.02 -7.49 126.61 -7.4 8.06 913
2 13.32 4.35 -7.6 109.27 13.43 13.56 914
3 17.24 -0.88 -8.78 -129.92 -50.43 -18.7 915
1 10.58 11.04 -7.48 126.1 -7.36 8.31 916
2 13.39 4.35 -7.58 109.07 13.47 13.69 917
3 17.31 -0.91 -8.77 -129.33 -50.62 -19.4 918
1 10.78 11.07 -7.45 125.55 -7.36 8.46 919
2 13.52 4.35 -7.56 108.61 13.56 14 920
3 17.36 -0.93 -8.74 -129.05 -50.78 -19.8 921
1 10.89 11.1 -7.44 125.22 -7.38 8.55 922
2 13.64 4.39 -7.53 108.11 13.6 14.22 923
3 17.38 -0.93 -8.73 -128.87 -50.87 -20.06 924
1 11.07 11.14 -7.45 124.5 -7.38 9.07 925
2 13.68 4.39 -7.52 107.8 13.65 14.46 926
3 17.42 -0.93 -8.71 -128.63 -50.98 -20.52 927
1 11.26 11.19 -7.44 123.71 -7.27 9.45 928
2 13.78 4.41 -7.52 107.2 13.78 14.94 929
3 17.44 -0.95 -8.7 -128.58 -51.15 -20.92 930
1 11.35 11.23 -7.43 123.31 -7.25 9.58 931
2 13.86 4.45 -7.51 106.61 13.86 15.45 932
3 17.45 -0.95 -8.69 -128.54 -51.26 -21.16 933
1 11.53 11.32 -7.4 122.56 -7.25 9.84 934
2 13.91 4.48 -7.48 106.26 13.91 15.49 935
3 17.45 -0.95 -8.67 -128.58 -51.48 -21.56 936
1 11.61 11.37 -7.39 122.21 -7.25 9.95 937
2 13.99 4.57 -7.45 105.71 13.93 15.73 938
3 17.46 -0.93 -8.67 -128.52 -51.57 -21.84 939
1 11.77 11.48 -7.37 121.53 -7.27 10.26 940
2 14.06 4.65 -7.42 105.16 14.02 16.08 941
3 17.46 -0.89 -8.64 -128.58 -51.79 -22.3 942
1 11.92 11.6 -7.36 120.76 -7.21 10.68 943
2 14.09 4.7 -7.41 104.88 14.06 16.3 944
3 17.47 -0.82 -8.6 -128.78 -52.08 -22.9 945
1 11.98 11.66 -7.36 120.41 -7.16 10.99 946
2 14.15 4.79 -7.38 104.28 14.19 16.72 947
3 17.47 -0.8 -8.58 -129.02 -52.27 -23.14 948
1 12.12 11.78 -7.34 119.64 -7.1 11.4 949
2 14.19 4.9 -7.36 103.78 14.33 17.16 950
3 17.45 -0.71 -8.55 -129.42 -52.67 -23.51 951
1 12.25 11.91 -7.32 118.98 -6.99 11.69 952
2 14.22 4.95 -7.34 103.51 14.41 17.36 953
3 17.42 -0.63 -8.5 -129.77 -53.06 -23.77 954
1 12.31 11.98 -7.31 118.65 -6.97 11.91 955
2 14.26 5.09 -7.29 103.1 14.46 17.64 956
3 17.42 -0.59 -8.48 -130.03 -53.17 -23.8 957
1 12.42 12.15 -7.26 118.06 -6.94 12.19 958
2 14.31 5.22 -7.24 102.61 14.55 17.89 959
3 17.42 -0.5 -8.45 -130.25 -53.48 -24.04 960
1 12.53 12.3 -7.19 117.44 -6.94 12.39 961
2 14.34 5.27 -7.21 102.35 14.63 17.95 962
3 17.42 -0.4 -8.39 -130.65 -53.75 -24.15 963
1 12.59 12.35 -7.18 117.05 -6.86 12.61 964
2 14.38 5.39 -7.17 101.91 14.79 18.3 965
3 17.42 -0.35 -8.38 -130.78 -53.94 -24.35 966
1 12.68 12.45 -7.21 116.39 -6.59 13.25 967
2 14.39 5.43 -7.16 101.69 14.88 18.59 968
3 17.38 -0.27 -8.33 -131.15 -54.32 -24.59 969
1 12.77 12.56 -7.2 115.91 -6.46 13.6 970
2 14.42 5.52 -7.14 101.32 15.05 18.98 971
3 17.37 -0.2 -8.28 -131.55 -54.62 -24.7 972
1 12.79 12.62 -7.19 115.84 -6.39 13.67 973
2 14.44 5.62 -7.11 101.12 15.14 19.18 974
3 17.36 -0.17 -8.27 -131.59 -54.8 -24.85 975
1 12.82 12.72 -7.18 115.82 -6.26 13.73 976
2 14.45 5.67 -7.07 100.99 15.16 19.07 977
3 17.35 -0.1 -8.24 -131.68 -55.04 -25.07 978
1 12.86 12.79 -7.16 115.82 -6.04 13.69 979
2 14.49 5.76 -7.04 100.88 15.21 19.05 980
3 17.37 -0.02 -8.2 -131.64 -55.22 -25.33 981
1 12.87 12.83 -7.15 115.86 -5.91 13.67 982
2 14.51 5.81 -7.01 100.77 15.27 19.05 983
3 17.37 0 -8.2 -131.66 -55.33 -25.47 984
1 12.88 12.86 -7.15 115.93 -5.67 13.65 985
2 14.51 5.81 -7 100.7 15.31 19.07 986
3 17.37 0.04 -8.18 -131.68 -55.57 -25.69 987
1 12.89 12.88 -7.17 116.04 -5.45 13.69 988
2 14.52 5.84 -7 100.7 15.38 19.16 989
3 17.37 0.05 -8.17 -131.7 -55.74 -25.82 990
1 12.89 12.89 -7.17 116.06 -5.36 13.69 991
2 14.53 5.85 -7 100.72 15.42 19.23 992
3 17.38 0.06 -8.17 -131.62 -55.81 -25.93 993
1 12.89 12.9 -7.17 116.15 -5.25 13.69 994
2 14.53 5.86 -6.99 100.77 15.45 19.23 995
3 17.38 0.07 -8.15 -131.55 -55.88 -25.97 996
1 12.9 12.91 -7.16 116.17 -5.23 13.67 997
2 14.53 5.87 -6.98 100.83 15.49 19.27 998
3 17.39 0.08 -8.14 -131.53 -55.9 -25.97 999
1 12.89 12.92 -7.16 116.21 -5.19 13.69 1000
2 14.54 5.88 -6.98 100.88 15.51 19.27 1001
3 17.4 0.1 -8.13 -131.46 -55.9 -25.95 1002
1 12.89 12.92 -7.15 116.26 -5.16 13.69 1003
2 14.54 5.87 -6.97 100.88 15.53 19.27 1004
3 17.41 0.1 -8.14 -131.42 -55.96 -25.99 1005
1 12.89 12.92 -7.16 116.28 -5.16 13.71 1006
2 14.55 5.88 -6.97 100.9 15.51 19.31 1007
3 17.41 0.1 -8.14 -131.37 -55.99 -26.02 1008
1 12.9 12.92 -7.15 116.28 -5.16 13.71 1009
2 14.55 5.87 -6.97 100.92 15.53 19.31 1010
3 17.41 0.1 -8.14 -131.4 -55.96 -26.02 1011
1 12.9 12.92 -7.15 116.26 -5.16 13.71 1012
2 14.55 5.88 -6.98 100.94 15.53 19.38 1013
3 17.41 0.1 -8.14 -131.31 -55.99 -26.08 1014
1 12.9 12.92 -7.15 116.26 -5.16 13.71 1015
2 14.55 5.88 -6.97 100.99 15.51 19.36 1016
3 17.42 0.1 -8.14 -131.35 -55.99 -26.04 1017
1 12.9 12.92 -7.15 116.28 -5.19 13.73 1018
2 14.56 5.87 -6.97 100.99 15.49 19.36 1019
3 17.42 0.1 -8.14 -131.31 -55.99 -26.08 1020
1 12.9 12.92 -7.15 116.28 -5.19 13.71 1021
2 14.56 5.87 -6.98 101.01 15.47 19.38 1022
3 17.43 0.09 -8.14 -131.33 -55.94 -26.06 1023
1 12.9 12.92 -7.15 116.3 -5.19 13.71 1024
2 14.56 5.87 -6.98 101.01 15.45 19.4 1025
3 17.42 0.1 -8.15 -131.24 -55.96 -26.15 1026
1 12.9 12.92 -7.15 116.3 -5.21 13.69 1027
2 14.57 5.86 -6.99 100.99 15.45 19.4 1028
3 17.43 0.09 -8.16 -131.22 -55.96 -26.17 1029
1 12.91 12.92 -7.15 116.3 -5.23 13.69 1030
2 14.58 5.86 -7 100.99 15.4 19.4 1031
3 17.43 0.09 -8.17 -131.15 -55.94 -26.21 1032
1 12.91 12.92 -7.15 116.3 -5.23 13.69 1033
2 14.58 5.86 -7.01 101.01 15.4 19.4 1034
3 17.44 0.09 -8.17 -131.15 -55.92 -26.19 1035
1 12.92 12.92 -7.15 116.3 -5.25 13.67 1036
2 14.58 5.86 -7.01 100.99 15.34 19.34 1037
3 17.44 0.09 -8.18 -131.07 -55.9 -26.28 1038
1 12.92 12.92 -7.15 116.32 -5.27 13.62 1039
2 14.59 5.85 -7.01 100.99 15.34 19.29 1040
3 17.45 0.09 -8.18 -131.09 -55.85 -26.28 1041
1 12.92 12.92 -7.15 116.35 -5.3 13.6 1042
2 14.59 5.85 -7.03 100.96 15.36 19.27 1043
3 17.45 0.09 -8.18 -131.11 -55.83 -26.24 1044
1 12.92 12.92 -7.16 116.37 -5.3 13.58 1045
2 14.58 5.85 -7.03 100.96 15.34 19.25 1046
3 17.44 0.09 -8.19 -131.07 -55.85 -26.28 1047
1 12.92 12.92 -7.16 116.37 -5.3 13.56 1048
2 14.58 5.85 -7.04 100.94 15.38 19.18 1049
3 17.44 0.09 -8.19 -131.09 -55.81 -26.26 1050
1 12.91 12.92 -7.18 116.41 -5.3 13.58 1051
2 14.56 5.87 -7.06 100.96 15.4 19.12 1052
3 17.44 0.09 -8.19 -131.09 -55.79 -26.26 1053
1 12.9 12.92 -7.19 116.48 -5.3 13.54 1054
2 14.55 5.88 -7.06 100.96 15.42 19.05 1055
3 17.43 0.1 -8.2 -131.15 -55.77 -26.19 1056
1 12.89 12.93 -7.19 116.52 -5.34 13.47 1057
2 14.52 5.92 -7.08 101.03 15.49 18.85 1058
3 17.42 0.11 -8.2 -131.22 -55.77 -26.15 1059
1 12.87 12.96 -7.2 116.67 -5.38 13.34 1060
2 14.46 5.99 -7.09 101.05 15.53 18.59 1061
3 17.39 0.15 -8.2 -131.62 -55.72 -25.75 1062
1 12.82 12.99 -7.2 116.89 -5.45 13.1 1063
2 14.42 6.03 -7.09 101.1 15.53 18.46 1064
3 17.32 0.24 -8.22 -132.5 -55.72 -24.94 1065
1 12.78 13.03 -7.2 117.07 -5.49 13.01 1066
2 14.33 6.12 -7.09 101.21 15.58 18.37 1067
3 17.28 0.3 -8.22 -133.11 -55.77 -24.37 1068
1 12.7 13.08 -7.2 117.36 -5.54 12.85 1069
2 14.24 6.22 -7.08 101.4 15.53 18.26 1070
3 17.19 0.41 -8.21 -134.12 -55.85 -23.33 1071
1 12.59 13.16 -7.19 117.66 -5.56 12.74 1072
2 14.18 6.28 -7.06 101.56 15.51 18.19 1073
3 17.12 0.5 -8.21 -134.98 -55.99 -22.5 1074
1 12.52 13.22 -7.19 117.91 -5.56 12.7 1075
2 14.07 6.4 -7.04 101.87 15.47 18.11 1076
3 17.08 0.56 -8.2 -135.33 -56.01 -22.04 1077
1 12.35 13.35 -7.17 118.41 -5.52 12.61 1078
2 14.01 6.47 -7.03 102.02 15.47 18.08 1079
3 17.02 0.69 -8.19 -136.23 -56.1 -21.05 1080
1 12.12 13.51 -7.15 118.98 -5.41 12.57 1081
2 13.88 6.61 -7.04 102.35 15.53 18.17 1082
3 16.93 0.8 -8.18 -137.61 -56.34 -19.82 1083
1 12.01 13.58 -7.14 119.27 -5.36 12.52 1084
2 13.74 6.75 -7 102.66 15.51 17.95 1085
3 16.89 0.87 -8.18 -138.23 -56.45 -19.23 1086
1 11.8 13.72 -7.15 119.84 -5.23 12.55 1087
2 13.67 6.82 -6.98 102.83 15.49 17.84 1088
3 16.8 1.02 -8.16 -139.55 -56.54 -17.89 1089
1 11.63 13.85 -7.11 120.34 -5.23 12.35 1090
2 13.53 6.98 -6.96 103.16 15.49 17.62 1091
3 16.72 1.16 -8.12 -141.02 -56.56 -16.41 1092
1 11.54 13.91 -7.08 120.63 -5.3 12.19 1093
2 13.38 7.15 -6.94 103.65 15.47 17.53 1094
3 16.67 1.25 -8.12 -141.5 -56.6 -15.89 1095
1 11.35 14.05 -7.04 121.2 -5.36 12 1096
2 13.3 7.23 -6.92 103.86 15.4 17.45 1097
3 16.59 1.39 -8.11 -143.02 -56.67 -14.48 1098
1 11.13 14.19 -7.01 121.77 -5.36 12 1099
2 13.15 7.39 -6.88 104.33 15.36 17.36 1100
3 16.5 1.53 -8.1 -144.54 -56.71 -13.07 1101
1 11 14.27 -6.99 122.1 -5.3 12.04 1102
2 12.99 7.54 -6.86 104.81 15.27 17.47 1103
3 16.45 1.6 -8.08 -145.35 -56.69 -12.3 1104
1 10.75 14.4 -6.97 122.63 -5.12 12.33 1105
2 12.91 7.61 -6.85 105.05 15.21 17.58 1106
3 16.36 1.74 -8.08 -146.84 -56.67 -10.72 1107
1 10.62 14.48 -6.97 123 -5.05 12.46 1108
2 12.74 7.77 -6.84 105.51 15.03 17.62 1109
3 16.26 1.88 -8.09 -147.59 -56.76 -10 1110
1 10.38 14.61 -6.93 123.66 -5.1 12.41 1111
2 12.59 7.92 -6.79 105.93 14.79 17.42 1112
3 16.22 1.96 -8.09 -148.93 -56.65 -8.64 1113
1 10.19 14.74 -6.87 124.17 -5.27 12.19 1114
2 12.5 8 -6.79 106.15 14.7 17.4 1115
3 16.14 2.11 -8.1 -150.1 -56.54 -7.47 1116
1 10.09 14.81 -6.85 124.39 -5.34 12.15 1117
2 12.37 8.13 -6.76 106.46 14.59 17.38 1118
3 16.11 2.17 -8.09 -150.69 -56.4 -6.9 1119
1 9.91 14.92 -6.83 124.67 -5.41 12.24 1120
2 12.25 8.24 -6.77 106.68 14.61 17.47 1121
3 16.02 2.27 -8.09 -151.72 -56.32 -6.04 1122
1 9.78 15.01 -6.85 124.83 -5.36 12.37 1123
2 12.19 8.3 -6.79 106.83 14.66 17.56 1124
3 15.95 2.36 -8.09 -152.53 -56.18 -5.36 1125
1 9.72 15.05 -6.86 124.87 -5.34 12.39 1126
2 12.1 8.38 -6.81 106.92 14.72 17.47 1127
3 15.93 2.4 -8.08 -152.82 -56.05 -5.14 1128
1 9.62 15.12 -6.86 124.96 -5.36 12.33 1129
2 12.04 8.46 -6.82 106.96 14.81 17.29 1130
3 15.87 2.48 -8.08 -153.19 -55.88 -4.94 1131
1 9.55 15.19 -6.86 125 -5.43 12.17 1132
2 12.02 8.48 -6.82 106.88 14.9 17.16 1133
3 15.83 2.53 -8.07 -153.61 -55.68 -4.81 1134
1 9.53 15.22 -6.87 124.98 -5.47 12.15 1135
2 11.98 8.53 -6.85 106.74 14.99 17.07 1136
3 15.81 2.54 -8.08 -153.81 -55.63 -4.75 1137
1 9.49 15.28 -6.91 124.94 -5.45 12.13 1138
2 11.96 8.55 -6.87 106.7 15.1 17.09 1139
3 15.78 2.58 -8.11 -154.05 -55.55 -4.75 1140
1 9.47 15.34 -6.97 124.83 -5.38 12.19 1141
2 11.94 8.58 -6.9 106.48 15.18 17.03 1142
3 15.75 2.58 -8.12 -154.31 -55.46 -4.7 1143
1 9.46 15.36 -7 124.78 -5.32 12.19 1144
2 11.92 8.61 -6.94 106.3 15.27 16.98 1145
3 15.74 2.59 -8.13 -154.38 -55.42 -4.72 1146
1 9.46 15.4 -7.04 124.67 -5.21 12.11 1147
2 11.92 8.62 -6.96 106.19 15.31 16.94 1148
3 15.71 2.6 -8.13 -154.47 -55.31 -4.72 1149
1 9.47 15.44 -7.05 124.54 -5.23 11.93 1150
2 11.92 8.64 -6.97 106.02 15.34 16.83 1151
3 15.69 2.61 -8.14 -154.53 -55.24 -4.75 1152
1 9.47 15.45 -7.06 124.52 -5.23 11.87 1153
2 11.91 8.65 -6.97 105.89 15.25 16.7 1154
3 15.69 2.62 -8.14 -154.47 -55.2 -4.81 1155
1 9.47 15.47 -7.06 124.45 -5.27 11.73 1156
2 11.91 8.67 -6.97 105.86 15.21 16.66 1157
3 15.68 2.61 -8.15 -154.53 -55.17 -4.81 1158
1 9.48 15.48 -7.07 124.39 -5.27 11.69 1159
2 11.91 8.67 -6.98 105.75 15.18 16.57 1160
3 15.68 2.61 -8.16 -154.53 -55.15 -4.88 1161
1 9.48 15.49 -7.07 124.37 -5.27 11.67 1162
2 11.91 8.67 -6.98 105.73 15.14 16.55 1163
3 15.68 2.61 -8.16 -154.53 -55.13 -4.9 1164
1 9.49 15.49 -7.07 124.37 -5.27 11.62 1165
2 11.92 8.67 -6.98 105.71 15.14 16.52 1166
3 15.68 2.62 -8.16 -154.47 -55.11 -4.94 1167
1 9.49 15.49 -7.07 124.34 -5.25 11.62 1168
2 11.92 8.66 -6.97 105.67 15.1 16.48 1169
3 15.68 2.61 -8.16 -154.56 -55.13 -4.9 1170
1 9.49 15.48 -7.07 124.32 -5.27 11.58 1171
2 11.92 8.66 -6.97 105.69 15.07 16.44 1172
3 15.68 2.61 -8.17 -154.47 -55.11 -4.97 1173
1 9.49 15.48 -7.07 124.32 -5.27 11.56 1174
2 11.92 8.66 -6.98 105.69 15.07 16.46 1175
3 15.68 2.61 -8.16 -154.45 -55.09 -4.97 1176
1 9.49 15.48 -7.07 124.34 -5.3 11.56 1177
2 11.93 8.65 -6.97 105.67 15.05 16.41 1178
3 15.68 2.61 -8.16 -154.4 -55.06 -5.01 1179
1 9.5 15.48 -7.06 124.32 -5.3 11.54 1180
2 11.94 8.64 -6.97 105.67 14.99 16.41 1181
3 15.69 2.61 -8.17 -154.31 -55.06 -5.08 1182
1 9.5 15.47 -7.06 124.3 -5.3 11.54 1183
2 11.94 8.63 -6.97 105.67 14.94 16.41 1184
3 15.71 2.58 -8.18 -154.16 -55.06 -5.25 1185
1 9.5 15.47 -7.06 124.32 -5.32 11.51 1186
2 11.97 8.59 -6.97 105.6 14.88 16.39 1187
3 15.72 2.56 -8.18 -154.01 -55.02 -5.36 1188
1 9.51 15.46 -7.06 124.3 -5.34 11.47 1189
2 12.01 8.55 -6.96 105.51 14.79 16.3 1190
3 15.75 2.53 -8.18 -153.65 -54.93 -5.6 1191
1 9.53 15.44 -7.05 124.28 -5.38 11.38 1192
2 12.03 8.54 -6.97 105.53 14.74 16.26 1193
3 15.78 2.5 -8.17 -153.41 -54.82 -5.78 1194
1 9.55 15.43 -7.05 124.28 -5.38 11.34 1195
2 12.06 8.51 -6.97 105.49 14.74 16.22 1196
3 15.79 2.48 -8.18 -153.33 -54.82 -5.87 1197
1 9.58 15.4 -7.04 124.21 -5.43 11.29 1198
2 12.07 8.49 -6.97 105.47 14.74 16.24 1199
3 15.82 2.45 -8.19 -153.26 -54.82 -5.95 1200
1 9.62 15.36 -7.04 124.17 -5.45 11.25 1201
2 12.09 8.47 -6.98 105.47 14.77 16.3 1202
3 15.83 2.44 -8.2 -153.06 -54.87 -6.13 1203
1 9.64 15.35 -7.04 124.15 -5.47 11.27 1204
2 12.1 8.44 -6.97 105.45 14.72 16.3 1205
3 15.84 2.42 -8.2 -153.04 -54.87 -6.15 1206
1 9.67 15.31 -7.04 124.12 -5.52 11.23 1207
2 12.12 8.43 -6.97 105.45 14.72 16.3 1208
3 15.86 2.4 -8.21 -152.93 -54.93 -6.22 1209
1 9.69 15.29 -7.03 124.1 -5.54 11.21 1210
2 12.13 8.42 -6.97 105.45 14.68 16.26 1211
3 15.87 2.39 -8.21 -152.84 -54.87 -6.26 1212
1 9.7 15.28 -7.02 124.12 -5.58 11.16 1213
2 12.15 8.4 -6.97 105.42 14.59 16.24 1214
3 15.88 2.39 -8.21 -152.8 -54.87 -6.26 1215
1 9.72 15.27 -7.02 124.12 -5.62 11.14 1216
2 12.16 8.39 -6.96 105.4 14.59 16.19 1217
3 15.9 2.37 -8.21 -152.75 -54.84 -6.26 1218
1 9.75 15.25 -7.01 124.08 -5.67 11.12 1219
2 12.18 8.38 -6.97 105.4 14.55 16.24 1220
3 15.91 2.36 -8.22 -152.73 -54.84 -6.31 1221
1 9.76 15.24 -7.01 124.06 -5.67 11.14 1222
2 12.19 8.36 -6.97 105.4 14.55 16.3 1223
3 15.92 2.35 -8.21 -152.71 -54.84 -6.31 1224
1 9.77 15.22 -7.01 124.01 -5.69 11.16 1225
2 12.19 8.35 -6.98 105.4 14.57 16.35 1226
3 15.93 2.33 -8.22 -152.69 -54.84 -6.28 1227
1 9.78 15.21 -7.01 123.99 -5.71 11.18 1228
2 12.22 8.32 -6.98 105.38 14.57 16.39 1229
3 15.93 2.32 -8.22 -152.6 -54.87 -6.35 1230
1 9.8 15.2 -7.01 123.93 -5.73 11.25 1231
2 12.25 8.29 -6.97 105.34 14.61 16.41 1232
3 15.96 2.29 -8.22 -152.51 -54.87 -6.44 1233
1 9.83 15.17 -7.01 123.88 -5.78 11.27 1234
2 12.26 8.28 -6.97 105.31 14.59 16.44 1235
3 16 2.25 -8.21 -152.25 -54.87 -6.68 1236
1 9.85 15.17 -7.02 123.86 -5.8 11.32 1237
2 12.32 8.23 -6.98 105.16 14.66 16.52 1238
3 16.02 2.23 -8.21 -152.12 -54.87 -6.79 1239
1 9.91 15.12 -7.03 123.68 -5.87 11.43 1240
2 12.4 8.15 -6.99 104.92 14.79 16.66 1241
3 16.06 2.14 -8.2 -151.7 -54.95 -7.27 1242
1 10.02 15.05 -7.05 123.4 -5.87 11.58 1243
2 12.44 8.09 -7 104.79 14.88 16.77 1244
3 16.11 2.04 -8.2 -151.08 -55.06 -7.89 1245
1 10.09 15.01 -7.06 123.22 -5.89 11.73 1246
2 12.54 7.99 -6.99 104.52 14.96 16.98 1247
3 16.15 2 -8.18 -150.69 -55.09 -8.26 1248
1 10.23 14.91 -7.08 122.83 -5.93 12.04 1249
2 12.66 7.88 -6.99 104.22 15.03 17.2 1250
3 16.22 1.9 -8.17 -149.63 -55.15 -9.18 1251
1 10.42 14.8 -7.08 122.32 -5.95 12.33 1252
2 12.73 7.83 -6.98 104.02 15.07 17.27 1253
3 16.29 1.79 -8.14 -148.69 -55.17 -10.09 1254
1 10.53 14.74 -7.08 122.06 -5.98 12.44 1255
2 12.87 7.69 -6.98 103.56 15.18 17.42 1256
3 16.33 1.74 -8.15 -148.18 -55.26 -10.61 1257
1 10.74 14.63 -7.08 121.55 -5.98 12.57 1258
2 12.95 7.63 -6.98 103.32 15.25 17.47 1259
3 16.4 1.58 -8.14 -147.15 -55.44 -11.71 1260
1 10.95 14.51 -7.09 121.05 -6.02 12.52 1261
2 13.13 7.47 -6.98 102.7 15.34 17.42 1262
3 16.5 1.43 -8.11 -145.79 -55.55 -13.07 1263
1 11.07 14.44 -7.11 120.81 -6.04 12.5 1264
2 13.3 7.3 -6.99 102.24 15.58 17.49 1265
3 16.55 1.36 -8.09 -144.95 -55.55 -13.84 1266
1 11.47 14.22 -7.1 120.06 -6.26 12.33 1267
2 13.5 7.13 -6.98 101.76 15.75 17.56 1268
3 16.74 1.13 -8.06 -142.49 -55.72 -16.24 1269
1 11.77 14.03 -7.14 119.49 -6.2 12.61 1270
2 13.71 6.96 -7 101.36 16 17.93 1271
3 16.88 0.96 -8.04 -140.65 -55.85 -18.13 1272
1 11.91 13.92 -7.17 119.16 -6.13 12.9 1273
2 13.92 6.75 -6.99 100.99 16.24 18.39 1274
3 16.94 0.86 -8.05 -139.66 -56.01 -19.14 1275
1 12.19 13.72 -7.24 118.63 -5.95 13.67 1276
2 14.03 6.64 -7 100.83 16.35 18.72 1277
3 17.08 0.66 -8.05 -137.68 -56.27 -21.03 1278
1 12.45 13.51 -7.26 118.26 -5.87 14.17 1279
2 14.24 6.43 -7 100.5 16.5 19.16 1280
3 17.24 0.5 -8.01 -135.83 -56.25 -22.5 1281
1 12.57 13.42 -7.25 118.17 -5.84 14.26 1282
2 14.47 6.28 -6.99 100.39 16.55 19.45 1283
3 17.32 0.42 -8.01 -134.98 -56.25 -23.18 1284
1 12.77 13.28 -7.22 118.17 -5.91 14.13 1285
2 14.56 6.21 -6.99 100.39 16.48 19.58 1286
3 17.47 0.3 -8.01 -133.18 -56.29 -24.52 1287
1 12.87 13.23 -7.18 118.23 -6.02 13.91 1288
2 14.74 6.09 -6.94 100.35 16.3 19.49 1289
3 17.56 0.25 -8.01 -132.39 -56.27 -25.11 1290
1 13.04 13.15 -7.13 118.37 -6.17 13.71 1291
2 14.89 5.98 -6.92 100.44 16.15 19.62 1292
3 17.7 0.16 -8.02 -131.02 -56.38 -26.19 1293
1 13.16 13.04 -7.08 118.43 -6.2 13.62 1294
2 14.95 5.93 -6.91 100.52 16.08 19.71 1295
3 17.78 0.07 -8.01 -130.28 -56.62 -26.94 1296
1 13.21 12.99 -7.07 118.45 -6.17 13.6 1297
2 15.04 5.86 -6.89 100.81 15.97 19.97 1298
3 17.82 0.03 -8.02 -130.03 -56.82 -27.22 1299
1 13.28 12.92 -7.03 118.65 -6.11 13.54 1300
2 15.08 5.83 -6.86 101.25 15.84 20.1 1301
3 17.86 0 -8.03 -129.62 -57.04 -27.66 1302
1 13.3 12.88 -6.98 118.96 -6.06 13.51 1303
2 15.1 5.83 -6.84 101.47 15.75 20.1 1304
3 17.93 0.01 -8.02 -129.33 -57.15 -27.82 1305
1 13.29 12.87 -6.97 119.14 -6 13.6 1306
2 15.11 5.83 -6.8 101.84 15.67 20.15 1307
3 17.94 0.02 -8 -129.24 -57.22 -27.88 1308
1 13.27 12.85 -6.97 119.36 -5.8 13.91 1309
2 15.11 5.83 -6.79 102.02 15.64 20.17 1310
3 17.98 0.03 -8 -129.27 -57.37 -27.82 1311
1 13.25 12.84 -6.97 119.55 -5.58 14.26 1312
2 15.12 5.83 -6.79 102.28 15.69 20.39 1313
3 18 0.04 -7.99 -129.29 -57.52 -27.71 1314
1 13.24 12.83 -6.97 119.62 -5.49 14.39 1315
2 15.11 5.83 -6.79 102.46 15.78 20.5 1316
3 18 0.04 -7.99 -129.31 -57.57 -27.66 1317
1 13.23 12.82 -6.99 119.71 -5.32 14.57 1318
2 15.11 5.84 -6.78 102.55 15.8 20.52 1319
3 18.01 0.06 -7.98 -129.33 -57.68 -27.55 1320
1 13.22 12.81 -7 119.77 -5.19 14.63 1321
2 15.1 5.85 -6.78 102.68 15.84 20.54 1322
3 18.02 0.07 -7.98 -129.33 -57.77 -27.53 1323
1 13.21 12.82 -7 119.82 -5.14 14.66 1324
2 15.1 5.85 -6.78 102.74 15.89 20.57 1325
3 18.02 0.07 -7.98 -129.29 -57.83 -27.53 1326
1 13.21 12.82 -7 119.84 -5.1 14.66 1327
2 15.1 5.86 -6.78 102.74 15.93 20.57 1328
3 18.02 0.08 -7.98 -129.38 -57.9 -27.4 1329
1 13.2 12.82 -7 119.86 -5.08 14.63 1330
2 15.1 5.87 -6.78 102.77 15.93 20.57 1331
3 18.03 0.1 -7.97 -129.48 -57.9 -27.25 1332
1 13.21 12.83 -7.01 119.86 -5.08 14.63 1333
2 15.1 5.87 -6.78 102.77 15.97 20.57 1334
3 18.02 0.11 -7.97 -129.48 -57.96 -27.25 1335
1 13.2 12.83 -7.01 119.84 -5.01 14.66 1336
2 15.09 5.87 -6.79 102.79 16 20.59 1337
3 18.02 0.11 -7.97 -129.62 -57.99 -27.14 1338
1 13.2 12.83 -7.02 119.84 -5.01 14.68 1339
2 15.08 5.88 -6.79 102.79 16.06 20.59 1340
3 18.02 0.11 -7.97 -129.68 -58.01 -27.07 1341
1 13.19 12.84 -7.03 119.84 -4.94 14.7 1342
2 15.07 5.89 -6.79 102.77 16.08 20.52 1343
3 18.01 0.12 -7.97 -129.77 -58.03 -26.96 1344
1 13.19 12.85 -7.03 119.84 -4.9 14.66 1345
2 15.07 5.89 -6.79 102.77 16.11 20.5 1346
3 18 0.12 -7.96 -129.86 -58.03 -26.85 1347
1 13.18 12.85 -7.03 119.79 -4.9 14.66 1348
2 15.06 5.89 -6.8 102.77 16.13 20.5 1349
3 18 0.12 -7.96 -129.88 -58.03 -26.85 1350
1 13.18 12.85 -7.03 119.77 -4.9 14.63 1351
2 15.05 5.88 -6.81 102.79 16.11 20.52 1352
3 18 0.11 -7.97 -129.9 -58.03 -26.81 1353
1 13.17 12.84 -7.03 119.73 -4.9 14.63 1354
2 15.05 5.87 -6.82 102.77 16.11 20.52 1355
3 18 0.11 -7.97 -129.95 -58.01 -26.76 1356
1 13.17 12.83 -7.04 119.71 -4.92 14.66 1357
2 15.03 5.83 -6.82 102.79 16.04 20.52 1358
3 18 0.1 -7.97 -129.9 -57.99 -26.81 1359
1 13.15 12.81 -7.04 119.66 -4.94 14.72 1360
2 15.02 5.75 -6.85 102.96 15.86 20.54 1361
3 18.01 0.08 -7.98 -129.88 -57.92 -26.76 1362
1 13.13 12.75 -7.05 119.64 -4.99 14.74 1363
2 15 5.69 -6.87 103.12 15.71 20.5 1364
3 18.02 0.01 -8 -129.59 -57.68 -26.81 1365
1 13.1 12.69 -7.06 119.64 -4.99 14.79 1366
2 14.99 5.55 -6.89 103.49 15.42 20.32 1367
3 18.04 -0.05 -8.03 -129.16 -57.48 -27 1368
1 13.03 12.53 -7.09 119.88 -4.97 14.85 1369
2 14.99 5.49 -6.92 103.71 15.36 20.32 1370
3 18.09 -0.2 -8.1 -128.17 -57.11 -27.47 1371
1 12.93 12.32 -7.12 120.26 -4.88 14.94 1372
2 14.99 5.37 -6.95 104.04 15.31 20.32 1373
3 18.11 -0.33 -8.15 -127.51 -56.89 -27.73 1374
1 12.9 12.24 -7.14 120.45 -4.86 14.9 1375
2 14.97 5.26 -6.98 104.52 15.18 20.19 1376
3 18.13 -0.35 -8.17 -127.05 -56.8 -27.97 1377
1 12.82 12.12 -7.16 121.05 -4.77 14.79 1378
2 14.96 5.2 -6.98 104.74 15.12 20.02 1379
3 18.17 -0.42 -8.18 -126.54 -56.51 -28.02 1380
1 12.72 12 -7.17 121.71 -4.7 14.55 1381
2 14.93 5.1 -7 105.45 14.94 19.75 1382
3 18.19 -0.47 -8.21 -125.79 -56.29 -28.17 1383
1 12.65 11.93 -7.18 122.08 -4.66 14.44 1384
2 14.89 5 -7.03 106.15 14.72 19.53 1385
3 18.21 -0.51 -8.24 -125.33 -56.16 -28.34 1386
1 12.53 11.79 -7.2 122.78 -4.59 14.3 1387
2 14.88 4.93 -7.04 106.37 14.66 19.4 1388
3 18.25 -0.59 -8.27 -124.78 -55.92 -28.26 1389
1 12.41 11.64 -7.24 123.4 -4.42 14.22 1390
2 14.83 4.81 -7.08 107.05 14.59 19.27 1391
3 18.26 -0.65 -8.31 -124.37 -55.63 -28.12 1392
1 12.34 11.56 -7.25 123.77 -4.37 14.11 1393
2 14.77 4.71 -7.12 107.71 14.44 19.05 1394
3 18.25 -0.69 -8.31 -124.23 -55.46 -27.99 1395
1 12.18 11.43 -7.28 124.56 -4.31 13.75 1396
2 14.73 4.67 -7.15 108.11 14.35 18.94 1397
3 18.25 -0.73 -8.35 -123.9 -55.24 -27.82 1398
1 12.09 11.38 -7.28 125.02 -4.31 13.49 1399
2 14.65 4.6 -7.17 108.76 14.15 18.52 1400
3 18.25 -0.76 -8.36 -123.88 -55.15 -27.55 1401
1 11.92 11.29 -7.29 125.9 -4.31 13.03 1402
2 14.56 4.54 -7.2 109.47 13.97 18.11 1403
3 18.25 -0.78 -8.39 -123.79 -54.91 -27.14 1404
1 11.72 11.2 -7.31 126.78 -4.24 12.68 1405
2 14.51 4.53 -7.23 109.86 13.91 18 1406
3 18.24 -0.77 -8.42 -123.68 -54.73 -26.7 1407
1 11.63 11.15 -7.31 127.16 -4.22 12.44 1408
2 14.38 4.5 -7.26 110.54 13.84 17.64 1409
3 18.22 -0.78 -8.45 -123.68 -54.67 -26.54 1410
1 11.43 11.07 -7.34 127.9 -4.06 12.22 1411
2 14.24 4.48 -7.29 111.25 13.73 17.42 1412
3 18.19 -0.77 -8.49 -123.77 -54.47 -26.06 1413
1 11.2 11.01 -7.38 128.74 -3.91 12.08 1414
2 14.16 4.48 -7.29 111.56 13.65 17.18 1415
3 18.15 -0.76 -8.51 -124.08 -54.29 -25.36 1416
1 11.09 11 -7.4 129.16 -3.87 12 1417
2 14.02 4.49 -7.29 112.19 13.51 16.74 1418
3 18.11 -0.74 -8.52 -124.32 -54.21 -24.92 1419
1 10.85 10.99 -7.41 130.01 -3.85 11.58 1420
2 13.87 4.53 -7.3 112.76 13.45 16.28 1421
3 18.04 -0.68 -8.54 -124.85 -54.01 -23.88 1422
1 10.63 10.99 -7.39 130.8 -3.96 10.85 1423
2 13.79 4.55 -7.31 113.03 13.43 16.06 1424
3 17.93 -0.59 -8.58 -125.57 -53.88 -22.76 1425
1 10.53 11 -7.39 131.2 -3.98 10.55 1426
2 13.64 4.6 -7.36 113.49 13.43 15.8 1427
3 17.87 -0.55 -8.6 -126.1 -53.85 -22.17 1428
1 10.31 11 -7.39 131.86 -4 10.02 1429
2 13.56 4.63 -7.36 113.66 13.45 15.58 1430
3 17.76 -0.47 -8.61 -127.16 -53.7 -20.94 1431
1 10.09 11.03 -7.4 132.52 -3.98 9.62 1432
2 13.39 4.7 -7.36 114.06 13.43 15.18 1433
3 17.63 -0.39 -8.61 -128.06 -53.68 -20.02 1434
1 9.97 11.06 -7.4 132.87 -3.93 9.49 1435
2 13.2 4.79 -7.36 114.5 13.43 14.96 1436
3 17.56 -0.35 -8.61 -128.61 -53.64 -19.42 1437
1 9.73 11.11 -7.39 133.53 -3.85 9.21 1438
2 13.11 4.83 -7.37 114.74 13.38 14.9 1439
3 17.45 -0.22 -8.62 -129.57 -53.59 -18.22 1440
1 9.48 11.2 -7.37 134.3 -3.82 9.03 1441
2 12.92 4.94 -7.36 115.16 13.29 14.77 1442
3 17.32 -0.07 -8.62 -130.72 -53.46 -16.94 1443
1 9.36 11.25 -7.36 134.63 -3.85 8.94 1444
2 12.74 5.07 -7.34 115.53 13.21 14.52 1445
3 17.26 0 -8.63 -131.26 -53.44 -16.35 1446
1 9.13 11.34 -7.33 135.22 -3.93 8.83 1447
2 12.65 5.14 -7.33 115.75 13.16 14.48 1448
3 17.14 0.13 -8.64 -132.52 -53.48 -15.21 1449
1 8.9 11.43 -7.31 135.68 -4.04 8.83 1450
2 12.46 5.26 -7.31 116.04 13.1 14.44 1451
3 17 0.25 -8.63 -134.03 -53.42 -13.93 1452
1 8.79 11.48 -7.29 135.88 -4.06 8.85 1453
2 12.26 5.41 -7.31 116.41 13.03 14.63 1454
3 16.91 0.33 -8.64 -134.58 -53.46 -13.47 1455
1 8.56 11.61 -7.25 136.23 -4.11 8.81 1456
2 12.16 5.48 -7.3 116.56 12.99 14.63 1457
3 16.78 0.48 -8.64 -135.94 -53.33 -12.3 1458
1 8.45 11.68 -7.23 136.36 -4.11 8.81 1459
2 11.96 5.65 -7.26 116.83 12.77 14.48 1460
3 16.65 0.66 -8.64 -136.58 -53.22 -11.76 1461
1 8.21 11.83 -7.21 136.67 -4.04 8.92 1462
2 11.77 5.82 -7.24 117 12.52 14.39 1463
3 16.58 0.74 -8.64 -138.08 -52.98 -10.46 1464
1 8.01 11.99 -7.16 136.8 -4.04 8.83 1465
2 11.67 5.92 -7.23 117.05 12.41 14.35 1466
3 16.44 0.91 -8.67 -139.55 -52.8 -9.16 1467
1 7.91 12.08 -7.13 136.85 -4.06 8.77 1468
2 11.47 6.1 -7.22 117.14 12.22 14.28 1469
3 16.29 1.06 -8.69 -140.32 -52.73 -8.57 1470
1 7.71 12.26 -7.09 136.96 -4.17 8.7 1471
2 11.29 6.28 -7.21 117.11 11.98 14.26 1472
3 16.21 1.13 -8.71 -141.92 -52.54 -7.45 1473
1 7.51 12.45 -7.05 136.98 -4.35 8.7 1474
2 11.19 6.37 -7.21 117.11 11.87 14.3 1475
3 16.05 1.31 -8.73 -143.37 -52.25 -6.37 1476
1 7.41 12.54 -7.03 136.93 -4.48 8.68 1477
2 11.01 6.57 -7.2 117.07 11.6 14.28 1478
3 15.91 1.49 -8.73 -144.16 -52.05 -5.78 1479
1 7.25 12.75 -6.99 136.76 -4.7 8.66 1480
2 10.84 6.79 -7.2 116.96 11.36 14.26 1481
3 15.84 1.56 -8.76 -145.7 -51.72 -4.77 1482
1 7.09 12.98 -6.98 136.58 -4.79 8.81 1483
2 10.75 6.89 -7.2 116.87 11.25 14.24 1484
3 15.7 1.72 -8.8 -147.33 -51.44 -3.82 1485
1 7.02 13.1 -6.97 136.43 -4.83 8.88 1486
2 10.6 7.11 -7.19 116.65 10.99 14.13 1487
3 15.64 1.81 -8.81 -148.12 -51.26 -3.32 1488
1 6.87 13.32 -6.95 136.14 -4.92 8.99 1489
2 10.52 7.21 -7.2 116.54 10.88 14.15 1490
3 15.49 1.99 -8.85 -149.59 -51.02 -2.5 1491
1 6.75 13.56 -6.91 135.83 -5.1 9.01 1492
2 10.38 7.43 -7.21 116.24 10.68 14.19 1493
3 15.35 2.18 -8.86 -151.11 -50.54 -1.65 1494
1 6.69 13.68 -6.9 135.64 -5.23 9.01 1495
2 10.24 7.66 -7.22 115.97 10.46 14.15 1496
3 15.29 2.26 -8.89 -151.83 -50.41 -1.32 1497
1 6.57 13.94 -6.89 135.37 -5.43 9.01 1498
2 10.17 7.78 -7.22 115.86 10.35 14.15 1499
3 15.16 2.45 -8.91 -153.24 -50.05 -0.57 1500
1 6.48 14.21 -6.88 135.02 -5.67 9.01 1501
2 10.06 8.02 -7.22 115.49 10.15 14 1502
3 15.06 2.64 -8.93 -154.69 -49.64 0.2 1503
1 6.43 14.35 -6.89 134.91 -5.76 9.07 1504
2 9.95 8.25 -7.25 115.09 9.98 14 1505
3 14.99 2.72 -8.96 -155.46 -49.53 0.53 1506
1 6.35 14.6 -6.88 134.52 -5.89 9.18 1507
2 9.9 8.37 -7.26 114.92 9.87 14.02 1508
3 14.87 2.88 -9.01 -157.02 -49.39 1.25 1509
1 6.29 14.86 -6.9 134.06 -5.98 9.34 1510
2 9.8 8.6 -7.28 114.52 9.69 14.04 1511
3 14.77 3.05 -9.04 -158.51 -49.09 1.91 1512
1 6.26 14.99 -6.89 133.86 -6.04 9.4 1513
2 9.72 8.84 -7.28 114.06 9.49 13.97 1514
3 14.72 3.13 -9.05 -159.17 -48.89 2.22 1515
1 6.21 15.26 -6.88 133.42 -6.24 9.4 1516
2 9.68 8.96 -7.29 113.86 9.4 13.93 1517
3 14.62 3.34 -9.07 -160.33 -48.52 2.77 1518
1 6.19 15.4 -6.88 133.26 -6.35 9.4 1519
2 9.61 9.21 -7.3 113.44 9.23 13.95 1520
3 14.58 3.43 -9.08 -160.97 -48.34 3.08 1521
1 6.18 15.68 -6.86 132.69 -6.64 9.45 1522
2 9.54 9.45 -7.3 112.94 8.99 13.93 1523
3 14.5 3.6 -9.13 -162.31 -48.14 3.6 1524
1 6.17 15.96 -6.86 132.03 -6.88 9.65 1525
2 9.51 9.56 -7.32 112.72 8.92 14.06 1526
3 14.41 3.75 -9.17 -163.72 -47.94 4.17 1527
1 6.18 16.09 -6.86 131.68 -6.94 9.82 1528
2 9.48 9.79 -7.35 112.1 8.83 14.22 1529
3 14.37 3.83 -9.17 -164.33 -47.79 4.44 1530
1 6.21 16.35 -6.88 130.89 -7.08 10.13 1531
2 9.45 10.02 -7.37 111.58 8.77 14.35 1532
3 14.3 3.99 -9.21 -165.56 -47.57 4.92 1533
1 6.24 16.61 -6.88 130.1 -7.21 10.42 1534
2 9.43 10.14 -7.38 111.29 8.7 14.39 1535
3 14.23 4.15 -9.23 -166.71 -47.33 5.3 1536
1 6.28 16.75 -6.87 129.7 -7.29 10.44 1537
2 9.41 10.38 -7.39 110.72 8.46 14.35 1538
3 14.19 4.25 -9.25 -167.23 -47.22 5.45 1539
1 6.32 17.05 -6.85 129.16 -7.47 10.48 1540
2 9.41 10.51 -7.38 110.41 8.33 14.3 1541
3 14.15 4.42 -9.25 -168.27 -46.91 5.71 1542
1 6.4 17.32 -6.84 128.45 -7.67 10.74 1543
2 9.42 10.74 -7.4 109.82 8.17 14.44 1544
3 14.11 4.57 -9.27 -169.48 -46.71 6.11 1545
1 6.45 17.45 -6.84 128.06 -7.73 10.96 1546
2 9.43 10.95 -7.41 109.2 8.17 14.68 1547
3 14.08 4.65 -9.29 -170 -46.71 6.28 1548
1 6.56 17.69 -6.83 127.09 -7.84 11.36 1549
2 9.46 11.14 -7.41 108.52 8.11 14.9 1550
3 14.04 4.77 -9.29 -171.12 -46.6 6.55 1551
1 6.66 17.9 -6.85 126.21 -7.8 11.73 1552
2 9.47 11.25 -7.42 108.26 8.09 14.99 1553
3 14.01 4.9 -9.31 -171.98 -46.56 6.72 1554
1 6.71 18.01 -6.84 125.84 -7.84 11.78 1555
2 9.51 11.44 -7.42 107.62 8.02 14.99 1556
3 14.01 4.97 -9.31 -172.44 -46.45 6.77 1557
1 6.83 18.26 -6.82 125.13 -8.02 11.8 1558
2 9.54 11.54 -7.42 107.25 7.93 14.92 1559
3 14.01 5.09 -9.31 -173.25 -46.25 6.86 1560
1 6.97 18.5 -6.84 124.45 -7.91 11.87 1561
2 9.59 11.72 -7.42 106.63 7.87 14.88 1562
3 13.99 5.2 -9.32 -174.05 -46.27 6.97 1563
1 7.05 18.59 -6.85 124.01 -7.91 11.95 1564
2 9.67 11.88 -7.44 105.86 7.82 14.92 1565
3 13.99 5.24 -9.33 -174.51 -46.25 7.05 1566
1 7.23 18.77 -6.86 123.13 -7.89 12.13 1567
2 9.71 11.94 -7.44 105.49 7.82 15.01 1568
3 13.98 5.32 -9.33 -175.17 -46.3 7.05 1569
1 7.31 18.84 -6.87 122.72 -7.82 12.26 1570
2 9.78 12.07 -7.45 104.77 7.8 15.07 1571
3 13.97 5.34 -9.33 -175.43 -46.3 7.05 1572
1 7.46 18.97 -6.86 121.79 -7.89 12.44 1573
2 9.85 12.18 -7.46 104.11 7.82 15.21 1574
3 13.97 5.41 -9.34 -175.78 -46.32 6.92 1575
1 7.63 19.1 -6.83 120.96 -7.93 12.48 1576
2 9.9 12.23 -7.46 103.78 7.84 15.21 1577
3 13.98 5.45 -9.33 -176.09 -46.25 6.75 1578
1 7.72 19.15 -6.8 120.5 -8.04 12.46 1579
2 10 12.33 -7.44 102.99 7.62 15.07 1580
3 13.99 5.47 -9.33 -176.15 -46.19 6.59 1581
1 7.89 19.27 -6.79 119.75 -8.06 12.5 1582
2 10.11 12.38 -7.43 102.19 7.51 14.99 1583
3 14.01 5.5 -9.33 -176.33 -46.19 6.31 1584
1 8.06 19.34 -6.78 119 -8.06 12.57 1585
2 10.17 12.4 -7.42 101.76 7.51 14.96 1586
3 14.01 5.51 -9.32 -176.4 -46.25 6.02 1587
1 8.16 19.38 -6.78 118.61 -8.04 12.66 1588
2 10.27 12.41 -7.44 101.03 7.6 15.07 1589
3 14.02 5.5 -9.32 -176.46 -46.27 5.95 1590
1 8.34 19.41 -6.81 117.73 -7.89 12.94 1591
2 10.36 12.39 -7.45 100.46 7.69 15.27 1592
3 14.02 5.49 -9.33 -176.46 -46.32 5.76 1593
1 8.52 19.4 -6.81 116.81 -7.87 13.27 1594
2 10.4 12.38 -7.45 100.17 7.76 15.38 1595
3 14.03 5.48 -9.32 -176.42 -46.32 5.62 1596
1 8.61 19.4 -6.82 116.37 -7.89 13.43 1597
2 10.47 12.36 -7.46 99.78 7.8 15.56 1598
3 14.03 5.47 -9.32 -176.42 -46.34 5.56 1599
1 8.78 19.39 -6.79 115.69 -8 13.49 1600
2 10.5 12.34 -7.46 99.54 7.8 15.58 1601
3 14.05 5.44 -9.32 -176.29 -46.45 5.27 1602
1 8.94 19.4 -6.76 115.16 -8.13 13.43 1603
2 10.6 12.31 -7.45 99.03 7.8 15.58 1604
3 14.1 5.34 -9.3 -175.76 -46.63 4.42 1605
1 9.02 19.38 -6.77 114.9 -8.09 13.43 1606
2 10.69 12.25 -7.44 98.5 7.84 15.56 1607
3 14.15 5.23 -9.28 -175.17 -46.8 3.52 1608
1 9.16 19.35 -6.79 114.37 -8 13.56 1609
2 10.74 12.22 -7.44 98.24 7.87 15.53 1610
3 14.23 5.04 -9.25 -174 -47.07 2.15 1611
1 9.33 19.29 -6.81 113.73 -7.93 13.71 1612
2 10.86 12.12 -7.44 97.65 7.98 15.56 1613
3 14.29 4.93 -9.22 -172.99 -47.24 1.23 1614
1 9.42 19.25 -6.81 113.38 -7.93 13.8 1615
2 11 11.98 -7.42 96.97 8.11 15.71 1616
3 14.32 4.88 -9.21 -172.44 -47.35 0.75 1617
1 9.61 19.16 -6.81 112.7 -7.95 14.08 1618
2 11.1 11.88 -7.41 96.57 8.22 15.89 1619
3 14.38 4.74 -9.18 -171.32 -47.57 -0.24 1620
1 9.84 19.02 -6.83 111.84 -7.93 14.52 1621
2 11.31 11.62 -7.41 95.62 8.48 16.37 1622
3 14.45 4.57 -9.17 -170.35 -47.79 -1.1 1623
1 9.98 18.93 -6.85 111.36 -7.89 14.81 1624
2 11.5 11.4 -7.4 94.92 8.7 16.63 1625
3 14.49 4.48 -9.16 -169.78 -47.94 -1.58 1626
1 10.27 18.74 -6.88 110.46 -7.82 15.29 1627
2 11.58 11.3 -7.4 94.66 8.77 16.68 1628
3 14.56 4.3 -9.11 -168.6 -48.01 -2.61 1629
1 10.42 18.63 -6.9 109.97 -7.76 15.51 1630
2 11.72 11.1 -7.4 94.17 8.96 16.72 1631
3 14.59 4.21 -9.11 -167.96 -48.19 -3.12 1632
1 10.67 18.4 -6.93 109.25 -7.67 15.8 1633
2 11.84 10.91 -7.39 93.85 9.12 16.85 1634
3 14.66 4.04 -9.08 -166.6 -48.41 -4.2 1635
1 10.89 18.21 -6.89 108.68 -7.89 15.91 1636
2 11.92 10.8 -7.39 93.67 9.21 16.98 1637
3 14.75 3.85 -9.07 -165.34 -48.63 -5.19 1638
1 11.01 18.1 -6.86 108.39 -8.02 15.95 1639
2 12.07 10.55 -7.38 93.36 9.43 17.42 1640
3 14.8 3.75 -9.06 -164.71 -48.78 -5.71 1641
1 11.25 17.84 -6.84 107.78 -8.11 16.26 1642
2 12.22 10.28 -7.39 93.05 9.73 17.89 1643
3 14.9 3.55 -9.05 -163.37 -49.06 -6.83 1644
1 11.45 17.56 -6.89 107.34 -8.06 16.83 1645
2 12.29 10.16 -7.4 93.01 9.89 18.11 1646
3 15 3.34 -9.03 -161.87 -49.28 -8.02 1647
1 11.54 17.42 -6.9 107.16 -8.06 17.05 1648
2 12.41 9.91 -7.39 92.9 10.02 18.33 1649
3 15.05 3.24 -9 -161.04 -49.35 -8.61 1650
1 11.71 17.17 -6.9 107.01 -8.22 17.18 1651
2 12.56 9.69 -7.35 92.88 10 18.22 1652
3 15.16 3.06 -8.96 -159.3 -49.44 -9.8 1653
1 11.83 16.94 -6.9 107.01 -8.31 17.27 1654
2 12.62 9.56 -7.33 92.9 10.02 18.24 1655
3 15.27 2.85 -8.92 -157.83 -49.55 -10.72 1656
1 11.89 16.81 -6.88 107.05 -8.46 17.29 1657
2 12.74 9.32 -7.32 93.08 10.15 18.44 1658
3 15.34 2.76 -8.9 -157.04 -49.59 -11.21 1659
1 12.01 16.55 -6.87 107.07 -8.59 17.49 1660
2 12.8 9.18 -7.33 93.23 10.33 18.7 1661
3 15.45 2.54 -8.89 -155.35 -49.94 -12.35 1662
1 12.12 16.23 -6.91 107.2 -8.53 17.97 1663
2 12.91 8.89 -7.32 93.45 10.57 19.14 1664
3 15.58 2.32 -8.85 -153.7 -50.16 -13.38 1665
1 12.16 16.07 -6.93 107.31 -8.44 18.19 1666
2 13.02 8.61 -7.32 93.82 10.85 19.6 1667
3 15.64 2.21 -8.83 -152.86 -50.32 -13.86 1668
1 12.23 15.76 -6.97 107.73 -8.22 18.63 1669
2 13.07 8.47 -7.32 94.06 10.96 19.8 1670
3 15.77 1.99 -8.8 -151.04 -50.54 -14.92 1671
1 12.3 15.5 -6.94 108.17 -8.26 18.72 1672
2 13.18 8.2 -7.3 94.53 11.05 20 1673
3 15.93 1.78 -8.78 -149.11 -50.67 -15.97 1674
1 12.32 15.37 -6.93 108.41 -8.28 18.81 1675
2 13.3 7.93 -7.27 95.03 11.12 20.17 1676
3 16 1.67 -8.75 -148.32 -50.67 -16.37 1677
1 12.38 15.08 -6.93 108.85 -8.26 19.09 1678
2 13.35 7.8 -7.26 95.27 11.12 20.28 1679
3 16.14 1.45 -8.75 -146.58 -50.89 -17.31 1680
1 12.42 14.79 -6.94 109.31 -8.15 19.31 1681
2 13.45 7.53 -7.27 95.84 11.23 20.63 1682
3 16.28 1.21 -8.75 -144.91 -51.06 -18.26 1683
1 12.45 14.64 -6.93 109.51 -8.15 19.36 1684
2 13.54 7.26 -7.24 96.39 11.21 20.81 1685
3 16.35 1.11 -8.74 -144.12 -51.11 -18.63 1686
1 12.49 14.35 -6.95 109.91 -8 19.69 1687
2 13.59 7.14 -7.23 96.7 11.18 20.94 1688
3 16.47 0.92 -8.73 -142.34 -51.2 -19.6 1689
1 12.48 14.21 -6.96 110.19 -7.93 19.82 1690
2 13.68 6.9 -7.23 97.36 11.25 21.09 1691
3 16.6 0.75 -8.71 -141.55 -51.22 -19.97 1692
1 12.48 13.97 -6.94 110.83 -7.98 19.8 1693
2 13.76 6.69 -7.22 98.06 11.25 21.12 1694
3 16.67 0.67 -8.72 -139.97 -51.33 -20.81 1695
1 12.48 13.78 -6.95 111.6 -7.93 19.73 1696
2 13.79 6.6 -7.22 98.44 11.27 21.16 1697
3 16.79 0.53 -8.72 -138.56 -51.44 -21.51 1698
1 12.5 13.68 -6.96 111.86 -7.89 19.69 1699
2 13.88 6.41 -7.2 98.99 11.27 20.94 1700
3 16.91 0.37 -8.73 -138.12 -51.48 -21.69 1701
1 12.51 13.48 -6.99 112.43 -7.8 19.58 1702
2 13.94 6.24 -7.22 99.56 11.43 20.96 1703
3 16.95 0.3 -8.73 -137.11 -51.61 -22.17 1704
1 12.48 13.3 -7 112.96 -7.73 19.45 1705
2 13.96 6.16 -7.23 99.91 11.47 21.03 1706
3 17.04 0.19 -8.71 -136.27 -51.61 -22.41 1707
1 12.48 13.21 -7 113.23 -7.69 19.34 1708
2 13.99 6.02 -7.25 100.5 11.6 21.07 1709
3 17.08 0.15 -8.72 -135.83 -51.7 -22.54 1710
1 12.44 13.1 -7.02 113.86 -7.56 19.09 1711
2 14.02 5.93 -7.24 101.07 11.67 20.9 1712
3 17.15 0.09 -8.7 -135.18 -51.7 -22.59 1713
1 12.42 13.01 -7 114.41 -7.51 18.63 1714
2 14.04 5.89 -7.23 101.27 11.69 20.68 1715
3 17.2 0.06 -8.71 -134.74 -51.79 -22.65 1716
1 12.41 12.97 -7.01 114.65 -7.45 18.5 1717
2 14.07 5.84 -7.25 101.76 11.8 20.63 1718
3 17.22 0.04 -8.72 -134.56 -51.83 -22.7 1719
1 12.38 12.89 -7.04 115 -7.25 18.3 1720
2 14.07 5.81 -7.25 101.93 11.82 20.52 1721
3 17.26 0.02 -8.71 -134.32 -51.88 -22.63 1722
1 12.36 12.83 -7.07 115.29 -7.01 18.15 1723
2 14.08 5.77 -7.25 102.13 11.91 20.39 1724
3 17.27 0 -8.7 -134.14 -51.94 -22.61 1725
1 12.34 12.81 -7.09 115.47 -6.92 18.11 1726
2 14.07 5.75 -7.26 102.35 12.04 20.32 1727
3 17.27 -0.01 -8.69 -134.21 -52.01 -22.52 1728
1 12.32 12.77 -7.1 115.75 -6.77 17.89 1729
2 14.07 5.74 -7.25 102.44 12.11 20.26 1730
3 17.27 -0.01 -8.69 -134.01 -52.14 -22.59 1731
1 12.3 12.77 -7.1 115.99 -6.68 17.62 1732
2 14.08 5.74 -7.25 102.57 12.24 20.21 1733
3 17.29 -0.01 -8.68 -133.97 -52.25 -22.54 1734
1 12.29 12.77 -7.09 116.1 -6.64 17.51 1735
2 14.08 5.75 -7.24 102.7 12.33 20.17 1736
3 17.29 -0.01 -8.67 -134.01 -52.29 -22.48 1737
1 12.27 12.77 -7.1 116.28 -6.57 17.45 1738
2 14.08 5.74 -7.24 102.74 12.39 20.17 1739
3 17.3 0 -8.66 -133.97 -52.45 -22.52 1740
1 12.27 12.77 -7.11 116.37 -6.46 17.47 1741
2 14.08 5.75 -7.24 102.83 12.48 20.21 1742
3 17.31 0 -8.64 -133.99 -52.6 -22.48 1743
1 12.26 12.77 -7.11 116.41 -6.44 17.47 1744
2 14.07 5.76 -7.23 102.9 12.59 20.21 1745
3 17.31 0.01 -8.64 -133.95 -52.73 -22.52 1746
1 12.26 12.78 -7.12 116.46 -6.37 17.51 1747
2 14.07 5.77 -7.23 102.92 12.66 20.21 1748
3 17.31 0.02 -8.6 -134.06 -53 -22.41 1749
1 12.26 12.78 -7.12 116.46 -6.33 17.51 1750
2 14.08 5.78 -7.22 102.99 12.81 20.19 1751
3 17.31 0.04 -8.58 -133.99 -53.09 -22.46 1752
1 12.26 12.78 -7.13 116.5 -6.33 17.51 1753
2 14.08 5.81 -7.21 103.01 13.03 20.13 1754
3 17.31 0.07 -8.54 -133.97 -53.31 -22.43 1755
1 12.26 12.8 -7.13 116.56 -6.31 17.47 1756
2 14.09 5.83 -7.2 102.99 13.18 20.1 1757
3 17.31 0.1 -8.51 -133.97 -53.53 -22.57 1758
1 12.27 12.8 -7.15 116.59 -6.26 17.47 1759
2 14.12 5.87 -7.19 102.9 13.58 20.1 1760
3 17.31 0.1 -8.5 -133.95 -53.66 -22.7 1761
1 12.29 12.83 -7.17 116.67 -6.17 17.36 1762
2 14.14 5.88 -7.19 102.68 13.89 20.17 1763
3 17.3 0.11 -8.48 -133.95 -53.83 -22.92 1764
1 12.33 12.87 -7.19 116.74 -6.11 17.2 1765
2 14.15 5.88 -7.19 102.63 14.02 20.24 1766
3 17.3 0.12 -8.47 -133.77 -53.94 -23.2 1767
1 12.35 12.88 -7.2 116.78 -6.06 17.09 1768
2 14.17 5.89 -7.19 102.52 14.15 20.3 1769
3 17.3 0.14 -8.46 -133.68 -53.99 -23.29 1770
1 12.38 12.92 -7.2 116.87 -6 16.94 1771
2 14.18 5.91 -7.19 102.5 14.17 20.28 1772
3 17.3 0.15 -8.46 -133.55 -54.05 -23.44 1773
1 12.4 12.93 -7.19 116.94 -5.93 16.81 1774
2 14.18 5.92 -7.19 102.5 14.17 20.28 1775
3 17.3 0.15 -8.46 -133.48 -54.12 -23.55 1776
1 12.41 12.94 -7.19 116.96 -5.89 16.79 1777
2 14.19 5.92 -7.18 102.46 14.17 20.24 1778
3 17.3 0.15 -8.46 -133.46 -54.14 -23.62 1779
1 12.41 12.94 -7.19 116.96 -5.8 16.77 1780
2 14.19 5.93 -7.18 102.46 14.17 20.26 1781
3 17.28 0.15 -8.46 -133.33 -54.23 -23.8 1782
1 12.41 12.94 -7.19 117 -5.73 16.81 1783
2 14.19 5.93 -7.18 102.39 14.17 20.24 1784
3 17.28 0.15 -8.45 -133.35 -54.25 -23.77 1785
1 12.41 12.94 -7.2 117 -5.69 16.81 1786
2 14.19 5.94 -7.17 102.39 14.17 20.21 1787
3 17.28 0.16 -8.45 -133.33 -54.27 -23.82 1788
1 12.41 12.95 -7.2 117.05 -5.62 16.81 1789
2 14.18 5.94 -7.17 102.39 14.15 20.19 1790
3 17.26 0.17 -8.45 -133.42 -54.32 -23.8 1791
1 12.39 12.96 -7.2 117.16 -5.58 16.72 1792
2 14.17 5.97 -7.15 102.37 14.11 20.08 1793
3 17.25 0.21 -8.44 -133.57 -54.34 -23.66 1794
1 12.39 12.97 -7.19 117.2 -5.54 16.63 1795
2 14.13 6.06 -7.12 102.35 13.93 19.73 1796
3 17.23 0.23 -8.44 -133.73 -54.4 -23.53 1797
1 12.36 13.02 -7.17 117.44 -5.41 16.37 1798
2 14.08 6.14 -7.09 102.28 13.82 19.42 1799
3 17.15 0.35 -8.42 -134.71 -54.43 -22.65 1800
1 12.33 13.06 -7.16 117.6 -5.32 16.24 1801
2 13.94 6.35 -7.06 102.37 13.6 19.12 1802
3 17.08 0.44 -8.44 -135.37 -54.62 -22.06 1803
1 12.22 13.18 -7.15 118.12 -4.94 16 1804
2 13.83 6.49 -7.03 102.48 13.51 18.92 1805
3 16.94 0.59 -8.42 -136.96 -54.82 -20.7 1806
1 12.03 13.37 -7.11 118.83 -4.46 15.67 1807
2 13.78 6.56 -7.01 102.55 13.47 18.76 1808
3 16.86 0.73 -8.41 -138.16 -54.84 -19.6 1809
1 11.91 13.47 -7.09 119.22 -4.22 15.51 1810
2 13.67 6.71 -7 102.81 13.45 18.65 1811
3 16.83 0.81 -8.41 -138.6 -54.89 -19.16 1812
1 11.7 13.67 -7.06 119.93 -3.89 15.25 1813
2 13.53 6.9 -6.99 103.12 13.4 18.48 1814
3 16.77 0.98 -8.39 -139.83 -54.91 -18.02 1815
1 11.54 13.83 -7.06 120.5 -3.67 15.01 1816
2 13.46 6.99 -6.98 103.25 13.43 18.39 1817
3 16.69 1.13 -8.36 -141.37 -55 -16.68 1818
1 11.46 13.9 -7.05 120.76 -3.56 14.92 1819
2 13.33 7.16 -6.95 103.47 13.4 18.04 1820
3 16.6 1.27 -8.34 -142.27 -55.09 -15.95 1821
1 11.29 14.04 -7.04 121.29 -3.41 14.63 1822
2 13.18 7.34 -6.93 103.84 13.4 17.84 1823
3 16.56 1.36 -8.34 -143.75 -55.22 -14.68 1824
1 11.11 14.18 -7 121.86 -3.27 14.35 1825
2 13.1 7.43 -6.92 104.06 13.38 17.8 1826
3 16.47 1.52 -8.31 -145.24 -55.28 -13.29 1827
1 11 14.26 -6.98 122.21 -3.27 14.19 1828
2 12.95 7.61 -6.88 104.44 13.29 17.62 1829
3 16.42 1.62 -8.32 -145.85 -55.39 -12.74 1830
1 10.78 14.43 -6.93 123.02 -3.32 13.91 1831
2 12.88 7.71 -6.86 104.63 13.23 17.51 1832
3 16.33 1.8 -8.3 -147.3 -55.35 -11.32 1833
1 10.56 14.59 -6.89 123.75 -3.38 13.71 1834
2 12.74 7.88 -6.82 104.99 13.12 17.4 1835
3 16.25 1.96 -8.29 -148.65 -55.37 -10 1836
1 10.47 14.65 -6.88 124.04 -3.41 13.65 1837
2 12.61 8.04 -6.83 105.4 13.21 17.53 1838
3 16.22 2.03 -8.3 -149.39 -55.44 -9.29 1839
1 10.3 14.77 -6.88 124.58 -3.43 13.62 1840
2 12.54 8.1 -6.83 105.56 13.27 17.56 1841
3 16.15 2.14 -8.28 -150.8 -55.42 -8 1842
1 10.14 14.88 -6.88 125.09 -3.45 13.56 1843
2 12.43 8.23 -6.83 105.84 13.36 17.47 1844
3 16.08 2.26 -8.28 -151.83 -55.46 -6.97 1845
1 10.06 14.93 -6.89 125.4 -3.45 13.54 1846
2 12.34 8.35 -6.85 106.06 13.49 17.42 1847
3 16.04 2.32 -8.27 -152.23 -55.42 -6.59 1848
1 9.93 15.03 -6.9 125.88 -3.54 13.4 1849
2 12.3 8.4 -6.85 106.15 13.51 17.31 1850
3 16 2.4 -8.27 -153 -55.33 -5.93 1851
1 9.82 15.12 -6.91 126.34 -3.69 13.16 1852
2 12.23 8.5 -6.86 106.3 13.58 17.18 1853
3 15.96 2.47 -8.28 -153.63 -55.26 -5.45 1854
1 9.78 15.16 -6.91 126.5 -3.8 13.07 1855
2 12.17 8.56 -6.87 106.28 13.71 17.09 1856
3 15.94 2.5 -8.28 -153.96 -55.22 -5.23 1857
1 9.72 15.23 -6.93 126.65 -3.93 13.01 1858
2 12.15 8.59 -6.9 106.3 13.82 17.14 1859
3 15.9 2.54 -8.31 -154.51 -55.24 -4.88 1860
1 9.69 15.25 -6.95 126.69 -3.96 13.07 1861
2 12.11 8.64 -6.93 106.3 14.02 17.25 1862
3 15.89 2.55 -8.31 -154.71 -55.2 -4.77 1863
1 9.64 15.3 -6.99 126.67 -4.11 13.16 1864
2 12.08 8.67 -6.97 106.3 14.13 17.29 1865
3 15.87 2.58 -8.31 -155 -55.04 -4.55 1866
1 9.59 15.35 -7.04 126.67 -4.24 13.18 1867
2 12.06 8.69 -6.99 106.24 14.19 17.27 1868
3 15.86 2.61 -8.31 -155.13 -54.84 -4.46 1869
1 9.57 15.39 -7.05 126.67 -4.31 13.12 1870
2 12.06 8.72 -7 106.06 14.19 17.03 1871
3 15.85 2.61 -8.32 -155.19 -54.76 -4.42 1872
1 9.56 15.45 -7.09 126.63 -4.46 12.92 1873
2 12.05 8.74 -7.04 105.86 14.22 16.83 1874
3 15.84 2.63 -8.33 -155.3 -54.62 -4.44 1875
1 9.56 15.48 -7.14 126.56 -4.57 12.79 1876
2 12.05 8.74 -7.05 105.75 14.24 16.72 1877
3 15.82 2.63 -8.35 -155.35 -54.54 -4.5 1878
1 9.56 15.49 -7.15 126.5 -4.59 12.72 1879
2 12.05 8.74 -7.08 105.58 14.26 16.63 1880
3 15.82 2.63 -8.36 -155.39 -54.51 -4.53 1881
1 9.57 15.49 -7.18 126.41 -4.61 12.63 1882
2 12.06 8.73 -7.11 105.49 14.26 16.59 1883
3 15.82 2.62 -8.38 -155.41 -54.43 -4.59 1884
1 9.58 15.49 -7.19 126.28 -4.68 12.57 1885
2 12.06 8.73 -7.11 105.45 14.26 16.59 1886
3 15.82 2.61 -8.39 -155.37 -54.34 -4.68 1887
1 9.59 15.49 -7.19 126.23 -4.7 12.55 1888
2 12.06 8.71 -7.12 105.42 14.22 16.55 1889
3 15.82 2.61 -8.39 -155.32 -54.29 -4.77 1890
1 9.6 15.49 -7.19 126.19 -4.77 12.44 1891
2 12.07 8.71 -7.12 105.38 14.19 16.52 1892
3 15.82 2.61 -8.4 -155.19 -54.21 -4.88 1893
1 9.61 15.48 -7.18 126.12 -4.86 12.35 1894
2 12.07 8.7 -7.13 105.36 14.13 16.48 1895
3 15.83 2.58 -8.42 -155.1 -54.14 -5.03 1896
1 9.62 15.47 -7.18 126.08 -4.88 12.3 1897
2 12.09 8.67 -7.14 105.34 14.06 16.44 1898
3 15.83 2.58 -8.42 -154.95 -54.12 -5.19 1899
1 9.63 15.46 -7.17 125.99 -4.92 12.28 1900
2 12.1 8.65 -7.14 105.31 14.04 16.46 1901
3 15.86 2.53 -8.44 -154.6 -54.05 -5.49 1902
1 9.65 15.45 -7.17 125.9 -4.94 12.28 1903
2 12.13 8.59 -7.15 105.27 13.95 16.55 1904
3 15.91 2.47 -8.45 -153.9 -53.88 -6.06 1905
1 9.65 15.43 -7.16 125.84 -4.97 12.3 1906
2 12.19 8.48 -7.15 105.21 13.86 16.66 1907
3 15.94 2.43 -8.45 -153.48 -53.81 -6.42 1908
1 9.69 15.4 -7.16 125.68 -5.01 12.33 1909
2 12.23 8.42 -7.15 105.18 13.8 16.72 1910
3 16 2.34 -8.46 -152.42 -53.79 -7.27 1911
1 9.75 15.35 -7.15 125.38 -5.03 12.39 1912
2 12.32 8.31 -7.15 104.99 13.67 16.72 1913
3 16.05 2.24 -8.47 -151.61 -53.79 -8.06 1914
1 9.8 15.3 -7.15 125.13 -5.03 12.44 1915
2 12.41 8.2 -7.15 104.72 13.62 16.74 1916
3 16.07 2.18 -8.49 -151.17 -53.9 -8.5 1917
1 9.94 15.17 -7.16 124.52 -4.97 12.61 1918
2 12.45 8.13 -7.15 104.52 13.62 16.74 1919
3 16.13 2.05 -8.48 -150.4 -53.83 -9.25 1920
1 10.04 15.09 -7.16 124.15 -4.92 12.66 1921
2 12.56 8 -7.15 104.24 13.56 16.81 1922
3 16.15 1.97 -8.49 -149.99 -53.85 -9.69 1923
1 10.23 14.92 -7.16 123.44 -4.86 12.7 1924
2 12.68 7.85 -7.15 103.84 13.43 16.85 1925
3 16.23 1.84 -8.49 -148.75 -53.77 -10.81 1926
1 10.44 14.77 -7.13 122.81 -4.9 12.57 1927
2 12.75 7.77 -7.15 103.65 13.36 16.81 1928
3 16.33 1.71 -8.49 -147.41 -53.61 -12 1929
1 10.53 14.7 -7.12 122.5 -4.92 12.57 1930
2 12.9 7.61 -7.15 103.23 13.27 16.9 1931
3 16.37 1.64 -8.49 -146.67 -53.55 -12.61 1932
1 10.75 14.54 -7.14 121.84 -4.88 12.72 1933
2 13.05 7.42 -7.15 102.72 13.21 16.88 1934
3 16.46 1.46 -8.51 -145.39 -53.48 -13.91 1935
1 10.97 14.37 -7.19 121.27 -4.83 12.99 1936
2 13.13 7.33 -7.16 102.52 13.16 16.94 1937
3 16.53 1.28 -8.53 -143.96 -53.55 -15.36 1938
1 11.09 14.28 -7.2 120.98 -4.81 13.07 1939
2 13.3 7.15 -7.18 102.08 13.16 17.05 1940
3 16.65 1.11 -8.53 -143.2 -53.44 -16.06 1941
1 11.34 14.08 -7.2 120.39 -4.97 13.14 1942
2 13.46 6.95 -7.2 101.76 13.18 17.34 1943
3 16.71 1.04 -8.53 -141.64 -53.35 -17.47 1944
1 11.58 13.89 -7.18 119.77 -5.12 13.29 1945
2 13.55 6.86 -7.2 101.6 13.16 17.51 1946
3 16.83 0.88 -8.51 -140.16 -53.22 -18.68 1947
1 11.71 13.79 -7.17 119.42 -5.16 13.45 1948
2 13.73 6.67 -7.17 101.29 13.1 17.75 1949
3 16.89 0.8 -8.53 -139.33 -53.24 -19.4 1950
1 11.94 13.63 -7.16 118.78 -5.27 13.93 1951
2 13.82 6.57 -7.17 101.16 13.07 17.97 1952
3 17.02 0.62 -8.55 -137.83 -53.2 -20.76 1953
1 12.15 13.45 -7.17 118.12 -5.3 14.57 1954
2 13.99 6.37 -7.19 100.92 13.07 18.5 1955
3 17.16 0.46 -8.55 -136.23 -53.02 -22.02 1956
1 12.26 13.35 -7.19 117.8 -5.27 14.9 1957
2 14.16 6.19 -7.21 100.72 13.1 18.92 1958
3 17.22 0.37 -8.56 -135.48 -53 -22.68 1959
1 12.47 13.19 -7.2 117.29 -5.25 15.42 1960
2 14.24 6.11 -7.21 100.61 13.03 18.98 1961
3 17.32 0.21 -8.55 -134.14 -52.84 -23.73 1962
1 12.66 13.05 -7.18 116.94 -5.43 15.58 1963
2 14.4 5.97 -7.2 100.46 12.92 19.03 1964
3 17.42 0.1 -8.58 -132.76 -52.82 -24.83 1965
1 12.74 12.99 -7.19 116.81 -5.47 15.67 1966
2 14.53 5.85 -7.23 100.42 12.85 19.31 1967
3 17.47 0.05 -8.6 -132.14 -52.78 -25.36 1968
1 12.88 12.89 -7.19 116.59 -5.58 15.82 1969
2 14.58 5.79 -7.23 100.35 12.85 19.42 1970
3 17.56 -0.03 -8.61 -131.29 -52.73 -26.06 1971
1 12.99 12.81 -7.18 116.41 -5.65 15.84 1972
2 14.68 5.7 -7.25 100.33 12.81 19.58 1973
3 17.6 -0.1 -8.66 -130.69 -52.87 -26.78 1974
1 13.03 12.77 -7.18 116.3 -5.69 15.86 1975
2 14.75 5.61 -7.25 100.26 12.81 19.67 1976
3 17.61 -0.13 -8.66 -130.54 -52.89 -26.96 1977
1 13.1 12.7 -7.19 116.13 -5.67 15.86 1978
2 14.77 5.59 -7.25 100.31 12.81 19.73 1979
3 17.64 -0.18 -8.68 -130.3 -53.02 -27.29 1980
1 13.13 12.68 -7.19 116.1 -5.65 15.8 1981
2 14.8 5.57 -7.26 100.42 12.79 19.69 1982
3 17.66 -0.19 -8.68 -130.23 -53.04 -27.33 1983
1 13.15 12.66 -7.19 116.13 -5.67 15.67 1984
2 14.82 5.57 -7.25 100.5 12.74 19.53 1985
3 17.68 -0.2 -8.67 -130.06 -53.04 -27.44 1986
1 13.17 12.66 -7.18 116.17 -5.65 15.49 1987
2 14.83 5.57 -7.25 100.55 12.74 19.49 1988
3 17.7 -0.19 -8.67 -129.95 -53.06 -27.49 1989
1 13.18 12.65 -7.18 116.19 -5.6 15.45 1990
2 14.84 5.58 -7.24 100.57 12.74 19.38 1991
3 17.71 -0.2 -8.67 -129.97 -53.09 -27.51 1992
1 13.18 12.65 -7.18 116.21 -5.58 15.4 1993
2 14.84 5.58 -7.24 100.61 12.74 19.36 1994
3 17.71 -0.18 -8.67 -129.92 -53.11 -27.55 1995
1 13.18 12.65 -7.18 116.21 -5.54 15.4 1996
2 14.84 5.58 -7.24 100.63 12.74 19.36 1997
3 17.71 -0.18 -8.67 -129.9 -53.13 -27.53 1998
1 13.19 12.65 -7.19 116.21 -5.52 15.4 1999
2 14.83 5.59 -7.24 100.66 12.74 19.36 2000
3 17.71 -0.18 -8.67 -129.9 -53.13 -27.51 2001
1 13.18 12.65 -7.19 116.21 -5.49 15.42 2002
2 14.83 5.59 -7.24 100.63 12.77 19.36 2003
3 17.71 -0.18 -8.67 -129.97 -53.15 -27.49 2004
1 13.18 12.65 -7.19 116.24 -5.47 15.38 2005
2 14.83 5.59 -7.24 100.66 12.74 19.36 2006
3 17.7 -0.17 -8.67 -129.97 -53.17 -27.47 2007
1 13.18 12.65 -7.19 116.21 -5.45 15.38 2008
2 14.81 5.61 -7.25 100.7 12.79 19.38 2009
3 17.7 -0.16 -8.66 -130.01 -53.17 -27.44 2010
1 13.17 12.66 -7.19 116.21 -5.38 15.38 2011
2 14.79 5.62 -7.25 100.7 12.85 19.36 2012
3 17.67 -0.12 -8.65 -130.17 -53.24 -27.29 2013
1 13.16 12.69 -7.2 116.19 -5.3 15.34 2014
2 14.72 5.71 -7.25 100.59 13.03 19.27 2015
3 17.59 -0.07 -8.65 -130.65 -53.42 -27.07 2016
1 13.14 12.71 -7.21 116.08 -5.19 15.31 2017
2 14.63 5.8 -7.25 100.31 13.14 19.2 2018
3 17.53 -0.04 -8.66 -130.91 -53.5 -26.96 2019
1 13.12 12.79 -7.23 115.8 -5.01 15.21 2020
2 14.6 5.84 -7.25 100.17 13.16 19.2 2021
3 17.43 0.04 -8.64 -131.51 -53.48 -26.63 2022
1 13.09 12.91 -7.24 115.33 -4.86 15.05 2023
2 14.56 5.91 -7.25 99.91 13.14 19.18 2024
3 17.36 0.14 -8.63 -131.99 -53.37 -26.37 2025
1 13.09 12.99 -7.22 115.11 -4.88 14.9 2026
2 14.53 6 -7.24 99.51 13.07 19.03 2027
3 17.34 0.18 -8.62 -132.3 -53.31 -26.21 2028
1 13.1 13.12 -7.2 114.59 -4.94 14.68 2029
2 14.52 6.06 -7.24 99.32 13.03 19.07 2030
3 17.26 0.25 -8.63 -132.96 -53.28 -26.06 2031
1 13.13 13.25 -7.2 113.97 -4.97 14.63 2032
2 14.46 6.19 -7.25 98.7 13.01 19.07 2033
3 17.16 0.33 -8.65 -133.88 -53.37 -25.84 2034
1 13.14 13.31 -7.19 113.64 -4.97 14.59 2035
2 14.42 6.33 -7.25 98.04 13.01 19.01 2036
3 17.1 0.39 -8.67 -134.41 -53.46 -25.66 2037
1 13.18 13.46 -7.19 112.83 -4.97 14.55 2038
2 14.39 6.4 -7.24 97.78 12.96 18.96 2039
3 16.98 0.51 -8.64 -135.75 -53.42 -24.94 2040
1 13.2 13.56 -7.17 112.46 -5.05 14.48 2041
2 14.34 6.57 -7.22 97.12 12.88 18.81 2042
3 16.86 0.69 -8.66 -136.1 -53.44 -24.76 2043
1 13.22 13.78 -7.15 111.75 -5.14 14.41 2044
2 14.29 6.76 -7.21 96.57 12.81 18.79 2045
3 16.8 0.76 -8.66 -137.02 -53.53 -24.41 2046
1 13.23 13.99 -7.12 111.01 -5.23 14.46 2047
2 14.25 6.85 -7.21 96.22 12.79 18.79 2048
3 16.68 0.91 -8.65 -138.45 -53.5 -23.73 2049
1 13.25 14.09 -7.11 110.63 -5.3 14.46 2050
2 14.19 7.05 -7.19 95.58 12.77 18.72 2051
3 16.56 1.06 -8.65 -139.09 -53.59 -23.47 2052
1 13.28 14.3 -7.09 109.93 -5.34 14.46 2053
2 14.13 7.26 -7.18 94.88 12.72 18.61 2054
3 16.5 1.14 -8.65 -140.52 -53.61 -22.85 2055
1 13.28 14.53 -7.08 109.29 -5.38 14.5 2056
2 14.1 7.37 -7.19 94.61 12.74 18.63 2057
3 16.37 1.33 -8.67 -141.77 -53.79 -22.26 2058
1 13.27 14.65 -7.07 109.03 -5.38 14.5 2059
2 14.02 7.6 -7.19 94.02 12.7 18.59 2060
3 16.3 1.42 -8.66 -142.6 -53.79 -21.77 2061
1 13.24 14.92 -7.03 108.44 -5.52 14.55 2062
2 13.98 7.72 -7.18 93.76 12.68 18.52 2063
3 16.18 1.63 -8.64 -144.07 -53.77 -20.76 2064
1 13.21 15.21 -7.03 107.89 -5.41 14.72 2065
2 13.89 7.99 -7.17 93.41 12.61 18.5 2066
3 16.09 1.83 -8.61 -145.72 -53.66 -19.71 2067
1 13.2 15.33 -7.02 107.58 -5.38 14.79 2068
2 13.8 8.23 -7.14 92.9 12.48 18.28 2069
3 16.03 1.92 -8.62 -146.6 -53.66 -19.16 2070
1 13.17 15.57 -6.98 107.01 -5.45 14.92 2071
2 13.75 8.34 -7.13 92.68 12.44 18.24 2072
3 15.9 2.11 -8.63 -148.18 -53.75 -18.19 2073
1 13.1 15.78 -6.99 106.57 -5.43 15.27 2074
2 13.65 8.58 -7.13 92.44 12.39 18.24 2075
3 15.81 2.32 -8.61 -149.81 -53.57 -17.12 2076
1 13.06 15.88 -6.98 106.35 -5.38 15.4 2077
2 13.52 8.83 -7.15 92.31 12.35 18.28 2078
3 15.74 2.43 -8.62 -150.53 -53.59 -16.63 2079
1 12.95 16.14 -6.96 106.22 -5.45 15.56 2080
2 13.46 8.96 -7.13 92.24 12.22 18.19 2081
3 15.61 2.63 -8.62 -152.16 -53.42 -15.4 2082
1 12.85 16.4 -6.91 106.13 -5.69 15.53 2083
2 13.36 9.22 -7.11 92.04 11.98 17.93 2084
3 15.52 2.85 -8.64 -153.65 -53.31 -14.33 2085
1 12.79 16.52 -6.92 106.06 -5.69 15.62 2086
2 13.23 9.46 -7.13 91.98 11.95 17.89 2087
3 15.47 2.94 -8.67 -154.45 -53.31 -13.82 2088
1 12.69 16.74 -6.92 105.95 -5.73 15.71 2089
2 13.17 9.57 -7.14 91.93 11.84 17.8 2090
3 15.36 3.13 -8.69 -156.01 -53.13 -12.83 2091
1 12.64 16.84 -6.91 105.86 -5.78 15.71 2092
2 13.04 9.81 -7.15 91.98 11.62 17.62 2093
3 15.25 3.31 -8.73 -156.75 -53.13 -12.35 2094
1 12.51 17.05 -6.91 105.84 -5.65 15.78 2095
2 12.91 10.03 -7.14 92.02 11.27 17.34 2096
3 15.2 3.41 -8.74 -158.31 -52.91 -11.27 2097
1 12.37 17.24 -6.89 105.8 -5.58 15.84 2098
2 12.85 10.14 -7.13 92.02 11.1 17.18 2099
3 15.11 3.6 -8.75 -159.79 -52.56 -10.28 2100
1 12.27 17.36 -6.89 105.93 -5.56 15.95 2101
2 12.72 10.37 -7.12 92.22 10.79 16.98 2102
3 15.07 3.7 -8.76 -160.42 -52.38 -9.89 2103
1 12.1 17.57 -6.86 106.11 -5.62 16 2104
2 12.57 10.59 -7.13 92.5 10.48 16.9 2105
3 15 3.89 -8.78 -161.81 -52.01 -8.94 2106
1 11.97 17.78 -6.8 106.28 -5.87 15.8 2107
2 12.5 10.69 -7.14 92.64 10.35 16.85 2108
3 14.91 4.05 -8.82 -163.21 -51.79 -7.98 2109
1 11.89 17.89 -6.79 106.37 -5.98 15.73 2110
2 12.36 10.86 -7.15 92.88 10.06 16.63 2111
3 14.81 4.18 -8.86 -163.92 -51.64 -7.47 2112
1 11.75 18.04 -6.75 106.52 -6.17 15.49 2113
2 12.23 11.02 -7.16 93.12 9.78 16.35 2114
3 14.77 4.26 -8.88 -165.15 -51.46 -6.57 2115
1 11.58 18.19 -6.74 106.79 -6.2 15.31 2116
2 12.17 11.1 -7.17 93.3 9.65 16.19 2117
3 14.71 4.41 -8.9 -166.2 -51 -5.87 2118
1 11.48 18.25 -6.73 106.96 -6.24 15.23 2119
2 12.04 11.26 -7.16 93.69 9.29 15.86 2120
3 14.67 4.48 -8.92 -166.62 -50.82 -5.56 2121
1 11.28 18.4 -6.71 107.4 -6.28 15.1 2122
2 11.98 11.33 -7.16 93.91 9.18 15.75 2123
3 14.61 4.63 -8.95 -167.34 -50.52 -4.97 2124
1 11.07 18.55 -6.72 107.84 -6.33 15.05 2125
2 11.84 11.47 -7.18 94.37 8.94 15.62 2126
3 14.55 4.74 -8.97 -168.22 -50.16 -4.15 2127
1 10.98 18.62 -6.72 108.08 -6.35 14.99 2128
2 11.72 11.58 -7.2 94.81 8.72 15.42 2129
3 14.52 4.78 -9 -168.75 -50.03 -3.65 2130
1 10.81 18.73 -6.71 108.52 -6.57 14.77 2131
2 11.65 11.63 -7.2 95.01 8.61 15.36 2132
3 14.48 4.85 -9.04 -169.76 -49.75 -2.75 2133
1 10.65 18.82 -6.7 108.96 -6.75 14.48 2134
2 11.53 11.72 -7.22 95.47 8.44 15.12 2135
3 14.43 4.93 -9.07 -170.35 -49.55 -2.11 2136
1 10.56 18.86 -6.7 109.2 -6.77 14.41 2137
2 11.38 11.83 -7.24 96.13 8.2 14.88 2138
3 14.41 4.97 -9.08 -170.55 -49.37 -1.87 2139
1 10.37 18.94 -6.67 109.71 -6.99 14.11 2140
2 11.31 11.87 -7.24 96.44 8.06 14.74 2141
3 14.38 5.06 -9.1 -170.95 -49.04 -1.32 2142
1 10.15 19.01 -6.66 110.37 -7.1 13.86 2143
2 11.18 11.95 -7.25 97.08 7.87 14.57 2144
3 14.35 5.14 -9.12 -171.39 -48.78 -0.77 2145
1 10.02 19.05 -6.66 110.74 -7.16 13.8 2146
2 11.06 12.01 -7.28 97.76 7.78 14.52 2147
3 14.33 5.18 -9.13 -171.47 -48.65 -0.57 2148
1 9.77 19.1 -6.68 111.58 -7.19 13.67 2149
2 11 12.03 -7.29 98.09 7.76 14.44 2150
3 14.3 5.21 -9.16 -171.87 -48.54 -0.11 2151
1 9.65 19.12 -6.69 111.99 -7.21 13.56 2152
2 10.85 12.07 -7.32 98.92 7.69 14.26 2153
3 14.3 5.23 -9.16 -172.05 -48.43 0.13 2154
1 9.38 19.13 -6.69 112.94 -7.29 13.18 2155
2 10.68 12.1 -7.37 99.98 7.67 14.13 2156
3 14.27 5.26 -9.18 -172.24 -48.25 0.53 2157
1 9.08 19.15 -6.68 114.15 -7.47 12.81 2158
2 10.59 12.1 -7.38 100.52 7.6 14.08 2159
3 14.26 5.3 -9.18 -172.33 -48.05 0.9 2160
1 8.93 19.13 -6.67 114.72 -7.58 12.63 2161
2 10.44 12.1 -7.36 101.51 7.34 13.84 2162
3 14.25 5.31 -9.19 -172.38 -47.92 1.12 2163
1 8.64 19.11 -6.65 115.88 -7.76 12.41 2164
2 10.31 12.08 -7.37 102.52 7.25 13.86 2165
3 14.24 5.33 -9.23 -172.51 -47.79 1.69 2166
1 8.33 19.04 -6.67 117.07 -7.8 12.3 2167
2 10.23 12.06 -7.39 103.05 7.25 13.91 2168
3 14.22 5.33 -9.25 -172.71 -47.57 2.37 2169
1 8.2 19 -6.68 117.62 -7.82 12.24 2170
2 10.09 12.01 -7.41 104.08 7.21 13.91 2171
3 14.21 5.33 -9.27 -172.73 -47.46 2.68 2172
1 7.92 18.91 -6.74 118.78 -7.69 12.17 2173
2 9.97 11.94 -7.4 104.96 7.03 13.75 2174
3 14.19 5.31 -9.29 -172.77 -47.22 3.38 2175
1 7.66 18.79 -6.77 119.84 -7.67 12.04 2176
2 9.92 11.91 -7.41 105.38 6.99 13.69 2177
3 14.18 5.29 -9.33 -172.71 -47.02 3.96 2178
1 7.54 18.74 -6.77 120.45 -7.69 11.89 2179
2 9.8 11.84 -7.44 106.35 6.99 13.65 2180
3 14.17 5.28 -9.33 -172.53 -46.96 4.17 2181
1 7.31 18.61 -6.76 121.55 -7.82 11.62 2182
2 9.75 11.79 -7.44 106.79 6.99 13.65 2183
3 14.18 5.25 -9.34 -172.16 -46.69 4.42 2184
1 7.08 18.44 -6.78 122.61 -7.87 11.54 2185
2 9.64 11.67 -7.48 107.73 7.05 13.78 2186
3 14.17 5.19 -9.37 -171.8 -46.69 4.72 2187
1 6.98 18.34 -6.8 123.07 -7.8 11.58 2188
2 9.56 11.53 -7.49 108.54 7.14 13.84 2189
3 14.18 5.15 -9.37 -171.58 -46.67 4.86 2190
1 6.82 18.14 -6.83 124.01 -7.69 11.47 2191
2 9.52 11.45 -7.5 108.96 7.19 13.82 2192
3 14.2 5.05 -9.38 -170.97 -46.67 5.01 2193
1 6.63 17.93 -6.83 125.18 -7.67 11.14 2194
2 9.45 11.29 -7.51 109.82 7.23 13.78 2195
3 14.21 4.94 -9.38 -170.11 -46.67 5.01 2196
1 6.54 17.82 -6.82 125.75 -7.78 10.99 2197
2 9.4 11.12 -7.49 110.61 7.23 13.6 2198
3 14.22 4.88 -9.37 -169.58 -46.69 4.99 2199
1 6.37 17.6 -6.83 126.91 -7.71 10.79 2200
2 9.36 11.03 -7.49 111.12 7.21 13.6 2201
3 14.27 4.75 -9.36 -168.64 -46.69 4.81 2202
1 6.24 17.34 -6.85 127.77 -7.56 10.81 2203
2 9.32 10.83 -7.49 111.97 7.21 13.6 2204
3 14.32 4.6 -9.36 -167.76 -46.76 4.7 2205
1 6.18 17.2 -6.86 128.21 -7.49 10.79 2206
2 9.29 10.6 -7.49 112.76 7.27 13.67 2207
3 14.33 4.51 -9.36 -167.32 -46.85 4.66 2208
1 6.06 16.91 -6.86 129.02 -7.43 10.83 2209
2 9.28 10.46 -7.49 113.14 7.34 13.73 2210
3 14.39 4.33 -9.35 -166.35 -46.87 4.55 2211
1 6.02 16.76 -6.88 129.4 -7.32 10.94 2212
2 9.25 10.2 -7.49 113.97 7.47 13.86 2213
3 14.41 4.26 -9.34 -165.63 -46.91 4.39 2214
1 5.89 16.45 -6.9 130.3 -7.16 11.05 2215
2 9.25 9.94 -7.47 114.83 7.49 13.95 2216
3 14.5 4.09 -9.29 -164.29 -46.8 4.06 2217
1 5.83 16.13 -6.86 131.02 -7.19 10.9 2218
2 9.25 9.81 -7.47 115.16 7.49 13.93 2219
3 14.59 3.9 -9.27 -163.04 -46.8 3.67 2220
1 5.81 15.98 -6.86 131.44 -7.14 10.81 2221
2 9.29 9.54 -7.44 115.84 7.51 13.8 2222
3 14.63 3.79 -9.28 -162.44 -46.98 3.52 2223
1 5.78 15.67 -6.84 132.21 -7.08 10.66 2224
2 9.35 9.26 -7.43 116.43 7.51 13.71 2225
3 14.73 3.58 -9.26 -161.21 -47.13 3.03 2226
1 5.77 15.34 -6.84 132.93 -6.94 10.55 2227
2 9.38 9.11 -7.43 116.74 7.54 13.71 2228
3 14.83 3.37 -9.25 -159.74 -47.33 2.4 2229
1 5.77 15.17 -6.84 133.29 -6.83 10.48 2230
2 9.45 8.82 -7.4 117.29 7.54 13.6 2231
3 14.88 3.25 -9.23 -159.1 -47.33 2.11 2232
1 5.79 14.82 -6.83 133.86 -6.66 10.31 2233
2 9.54 8.53 -7.38 117.77 7.49 13.43 2234
3 15.01 3.06 -9.22 -157.5 -47.37 1.3 2235
1 5.81 14.51 -6.82 134.54 -6.53 10.06 2236
2 9.58 8.39 -7.37 117.97 7.47 13.32 2237
3 15.13 2.84 -9.18 -156.03 -47.42 0.55 2238
1 5.84 14.35 -6.81 134.82 -6.48 9.89 2239
2 9.71 8.11 -7.33 118.3 7.4 12.99 2240
3 15.19 2.74 -9.18 -155.19 -47.5 0.11 2241
1 5.92 14.04 -6.79 135.26 -6.31 9.6 2242
2 9.76 7.96 -7.32 118.45 7.4 12.9 2243
3 15.32 2.53 -9.16 -153.59 -47.61 -0.77 2244
1 6.02 13.72 -6.78 135.64 -6.04 9.51 2245
2 9.9 7.67 -7.29 118.78 7.38 12.83 2246
3 15.46 2.28 -9.13 -152.2 -47.75 -1.56 2247
1 6.08 13.56 -6.78 135.79 -5.93 9.49 2248
2 10.04 7.39 -7.26 119.05 7.43 12.88 2249
3 15.52 2.16 -9.14 -151.46 -47.99 -2 2250
1 6.2 13.27 -6.78 136.08 -5.69 9.47 2251
2 10.12 7.25 -7.25 119.16 7.47 12.88 2252
3 15.66 1.94 -9.11 -149.99 -48.21 -2.79 2253
1 6.35 12.99 -6.76 136.21 -5.56 9.38 2254
2 10.29 6.99 -7.22 119.33 7.58 12.94 2255
3 15.81 1.75 -9.07 -148.36 -48.32 -3.52 2256
1 6.43 12.86 -6.77 136.25 -5.49 9.36 2257
2 10.47 6.75 -7.2 119.38 7.71 12.9 2258
3 15.89 1.64 -9.07 -147.61 -48.38 -3.93 2259
1 6.62 12.63 -6.78 136.27 -5.36 9.25 2260
2 10.57 6.63 -7.2 119.31 7.82 12.83 2261
3 16.06 1.45 -9.05 -146.14 -48.52 -4.79 2262
1 6.82 12.41 -6.81 136.21 -5.12 9.14 2263
2 10.76 6.41 -7.21 119.25 8.06 12.79 2264
3 16.22 1.24 -9.01 -144.84 -48.65 -5.67 2265
1 6.93 12.31 -6.84 136.14 -4.99 9.14 2266
2 10.96 6.2 -7.21 119.03 8.33 12.68 2267
3 16.28 1.14 -9 -144.27 -48.71 -6.06 2268
1 7.15 12.12 -6.88 136.01 -4.75 8.94 2269
2 11.07 6.1 -7.21 118.89 8.48 12.59 2270
3 16.41 0.95 -9 -142.89 -49.06 -7.08 2271
1 7.26 12.03 -6.9 136.01 -4.64 8.85 2272
2 11.28 5.91 -7.22 118.65 8.81 12.57 2273
3 16.56 0.81 -8.94 -142.23 -49.13 -7.49 2274
1 7.49 11.87 -6.94 135.9 -4.46 8.79 2275
2 11.49 5.74 -7.26 118.43 9.14 12.7 2276
3 16.64 0.75 -8.92 -140.73 -49.17 -8.53 2277
1 7.71 11.72 -6.98 135.88 -4.37 8.68 2278
2 11.6 5.66 -7.26 118.3 9.34 12.72 2279
3 16.8 0.61 -8.9 -139.35 -49.48 -9.65 2280
1 7.84 11.66 -7 135.81 -4.35 8.66 2281
2 11.81 5.5 -7.26 118.02 9.69 12.72 2282
3 16.92 0.44 -8.9 -138.82 -49.7 -10.15 2283
1 8.08 11.52 -7.04 135.59 -4.15 8.66 2284
2 12.01 5.35 -7.27 117.71 10.04 12.88 2285
3 17 0.36 -8.89 -137.5 -50.08 -11.29 2286
1 8.32 11.39 -7.08 135.35 -3.93 8.79 2287
2 12.12 5.27 -7.27 117.55 10.2 12.94 2288
3 17.14 0.23 -8.83 -136.12 -50.23 -12.28 2289
1 8.44 11.32 -7.1 135.24 -3.85 8.88 2290
2 12.31 5.13 -7.27 117.22 10.48 13.16 2291
3 17.26 0.1 -8.83 -135.31 -50.43 -12.85 2292
1 8.67 11.21 -7.14 135.02 -3.74 9.05 2293
2 12.52 5.01 -7.26 116.94 10.72 13.29 2294
3 17.32 0.04 -8.82 -134.01 -50.67 -13.8 2295
1 8.93 11.12 -7.14 134.67 -3.67 9.1 2296
2 12.63 4.96 -7.25 116.74 10.83 13.4 2297
3 17.46 -0.07 -8.79 -132.63 -50.82 -14.81 2298
1 9.06 11.07 -7.14 134.45 -3.63 9.18 2299
2 12.82 4.84 -7.25 116.37 11.01 13.71 2300
3 17.53 -0.15 -8.79 -131.99 -51 -15.42 2301
1 9.31 10.98 -7.15 133.97 -3.56 9.47 2302
2 12.93 4.79 -7.24 116.17 11.1 13.82 2303
3 17.66 -0.27 -8.77 -130.87 -51.2 -16.35 2304
1 9.56 10.9 -7.18 133.48 -3.47 9.87 2305
2 13.12 4.68 -7.24 115.73 11.32 14.19 2306
3 17.76 -0.4 -8.76 -129.73 -51.44 -17.51 2307
1 9.68 10.87 -7.19 133.26 -3.43 10.02 2308
2 13.31 4.58 -7.25 115.27 11.54 14.55 2309
3 17.8 -0.44 -8.74 -129.22 -51.48 -17.91 2310
1 9.93 10.81 -7.22 132.8 -3.41 10.2 2311
2 13.4 4.54 -7.25 115.07 11.62 14.72 2312
3 17.9 -0.53 -8.7 -128.39 -51.59 -18.63 2313
1 10.17 10.78 -7.22 132.39 -3.41 10.24 2314
2 13.58 4.48 -7.25 114.61 11.8 14.9 2315
3 18 -0.59 -8.69 -127.44 -51.79 -19.62 2316
1 10.3 10.78 -7.21 132.14 -3.43 10.2 2317
2 13.77 4.43 -7.23 114.06 12 15.03 2318
3 18.05 -0.62 -8.67 -127.07 -51.88 -20 2319
1 10.55 10.76 -7.24 131.59 -3.43 10.42 2320
2 13.86 4.4 -7.24 113.8 12.11 15.25 2321
3 18.15 -0.68 -8.67 -126.19 -52.01 -21.01 2322
1 10.67 10.75 -7.25 131.29 -3.41 10.57 2323
2 14.01 4.35 -7.25 113.23 12.26 15.64 2324
3 18.17 -0.73 -8.66 -125.84 -52.12 -21.51 2325
1 10.9 10.74 -7.26 130.67 -3.41 10.79 2326
2 14.17 4.3 -7.27 112.59 12.41 16.11 2327
3 18.22 -0.78 -8.67 -125 -52.29 -22.61 2328
1 11.12 10.75 -7.29 130.08 -3.38 11.12 2329
2 14.24 4.28 -7.27 112.28 12.52 16.3 2330
3 18.26 -0.85 -8.66 -124.39 -52.49 -23.53 2331
1 11.24 10.76 -7.29 129.75 -3.38 11.25 2332
2 14.38 4.29 -7.26 111.73 12.61 16.61 2333
3 18.3 -0.89 -8.65 -124.1 -52.58 -23.91 2334
1 11.46 10.81 -7.29 129.11 -3.45 11.54 2335
2 14.52 4.31 -7.23 111.14 12.66 16.88 2336
3 18.33 -0.9 -8.65 -123.55 -52.67 -24.72 2337
1 11.67 10.85 -7.26 128.28 -3.54 11.84 2338
2 14.57 4.32 -7.22 110.81 12.68 17.09 2339
3 18.36 -0.92 -8.66 -123.22 -52.8 -25.38 2340
1 11.78 10.89 -7.26 127.86 -3.54 12.04 2341
2 14.68 4.33 -7.21 110.02 12.68 17.62 2342
3 18.39 -0.92 -8.65 -123.11 -52.8 -25.62 2343
1 12 10.96 -7.24 126.94 -3.54 12.5 2344
2 14.78 4.37 -7.19 109.2 12.7 18.11 2345
3 18.41 -0.93 -8.64 -123.02 -52.87 -26.04 2346
1 12.22 11.06 -7.2 125.93 -3.56 12.74 2347
2 14.82 4.4 -7.19 108.81 12.7 18.3 2348
3 18.41 -0.92 -8.65 -122.85 -53 -26.61 2349
1 12.32 11.11 -7.19 125.46 -3.58 12.88 2350
2 14.91 4.48 -7.15 108.06 12.72 18.59 2351
3 18.4 -0.93 -8.64 -122.89 -53.04 -26.76 2352
1 12.49 11.24 -7.15 124.56 -3.69 13.12 2353
2 14.95 4.54 -7.13 107.71 12.68 18.63 2354
3 18.41 -0.91 -8.64 -122.92 -53.17 -27.22 2355
1 12.63 11.4 -7.13 123.82 -3.71 13.51 2356
2 15 4.64 -7.14 107.05 12.77 19.14 2357
3 18.4 -0.86 -8.61 -123.11 -53.37 -27.73 2358
1 12.71 11.47 -7.13 123.38 -3.71 13.73 2359
2 15.05 4.75 -7.11 106.35 12.85 19.45 2360
3 18.4 -0.81 -8.59 -123.22 -53.46 -28.04 2361
1 12.85 11.61 -7.12 122.52 -3.67 14.17 2362
2 15.07 4.81 -7.1 106 12.92 19.6 2363
3 18.35 -0.71 -8.58 -123.62 -53.94 -28.81 2364
1 12.94 11.76 -7.14 121.82 -3.58 14.68 2365
2 15.09 4.94 -7.07 105.42 13.05 19.91 2366
3 18.3 -0.6 -8.51 -124.5 -54.25 -28.87 2367
1 12.99 11.83 -7.14 121.49 -3.52 14.85 2368
2 15.1 5.08 -7.06 105.03 13.16 20.26 2369
3 18.26 -0.55 -8.51 -124.74 -54.51 -29.05 2370
1 13.02 11.99 -7.1 121.09 -3.45 15.07 2371
2 15.09 5.15 -7.04 104.83 13.21 20.35 2372
3 18.22 -0.43 -8.47 -125.27 -54.82 -29 2373
1 13.06 12.16 -7.08 120.7 -3.41 15.27 2374
2 15.09 5.3 -7 104.46 13.36 20.48 2375
3 18.19 -0.3 -8.42 -125.88 -55.13 -28.83 2376
1 13.09 12.25 -7.08 120.56 -3.34 15.49 2377
2 15.08 5.44 -6.97 104.24 13.47 20.72 2378
3 18.17 -0.24 -8.4 -126.12 -55.26 -28.83 2379
1 13.11 12.38 -7.05 120.23 -3.21 15.67 2380
2 15.07 5.51 -6.94 104.06 13.51 20.72 2381
3 18.14 -0.12 -8.38 -126.69 -55.55 -28.78 2382
1 13.11 12.44 -7.05 120.12 -3.12 15.73 2383
2 15.06 5.61 -6.94 103.82 13.65 20.96 2384
3 18.13 -0.07 -8.36 -127.02 -55.68 -28.72 2385
1 13.12 12.52 -7.08 119.95 -2.88 16 2386
2 15.03 5.69 -6.94 103.69 13.73 21.12 2387
3 18.09 -0.01 -8.32 -127.62 -55.88 -28.61 2388
1 13.11 12.59 -7.09 119.88 -2.68 16.08 2389
2 15.03 5.73 -6.93 103.6 13.75 21.07 2390
3 18.06 0.04 -8.29 -127.97 -56.07 -28.52 2391
1 13.1 12.63 -7.09 119.9 -2.57 16.08 2392
2 15.02 5.79 -6.91 103.51 13.8 21.01 2393
3 18.05 0.06 -8.28 -128.1 -56.12 -28.48 2394
1 13.1 12.69 -7.08 119.97 -2.37 16 2395
2 15.01 5.84 -6.89 103.4 13.8 20.83 2396
3 18.04 0.1 -8.27 -128.21 -56.16 -28.41 2397
1 13.1 12.74 -7.08 120.01 -2.29 15.93 2398
2 15.01 5.86 -6.88 103.43 13.8 20.79 2399
3 18.03 0.12 -8.28 -128.23 -56.23 -28.48 2400
1 13.1 12.74 -7.07 120.04 -2.26 15.89 2401
2 15 5.86 -6.87 103.36 13.82 20.72 2402
3 18.03 0.12 -8.28 -128.28 -56.25 -28.48 2403
1 13.1 12.75 -7.07 119.97 -2.22 15.86 2404
2 15 5.86 -6.87 103.34 13.8 20.7 2405
3 18.02 0.12 -8.28 -128.25 -56.25 -28.52 2406
1 13.1 12.75 -7.07 119.99 -2.22 15.93 2407
2 14.99 5.86 -6.87 103.34 13.82 20.74 2408
3 18.02 0.13 -8.27 -128.19 -56.23 -28.54 2409
1 13.1 12.74 -7.07 119.95 -2.2 15.95 2410
2 14.99 5.86 -6.88 103.34 13.8 20.79 2411
3 18.02 0.13 -8.29 -128.1 -56.27 -28.65 2412
1 13.1 12.74 -7.07 119.95 -2.2 15.95 2413
2 14.99 5.86 -6.87 103.34 13.82 20.79 2414
3 18.02 0.12 -8.29 -128.12 -56.25 -28.65 2415
1 13.1 12.74 -7.07 119.95 -2.24 15.95 2416
2 14.99 5.85 -6.88 103.32 13.82 20.76 2417
3 18.02 0.12 -8.28 -128.17 -56.23 -28.63 2418
1 13.1 12.74 -7.07 119.95 -2.22 15.95 2419
2 15 5.85 -6.87 103.29 13.8 20.79 2420
3 18.02 0.12 -8.28 -128.12 -56.18 -28.61 2421
1 13.1 12.74 -7.07 119.93 -2.24 15.95 2422
2 15 5.85 -6.88 103.34 13.8 20.79 2423
3 18.02 0.11 -8.28 -128.12 -56.18 -28.63 2424
1 13.1 12.74 -7.07 119.9 -2.26 15.93 2425
2 15 5.85 -6.87 103.29 13.78 20.76 2426
3 18.02 0.11 -8.28 -128.17 -56.18 -28.63 2427
1 13.1 12.74 -7.07 119.9 -2.26 15.93 2428
2 15.01 5.84 -6.88 103.25 13.78 20.79 2429
3 18.03 0.1 -8.28 -128.21 -56.16 -28.65 2430
1 13.11 12.74 -7.06 119.88 -2.29 15.89 2431
2 15.01 5.84 -6.88 103.23 13.73 20.76 2432
3 18.03 0.11 -8.28 -128.06 -56.14 -28.76 2433
1 13.12 12.74 -7.07 119.88 -2.31 15.84 2434
2 15.03 5.83 -6.88 103.16 13.67 20.7 2435
3 18.03 0.1 -8.29 -127.99 -56.12 -28.85 2436
1 13.12 12.74 -7.06 119.88 -2.31 15.78 2437
2 15.05 5.83 -6.88 103.07 13.62 20.54 2438
3 18.03 0.09 -8.3 -127.99 -56.14 -28.89 2439
1 13.14 12.73 -7.06 119.86 -2.33 15.62 2440
2 15.06 5.83 -6.87 103.01 13.58 20.46 2441
3 18.03 0.1 -8.3 -127.95 -56.12 -28.96 2442
1 13.15 12.73 -7.06 119.84 -2.31 15.51 2443
2 15.07 5.83 -6.88 102.94 13.62 20.37 2444
3 18.03 0.1 -8.3 -127.95 -56.12 -28.94 2445
1 13.17 12.73 -7.08 119.82 -2.24 15.36 2446
2 15.08 5.84 -6.88 102.9 13.62 20.26 2447
3 18.03 0.09 -8.3 -127.92 -56.14 -28.96 2448
1 13.17 12.74 -7.08 119.95 -2.2 15.07 2449
2 15.08 5.84 -6.89 102.88 13.65 20.19 2450
3 18.03 0.1 -8.3 -127.92 -56.12 -28.98 2451
1 13.17 12.76 -7.08 120.04 -2.2 14.85 2452
2 15.07 5.87 -6.88 102.9 13.67 20.02 2453
3 18.03 0.11 -8.29 -127.99 -56.1 -28.92 2454
1 13.15 12.82 -7.08 120.26 -2.2 14.26 2455
2 15.05 5.94 -6.89 102.9 13.75 19.73 2456
3 18.03 0.11 -8.29 -127.99 -56.14 -28.92 2457
1 13.11 12.89 -7.07 120.52 -2.24 13.58 2458
2 15.02 5.98 -6.9 102.88 13.8 19.49 2459
3 18 0.15 -8.31 -128.34 -56.29 -28.65 2460
1 13.08 12.93 -7.06 120.65 -2.24 13.32 2461
2 14.92 6.14 -6.9 102.92 13.86 18.96 2462
3 17.96 0.21 -8.31 -128.87 -56.45 -28.19 2463
1 13 13.01 -7.06 120.96 -2.22 12.94 2464
2 14.8 6.28 -6.89 103.01 13.95 18.54 2465
3 17.81 0.43 -8.27 -131.09 -56.78 -26.17 2466
1 12.9 13.09 -7.05 121.29 -2.13 12.66 2467
2 14.74 6.34 -6.88 103.14 13.97 18.44 2468
3 17.71 0.6 -8.25 -132.47 -56.93 -24.76 2469
1 12.84 13.14 -7.04 121.51 -2.11 12.55 2470
2 14.62 6.49 -6.86 103.49 14.02 18.19 2471
3 17.66 0.67 -8.25 -133.09 -57.04 -24.21 2472
1 12.69 13.26 -7.02 121.95 -2.07 12.33 2473
2 14.56 6.56 -6.84 103.6 14.02 18.04 2474
3 17.59 0.79 -8.25 -134.25 -57.19 -23.09 2475
1 12.48 13.42 -7.03 122.56 -1.98 12.13 2476
2 14.42 6.72 -6.83 103.91 14.06 17.86 2477
3 17.52 0.93 -8.24 -135.51 -57.3 -21.86 2478
1 12.36 13.51 -7.04 122.89 -1.91 12.06 2479
2 14.26 6.87 -6.84 104.17 14.19 17.75 2480
3 17.47 1 -8.22 -136.27 -57.33 -21.14 2481
1 12.12 13.68 -7.05 123.44 -1.85 11.87 2482
2 14.19 6.95 -6.85 104.33 14.26 17.73 2483
3 17.37 1.11 -8.2 -138.19 -57.46 -19.38 2484
1 11.92 13.82 -7.05 123.86 -1.76 11.71 2485
2 14.03 7.1 -6.86 104.63 14.37 17.6 2486
3 17.26 1.27 -8.17 -139.81 -57.46 -17.64 2487
1 11.81 13.89 -7.04 124.06 -1.76 11.65 2488
2 13.87 7.26 -6.82 104.96 14.35 17.31 2489
3 17.22 1.37 -8.16 -140.56 -57.41 -16.83 2490
1 11.6 14.04 -7.03 124.45 -1.76 11.54 2491
2 13.78 7.35 -6.83 105.27 14.35 17.36 2492
3 17.12 1.53 -8.17 -142.05 -57.37 -15.34 2493
1 11.37 14.19 -7.01 124.87 -1.78 11.56 2494
2 13.62 7.5 -6.82 105.6 14.3 17.27 2495
3 17.03 1.67 -8.17 -143.64 -57.37 -13.95 2496
1 11.26 14.26 -7 125.09 -1.85 11.58 2497
2 13.45 7.66 -6.82 106.02 14.33 17.29 2498
3 16.98 1.74 -8.17 -144.43 -57.37 -13.25 2499
1 11.06 14.39 -7.02 125.46 -1.89 11.6 2500
2 13.37 7.72 -6.83 106.22 14.35 17.29 2501
3 16.87 1.84 -8.17 -146.07 -57.35 -11.84 2502
1 10.97 14.45 -7.02 125.64 -1.91 11.56 2503
2 13.22 7.86 -6.83 106.48 14.33 17.16 2504
3 16.78 1.99 -8.19 -146.69 -57.39 -11.32 2505
1 10.79 14.56 -7.01 126.04 -1.96 11.4 2506
2 13.08 8.01 -6.82 106.81 14.19 16.9 2507
3 16.74 2.06 -8.19 -147.81 -57.28 -10.26 2508
1 10.6 14.67 -7 126.47 -2.07 11.25 2509
2 13.01 8.09 -6.79 106.94 14.08 16.68 2510
3 16.67 2.18 -8.2 -149.06 -57.11 -9.1 2511
1 10.51 14.73 -6.99 126.69 -2.11 11.18 2512
2 12.88 8.2 -6.8 107.25 14.06 16.68 2513
3 16.63 2.25 -8.2 -149.5 -57.06 -8.59 2514
1 10.33 14.85 -6.98 127.13 -2.2 11.12 2515
2 12.77 8.3 -6.81 107.45 14 16.7 2516
3 16.57 2.33 -8.19 -150.78 -56.78 -7.43 2517
1 10.2 14.95 -6.95 127.42 -2.31 10.92 2518
2 12.72 8.35 -6.82 107.53 13.97 16.7 2519
3 16.49 2.42 -8.23 -151.5 -56.76 -6.83 2520
1 10.13 14.99 -6.94 127.53 -2.35 10.81 2521
2 12.63 8.43 -6.82 107.69 13.93 16.59 2522
3 16.42 2.48 -8.25 -151.81 -56.8 -6.59 2523
1 10.04 15.06 -6.93 127.68 -2.48 10.68 2524
2 12.56 8.49 -6.83 107.75 13.93 16.52 2525
3 16.39 2.5 -8.26 -152.42 -56.73 -6.17 2526
1 9.96 15.12 -6.95 127.79 -2.57 10.66 2527
2 12.53 8.52 -6.84 107.75 13.97 16.52 2528
3 16.35 2.56 -8.26 -152.67 -56.6 -6.02 2529
1 9.93 15.14 -6.96 127.81 -2.59 10.66 2530
2 12.48 8.57 -6.86 107.75 14 16.52 2531
3 16.33 2.59 -8.25 -152.78 -56.47 -5.95 2532
1 9.87 15.19 -6.98 127.81 -2.66 10.7 2533
2 12.45 8.6 -6.89 107.6 14.08 16.52 2534
3 16.3 2.62 -8.26 -152.95 -56.34 -5.95 2535
1 9.84 15.24 -7.02 127.75 -2.72 10.74 2536
2 12.45 8.61 -6.9 107.49 14.11 16.5 2537
3 16.28 2.62 -8.27 -153.15 -56.21 -5.91 2538
1 9.83 15.25 -7.03 127.71 -2.75 10.72 2539
2 12.43 8.62 -6.93 107.29 14.17 16.46 2540
3 16.26 2.62 -8.28 -153.24 -56.18 -5.93 2541
1 9.82 15.28 -7.07 127.62 -2.75 10.66 2542
2 12.43 8.63 -6.95 107.23 14.19 16.46 2543
3 16.24 2.61 -8.31 -153.28 -56.14 -6.02 2544
1 9.82 15.3 -7.09 127.51 -2.81 10.5 2545
2 12.42 8.62 -6.98 107.01 14.24 16.41 2546
3 16.22 2.6 -8.32 -153.26 -56.12 -6.11 2547
1 9.82 15.3 -7.11 127.46 -2.83 10.44 2548
2 12.42 8.61 -6.98 106.85 14.19 16.28 2549
3 16.22 2.6 -8.32 -153.15 -56.07 -6.24 2550
1 9.84 15.31 -7.11 127.31 -2.94 10.26 2551
2 12.43 8.61 -6.98 106.79 14.17 16.26 2552
3 16.22 2.59 -8.32 -153.06 -55.99 -6.35 2553
1 9.86 15.31 -7.11 127.2 -3.03 10.17 2554
2 12.44 8.6 -6.98 106.7 14.13 16.22 2555
3 16.22 2.59 -8.33 -152.91 -55.94 -6.53 2556
1 9.87 15.3 -7.11 127.13 -3.03 10.17 2557
2 12.44 8.59 -6.99 106.63 14.08 16.19 2558
3 16.22 2.58 -8.33 -152.86 -55.94 -6.61 2559
1 9.89 15.29 -7.11 127.02 -3.08 10.13 2560
2 12.45 8.58 -6.99 106.61 14.08 16.22 2561
3 16.23 2.55 -8.32 -152.58 -55.79 -6.88 2562
1 9.9 15.28 -7.11 126.98 -3.08 10.11 2563
2 12.46 8.55 -6.99 106.52 14.04 16.19 2564
3 16.25 2.49 -8.33 -152.4 -55.81 -7.1 2565
1 9.92 15.27 -7.11 126.83 -3.08 10.11 2566
2 12.51 8.47 -6.98 106.3 13.95 16.08 2567
3 16.28 2.44 -8.33 -151.5 -55.66 -7.93 2568
1 9.95 15.25 -7.11 126.61 -3.1 10.11 2569
2 12.57 8.39 -6.98 106.15 13.86 15.97 2570
3 16.35 2.31 -8.31 -150.18 -55.55 -9.07 2571
1 10.01 15.21 -7.1 126.43 -3.1 10.11 2572
2 12.7 8.21 -6.97 105.73 13.73 15.84 2573
3 16.42 2.18 -8.3 -149.63 -55.55 -9.58 2574
1 10.06 15.18 -7.1 125.93 -3.1 10.11 2575
2 12.82 8.07 -6.97 105.4 13.8 15.91 2576
3 16.45 2.13 -8.3 -148.89 -55.57 -10.22 2577
1 10.17 15.11 -7.09 125.29 -3.1 10.09 2578
2 12.87 8.02 -6.97 105.27 13.78 15.91 2579
3 16.52 2.02 -8.27 -148.14 -55.55 -10.92 2580
1 10.26 15.06 -7.09 124.83 -3.05 10.09 2581
2 12.96 7.91 -6.95 104.99 13.73 15.8 2582
3 16.55 1.96 -8.28 -147.63 -55.63 -11.45 2583
1 10.45 14.92 -7.09 123.93 -2.99 10.11 2584
2 13.01 7.85 -6.94 104.88 13.73 15.78 2585
3 16.61 1.84 -8.28 -146.51 -55.74 -12.46 2586
1 10.68 14.75 -7.07 122.98 -2.97 10.11 2587
2 13.14 7.73 -6.91 104.59 13.65 15.64 2588
3 16.71 1.72 -8.24 -145.37 -55.61 -13.45 2589
1 10.81 14.67 -7.05 122.54 -2.99 10.06 2590
2 13.29 7.59 -6.91 104.28 13.65 15.8 2591
3 16.75 1.67 -8.24 -144.76 -55.63 -13.97 2592
1 11.06 14.52 -7.03 121.84 -3.01 10 2593
2 13.36 7.52 -6.91 104.11 13.71 15.91 2594
3 16.84 1.52 -8.24 -143.81 -55.77 -14.92 2595
1 11.31 14.37 -7.02 121.2 -3.01 9.95 2596
2 13.52 7.37 -6.92 103.71 13.8 16.11 2597
3 16.94 1.38 -8.24 -142.76 -55.9 -15.89 2598
1 11.42 14.3 -7.03 120.94 -2.99 9.98 2599
2 13.69 7.22 -6.92 103.29 13.97 16.24 2600
3 16.99 1.31 -8.22 -142.16 -55.94 -16.44 2601
1 11.63 14.16 -7.04 120.41 -2.99 10.02 2602
2 13.77 7.15 -6.92 103.12 14.02 16.3 2603
3 17.08 1.18 -8.21 -140.84 -56.01 -17.58 2604
1 11.83 14.04 -7.06 119.95 -2.99 10.13 2605
2 13.94 7.02 -6.92 102.79 14.11 16.35 2606
3 17.19 1.09 -8.18 -139.46 -55.92 -18.65 2607
1 11.94 13.99 -7.05 119.69 -2.99 10.13 2608
2 14.12 6.9 -6.9 102.39 14.19 16.33 2609
3 17.24 1.02 -8.17 -138.96 -55.9 -19.16 2610
1 12.18 13.87 -7.08 119.16 -2.97 10.28 2611
2 14.2 6.83 -6.92 102.22 14.28 16.48 2612
3 17.35 0.89 -8.2 -137.55 -56.12 -20.5 2613
1 12.3 13.81 -7.11 118.96 -2.94 10.48 2614
2 14.37 6.68 -6.93 101.84 14.57 16.79 2615
3 17.47 0.74 -8.18 -137 -56.23 -21.05 2616
1 12.54 13.67 -7.14 118.45 -2.94 10.72 2617
2 14.52 6.53 -6.96 101.6 14.9 17.29 2618
3 17.52 0.67 -8.19 -135.62 -56.36 -22.3 2619
1 12.76 13.53 -7.18 118.08 -2.86 11.05 2620
2 14.59 6.44 -6.97 101.47 15.01 17.6 2621
3 17.6 0.54 -8.19 -134.06 -56.51 -23.73 2622
1 12.86 13.45 -7.19 117.93 -2.83 11.21 2623
2 14.77 6.31 -6.96 101.23 15.1 17.82 2624
3 17.67 0.49 -8.17 -133.44 -56.54 -24.26 2625
1 13.05 13.33 -7.22 117.66 -2.81 11.58 2626
2 14.93 6.22 -6.96 101.14 15.12 18.13 2627
3 17.79 0.39 -8.16 -132.14 -56.58 -25.25 2628
1 13.21 13.25 -7.22 117.55 -2.86 11.82 2629
2 15.01 6.18 -6.95 101.1 15.14 18.22 2630
3 17.87 0.31 -8.17 -130.98 -56.65 -26.24 2631
1 13.29 13.21 -7.21 117.47 -2.88 11.84 2632
2 15.13 6.09 -6.95 100.99 15.18 18.46 2633
3 17.91 0.28 -8.17 -130.45 -56.69 -26.7 2634
1 13.41 13.15 -7.21 117.42 -2.86 11.98 2635
2 15.22 6.01 -6.94 100.92 15.14 18.63 2636
3 17.98 0.19 -8.19 -129.62 -56.87 -27.62 2637
1 13.53 13.06 -7.22 117.29 -2.75 12.11 2638
2 15.27 5.98 -6.93 100.85 15.14 18.68 2639
3 18.05 0.13 -8.18 -129.05 -56.91 -28.17 2640
1 13.57 13.03 -7.22 117.31 -2.68 12.13 2641
2 15.34 5.94 -6.93 100.96 15.14 18.76 2642
3 18.07 0.11 -8.17 -128.83 -56.95 -28.37 2643
1 13.64 12.99 -7.19 117.42 -2.61 12.11 2644
2 15.37 5.93 -6.92 101.01 15.1 18.81 2645
3 18.12 0.09 -8.13 -128.52 -57 -28.61 2646
1 13.67 12.97 -7.17 117.66 -2.57 12.11 2647
2 15.4 5.92 -6.9 101.25 15.05 18.83 2648
3 18.17 0.08 -8.12 -128.3 -57.06 -28.78 2649
1 13.68 12.96 -7.15 117.75 -2.53 12.17 2650
2 15.42 5.92 -6.86 101.45 14.96 18.85 2651
3 18.19 0.09 -8.11 -128.28 -57.06 -28.78 2652
1 13.68 12.94 -7.14 117.88 -2.46 12.41 2653
2 15.42 5.91 -6.86 101.58 14.99 18.96 2654
3 18.22 0.09 -8.11 -128.12 -57.22 -28.85 2655
1 13.67 12.91 -7.13 118.06 -2.33 12.79 2656
2 15.42 5.9 -6.85 101.87 15.01 19.18 2657
3 18.24 0.09 -8.1 -128.08 -57.33 -28.87 2658
1 13.66 12.89 -7.12 118.1 -2.26 13.01 2659
2 15.41 5.9 -6.84 102.13 15.03 19.34 2660
3 18.25 0.09 -8.09 -128.14 -57.39 -28.76 2661
1 13.63 12.87 -7.12 118.3 -2.18 13.36 2662
2 15.41 5.89 -6.83 102.26 15.07 19.4 2663
3 18.25 0.1 -8.08 -128.12 -57.48 -28.72 2664
1 13.6 12.87 -7.12 118.48 -2.15 13.56 2665
2 15.39 5.9 -6.82 102.5 15.16 19.49 2666
3 18.26 0.11 -8.08 -128.1 -57.61 -28.65 2667
1 13.59 12.88 -7.12 118.54 -2.15 13.6 2668
2 15.39 5.91 -6.83 102.63 15.23 19.53 2669
3 18.26 0.11 -8.08 -128.08 -57.63 -28.63 2670
1 13.58 12.88 -7.13 118.61 -2.18 13.65 2671
2 15.39 5.92 -6.83 102.7 15.27 19.56 2672
3 18.27 0.12 -8.07 -128.1 -57.72 -28.54 2673
1 13.57 12.89 -7.13 118.65 -2.18 13.67 2674
2 15.39 5.92 -6.83 102.74 15.31 19.56 2675
3 18.28 0.13 -8.07 -128.08 -57.74 -28.52 2676
1 13.57 12.89 -7.13 118.67 -2.18 13.69 2677
2 15.39 5.93 -6.83 102.77 15.34 19.58 2678
3 18.28 0.13 -8.07 -128.17 -57.81 -28.45 2679
1 13.57 12.89 -7.13 118.67 -2.18 13.69 2680
2 15.39 5.93 -6.83 102.77 15.36 19.56 2681
3 18.28 0.14 -8.07 -128.17 -57.88 -28.43 2682
1 13.57 12.89 -7.13 118.65 -2.15 13.71 2683
2 15.39 5.93 -6.83 102.79 15.38 19.58 2684
3 18.29 0.14 -8.06 -128.23 -57.88 -28.34 2685
1 13.57 12.89 -7.13 118.67 -2.15 13.73 2686
2 15.39 5.93 -6.83 102.79 15.38 19.58 2687
3 18.28 0.14 -8.06 -128.3 -57.92 -28.3 2688
1 13.57 12.89 -7.13 118.67 -2.15 13.75 2689
2 15.39 5.93 -6.83 102.81 15.42 19.6 2690
3 18.29 0.14 -8.06 -128.3 -57.96 -28.26 2691
1 13.57 12.89 -7.13 118.67 -2.15 13.75 2692
2 15.39 5.93 -6.83 102.81 15.42 19.6 2693
3 18.29 0.14 -8.06 -128.3 -57.96 -28.23 2694
1 13.57 12.89 -7.13 118.7 -2.18 13.78 2695
2 15.39 5.93 -6.83 102.85 15.42 19.62 2696
3 18.3 0.14 -8.06 -128.3 -57.94 -28.19 2697
1 13.57 12.88 -7.14 118.7 -2.18 13.8 2698
2 15.39 5.92 -6.83 102.85 15.45 19.64 2699
3 18.31 0.12 -8.06 -128.3 -57.99 -28.19 2700
1 13.57 12.88 -7.14 118.67 -2.18 13.86 2701
2 15.39 5.89 -6.84 102.94 15.47 19.69 2702
3 18.31 0.12 -8.06 -128.19 -58.01 -28.26 2703
1 13.55 12.85 -7.15 118.76 -2.22 13.93 2704
2 15.4 5.87 -6.85 103.1 15.47 19.75 2705
3 18.35 0.09 -8.05 -128.1 -57.96 -28.17 2706
1 13.53 12.79 -7.14 119.05 -2.33 14.04 2707
2 15.42 5.76 -6.86 103.62 15.51 19.8 2708
3 18.41 0.03 -8.06 -127.55 -57.92 -28.32 2709
1 13.5 12.72 -7.15 119.31 -2.35 14.13 2710
2 15.45 5.62 -6.91 104.26 15.56 19.89 2711
3 18.45 -0.03 -8.09 -127.16 -57.94 -28.54 2712
1 13.44 12.52 -7.23 119.93 -2.35 14.48 2713
2 15.46 5.55 -6.93 104.44 15.58 19.91 2714
3 18.52 -0.15 -8.14 -126.06 -57.9 -29.14 2715
1 13.37 12.35 -7.26 120.52 -2.29 14.5 2716
2 15.47 5.43 -6.96 104.83 15.56 19.93 2717
3 18.58 -0.23 -8.15 -125.22 -57.77 -29.33 2718
1 13.33 12.29 -7.26 120.85 -2.26 14.46 2719
2 15.46 5.33 -6.97 105.4 15.49 19.82 2720
3 18.61 -0.27 -8.15 -124.85 -57.7 -29.42 2721
1 13.25 12.16 -7.27 121.49 -2.26 14.37 2722
2 15.46 5.28 -6.97 105.75 15.42 19.64 2723
3 18.67 -0.3 -8.17 -123.95 -57.41 -29.64 2724
1 13.13 12.03 -7.29 122.34 -2.24 14.3 2725
2 15.43 5.17 -6.99 106.57 15.27 19.51 2726
3 18.71 -0.36 -8.2 -123.13 -57.28 -29.88 2727
1 13.06 11.95 -7.29 122.83 -2.24 14.24 2728
2 15.39 5.06 -7.01 107.36 15.14 19.36 2729
3 18.73 -0.39 -8.21 -122.85 -57.17 -29.82 2730
1 12.93 11.79 -7.3 123.57 -2.09 14.08 2731
2 15.38 5.01 -7.02 107.67 15.07 19.23 2732
3 18.76 -0.45 -8.24 -122.17 -57 -29.97 2733
1 12.86 11.71 -7.31 123.99 -2.04 14.02 2734
2 15.31 4.89 -7.04 108.41 14.94 19.05 2735
3 18.78 -0.51 -8.25 -122.12 -56.89 -29.82 2736
1 12.7 11.56 -7.31 124.83 -1.98 13.8 2737
2 15.24 4.77 -7.07 109.2 14.81 18.9 2738
3 18.8 -0.57 -8.27 -121.73 -56.73 -29.71 2739
1 12.5 11.44 -7.33 125.84 -1.89 13.6 2740
2 15.19 4.73 -7.08 109.64 14.72 18.76 2741
3 18.8 -0.6 -8.3 -121.42 -56.58 -29.38 2742
1 12.41 11.39 -7.33 126.28 -1.87 13.43 2743
2 15.1 4.68 -7.08 110.48 14.59 18.3 2744
3 18.81 -0.61 -8.29 -121.49 -56.45 -28.96 2745
1 12.21 11.29 -7.36 127.27 -1.76 13.1 2746
2 14.99 4.65 -7.11 111.34 14.48 18 2747
3 18.81 -0.6 -8.29 -121.42 -56.21 -28.37 2748
1 12.01 11.21 -7.38 128.19 -1.67 12.7 2749
2 14.93 4.63 -7.13 111.73 14.44 17.8 2750
3 18.8 -0.61 -8.31 -121.51 -56.05 -27.84 2751
1 11.89 11.16 -7.4 128.63 -1.63 12.52 2752
2 14.8 4.58 -7.19 112.43 14.39 17.64 2753
3 18.77 -0.61 -8.34 -121.46 -56.01 -27.66 2754
1 11.65 11.07 -7.44 129.48 -1.45 12.35 2755
2 14.65 4.57 -7.21 113.18 14.3 17.36 2756
3 18.72 -0.6 -8.38 -121.51 -55.92 -27.27 2757
1 11.42 11.01 -7.47 130.39 -1.27 12.06 2758
2 14.57 4.57 -7.21 113.55 14.28 17.16 2759
3 18.65 -0.58 -8.4 -121.88 -55.77 -26.43 2760
1 11.29 11 -7.48 130.89 -1.21 11.89 2761
2 14.4 4.59 -7.22 114.37 14.17 16.85 2762
3 18.6 -0.54 -8.42 -122.06 -55.7 -25.97 2763
1 11.03 10.97 -7.47 131.88 -1.12 11.45 2764
2 14.31 4.61 -7.21 114.7 14.11 16.63 2765
3 18.51 -0.46 -8.44 -122.76 -55.46 -24.74 2766
1 10.78 10.96 -7.48 132.85 -1.08 11.03 2767
2 14.15 4.65 -7.21 115.31 13.95 16.13 2768
3 18.4 -0.4 -8.46 -123.75 -55.33 -23.55 2769
1 10.65 10.96 -7.48 133.37 -1.03 10.83 2770
2 13.98 4.69 -7.2 115.84 13.91 15.73 2771
3 18.35 -0.36 -8.45 -124.28 -55.26 -22.92 2772
1 10.4 10.94 -7.47 134.3 -0.92 10.33 2773
2 13.89 4.72 -7.21 116.17 13.93 15.6 2774
3 18.22 -0.29 -8.46 -125.22 -55.28 -21.88 2775
1 10.15 10.93 -7.46 135.18 -0.86 9.98 2776
2 13.71 4.76 -7.21 116.65 13.93 15.31 2777
3 18.1 -0.2 -8.45 -126.25 -55.24 -20.7 2778
1 10.02 10.94 -7.45 135.64 -0.83 9.78 2779
2 13.52 4.84 -7.19 117.22 13.91 15.07 2780
3 18.04 -0.15 -8.44 -126.76 -55.17 -20.1 2781
1 9.76 10.98 -7.43 136.56 -0.81 9.49 2782
2 13.42 4.88 -7.2 117.6 13.86 15.1 2783
3 17.93 -0.02 -8.46 -127.55 -55.15 -19.09 2784
1 9.51 11.02 -7.39 137.26 -0.79 9.4 2785
2 13.23 4.98 -7.18 118.12 13.71 15.01 2786
3 17.81 0.08 -8.47 -128.89 -55.11 -17.73 2787
1 9.39 11.04 -7.38 137.55 -0.77 9.38 2788
2 13.03 5.08 -7.17 118.63 13.6 15.05 2789
3 17.74 0.15 -8.46 -129.53 -55.06 -17.01 2790
1 9.16 11.11 -7.36 137.94 -0.79 9.47 2791
2 12.92 5.12 -7.17 118.81 13.51 15.14 2792
3 17.59 0.25 -8.5 -130.8 -55.11 -15.78 2793
1 9.05 11.14 -7.33 138.05 -0.83 9.51 2794
2 12.73 5.22 -7.14 119.14 13.38 15.21 2795
3 17.52 0.3 -8.51 -131.48 -55.15 -15.1 2796
1 8.83 11.23 -7.28 138.19 -0.92 9.65 2797
2 12.54 5.34 -7.11 119.44 13.21 15.27 2798
3 17.39 0.45 -8.47 -132.78 -54.93 -13.71 2799
1 8.62 11.34 -7.24 138.25 -1.03 9.82 2800
2 12.45 5.41 -7.1 119.55 13.1 15.25 2801
3 17.27 0.58 -8.49 -134.12 -54.76 -12.57 2802
1 8.52 11.41 -7.22 138.32 -1.08 9.87 2803
2 12.28 5.55 -7.08 119.75 12.92 15.25 2804
3 17.14 0.71 -8.49 -134.71 -54.67 -12.11 2805
1 8.34 11.54 -7.18 138.36 -1.12 9.87 2806
2 12.11 5.7 -7.05 119.77 12.72 15.14 2807
3 17.08 0.77 -8.49 -136.25 -54.45 -10.92 2808
1 8.17 11.69 -7.14 138.36 -1.16 9.8 2809
2 12.03 5.78 -7.05 119.77 12.66 15.1 2810
3 16.93 0.91 -8.51 -137.42 -54.38 -10.2 2811
1 8.08 11.77 -7.13 138.38 -1.21 9.76 2812
2 11.87 5.94 -7.04 119.77 12.52 15.01 2813
3 16.79 1.05 -8.53 -138.1 -54.34 -9.8 2814
1 7.92 11.93 -7.11 138.38 -1.27 9.69 2815
2 11.7 6.1 -7.03 119.71 12.35 14.88 2816
3 16.71 1.12 -8.54 -139.31 -54.29 -9.05 2817
1 7.76 12.11 -7.07 138.38 -1.43 9.56 2818
2 11.62 6.19 -7.02 119.66 12.26 14.81 2819
3 16.59 1.28 -8.53 -140.67 -54.05 -8.09 2820
1 7.68 12.2 -7.04 138.34 -1.52 9.45 2821
2 11.47 6.37 -7 119.58 12.11 14.72 2822
3 16.53 1.36 -8.54 -141.28 -53.9 -7.67 2823
1 7.54 12.4 -7.01 138.23 -1.65 9.36 2824
2 11.39 6.46 -7.01 119.53 12.02 14.81 2825
3 16.4 1.51 -8.58 -142.56 -53.81 -6.9 2826
1 7.4 12.59 -7 138.05 -1.74 9.4 2827
2 11.24 6.64 -7 119.36 11.87 14.79 2828
3 16.28 1.65 -8.58 -144.07 -53.57 -5.91 2829
1 7.33 12.68 -7 137.94 -1.8 9.4 2830
2 11.09 6.82 -7 119.14 11.71 14.77 2831
3 16.22 1.72 -8.59 -144.78 -53.5 -5.45 2832
1 7.2 12.89 -6.98 137.77 -1.91 9.38 2833
2 11.02 6.91 -7.01 119.05 11.67 14.81 2834
3 16.06 1.88 -8.6 -145.96 -53.28 -4.72 2835
1 7.08 13.1 -6.97 137.55 -2.07 9.34 2836
2 10.89 7.1 -7.01 118.81 11.49 14.72 2837
3 15.93 2.05 -8.64 -147.17 -53.04 -3.93 2838
1 7.01 13.21 -6.97 137.44 -2.15 9.29 2839
2 10.75 7.31 -7 118.52 11.29 14.59 2840
3 15.87 2.13 -8.64 -147.88 -52.91 -3.49 2841
1 6.91 13.44 -6.91 137.22 -2.46 8.9 2842
2 10.69 7.42 -7 118.37 11.21 14.52 2843
3 15.75 2.3 -8.65 -149.13 -52.58 -2.83 2844
1 6.86 13.56 -6.89 137.09 -2.64 8.77 2845
2 10.56 7.62 -7.02 118.1 11.1 14.46 2846
3 15.62 2.47 -8.71 -149.63 -52.56 -2.64 2847
1 6.75 13.79 -6.9 136.85 -2.77 8.88 2848
2 10.45 7.83 -7.03 117.75 10.92 14.39 2849
3 15.55 2.54 -8.71 -150.95 -52.36 -2 2850
1 6.66 14 -6.9 136.49 -2.86 9.01 2851
2 10.39 7.93 -7.04 117.6 10.85 14.39 2852
3 15.42 2.69 -8.75 -152.31 -52.19 -1.27 2853
1 6.61 14.12 -6.9 136.34 -2.92 9.05 2854
2 10.27 8.13 -7.04 117.31 10.7 14.48 2855
3 15.37 2.76 -8.75 -153.04 -52.01 -0.88 2856
1 6.53 14.35 -6.87 135.99 -3.16 9.01 2857
2 10.17 8.35 -7.04 116.96 10.52 14.46 2858
3 15.26 2.93 -8.76 -154.16 -51.68 -0.31 2859
1 6.46 14.59 -6.85 135.64 -3.41 9.03 2860
2 10.12 8.45 -7.04 116.81 10.39 14.48 2861
3 15.15 3.1 -8.78 -155.3 -51.46 0.2 2862
1 6.43 14.71 -6.84 135.46 -3.49 9.05 2863
2 10.04 8.66 -7.05 116.41 10.24 14.5 2864
3 15.11 3.17 -8.79 -155.98 -51.37 0.53 2865
1 6.38 14.95 -6.83 135.04 -3.67 9.12 2866
2 9.95 8.87 -7.06 116.06 10.11 14.57 2867
3 15.02 3.33 -8.84 -157.19 -51.22 1.1 2868
1 6.33 15.18 -6.83 134.63 -3.8 9.34 2869
2 9.92 8.97 -7.07 115.86 10.06 14.63 2870
3 14.92 3.46 -8.86 -158.55 -50.95 1.78 2871
1 6.32 15.29 -6.83 134.34 -3.85 9.51 2872
2 9.84 9.17 -7.08 115.53 9.95 14.83 2873
3 14.88 3.53 -8.88 -159.13 -50.91 2.04 2874
1 6.28 15.52 -6.85 133.84 -3.93 9.87 2875
2 9.8 9.27 -7.08 115.36 9.87 14.94 2876
3 14.78 3.68 -8.89 -160.16 -50.69 2.57 2877
1 6.26 15.75 -6.82 133.26 -4.2 10.11 2878
2 9.75 9.48 -7.09 114.94 9.71 15.05 2879
3 14.72 3.84 -8.9 -161.21 -50.38 3.05 2880
1 6.25 15.87 -6.82 133.02 -4.33 10.22 2881
2 9.7 9.69 -7.1 114.59 9.62 15.14 2882
3 14.68 3.92 -8.92 -161.67 -50.3 3.23 2883
1 6.27 16.11 -6.81 132.52 -4.46 10.46 2884
2 9.68 9.78 -7.1 114.35 9.58 15.18 2885
3 14.62 4.06 -8.93 -162.86 -50.08 3.71 2886
1 6.3 16.34 -6.82 131.88 -4.55 10.66 2887
2 9.66 9.98 -7.11 113.84 9.51 15.25 2888
3 14.56 4.18 -8.95 -163.98 -49.99 4.22 2889
1 6.31 16.45 -6.82 131.57 -4.61 10.72 2890
2 9.64 10.17 -7.12 113.31 9.47 15.34 2891
3 14.52 4.25 -8.96 -164.42 -49.97 4.39 2892
1 6.36 16.69 -6.83 130.87 -4.75 10.83 2893
2 9.64 10.27 -7.14 113.07 9.43 15.4 2894
3 14.47 4.39 -8.98 -165.39 -49.88 4.77 2895
1 6.41 16.93 -6.82 130.32 -4.83 10.83 2896
2 9.64 10.46 -7.14 112.48 9.36 15.34 2897
3 14.42 4.53 -8.98 -166.27 -49.64 5.08 2898
1 6.46 17.05 -6.8 129.88 -4.97 10.79 2899
2 9.65 10.67 -7.14 111.88 9.21 15.23 2900
3 14.41 4.59 -8.98 -166.79 -49.48 5.25 2901
1 6.56 17.28 -6.8 129.02 -5.08 10.99 2902
2 9.66 10.76 -7.15 111.6 9.14 15.23 2903
3 14.37 4.72 -9.01 -167.67 -49.44 5.49 2904
1 6.6 17.38 -6.82 128.58 -5.05 11.14 2905
2 9.69 10.94 -7.15 110.94 9.07 15.29 2906
3 14.37 4.77 -9 -168.24 -49.28 5.65 2907
1 6.71 17.59 -6.82 127.77 -5.1 11.27 2908
2 9.71 11.1 -7.19 110.3 9.16 15.42 2909
3 14.32 4.86 -9.03 -169.26 -49.28 5.91 2910
1 6.79 17.8 -6.82 127.13 -5.14 11.21 2911
2 9.72 11.18 -7.19 109.95 9.14 15.42 2912
3 14.3 4.97 -9.04 -170.05 -49.09 6.04 2913
1 6.86 17.9 -6.81 126.74 -5.21 11.12 2914
2 9.77 11.36 -7.19 109.23 8.96 15.31 2915
3 14.3 5.03 -9.04 -170.35 -48.93 6.02 2916
1 6.99 18.11 -6.81 125.99 -5.27 11.1 2917
2 9.82 11.52 -7.21 108.65 8.92 15.34 2918
3 14.29 5.14 -9.04 -170.9 -48.82 5.98 2919
1 7.11 18.29 -6.81 125.22 -5.36 11.27 2920
2 9.84 11.59 -7.21 108.35 8.9 15.34 2921
3 14.27 5.23 -9.05 -171.54 -48.76 6.04 2922
1 7.18 18.39 -6.82 124.8 -5.38 11.36 2923
2 9.89 11.73 -7.22 107.69 8.85 15.45 2924
3 14.27 5.26 -9.06 -171.89 -48.78 6.11 2925
1 7.3 18.54 -6.85 124.08 -5.3 11.78 2926
2 9.98 11.84 -7.22 106.9 8.75 15.45 2927
3 14.26 5.31 -9.07 -172.49 -48.78 6.06 2928
1 7.48 18.65 -6.86 123.16 -5.19 12 2929
2 10.01 11.9 -7.22 106.59 8.68 15.42 2930
3 14.25 5.35 -9.09 -172.99 -48.78 6.04 2931
1 7.55 18.72 -6.86 122.83 -5.12 11.95 2932
2 10.07 12 -7.22 105.91 8.61 15.27 2933
3 14.25 5.38 -9.09 -173.14 -48.76 5.98 2934
1 7.69 18.83 -6.8 122.19 -5.27 11.62 2935
2 10.11 12.05 -7.22 105.56 8.53 15.16 2936
3 14.26 5.42 -9.09 -173.41 -48.63 5.78 2937
1 7.81 18.96 -6.79 121.62 -5.3 11.56 2938
2 10.18 12.13 -7.2 104.9 8.37 15.05 2939
3 14.26 5.46 -9.08 -173.61 -48.54 5.54 2940
1 7.87 19.01 -6.8 121.31 -5.27 11.6 2941
2 10.27 12.18 -7.22 104.22 8.37 15.16 2942
3 14.26 5.47 -9.08 -173.72 -48.56 5.43 2943
1 8.04 19.09 -6.8 120.45 -5.21 11.76 2944
2 10.31 12.2 -7.23 103.91 8.44 15.25 2945
3 14.27 5.48 -9.1 -173.91 -48.6 5.25 2946
1 8.22 19.12 -6.82 119.55 -5.01 12.04 2947
2 10.39 12.22 -7.23 103.38 8.44 15.34 2948
3 14.28 5.47 -9.09 -173.96 -48.58 4.99 2949
1 8.31 19.13 -6.84 119.09 -4.92 12.24 2950
2 10.47 12.22 -7.24 102.79 8.44 15.4 2951
3 14.28 5.47 -9.1 -173.96 -48.6 4.88 2952
1 8.48 19.16 -6.86 118.34 -4.81 12.44 2953
2 10.51 12.22 -7.24 102.52 8.42 15.45 2954
3 14.29 5.46 -9.1 -173.96 -48.67 4.68 2955
1 8.64 19.19 -6.81 117.69 -4.9 12.39 2956
2 10.59 12.22 -7.23 102 8.31 15.4 2957
3 14.3 5.44 -9.11 -173.91 -48.69 4.48 2958
1 8.71 19.2 -6.79 117.38 -4.94 12.37 2959
2 10.68 12.21 -7.22 101.43 8.22 15.29 2960
3 14.3 5.44 -9.1 -173.83 -48.71 4.35 2961
1 8.86 19.21 -6.79 116.81 -4.99 12.44 2962
2 10.73 12.19 -7.22 101.14 8.17 15.29 2963
3 14.33 5.41 -9.11 -173.61 -48.74 3.93 2964
1 8.94 19.2 -6.79 116.48 -4.97 12.52 2965
2 10.83 12.16 -7.22 100.52 8.2 15.36 2966
3 14.35 5.38 -9.11 -173.5 -48.76 3.65 2967
1 9.11 19.18 -6.8 115.77 -4.9 12.7 2968
2 10.93 12.1 -7.22 99.93 8.24 15.45 2969
3 14.41 5.27 -9.1 -172.95 -48.89 2.66 2970
1 9.28 19.14 -6.81 115.09 -4.83 12.92 2971
2 10.98 12.07 -7.22 99.62 8.28 15.49 2972
3 14.47 5.15 -9.09 -172.18 -48.98 1.54 2973
1 9.36 19.12 -6.81 114.76 -4.83 13.01 2974
2 11.09 12.01 -7.22 99.07 8.26 15.53 2975
3 14.49 5.1 -9.09 -171.8 -49 1.08 2976
1 9.53 19.09 -6.81 114.15 -4.83 13.1 2977
2 11.21 11.95 -7.22 98.46 8.24 15.49 2978
3 14.55 5.02 -9.07 -171.23 -48.96 0.37 2979
1 9.69 19.06 -6.79 113.62 -4.97 13.03 2980
2 11.27 11.91 -7.22 98.15 8.26 15.49 2981
3 14.59 4.95 -9.07 -170.75 -49.04 -0.2 2982
1 9.77 19.04 -6.78 113.38 -5.01 13.05 2983
2 11.39 11.83 -7.22 97.54 8.31 15.51 2984
3 14.61 4.9 -9.07 -170.53 -49.15 -0.48 2985
1 9.96 18.99 -6.78 112.74 -5.12 13.12 2986
2 11.5 11.72 -7.23 96.92 8.37 15.69 2987
3 14.65 4.79 -9.09 -170.02 -49.35 -1.14 2988
1 10.16 18.9 -6.79 111.99 -5.1 13.36 2989
2 11.57 11.65 -7.23 96.59 8.48 15.82 2990
3 14.7 4.66 -9.1 -169.3 -49.5 -1.98 2991
1 10.26 18.84 -6.81 111.6 -5.08 13.51 2992
2 11.69 11.51 -7.26 95.98 8.66 16.11 2993
3 14.73 4.6 -9.08 -168.86 -49.48 -2.4 2994
1 10.46 18.74 -6.83 110.87 -5.1 13.84 2995
2 11.76 11.46 -7.26 95.69 8.66 16.22 2996
3 14.8 4.5 -9.07 -167.96 -49.55 -3.3 2997
1 10.66 18.65 -6.84 110.24 -5.23 14.08 2998
2 11.9 11.34 -7.25 95.12 8.66 16.28 2999
3 14.85 4.39 -9.05 -167.08 -49.61 -4.17 3000
1 10.76 18.6 -6.84 109.95 -5.3 14.15 3001
2 12.02 11.22 -7.25 94.64 8.72 16.33 3002
3 14.87 4.32 -9.06 -166.66 -49.72 -4.57 3003
1 10.96 18.49 -6.84 109.36 -5.41 14.26 3004
2 12.09 11.15 -7.26 94.39 8.79 16.39 3005
3 14.92 4.19 -9.04 -165.87 -49.86 -5.47 3006
1 11.17 18.35 -6.88 108.7 -5.32 14.5 3007
2 12.22 10.98 -7.27 93.82 8.99 16.55 3008
3 14.99 4.03 -9.03 -164.97 -50.05 -6.42 3009
1 11.27 18.26 -6.89 108.37 -5.27 14.61 3010
2 12.36 10.79 -7.26 93.38 9.1 16.74 3011
3 15.02 3.95 -9.01 -164.4 -50.1 -6.92 3012
1 11.46 18.11 -6.9 107.89 -5.23 14.81 3013
2 12.42 10.7 -7.25 93.23 9.16 16.83 3014
3 15.09 3.83 -8.98 -162.99 -50.16 -8.09 3015
1 11.62 17.94 -6.9 107.6 -5.3 14.96 3016
2 12.54 10.52 -7.23 93.01 9.27 16.98 3017
3 15.19 3.68 -8.94 -161.78 -50.3 -9.05 3018
1 11.72 17.85 -6.89 107.42 -5.3 15.03 3019
2 12.68 10.29 -7.21 92.68 9.36 17.16 3020
3 15.23 3.58 -8.93 -161.24 -50.38 -9.54 3021
1 11.92 17.62 -6.89 107.05 -5.3 15.18 3022
2 12.75 10.18 -7.2 92.59 9.49 17.29 3023
3 15.3 3.41 -8.9 -159.92 -50.65 -10.52 3024
1 12.02 17.49 -6.88 106.9 -5.27 15.25 3025
2 12.87 9.93 -7.19 92.48 9.76 17.56 3026
3 15.39 3.2 -8.88 -159.24 -50.8 -11.05 3027
1 12.22 17.22 -6.89 106.57 -5.21 15.53 3028
2 12.98 9.7 -7.18 92.53 10 17.89 3029
3 15.43 3.12 -8.87 -157.83 -51.15 -12.06 3030
1 12.34 16.96 -6.9 106.55 -5.12 15.86 3031
2 13.04 9.59 -7.16 92.59 10.04 18.02 3032
3 15.53 2.92 -8.81 -156.23 -51.28 -13.14 3033
1 12.4 16.82 -6.89 106.55 -5.16 15.95 3034
2 13.16 9.34 -7.14 92.7 10.22 18.19 3035
3 15.65 2.73 -8.77 -155.5 -51.31 -13.56 3036
1 12.51 16.58 -6.87 106.66 -5.21 16.04 3037
2 13.28 9.11 -7.13 92.92 10.44 18.44 3038
3 15.72 2.62 -8.75 -153.83 -51.53 -14.61 3039
1 12.62 16.33 -6.89 106.81 -5.03 16.24 3040
2 13.34 8.97 -7.12 92.99 10.57 18.52 3041
3 15.86 2.4 -8.71 -152.36 -51.72 -15.53 3042
1 12.67 16.21 -6.9 106.96 -4.92 16.39 3043
2 13.47 8.71 -7.11 93.25 10.79 18.81 3044
3 15.98 2.18 -8.67 -151.52 -51.92 -16.04 3045
1 12.76 15.91 -6.94 107.2 -4.59 16.77 3046
2 13.58 8.44 -7.07 93.6 10.94 19.01 3047
3 16.04 2.05 -8.64 -150.01 -52.12 -16.85 3048
1 12.85 15.6 -6.93 107.4 -4.53 17.03 3049
2 13.65 8.31 -7.06 93.85 10.99 19.16 3050
3 16.2 1.85 -8.6 -148.16 -52.34 -17.84 3051
1 12.89 15.45 -6.92 107.6 -4.5 17.16 3052
2 13.77 8.06 -7.04 94.42 11.23 19.51 3053
3 16.27 1.75 -8.58 -147.24 -52.43 -18.35 3054
1 12.95 15.19 -6.86 108.22 -4.5 17.18 3055
2 13.83 7.93 -7.02 94.7 11.32 19.62 3056
3 16.44 1.55 -8.54 -145.48 -52.62 -19.2 3057
1 12.99 14.95 -6.87 109.01 -4.39 17.29 3058
2 13.94 7.69 -7 95.36 11.43 19.8 3059
3 16.6 1.36 -8.5 -143.66 -52.76 -20.26 3060
1 13 14.81 -6.89 109.34 -4.26 17.38 3061
2 14.04 7.43 -6.98 96 11.51 19.95 3062
3 16.66 1.27 -8.47 -142.78 -52.84 -20.74 3063
1 13.03 14.52 -6.9 109.93 -4.09 17.49 3064
2 14.1 7.3 -6.97 96.33 11.6 19.97 3065
3 16.8 1.05 -8.48 -141.02 -53.24 -21.75 3066
1 13.05 14.24 -6.93 110.59 -3.82 17.71 3067
2 14.2 7.05 -6.95 97.05 11.76 20.13 3068
3 16.96 0.84 -8.42 -139.59 -53.42 -22.35 3069
1 13.06 14.1 -6.93 110.9 -3.74 17.69 3070
2 14.3 6.82 -6.92 97.8 11.84 20.13 3071
3 17.03 0.76 -8.41 -138.76 -53.48 -22.7 3072
1 13.05 13.88 -6.92 111.8 -3.67 17.53 3073
2 14.34 6.72 -6.92 98.22 11.91 20.17 3074
3 17.17 0.62 -8.39 -136.89 -53.57 -23.58 3075
1 13.05 13.78 -6.92 112.21 -3.65 17.45 3076
2 14.43 6.52 -6.9 98.99 12.06 20.19 3077
3 17.33 0.5 -8.37 -136.1 -53.61 -23.86 3078
1 13.04 13.57 -6.95 113.07 -3.49 17.25 3079
2 14.51 6.32 -6.9 99.73 12.22 20.19 3080
3 17.4 0.42 -8.36 -134.54 -53.79 -24.54 3081
1 13.04 13.35 -6.97 113.88 -3.3 16.96 3082
2 14.54 6.23 -6.9 100.11 12.3 20.21 3083
3 17.52 0.26 -8.34 -133.26 -54.03 -25.07 3084
1 13.03 13.15 -6.96 114.74 -3.12 16.5 3085
2 14.63 6.06 -6.9 100.81 12.5 20.19 3086
3 17.56 0.19 -8.35 -132.58 -54.23 -25.42 3087
1 13.02 13.06 -6.98 115.25 -2.99 16.39 3088
2 14.69 5.92 -6.89 101.6 12.77 20.19 3089
3 17.65 0.08 -8.32 -131.37 -54.58 -25.86 3090
1 12.99 12.9 -6.99 116.21 -2.92 16.11 3091
2 14.71 5.85 -6.88 101.98 12.88 20.19 3092
3 17.78 0 -8.29 -130.28 -54.8 -26.26 3093
1 12.98 12.84 -7 116.67 -2.88 16.02 3094
2 14.77 5.75 -6.89 102.79 13.16 20.39 3095
3 17.84 -0.01 -8.28 -129.51 -54.89 -26.61 3096
1 12.96 12.72 -7.01 117.47 -2.75 15.91 3097
2 14.83 5.66 -6.87 103.4 13.4 20.52 3098
3 17.95 -0.05 -8.24 -128.74 -55.06 -26.76 3099
1 12.96 12.6 -7.01 117.99 -2.61 15.82 3100
2 14.86 5.6 -6.87 103.65 13.56 20.65 3101
3 18.02 -0.11 -8.22 -127.99 -55.48 -27.11 3102
1 12.96 12.55 -7.03 118.28 -2.53 15.91 3103
2 14.92 5.53 -6.83 104.11 13.75 20.76 3104
3 18.05 -0.13 -8.2 -127.73 -55.63 -27.18 3105
1 12.97 12.46 -7.04 118.65 -2.42 16.04 3106
2 14.95 5.5 -6.82 104.3 13.84 20.85 3107
3 18.11 -0.18 -8.18 -127.18 -55.94 -27.44 3108
1 12.99 12.41 -7.04 118.98 -2.31 16.24 3109
2 15.01 5.47 -6.79 104.66 14.02 21.14 3110
3 18.15 -0.2 -8.16 -126.61 -56.32 -27.77 3111
1 12.99 12.4 -7.04 119.09 -2.31 16.26 3112
2 15.06 5.46 -6.75 104.94 14.17 21.31 3113
3 18.18 -0.2 -8.14 -126.36 -56.49 -27.88 3114
1 13.02 12.39 -7.01 119.29 -2.24 16.28 3115
2 15.07 5.46 -6.75 105.07 14.19 21.47 3116
3 18.24 -0.2 -8.12 -125.93 -56.8 -28.26 3117
1 13.05 12.38 -6.99 119.38 -2.15 16.39 3118
2 15.12 5.47 -6.72 105.14 14.28 21.64 3119
3 18.27 -0.19 -8.09 -125.71 -57.04 -28.5 3120
1 13.06 12.38 -6.99 119.44 -2.11 16.41 3121
2 15.15 5.47 -6.7 105.21 14.37 21.84 3122
3 18.28 -0.19 -8.08 -125.55 -57.19 -28.72 3123
1 13.09 12.38 -6.97 119.55 -1.93 16.48 3124
2 15.17 5.48 -6.68 105.27 14.39 21.91 3125
3 18.3 -0.19 -8.06 -125.38 -57.44 -29.03 3126
1 13.11 12.38 -6.97 119.69 -1.71 16.52 3127
2 15.2 5.5 -6.65 105.29 14.48 21.95 3128
3 18.32 -0.18 -8.02 -125.27 -57.72 -29.29 3129
1 13.13 12.38 -6.97 119.77 -1.6 16.5 3130
2 15.22 5.53 -6.64 105.38 14.61 22.04 3131
3 18.32 -0.17 -8.01 -125.13 -57.85 -29.49 3132
1 13.14 12.4 -6.96 119.93 -1.43 16.44 3133
2 15.23 5.54 -6.62 105.38 14.68 22.02 3134
3 18.34 -0.14 -7.97 -125.05 -58.05 -29.6 3135
1 13.16 12.41 -6.95 119.99 -1.34 16.39 3136
2 15.25 5.56 -6.61 105.38 14.81 21.99 3137
3 18.36 -0.12 -7.94 -125.02 -58.12 -29.6 3138
1 13.17 12.43 -6.95 120.08 -1.16 16.24 3139
2 15.25 5.58 -6.6 105.36 14.92 21.99 3140
3 18.35 -0.09 -7.94 -124.85 -58.36 -29.86 3141
1 13.18 12.44 -6.95 120.12 -1.03 16.15 3142
2 15.25 5.58 -6.6 105.36 14.99 21.97 3143
3 18.35 -0.08 -7.92 -124.96 -58.43 -29.79 3144
1 13.19 12.45 -6.96 120.15 -0.97 16.13 3145
2 15.26 5.59 -6.6 105.29 15.05 21.93 3146
3 18.35 -0.07 -7.91 -124.98 -58.47 -29.79 3147
1 13.2 12.46 -6.96 120.17 -0.83 16.04 3148
2 15.25 5.62 -6.6 105.27 15.14 21.88 3149
3 18.33 -0.05 -7.91 -125 -58.54 -29.82 3150
1 13.19 12.49 -6.97 120.21 -0.73 15.93 3151
2 15.24 5.63 -6.6 105.25 15.18 21.88 3152
3 18.32 -0.03 -7.89 -125.09 -58.58 -29.73 3153
1 13.19 12.51 -6.97 120.23 -0.7 15.89 3154
2 15.21 5.69 -6.6 105.14 15.25 21.75 3155
3 18.3 -0.01 -7.9 -125.16 -58.62 -29.75 3156
1 13.17 12.56 -6.98 120.3 -0.66 15.64 3157
2 15.15 5.8 -6.62 104.9 15.42 21.36 3158
3 18.24 0.04 -7.9 -125.71 -58.75 -29.42 3159
1 13.13 12.64 -7 120.41 -0.62 15.29 3160
2 15.1 5.87 -6.63 104.77 15.51 21.16 3161
3 18.15 0.12 -7.91 -126.78 -58.86 -28.85 3162
1 13.11 12.69 -7.02 120.43 -0.59 15.12 3163
2 15 5.99 -6.66 104.55 15.64 20.87 3164
3 18.08 0.19 -7.92 -127.4 -59 -28.5 3165
1 13.03 12.82 -7.04 120.54 -0.59 14.63 3166
2 14.96 6.04 -6.67 104.5 15.69 20.76 3167
3 17.94 0.33 -7.92 -128.61 -59.17 -27.58 3168
1 12.93 12.96 -7.02 120.67 -0.64 14.11 3169
2 14.87 6.17 -6.65 104.5 15.64 20.41 3170
3 17.86 0.46 -7.92 -129.75 -59.15 -26.52 3171
1 12.87 13.03 -7.02 120.76 -0.66 13.95 3172
2 14.76 6.32 -6.66 104.59 15.62 20.24 3173
3 17.83 0.54 -7.91 -130.28 -59.15 -25.99 3174
1 12.74 13.18 -7.03 120.96 -0.66 13.78 3175
2 14.69 6.4 -6.65 104.61 15.6 20.1 3176
3 17.75 0.69 -7.88 -131.66 -59.04 -24.74 3177
1 12.61 13.32 -7.03 121.11 -0.57 13.58 3178
2 14.55 6.55 -6.66 104.66 15.73 19.91 3179
3 17.63 0.8 -7.91 -133.2 -59.3 -23.49 3180
1 12.52 13.39 -7.03 121.25 -0.53 13.47 3181
2 14.41 6.71 -6.67 104.81 15.75 19.71 3182
3 17.57 0.88 -7.91 -133.99 -59.35 -22.79 3183
1 12.35 13.55 -7.05 121.57 -0.48 13.27 3184
2 14.34 6.79 -6.67 104.88 15.75 19.58 3185
3 17.45 1.02 -7.91 -135.57 -59.41 -21.36 3186
1 12.15 13.71 -7.08 122.06 -0.37 13.21 3187
2 14.19 6.96 -6.67 105.1 15.8 19.38 3188
3 17.32 1.18 -7.92 -137.22 -59.5 -19.75 3189
1 12.05 13.78 -7.08 122.3 -0.37 13.12 3190
2 14.03 7.14 -6.64 105.31 15.75 19.07 3191
3 17.27 1.27 -7.91 -138.27 -59.48 -18.74 3192
1 11.83 13.94 -7.06 122.87 -0.42 12.9 3193
2 13.95 7.23 -6.64 105.51 15.78 19.01 3194
3 17.2 1.43 -7.91 -140.05 -59.48 -17.05 3195
1 11.73 14.03 -7.05 123.16 -0.44 12.74 3196
2 13.79 7.39 -6.66 105.82 15.75 18.96 3197
3 17.11 1.58 -7.88 -141.06 -59.39 -16.08 3198
1 11.52 14.18 -7.04 123.77 -0.48 12.55 3199
2 13.62 7.55 -6.65 106.17 15.64 18.74 3200
3 17.06 1.65 -7.9 -142.73 -59.46 -14.61 3201
1 11.3 14.31 -7.04 124.48 -0.48 12.33 3202
2 13.54 7.63 -6.63 106.41 15.58 18.59 3203
3 16.95 1.78 -7.88 -144.32 -59.41 -13.1 3204
1 11.2 14.37 -7.01 124.78 -0.48 12.15 3205
2 13.39 7.78 -6.59 106.83 15.49 18.35 3206
3 16.91 1.87 -7.87 -145 -59.3 -12.37 3207
1 10.99 14.48 -6.97 125.53 -0.53 11.95 3208
2 13.25 7.91 -6.57 107.38 15.4 18.37 3209
3 16.85 2.02 -7.84 -146.05 -59.24 -11.21 3210
1 10.78 14.58 -6.93 126.28 -0.59 11.95 3211
2 13.18 7.96 -6.55 107.56 15.4 18.39 3212
3 16.8 2.14 -7.82 -147.08 -59.17 -10.2 3213
1 10.69 14.62 -6.91 126.58 -0.66 11.91 3214
2 13.09 8.06 -6.54 107.95 15.42 18.41 3215
3 16.79 2.19 -7.82 -147.52 -59.19 -9.78 3216
1 10.55 14.7 -6.92 127.07 -0.73 12 3217
2 13.03 8.13 -6.55 108.13 15.53 18.44 3218
3 16.75 2.26 -7.82 -148.27 -59.24 -9.14 3219
1 10.45 14.74 -6.94 127.35 -0.75 12.06 3220
2 13 8.14 -6.56 108.19 15.64 18.46 3221
3 16.72 2.3 -7.8 -148.89 -59.26 -8.61 3222
1 10.42 14.75 -6.96 127.46 -0.75 12.08 3223
2 12.96 8.18 -6.57 108.33 15.86 18.48 3224
3 16.71 2.31 -7.81 -149.04 -59.33 -8.48 3225
1 10.38 14.78 -6.96 127.6 -0.77 12.06 3226
2 12.96 8.19 -6.58 108.35 15.95 18.48 3227
3 16.69 2.33 -7.79 -149.33 -59.33 -8.24 3228
1 10.35 14.81 -6.97 127.73 -0.79 12.06 3229
2 12.94 8.22 -6.58 108.37 16.06 18.48 3230
3 16.68 2.36 -7.8 -149.35 -59.39 -8.22 3231
1 10.34 14.81 -6.99 127.77 -0.79 12.11 3232
2 12.93 8.24 -6.59 108.37 16.15 18.48 3233
3 16.67 2.36 -7.8 -149.41 -59.37 -8.22 3234
1 10.33 14.83 -6.99 127.84 -0.79 12.11 3235
2 12.93 8.25 -6.6 108.35 16.19 18.5 3236
3 16.67 2.37 -7.8 -149.46 -59.41 -8.22 3237
1 10.32 14.84 -7 127.88 -0.77 12.11 3238
2 12.93 8.26 -6.61 108.26 16.26 18.52 3239
3 16.67 2.38 -7.8 -149.48 -59.39 -8.28 3240
1 10.32 14.85 -7 127.9 -0.77 12.11 3241
2 12.94 8.27 -6.61 108.19 16.28 18.5 3242
3 16.67 2.37 -7.8 -149.52 -59.39 -8.31 3243
1 10.32 14.86 -7.01 127.97 -0.75 12.13 3244
2 12.94 8.27 -6.61 108.11 16.3 18.5 3245
3 16.66 2.37 -7.81 -149.57 -59.41 -8.33 3246
1 10.32 14.87 -7.01 127.97 -0.75 12.11 3247
2 12.95 8.28 -6.61 108.04 16.28 18.5 3248
3 16.67 2.37 -7.8 -149.59 -59.37 -8.35 3249
1 10.32 14.88 -7 128.01 -0.77 12.11 3250
2 12.96 8.28 -6.6 108 16.24 18.46 3251
3 16.67 2.37 -7.8 -149.55 -59.37 -8.39 3252
1 10.33 14.9 -7 128.01 -0.79 12.11 3253
2 12.96 8.28 -6.6 108 16.24 18.44 3254
3 16.67 2.37 -7.8 -149.55 -59.37 -8.44 3255
1 10.33 14.9 -7 128.03 -0.81 12.11 3256
2 12.97 8.28 -6.59 107.97 16.19 18.44 3257
3 16.67 2.37 -7.81 -149.57 -59.41 -8.44 3258
1 10.33 14.9 -6.99 128.03 -0.81 12.13 3259
2 12.97 8.28 -6.59 107.97 16.19 18.46 3260
3 16.68 2.37 -7.8 -149.59 -59.37 -8.44 3261
1 10.33 14.9 -6.99 128.06 -0.81 12.15 3262
2 12.97 8.28 -6.59 108 16.19 18.48 3263
3 16.68 2.37 -7.8 -149.59 -59.35 -8.42 3264
1 10.33 14.9 -6.98 128.08 -0.81 12.15 3265
2 12.98 8.28 -6.58 108.06 16.17 18.5 3266
3 16.69 2.37 -7.8 -149.57 -59.37 -8.46 3267
1 10.33 14.9 -6.98 128.1 -0.83 12.19 3268
2 12.98 8.27 -6.57 108.17 16.11 18.52 3269
3 16.69 2.37 -7.8 -149.52 -59.37 -8.46 3270
1 10.33 14.9 -6.97 128.12 -0.86 12.26 3271
2 12.98 8.27 -6.56 108.3 16.08 18.59 3272
3 16.71 2.37 -7.79 -149.48 -59.37 -8.46 3273
1 10.32 14.89 -6.96 128.17 -0.86 12.33 3274
2 12.99 8.25 -6.54 108.54 16.02 18.79 3275
3 16.72 2.36 -7.78 -149.41 -59.39 -8.48 3276
1 10.31 14.88 -6.95 128.25 -0.83 12.66 3277
2 12.99 8.24 -6.53 108.83 16.04 19.01 3278
3 16.73 2.36 -7.79 -149.33 -59.5 -8.57 3279
1 10.29 14.85 -6.94 128.34 -0.77 13.07 3280
2 12.99 8.23 -6.53 108.92 16.02 19.09 3281
3 16.75 2.35 -7.78 -149.26 -59.57 -8.57 3282
1 10.27 14.84 -6.93 128.39 -0.73 13.32 3283
2 12.99 8.22 -6.52 109.12 16.04 19.2 3284
3 16.76 2.35 -7.77 -149.26 -59.57 -8.55 3285
1 10.25 14.82 -6.92 128.45 -0.68 13.69 3286
2 12.99 8.23 -6.51 109.2 16.02 19.23 3287
3 16.77 2.36 -7.76 -149.24 -59.59 -8.5 3288
1 10.23 14.82 -6.9 128.56 -0.66 13.89 3289
2 12.99 8.23 -6.49 109.31 16.02 19.23 3290
3 16.79 2.36 -7.75 -149.22 -59.66 -8.44 3291
1 10.23 14.82 -6.89 128.61 -0.68 13.91 3292
2 12.98 8.23 -6.47 109.45 16 19.27 3293
3 16.79 2.36 -7.75 -149.15 -59.72 -8.46 3294
1 10.23 14.83 -6.87 128.65 -0.66 14 3295
2 12.99 8.23 -6.47 109.49 16 19.31 3296
3 16.8 2.36 -7.74 -149.13 -59.79 -8.48 3297
1 10.22 14.81 -6.86 128.67 -0.62 14.13 3298
2 12.99 8.23 -6.45 109.6 16 19.36 3299
3 16.81 2.36 -7.73 -149.19 -59.88 -8.42 3300
1 10.22 14.81 -6.86 128.67 -0.59 14.22 3301
2 12.99 8.22 -6.44 109.64 16.04 19.47 3302
3 16.81 2.36 -7.73 -149.19 -59.9 -8.42 3303
1 10.21 14.81 -6.85 128.72 -0.57 14.28 3304
2 12.99 8.23 -6.44 109.75 16.06 19.51 3305
3 16.82 2.36 -7.72 -149.22 -60.01 -8.35 3306
1 10.21 14.81 -6.84 128.76 -0.55 14.35 3307
2 12.99 8.23 -6.42 109.82 16.06 19.6 3308
3 16.83 2.37 -7.71 -149.15 -60.07 -8.37 3309
1 10.2 14.81 -6.84 128.78 -0.53 14.37 3310
2 12.99 8.23 -6.41 109.86 16.08 19.62 3311
3 16.83 2.37 -7.7 -149.19 -60.1 -8.35 3312
1 10.2 14.81 -6.83 128.78 -0.51 14.41 3313
2 12.99 8.23 -6.4 109.89 16.08 19.67 3314
3 16.84 2.37 -7.7 -149.15 -60.21 -8.39 3315
1 10.2 14.81 -6.82 128.8 -0.48 14.44 3316
2 13 8.23 -6.39 109.91 16.15 19.67 3317
3 16.84 2.37 -7.68 -149.19 -60.21 -8.35 3318
1 10.21 14.81 -6.82 128.78 -0.46 14.44 3319
2 13 8.23 -6.39 109.91 16.15 19.69 3320
3 16.84 2.37 -7.68 -149.24 -60.27 -8.35 3321
1 10.21 14.81 -6.82 128.8 -0.44 14.46 3322
2 13 8.23 -6.39 109.93 16.17 19.71 3323
3 16.84 2.36 -7.67 -149.3 -60.31 -8.28 3324
1 10.21 14.81 -6.82 128.78 -0.42 14.46 3325
2 13 8.23 -6.39 109.91 16.19 19.71 3326
3 16.84 2.36 -7.67 -149.35 -60.34 -8.26 3327
1 10.21 14.81 -6.82 128.8 -0.42 14.5 3328
2 13 8.23 -6.38 109.93 16.22 19.71 3329
3 16.84 2.36 -7.66 -149.33 -60.36 -8.24 3330
1 10.21 14.81 -6.82 128.76 -0.4 14.52 3331
2 13 8.23 -6.38 109.93 16.22 19.71 3332
3 16.84 2.36 -7.66 -149.41 -60.38 -8.17 3333
1 10.21 14.81 -6.82 128.78 -0.4 14.57 3334
2 13 8.23 -6.38 109.95 16.22 19.73 3335
3 16.84 2.36 -7.65 -149.37 -60.38 -8.22 3336
1 10.21 14.81 -6.82 128.76 -0.37 14.59 3337
2 13 8.23 -6.38 109.95 16.24 19.75 3338
3 16.84 2.36 -7.65 -149.39 -60.4 -8.2 3339
1 10.21 14.8 -6.82 128.76 -0.35 14.63 3340
2 13 8.22 -6.37 109.95 16.26 19.78 3341
3 16.84 2.36 -7.65 -149.41 -60.42 -8.2 3342
1 10.21 14.8 -6.82 128.76 -0.35 14.63 3343
2 13 8.22 -6.37 110 16.26 19.8 3344
3 16.84 2.36 -7.64 -149.41 -60.45 -8.17 3345
1 10.21 14.8 -6.82 128.78 -0.33 14.66 3346
2 13 8.22 -6.37 109.97 16.26 19.8 3347
3 16.84 2.36 -7.63 -149.41 -60.45 -8.17 3348
1 10.21 14.79 -6.81 128.74 -0.33 14.63 3349
2 13 8.22 -6.36 110 16.28 19.78 3350
3 16.85 2.36 -7.62 -149.41 -60.42 -8.13 3351
1 10.21 14.8 -6.81 128.76 -0.33 14.63 3352
2 13 8.22 -6.35 110.02 16.3 19.8 3353
3 16.86 2.36 -7.62 -149.44 -60.45 -8.13 3354
1 10.21 14.8 -6.81 128.76 -0.31 14.63 3355
2 13.01 8.23 -6.35 110.04 16.33 19.78 3356
3 16.86 2.36 -7.6 -149.39 -60.47 -8.17 3357
1 10.21 14.79 -6.81 128.76 -0.31 14.63 3358
2 13.01 8.22 -6.35 110.02 16.35 19.82 3359
3 16.86 2.36 -7.59 -149.48 -60.56 -8.13 3360
1 10.21 14.8 -6.81 128.76 -0.29 14.63 3361
2 13.02 8.21 -6.35 110.02 16.41 19.84 3362
3 16.86 2.36 -7.58 -149.41 -60.6 -8.15 3363
1 10.22 14.79 -6.81 128.76 -0.29 14.63 3364
2 13.02 8.21 -6.34 110.04 16.44 19.84 3365
3 16.87 2.35 -7.57 -149.33 -60.67 -8.26 3366
1 10.22 14.79 -6.81 128.76 -0.29 14.66 3367
2 13.03 8.21 -6.33 110.06 16.48 19.84 3368
3 16.87 2.35 -7.56 -149.3 -60.71 -8.31 3369
1 10.22 14.79 -6.81 128.78 -0.26 14.63 3370
2 13.03 8.2 -6.33 110.06 16.52 19.86 3371
3 16.88 2.35 -7.55 -149.19 -60.75 -8.37 3372
1 10.22 14.79 -6.81 128.76 -0.24 14.66 3373
2 13.03 8.2 -6.33 110.04 16.55 19.86 3374
3 16.88 2.35 -7.55 -149.08 -60.82 -8.48 3375
1 10.22 14.79 -6.81 128.78 -0.24 14.66 3376
2 13.04 8.2 -6.33 110.06 16.59 19.89 3377
3 16.88 2.35 -7.55 -149.06 -60.86 -8.53 3378
1 10.23 14.78 -6.81 128.76 -0.22 14.66 3379
2 13.04 8.19 -6.32 110.06 16.63 19.89 3380
3 16.88 2.34 -7.54 -149.06 -60.86 -8.53 3381
1 10.22 14.78 -6.81 128.78 -0.2 14.68 3382
2 13.04 8.19 -6.32 110.08 16.66 19.91 3383
3 16.88 2.34 -7.54 -148.97 -60.89 -8.57 3384
1 10.22 14.78 -6.81 128.78 -0.2 14.68 3385
2 13.05 8.19 -6.33 110.08 16.68 19.91 3386
3 16.88 2.34 -7.54 -148.95 -60.89 -8.59 3387
1 10.23 14.78 -6.81 128.78 -0.2 14.68 3388
2 13.04 8.18 -6.33 110.1 16.7 19.93 3389
3 16.88 2.34 -7.54 -148.95 -60.91 -8.57 3390
1 10.23 14.78 -6.81 128.78 -0.18 14.68 3391
2 13.05 8.19 -6.33 110.1 16.7 19.91 3392
3 16.88 2.34 -7.53 -148.97 -60.91 -8.55 3393
1 10.23 14.78 -6.81 128.8 -0.18 14.66 3394
2 13.05 8.19 -6.33 110.08 16.72 19.91 3395
3 16.88 2.34 -7.53 -148.95 -60.91 -8.57 3396
1 10.23 14.77 -6.81 128.78 -0.18 14.63 3397
2 13.05 8.19 -6.33 110.1 16.72 19.91 3398
3 16.88 2.34 -7.53 -148.95 -60.91 -8.57 3399
1 10.23 14.77 -6.81 128.8 -0.18 14.61 3400
2 13.05 8.19 -6.33 110.1 16.72 19.91 3401
3 16.88 2.34 -7.53 -148.95 -60.93 -8.57 3402
1 10.23 14.77 -6.82 128.78 -0.18 14.61 3403
2 13.05 8.18 -6.33 110.08 16.74 19.91 3404
3 16.88 2.34 -7.53 -148.95 -60.93 -8.57 3405
1 10.23 14.77 -6.82 128.78 -0.18 14.61 3406
2 13.05 8.18 -6.33 110.06 16.77 19.86 3407
3 16.88 2.34 -7.53 -148.95 -60.93 -8.57 3408
1 10.23 14.77 -6.82 128.8 -0.2 14.59 3409
2 13.05 8.18 -6.33 110.06 16.77 19.89 3410
3 16.88 2.34 -7.53 -148.95 -60.93 -8.57 3411
1 10.23 14.77 -6.82 128.78 -0.2 14.57 3412
2 13.05 8.18 -6.33 110.08 16.77 19.86 3413
3 16.88 2.34 -7.53 -148.93 -60.91 -8.57 3414
1 10.24 14.77 -6.82 128.76 -0.18 14.59 3415
2 13.05 8.18 -6.33 110.06 16.79 19.86 3416
3 16.88 2.34 -7.54 -148.93 -60.93 -8.59 3417
1 10.24 14.77 -6.82 128.76 -0.18 14.57 3418
2 13.05 8.18 -6.34 110.06 16.79 19.86 3419
3 16.88 2.34 -7.54 -148.91 -60.95 -8.61 3420
1 10.24 14.77 -6.82 128.76 -0.2 14.59 3421
2 13.05 8.18 -6.34 110.02 16.83 19.86 3422
3 16.88 2.34 -7.54 -148.91 -60.93 -8.61 3423
1 10.25 14.77 -6.82 128.74 -0.2 14.55 3424
2 13.05 8.18 -6.34 110.02 16.83 19.84 3425
3 16.88 2.34 -7.54 -148.91 -60.93 -8.61 3426
1 10.24 14.77 -6.82 128.74 -0.22 14.55 3427
2 13.05 8.19 -6.34 110.02 16.83 19.8 3428
3 16.88 2.34 -7.54 -148.93 -60.93 -8.59 3429
1 10.24 14.77 -6.83 128.74 -0.22 14.52 3430
2 13.06 8.18 -6.34 109.97 16.85 19.78 3431
3 16.88 2.34 -7.54 -148.97 -60.91 -8.57 3432
1 10.25 14.77 -6.83 128.72 -0.22 14.5 3433
2 13.06 8.18 -6.34 109.97 16.85 19.78 3434
3 16.88 2.34 -7.54 -148.95 -60.91 -8.59 3435
1 10.25 14.77 -6.83 128.69 -0.22 14.52 3436
2 13.06 8.18 -6.35 109.93 16.88 19.82 3437
3 16.88 2.34 -7.54 -148.95 -60.91 -8.59 3438
1 10.25 14.77 -6.83 128.67 -0.22 14.5 3439
2 13.05 8.18 -6.35 109.93 16.85 19.78 3440
3 16.88 2.34 -7.54 -148.95 -60.93 -8.61 3441
1 10.26 14.77 -6.83 128.65 -0.24 14.5 3442
2 13.05 8.18 -6.35 109.91 16.88 19.78 3443
3 16.88 2.34 -7.54 -148.93 -60.89 -8.59 3444
1 10.26 14.77 -6.83 128.65 -0.24 14.5 3445
2 13.05 8.18 -6.35 109.93 16.88 19.8 3446
3 16.88 2.35 -7.54 -148.91 -60.86 -8.61 3447
1 10.26 14.77 -6.83 128.65 -0.26 14.48 3448
2 13.05 8.18 -6.35 109.91 16.9 19.75 3449
3 16.88 2.34 -7.54 -148.95 -60.86 -8.59 3450
1 10.26 14.77 -6.83 128.65 -0.26 14.48 3451
2 13.06 8.18 -6.35 109.91 16.9 19.75 3452
3 16.88 2.34 -7.54 -148.95 -60.86 -8.59 3453
1 10.26 14.77 -6.83 128.63 -0.26 14.48 3454
2 13.05 8.17 -6.35 109.91 16.9 19.78 3455
3 16.88 2.34 -7.54 -148.93 -60.86 -8.59 3456
1 10.26 14.77 -6.84 128.63 -0.26 14.5 3457
2 13.05 8.17 -6.35 109.91 16.9 19.75 3458
3 16.88 2.34 -7.54 -148.91 -60.84 -8.64 3459
1 10.26 14.77 -6.83 128.61 -0.29 14.48 3460
2 13.05 8.17 -6.35 109.91 16.88 19.75 3461
3 16.87 2.33 -7.55 -148.97 -60.84 -8.59 3462
1 10.26 14.77 -6.84 128.61 -0.26 14.46 3463
2 13.05 8.17 -6.35 109.93 16.88 19.75 3464
3 16.87 2.34 -7.54 -148.95 -60.82 -8.59 3465
1 10.26 14.77 -6.84 128.61 -0.29 14.48 3466
2 13.05 8.17 -6.35 109.91 16.88 19.73 3467
3 16.87 2.34 -7.55 -148.93 -60.8 -8.59 3468
1 10.26 14.77 -6.83 128.58 -0.31 14.46 3469
2 13.05 8.17 -6.36 109.89 16.9 19.71 3470
3 16.87 2.34 -7.55 -148.95 -60.8 -8.59 3471
1 10.26 14.77 -6.84 128.58 -0.31 14.44 3472
2 13.04 8.17 -6.36 109.89 16.92 19.71 3473
3 16.87 2.34 -7.55 -148.95 -60.78 -8.59 3474
1 10.26 14.77 -6.83 128.58 -0.31 14.44 3475
2 13.04 8.17 -6.36 109.86 16.92 19.69 3476
3 16.87 2.34 -7.55 -148.95 -60.82 -8.59 3477
1 10.26 14.77 -6.84 128.56 -0.31 14.44 3478
2 13.04 8.17 -6.37 109.89 16.94 19.69 3479
3 16.86 2.33 -7.55 -149 -60.78 -8.59 3480
1 10.26 14.77 -6.84 128.56 -0.29 14.44 3481
2 13.04 8.17 -6.37 109.84 16.94 19.69 3482
3 16.86 2.34 -7.55 -148.97 -60.75 -8.57 3483
1 10.26 14.77 -6.84 128.56 -0.31 14.41 3484
2 13.04 8.17 -6.37 109.84 16.94 19.69 3485
3 16.86 2.34 -7.55 -148.95 -60.73 -8.57 3486
1 10.25 14.77 -6.84 128.56 -0.31 14.44 3487
2 13.04 8.17 -6.37 109.84 16.96 19.69 3488
3 16.86 2.34 -7.55 -148.97 -60.75 -8.57 3489
1 10.25 14.77 -6.84 128.56 -0.31 14.44 3490
2 13.03 8.17 -6.37 109.86 16.96 19.69 3491
3 16.86 2.33 -7.55 -149.04 -60.73 -8.55 3492
1 10.25 14.77 -6.85 128.54 -0.31 14.46 3493
2 13.03 8.17 -6.37 109.86 16.98 19.69 3494
3 16.85 2.33 -7.55 -149.04 -60.73 -8.55 3495
1 10.25 14.76 -6.85 128.52 -0.31 14.46 3496
2 13.03 8.17 -6.37 109.86 16.98 19.69 3497
3 16.85 2.32 -7.54 -149.02 -60.73 -8.55 3498
1 10.25 14.76 -6.85 128.52 -0.31 14.48 3499
2 13.03 8.16 -6.37 109.86 17.01 19.69 3500
3 16.85 2.32 -7.54 -149.11 -60.73 -8.5 3501
1 10.25 14.76 -6.84 128.52 -0.31 14.46 3502
2 13.02 8.16 -6.37 109.86 17.03 19.71 3503
3 16.84 2.33 -7.54 -149.06 -60.75 -8.5 3504
1 10.25 14.76 -6.85 128.52 -0.31 14.46 3505
2 13.01 8.16 -6.36 109.91 17.05 19.71 3506
3 16.85 2.33 -7.53 -149.08 -60.71 -8.46 3507
1 10.24 14.76 -6.85 128.52 -0.31 14.5 3508
2 13.01 8.15 -6.35 109.93 17.09 19.75 3509
3 16.84 2.32 -7.53 -149.13 -60.73 -8.44 3510
1 10.24 14.76 -6.85 128.52 -0.29 14.52 3511
2 13.01 8.15 -6.35 109.95 17.14 19.78 3512
3 16.84 2.32 -7.52 -149.17 -60.78 -8.39 3513
1 10.24 14.75 -6.85 128.47 -0.29 14.55 3514
2 13 8.14 -6.35 110 17.2 19.86 3515
3 16.84 2.31 -7.51 -149.22 -60.78 -8.37 3516
1 10.24 14.75 -6.85 128.47 -0.26 14.59 3517
2 12.99 8.14 -6.34 109.97 17.2 19.86 3518
3 16.84 2.31 -7.5 -149.22 -60.75 -8.35 3519
1 10.23 14.74 -6.85 128.47 -0.24 14.63 3520
2 12.99 8.13 -6.32 110.04 17.23 19.86 3521
3 16.83 2.31 -7.5 -149.22 -60.78 -8.35 3522
1 10.22 14.74 -6.84 128.47 -0.24 14.66 3523
2 12.98 8.13 -6.32 110.04 17.25 19.91 3524
3 16.83 2.32 -7.5 -149.15 -60.82 -8.37 3525
1 10.22 14.74 -6.84 128.45 -0.26 14.68 3526
2 12.98 8.13 -6.32 110.04 17.25 19.93 3527
3 16.83 2.32 -7.49 -149.17 -60.84 -8.37 3528
1 10.21 14.74 -6.84 128.45 -0.24 14.7 3529
2 12.98 8.13 -6.32 110.04 17.27 19.93 3530
3 16.82 2.32 -7.48 -149.13 -60.82 -8.39 3531
1 10.21 14.74 -6.84 128.45 -0.22 14.7 3532
2 12.98 8.14 -6.32 110.04 17.27 19.91 3533
3 16.82 2.32 -7.49 -149.13 -60.82 -8.42 3534
1 10.21 14.73 -6.85 128.43 -0.22 14.74 3535
2 12.98 8.13 -6.33 110.02 17.27 19.91 3536
3 16.82 2.32 -7.48 -149.15 -60.82 -8.39 3537
1 10.2 14.73 -6.84 128.43 -0.2 14.72 3538
2 12.98 8.13 -6.32 110 17.27 19.91 3539
3 16.81 2.32 -7.48 -149.17 -60.8 -8.39 3540
1 10.2 14.74 -6.84 128.43 -0.2 14.74 3541
2 12.97 8.13 -6.33 110.02 17.27 19.89 3542
3 16.81 2.32 -7.48 -149.15 -60.8 -8.37 3543
1 10.2 14.74 -6.85 128.43 -0.2 14.74 3544
2 12.97 8.13 -6.33 110.02 17.27 19.91 3545
3 16.81 2.32 -7.48 -149.24 -60.75 -8.33 3546
1 10.2 14.74 -6.85 128.43 -0.2 14.74 3547
2 12.97 8.14 -6.33 110 17.29 19.89 3548
3 16.8 2.32 -7.49 -149.19 -60.78 -8.37 3549
1 10.2 14.73 -6.86 128.41 -0.2 14.77 3550
2 12.96 8.14 -6.34 110 17.31 19.86 3551
3 16.8 2.33 -7.49 -149.13 -60.78 -8.42 3552
1 10.2 14.74 -6.85 128.39 -0.2 14.74 3553
2 12.96 8.14 -6.35 110 17.31 19.89 3554
3 16.8 2.32 -7.49 -149.26 -60.73 -8.35 3555
1 10.2 14.74 -6.86 128.41 -0.2 14.74 3556
2 12.96 8.15 -6.35 109.97 17.34 19.82 3557
3 16.8 2.32 -7.49 -149.28 -60.73 -8.31 3558
1 10.19 14.74 -6.86 128.39 -0.2 14.74 3559
2 12.95 8.16 -6.35 109.93 17.34 19.75 3560
3 16.8 2.33 -7.49 -149.28 -60.69 -8.31 3561
1 10.19 14.74 -6.86 128.39 -0.2 14.72 3562
2 12.95 8.17 -6.36 109.95 17.34 19.75 3563
3 16.8 2.34 -7.49 -149.28 -60.64 -8.28 3564
1 10.19 14.75 -6.86 128.39 -0.18 14.7 3565
2 12.95 8.17 -6.37 109.97 17.34 19.73 3566
3 16.8 2.34 -7.48 -149.35 -60.62 -8.28 3567
1 10.18 14.75 -6.87 128.39 -0.18 14.72 3568
2 12.95 8.18 -6.38 109.97 17.34 19.71 3569
3 16.79 2.35 -7.49 -149.3 -60.62 -8.28 3570
1 10.18 14.76 -6.87 128.39 -0.18 14.72 3571
2 12.95 8.18 -6.38 109.95 17.36 19.71 3572
3 16.79 2.35 -7.49 -149.37 -60.62 -8.26 3573
1 10.18 14.76 -6.88 128.36 -0.15 14.72 3574
2 12.94 8.18 -6.38 109.95 17.36 19.69 3575
3 16.79 2.35 -7.49 -149.37 -60.62 -8.26 3576
1 10.18 14.76 -6.88 128.36 -0.18 14.72 3577
2 12.95 8.18 -6.38 109.95 17.36 19.69 3578
3 16.79 2.35 -7.49 -149.39 -60.62 -8.24 3579
1 10.18 14.77 -6.88 128.36 -0.15 14.7 3580
2 12.95 8.18 -6.38 109.95 17.38 19.69 3581
3 16.79 2.36 -7.49 -149.35 -60.62 -8.28 3582
1 10.17 14.77 -6.88 128.36 -0.15 14.7 3583
2 12.94 8.19 -6.38 109.95 17.38 19.69 3584
3 16.79 2.36 -7.5 -149.37 -60.62 -8.28 3585
1 10.17 14.77 -6.89 128.36 -0.13 14.72 3586
2 12.94 8.19 -6.38 109.97 17.4 19.69 3587
3 16.79 2.36 -7.5 -149.37 -60.62 -8.26 3588
1 10.17 14.77 -6.88 128.34 -0.15 14.7 3589
2 12.94 8.19 -6.38 109.95 17.4 19.69 3590
3 16.79 2.37 -7.5 -149.33 -60.64 -8.31 3591
1 10.17 14.77 -6.88 128.36 -0.13 14.72 3592
2 12.94 8.19 -6.38 109.97 17.4 19.69 3593
3 16.79 2.36 -7.5 -149.37 -60.64 -8.26 3594
1 10.17 14.77 -6.89 128.36 -0.13 14.72 3595
2 12.94 8.19 -6.38 109.97 17.4 19.69 3596
3 16.79 2.37 -7.5 -149.35 -60.64 -8.28 3597
1 10.17 14.77 -6.89 128.36 -0.13 14.72 3598
2 12.94 8.19 -6.38 109.97 17.38 19.67 3599
3 16.79 2.37 -7.5 -149.39 -60.62 -8.26 3600
