UTMX	UTMY	Idxa	Gridpt_no.	Sampled	Elev_mean	Slope_mean	Aspece_mean	Aspval_mean	Aspwest_mean	Cir_mean	Cir_median	Red_mean	Red_median	Grn_mean	Grn_median	SpringDist	StreamDist	Dist2Water	DepthClass
475609	4636643	99000414	2	n	1806.55	0.013	3.1111	0.922598	0.487512	68.0871	63	63.5359	55	66.7437	65	4538.67726	5297.54763	4538.67726	water
475909	4636643	99000415	3	n	1864.32	25.5744	281.511	0.460669	0.075279	134.422	134	128.647	127	105.283	102	4240.14734	5485.31212	4240.14734	MedDeep
476209	4636643	99000416	4	n	2000.5	26.625	300.644	0.561846	0.165966	130.221	130	113.671	115	92.0098	93	3941.84063	5682.71829	3941.84063	MedDeep
476509	4636643	99000417	5	n	2044.84	15.8567	190.487	0.16236	0.463788	143.696	146	126.527	133	105.293	109	3643.81197	5794.82888	3643.81197	MedDeep
476809	4636643	99000418	6	n	2083.22	18.8137	239.409	0.123658	0.120049	134.428	136	112.822	118	89.8502	93	3346.13565	5523.54414	3346.13565	Shallow
477109	4636643	99000419	7	n	2176.02	16.6072	268.156	0.241765	0.009751	143.495	143	128.124	132	108.137	111	3048.91488	5255.38181	3048.91488	Shallow
477409	4636643	99000420	8	n	2258.21	16.7963	250.691	0.170852	0.087871	159.799	161	149.154	152	130.112	130	2752.29723	4990.84523	2752.29723	Shallow
477709	4636643	99000421	9	n	2287.72	11.0177	179.998	0.192128	0.500489	154.08	153	139.037	137	123.766	119	2456.50121	4720.7252	2456.50121	Shallow
478009	4636643	99000422	10	n	2287.89	3.8847	121.047	0.543549	0.779149	155.294	155	141.164	144	119.736	119	2161.86408	4437.86261	2161.86408	Shallow
478309	4636643	99000423	11	n	2262.31	10.5033	47.0636	0.939028	0.835135	143.32	142	95.4331	95	86.3177	86	1868.93404	4157.40336	1868.93404	Deep
478609	4636643	99000424	12	n	2229.78	10.522	55.7341	0.958961	0.726472	139.36	139	89.0127	88	80.5835	79	1578.66163	3879.86866	1578.66163	Deep
478909	4636643	99000425	13	n	2221.02	4.8763	183.807	0.648457	0.435594	140.212	140	113.313	112	95.6135	94	1292.83823	3605.93385	1292.83823	Deep
479209	4636643	99000426	14	n	2213.44	9.4094	159.913	0.599164	0.503906	143.074	144	120.474	120	104.05	101	1015.22845	3336.48573	1015.22845	Medium
479509	4636643	99000427	15	n	2220.36	6.8652	136.31	0.739096	0.566498	138.62	138	113.693	115	99.6072	98	754.9483	3072.70486	754.9483	Medium
479809	4636643	99000428	16	n	2217.23	5.5158	122.394	0.788596	0.604983	136.707	136	119.384	120	102.979	103	537.77788	2816.18417	537.77788	Medium
480109	4636643	99000429	17	n	2196.05	7.1575	72.0056	0.894207	0.856704	132.001	132	100.643	102	87.4705	87	434.12346	2569.09934	434.12346	Medium
480409	4636643	99000430	18	n	2178.36	3.7219	83.1947	0.874716	0.767017	125.861	126	101.814	101	86.0446	86	517.41792	2334.44844	517.41792	Medium
480709	4636643	99000431	19	n	2199.35	9.7197	223.674	0.359312	0.287263	143.287	143	128.178	128	115.103	113	725.93349	2116.37134	725.93349	Shallow
481009	4636643	99000432	20	n	2192.05	9.5526	109.87	0.533733	0.809839	148.904	147	131.871	130	121.618	119	982.97383	1920.52227	982.97383	Shallow
481309	4636643	99000433	21	n	2166.17	6.4957	108.822	0.562488	0.793385	142.57	141	125.783	125	112.381	110	1259.16467	1754.3614	1259.16467	Medium
481609	4636643	99000434	22	n	2149.57	6.1142	122.568	0.532306	0.831522	136.556	136	117.491	118	102.742	103	1544.26481	1627.01015	1544.26481	Medium
481909	4636643	99000435	23	n	2137.73	5.6597	200.822	0.491266	0.539612	128.585	127	107.097	105	93.894	91	1765.77585	1548.07628	1548.07628	Medium
482209	4636643	99000436	24	n	2135.99	13.507	181.674	0.27361	0.571003	137.601	138	123.373	125	105.382	107	1573.46194	1525.09616	1525.09616	Medium
482509	4636643	99000437	25	n	2119.7	19.5042	263.132	0.579079	0.356521	131.279	125	106.193	101	91.9489	83	1419.01395	1454.80781	1419.01395	Shallow
482809	4636643	99000438	26	n	2155.05	5.2073	144.579	0.845772	0.544802	129.905	131	112.019	112	90.9547	91	1315.83385	1359.79554	1315.83385	Deep
483109	4636643	99000439	27	n	2157.1	3.583	252.796	0.703588	0.418574	131.514	131	117.466	118	96.6052	97	1276.41563	1327.2611	1276.41563	Deep
483409	4636643	99000440	28	n	2151.82	3.6939	102.899	0.629885	0.902924	143.797	145	118.004	118	105.249	106	1306.54314	1361.69018	1306.54314	Deep
483709	4636643	99000441	29	n	2137.83	2.6041	77.8744	0.77818	0.891707	134.784	136	116.49	117	100.638	101	1401.73931	1458.34779	1401.73931	Deep
484009	4636643	99000442	30	n	2128.52	7.267	144.995	0.369999	0.66073	132.159	135	114.525	116	98.8504	101	1550.06169	1606.03748	1550.06169	Deep
484309	4636643	99000443	31	n	2124.46	5.335	164.839	0.209274	0.601549	137.242	141	117.271	119	101.781	104	1516.46397	1738.73548	1516.46397	Deep
484609	4636643	99000444	32	n	2116.62	3.6479	99.8342	0.638533	0.894265	120.627	118	113.167	113	92.4923	91	1378.68538	1592.87765	1378.68538	Deep
484909	4636643	99000445	33	n	2089.22	9.702	90.4447	0.680914	0.879662	129.101	126	119.767	118	99.6171	97	1296.87462	1493.75946	1296.87462	Deep
485209	4636643	99000446	34	n	2064.63	5.1471	141.53	0.388319	0.708812	140.076	143	132.439	136	110.612	114	1281.79334	1450.9912	1281.79334	Deep
485509	4636643	99000447	35	n	2052.33	6.0877	142.405	0.366217	0.677491	142.707	144	138.007	139	114.61	116	1335.70378	1460.69206	1335.70378	Medium
485809	4636643	99000448	36	n	2048.48	6.0627	109.403	0.703943	0.543026	129.084	130	125.362	125	102.145	102	1391.81178	1272.47746	1272.47746	Deep
486109	4636643	99000449	37	n	2036.8	9.1855	88.0782	0.611764	0.618218	125.281	125	122.622	122	99.9544	99	1094.34757	972.50039	972.50039	Deep
486409	4636643	99000450	38	n	2028.84	9.726	132.729	0.378475	0.595589	121.377	121	124.534	125	99.7376	100	798.78231	672.54378	672.54378	Deep
486709	4636643	99000451	39	n	2035.92	7.2068	196.145	0.114441	0.369935	106.747	106	116.454	117	89.2011	89	508.43855	372.65703	372.65703	Deep
487009	4636643	99000452	40	n	2014.16	9.1524	135.689	0.499532	0.801408	122.682	123	126.708	129	102.875	104	242.82984	73.6884	73.6884	Deep
487309	4636643	99000453	41	n	2046	12.8417	226.157	0.353217	0.215289	77.6569	85	97.2719	102	65.6705	72	198.55202	197.1294	197.1294	Deep
487609	4636643	99000454	42	n	2057.09	4.9653	200.543	0.287153	0.40145	123.038	126	129.812	132	104.259	106	447.07883	471.09148	447.07883	Deep
487909	4636643	99000455	43	n	2057.61	1.6074	116.184	0.532779	0.903418	130.16	130	135.88	136	111.189	111	696.65488	752.22858	696.65488	Deep
488209	4636643	99000456	44	n	2052.23	0.9652	118.178	0.542759	0.909684	130.842	130	135.067	135	110.401	110	836.30506	1040.27009	836.30506	Deep
488509	4636643	99000457	45	n	2055.06	1.7321	228.5	0.06961	0.151855	128.506	129	133.807	134	108.314	108	1045.69798	1287.89979	1045.69798	Deep
488809	4636643	99000458	46	n	2055.73	1.3209	164.272	0.247823	0.612255	130.838	131	137.129	137	110.292	110	1291.34132	1015.89567	1015.89567	Deep
489109	4636643	99000459	47	n	2053.72	2.3092	121.775	0.523158	0.726939	125.565	126	135.352	135	109.143	109	1556.16211	765.11576	765.11576	Deep
489409	4636643	99000460	48	n	2042.49	5.2302	57.8272	0.962942	0.738188	112.071	112	121.675	122	96.7322	97	1831.86207	497.28613	497.28613	Medium
489709	4636643	99000461	49	n	2026.08	9.8984	89.5188	0.949911	0.721755	111.877	112	118.986	119	94.6981	95	2114.18939	260.74012	260.74012	Medium
490009	4636643	99000462	50	n	2002.29	7.5883	47.4545	0.978279	0.695777	117.999	118	121.963	123	98.7506	99	2400.80713	107.64274	107.64274	Deep
490309	4636643	99000463	51	n	1991.44	6.4674	90.725	0.666087	0.620775	125.302	124	121.734	123	101.312	102	2690.34441	10.60445	10.60445	Deep
490609	4636643	99000464	52	n	1989.52	6.4402	165.1	0.244539	0.477423	123.552	123	126.138	126	101.294	101	2981.9509	90.52827	90.52827	Deep
490909	4636643	99000465	53	n	1988.43	7.404	165.504	0.168373	0.607256	130.129	129	135.446	134	110.463	108	3275.07393	117.31081	117.31081	Deep
491209	4636643	99000466	54	n	1981.4	5.3878	173.679	0.2871	0.60291	132.488	133	132.694	134	110.211	111	3569.33991	67.39503	67.39503	Deep
491509	4636643	99000467	55	n	1978.67	4.4806	183.787	0.135557	0.423434	124.999	125	126.586	127	102.85	103	3864.48774	96.721	96.721	Deep
491809	4636643	99000468	56	n	1986.51	7.7438	192.822	0.088639	0.404895	121.143	121	126.646	126	102.556	102	4160.32975	193.31192	193.31192	Deep
492109	4636643	99000469	57	n	1990.47	10.479	199.253	0.221683	0.381218	114.83	118	117.183	120	94.8335	97	4456.7277	293.9181	293.9181	Deep
492409	4636643	99000470	58	n	2002.91	13.32	168.801	0.360062	0.531449	122.469	126	124.337	128	102.157	106	4386.7885	388.14949	388.14949	Deep
492709	4636643	99000471	59	n	2019.12	9.8693	176.566	0.271577	0.540345	121.736	122	123.766	124	101.181	102	4313.72362	497.635	497.635	Deep
493009	4636643	99000472	60	n	2000.09	7.9228	144.915	0.422158	0.713539	125.711	125	126.855	126	104.114	103	4260.5762	612.24206	612.24206	Deep
493309	4636643	99000473	61	n	1982.98	11.442	142.916	0.461409	0.673101	124.211	128	125.317	128	102.66	106	4228.09741	711.69208	711.69208	Deep
475609	4636443	99000482	62	n	1807.41	2.1018	71.7445	0.814925	0.391416	94.6084	69	96.558	77	92.3782	79	4562.13689	5140.30277	4562.13689	water
475909	4636443	99000483	63	n	1906.74	32.6161	290.693	0.41954	0.034573	127.675	129	115.8	119	91.771	94	4265.24924	5333.60579	4265.24924	MedDeep
476209	4636443	99000484	64	n	2023.61	24.0293	198.009	0.371932	0.536425	146.792	154	138.098	149	115.135	125	3968.8297	5536.42383	3968.8297	MedDeep
476509	4636443	99000485	65	n	2005.04	16.771	198.774	0.160825	0.39273	141.927	144	123.011	127	102.686	105	3672.99161	5747.74973	3672.99161	Shallow
476809	4636443	99000486	66	n	2061.7	23.0837	247.867	0.190441	0.106767	128.684	128	104.289	105	84.9641	85	3377.88772	5613.87937	3377.88772	MedDeep
477109	4636443	99000487	67	n	2167.56	20.2942	244.938	0.126858	0.087965	139.64	139	118.456	122	99.5814	102	3083.72884	5350.24669	3083.72884	Shallow
477409	4636443	99000488	68	n	2222.41	13.4757	217.02	0.078094	0.279968	158.081	158	140.885	144	123.958	125	2790.81381	5070.08579	2790.81381	Shallow
477709	4636443	99000489	69	n	2249.55	13.1178	236.156	0.218698	0.245906	150.073	147	132.371	129	114.389	110	2499.57993	4789.06547	2499.57993	Shallow
478009	4636443	99000490	70	n	2282.61	4.3671	215.596	0.393191	0.313907	151.301	152	138.248	139	116.39	116	2210.69174	4510.49068	2210.69174	Shallow
478309	4636443	99000491	71	n	2277.43	4.2903	79.1384	0.792772	0.940265	150.825	151	126.199	130	104.157	105	1925.20547	4234.84407	1925.20547	Shallow
478609	4636443	99000492	72	n	2257.4	9.9461	127.938	0.893748	0.62312	144.311	143	111.195	117	92.8741	94	1644.89337	3962.73674	1644.89337	Deep
478909	4636443	99000493	73	n	2242.28	9.5093	33.6759	0.990747	0.730048	137.768	137	77.3837	78	73.7025	75	1372.92838	3694.95069	1372.92838	Deep
479209	4636443	99000494	74	n	2222.91	6.1485	94.308	0.854018	0.686147	142.545	145	120.598	121	101.051	102	1115.43286	3432.49744	1115.43286	Medium
479509	4636443	99000495	75	n	2226.72	3.068	188.723	0.401532	0.451394	145.527	146	126.915	128	110.17	110	885.12631	3176.69904	885.12631	Medium
479809	4636443	99000496	76	n	2223.15	4.0538	124.316	0.748159	0.702788	140.715	139	122.873	122	107.809	106	709.01813	2929.29939	709.01813	Medium
480109	4636443	99000497	77	n	2205.65	5.4672	69.3108	0.88143	0.828491	131.434	131	106.359	106	92.0799	90	634.00697	2692.61454	634.00697	Medium
480409	4636443	99000498	78	n	2184.36	5.2272	103.486	0.805464	0.735168	127.101	127	97.2643	98	83.5371	83	693.70236	2469.72695	693.70236	Medium
480709	4636443	99000499	79	n	2196.95	9.4364	188.078	0.439902	0.465427	139.061	138	118.919	119	107.093	105	860.51211	2264.71396	860.51211	Shallow
481009	4636443	99000500	80	n	2179.7	3.6189	113.727	0.537398	0.879754	138.012	138	120.781	121	105.775	105	1086.158	2082.8604	1086.158	Medium
481309	4636443	99000501	81	n	2162.11	6.9307	85.8079	0.688647	0.830135	134.49	134	111.014	111	96.603	96	1341.26706	1930.72151	1341.26706	Shallow
481609	4636443	99000502	82	n	2140.86	7.0778	130.753	0.418792	0.770907	136.019	135	111.938	111	97.2919	97	1611.9105	1815.78184	1611.9105	Shallow
481909	4636443	99000503	83	n	2126.5	5.1088	153.221	0.244902	0.699424	132.189	130	113.189	110	100.175	97	1891.43162	1745.40592	1745.40592	Medium
482209	4636443	99000504	84	n	2124.69	14.3226	255.129	0.624684	0.452632	121.141	118	97.8981	96	84.5753	82	1739.62184	1725.0565	1725.0565	Shallow
482509	4636443	99000505	85	n	2152.56	10.17	293.465	0.748079	0.291764	131.191	131	108.824	109	92.4741	90	1601.28144	1639.3192	1601.28144	Medium
482809	4636443	99000506	86	n	2163.26	2.2262	125.471	0.783271	0.737039	131.122	131	113.775	114	95.0241	95	1510.60266	1555.61742	1510.60266	Medium
483109	4636443	99000507	87	n	2157.06	3.1068	139.565	0.520717	0.796867	139.026	138	123.049	123	104.631	105	1476.39375	1527.26019	1476.39375	Medium
483409	4636443	99000508	88	n	2146.07	4.1114	146.859	0.366341	0.696218	136.426	135	120.971	121	101.381	101	1502.51677	1557.27384	1502.51677	Deep
483709	4636443	99000509	89	n	2138.69	1.9252	118.313	0.51726	0.869118	125.16	127	113.874	115	94.8859	96	1585.9933	1642.46155	1585.9933	Deep
484009	4636443	99000510	90	n	2125.34	6.7012	92.0862	0.682984	0.889468	121.957	120	110.815	109	92.434	90	1551.44084	1774.89663	1551.44084	Deep
484309	4636443	99000511	91	n	2103.58	12.7854	150.108	0.321163	0.599418	123.885	124	115.433	115	95.0113	95	1352.06475	1908.69137	1352.06475	Medium
484609	4636443	99000512	92	n	2093.33	14.2134	159.786	0.196174	0.657436	136.898	138	129.936	131	108.628	110	1195.48714	1776.84014	1195.48714	Medium
484909	4636443	99000513	93	n	2066.84	10.78	127.498	0.387691	0.708258	126.645	126	117.375	118	97.5348	98	1100.13631	1688.5553	1100.13631	Medium
485209	4636443	99000514	94	n	2052.24	7.215	124.686	0.444973	0.708191	133.116	133	126.295	128	104.102	105	1082.3171	1650.84134	1082.3171	Medium
485509	4636443	99000515	95	n	2040.58	4.5873	154.133	0.293291	0.659483	138.463	139	134.604	135	110.308	111	1145.65296	1585.33496	1145.65296	Deep
485809	4636443	99000516	96	n	2048.32	6.404	210.672	0.145973	0.268654	126.861	128	126.07	127	100.039	101	1278.13579	1285.48242	1278.13579	Medium
486109	4636443	99000517	97	n	2047.78	3.0914	100.326	0.589806	0.784732	122.465	124	122.83	123	97.0853	97	1140.8938	985.71962	985.71962	Deep
486409	4636443	99000518	98	n	2038.17	5.938	61.6135	0.841238	0.807624	113.228	112	118.865	118	93.6633	92	861.4495	686.1642	686.1642	Deep
486709	4636443	99000519	99	n	2016.94	9.9675	131.515	0.447606	0.607708	122.789	124	128.674	130	102.178	104	602.12276	387.2976	387.2976	Deep
487009	4636443	99000520	100	n	2003.49	6.321	137.604	0.424457	0.794043	117.477	117	126.152	126	100.452	100	403.74297	95.59301	95.59301	Deep
487309	4636443	99000521	101	n	2023.91	15.7664	230.581	0.155529	0.207599	92.5301	91	109.551	106	77.9212	76	378.76769	189.90092	189.90092	Shallow
487609	4636443	99000522	102	n	2055.96	6.5493	226.396	0.575389	0.375412	115.24	124	125.491	131	97.3353	104	551.29079	478.06816	478.06816	Deep
487909	4636443	99000523	103	n	2056.4	1.4148	93.9902	0.703071	0.9651	130.122	130	136.279	136	111.372	111	802.73165	760.5087	760.5087	Deep
488209	4636443	99000524	104	n	2051.34	0.9255	107.613	0.601028	0.936254	127.331	127	133.434	133	108.425	108	1002.75012	1008.85034	1002.75012	Deep
488509	4636443	99000525	105	n	2052.08	1.9139	212.664	0.154125	0.273945	129.031	129	137.594	137	111.205	111	1183.04097	1274.80594	1183.04097	Deep
488809	4636443	99000526	106	n	2052.14	1.6456	135.382	0.386536	0.796278	129.132	128	135.486	135	109.036	109	1404.87154	1124.60911	1124.60911	Deep
489109	4636443	99000527	107	n	2051.88	1.8841	229.392	0.233622	0.231936	124.334	127	134.371	135	106.372	107	1651.58778	855.84872	855.84872	Deep
489409	4636443	99000528	108	n	2056.32	3.9886	128.185	0.846957	0.497862	109.054	109	119.668	120	94.3661	94	1913.58833	611.38789	611.38789	Medium
489709	4636443	99000529	109	n	2050.06	7.3097	93.4215	0.956902	0.65575	110.126	110	117.391	117	93.3033	93	2185.3829	420.36797	420.36797	Medium
490009	4636443	99000530	110	n	2031.99	10.8885	89.2347	0.960416	0.633632	117.091	118	121.174	122	97.4094	98	2463.73224	301.90286	301.90286	Medium
490309	4636443	99000531	111	n	2016.28	10.741	125.424	0.848286	0.67829	119.322	119	124.926	125	100.827	101	2746.64426	179.56314	179.56314	Deep
490609	4636443	99000532	112	n	1998.54	9.1378	142.314	0.918126	0.574064	119.767	119	124.245	124	98.9362	98	3032.84236	108.61803	108.61803	Deep
490909	4636443	99000533	113	n	1988.18	8.124	126.104	0.870188	0.616084	117.745	117	119.515	120	96.1589	96	3321.47722	81.79538	81.79538	Deep
491209	4636443	99000534	114	n	1986.16	8.3394	123.778	0.894664	0.594382	125.655	124	123.67	124	102.306	102	3611.96471	104.60505	104.60505	Deep
491509	4636443	99000535	115	n	1979.71	7.4477	149.657	0.781135	0.544199	134.463	135	132.369	135	110.404	112	3903.89129	36.58026	36.58026	Deep
491809	4636443	99000536	116	n	1971.13	5.6778	113.946	0.477908	0.643674	135.259	135	128.272	130	109.147	110	4196.95667	31.19483	31.19483	Deep
492109	4636443	99000537	117	n	1972.43	6.3649	194.109	0.090454	0.374141	123.034	123	119.191	120	99.0262	99	4490.93792	114.49594	114.49594	Deep
492409	4636443	99000538	118	n	1981.76	13.1337	181.762	0.201674	0.484106	124.288	128	126.148	129	104.309	107	4579.3684	188.55388	188.55388	Deep
492709	4636443	99000539	119	n	1999.43	14.2163	191.459	0.217189	0.432333	119.303	122	122.14	125	99.3523	102	4509.42492	325.23165	325.23165	Deep
493009	4636443	99000540	120	n	1986.31	9.7916	157.289	0.353406	0.638746	123.434	125	124.973	125	102.156	103	4458.61091	433.06119	433.06119	Deep
493309	4636443	99000541	121	n	1976.83	7.6126	137.558	0.503843	0.765095	123.985	127	124.646	127	102.68	105	4427.58505	512.45221	512.45221	Deep
475609	4636243	99000550	122	n	1818.92	11.5263	218.466	0.626416	0.228547	128.524	136	127.667	126	109.559	102	4594.1914	4986.12217	4594.1914	MedDeep
475909	4636243	99000551	123	n	1925.13	24.8615	252.083	0.172952	0.073073	137.59	140	123.258	131	99.955	105	4299.51773	5185.17622	4299.51773	MedDeep
476209	4636243	99000552	124	n	1961.54	21.7971	167.67	0.188576	0.617624	151.895	157	141.781	156	119.183	130	4005.63489	5393.57864	4005.63489	MedDeep
476509	4636243	99000553	125	n	1971.23	19.2282	227.306	0.235762	0.266792	137.204	138	115.756	116	96.0282	97	3712.73067	5610.28775	3712.73067	Shallow
476809	4636243	99000554	126	n	2039.66	25.8487	286.449	0.450967	0.175915	131.462	131	101.052	100	83.2221	82	3421.05643	5702.36051	3421.05643	MedDeep
477109	4636243	99000555	127	n	2138.84	26.0447	284.981	0.415913	0.11328	146.139	148	124.551	125	107.157	109	3130.95596	5420.91261	3130.95596	MedDeep
477409	4636243	99000556	128	n	2218.73	12.2755	302.553	0.522766	0.108956	145.398	144	130.169	129	110.873	108	2842.91107	5141.56315	2842.91107	Shallow
477709	4636243	99000557	129	n	2259.84	9.2596	289.468	0.537443	0.200882	141.653	140	125.048	123	102.819	101	2557.61637	4864.67365	2557.61637	Shallow
478009	4636243	99000558	130	n	2277.03	7.9356	198.071	0.096735	0.365944	153.592	153	139.92	139	122.252	120	2276.10624	4590.68926	2276.10624	Shallow
478309	4636243	99000559	131	n	2273.58	7.811	150.332	0.366497	0.707364	148.968	149	129.186	129	112.21	112	1999.97944	4320.16273	1999.97944	Shallow
478609	4636243	99000560	132	n	2270.26	4.9162	221.113	0.322193	0.327051	148.978	150	131.513	133	109.263	109	1731.81288	4053.78639	1731.81288	Shallow
478909	4636243	99000561	133	n	2267.59	6.4328	65.1867	0.881669	0.786168	147.69	148	109.223	124	93.0792	99	1475.95189	3792.43487	1475.95189	Shallow
479209	4636243	99000562	134	n	2232.87	6.9317	119.56	0.800568	0.748207	144.218	144	117.171	116	101.725	100	1240.03714	3537.22212	1240.03714	Deep
479509	4636243	99000563	135	n	2228.97	6.0638	138.802	0.688846	0.690479	144.506	143	117.576	115	103.25	99	1037.76213	3289.57725	1037.76213	Medium
479809	4636243	99000564	136	n	2219.02	4.2584	152.291	0.275036	0.675102	158.853	160	141.888	145	122.022	121	892.30509	3051.34341	892.30509	Medium
480109	4636243	99000565	137	n	2209.68	2.9448	143.714	0.42761	0.660534	137.802	137	117.334	117	101.839	101	833.94634	2824.9026	833.94634	Medium
480409	4636243	99000566	138	n	2195.98	8.4531	171.5	0.70636	0.630274	129.137	127	100.326	97	86.0879	83	880.18442	2613.32219	880.18442	Medium
480709	4636243	99000567	139	n	2197.94	6.6739	166.124	0.612609	0.642912	136.409	136	116.307	116	103.18	100	1016.84942	2420.50222	1016.84942	Shallow
481009	4636243	99000568	140	n	2171.72	5.9259	101.017	0.580527	0.765225	133.234	132	107.961	106	93.0855	91	1213.77134	2251.26833	1213.77134	Medium
481309	4636243	99000569	141	n	2150.98	9.0991	112.199	0.59357	0.791329	138.14	138	105.766	105	95.5134	95	1446.54727	2111.29989	1446.54727	Shallow
481609	4636243	99000570	142	n	2131.28	5.3337	115.608	0.69263	0.750383	129.359	128	98.2528	98	87.9634	87	1700.51672	2006.73001	1700.51672	Medium
481909	4636243	99000571	143	n	2130.79	7.5999	240.069	0.715012	0.370126	126.564	123	102.291	100	89.4563	86	1967.48958	1943.28162	1943.28162	Medium
482209	4636243	99000572	144	n	2151.41	9.0667	236.009	0.497786	0.226475	124.485	124	105.725	105	91.1578	89	1912.27242	1925.02509	1912.27242	Deep
482509	4636243	99000573	145	n	2166.68	1.5508	189.559	0.509763	0.524753	132.677	134	117.093	118	99.128	99	1787.34549	1827.09307	1787.34549	Medium
482809	4636243	99000574	146	n	2160.49	3.5755	131.715	0.405712	0.856528	137.204	137	118.888	119	100.129	100	1706.58198	1752.38329	1706.58198	Medium
483109	4636243	99000575	147	n	2152.37	4.1291	147.641	0.354715	0.698597	133.928	134	118.958	120	99.6844	100	1676.3771	1727.25949	1676.3771	Medium
483409	4636243	99000576	148	n	2139.56	4.8465	129.269	0.479257	0.764559	130.624	131	121.224	123	100.315	101	1699.42881	1753.85389	1699.42881	Medium
483709	4636243	99000577	149	n	2126.84	11.7609	164.42	0.456336	0.648552	125.655	127	117.597	122	97.0941	99	1530.28357	1829.913	1530.28357	Medium
484009	4636243	99000578	150	n	2110.61	12.8915	68.9331	0.671027	0.639307	126.633	128	111.77	113	94.6405	95	1383.61206	1949.65631	1383.61206	Medium
484309	4636243	99000579	151	n	2095.87	10.649	69.9295	0.859076	0.638168	113.687	112	98.5454	96	81.8872	80	1198.53879	2083.98762	1198.53879	Medium
484609	4636243	99000580	152	n	2081.32	8.7658	92.5381	0.960571	0.607297	114.714	113	100.548	99	82.9356	81	1018.62929	1963.94056	1018.62929	Medium
484909	4636243	99000581	153	n	2074.56	8.0709	32.4401	0.96429	0.671177	110.089	110	96.3373	97	78.3887	79	904.82928	1884.44173	904.82928	Medium
485209	4636243	99000582	154	n	2057.15	6.1917	68.0408	0.840281	0.819228	130.154	130	122.156	123	101.215	101	883.07782	1850.72385	883.07782	Medium
485509	4636243	99000583	155	n	2042.23	6.2156	98.2842	0.899473	0.683439	130.518	132	125.686	127	103.715	105	959.65454	1603.49262	959.65454	Deep
485809	4636243	99000584	156	n	2030.15	6.254	122.449	0.496741	0.646422	133.524	134	130.429	132	106.91	107	1114.47173	1305.17323	1114.47173	Deep
486109	4636243	99000585	157	n	2036.48	7.3454	184.989	0.075563	0.45862	131.834	133	132.741	134	106.154	107	1218.88503	1005.5224	1005.5224	Deep
486409	4636243	99000586	158	n	2038.8	3.3561	171.692	0.163578	0.550145	111.307	111	118.158	118	92.4642	92	962.36028	706.16812	706.16812	Deep
486709	4636243	99000587	159	n	2025.82	7.4212	74.3784	0.806516	0.863136	115.514	115	123.864	124	98.1112	98	739.31987	407.76408	407.76408	Deep
487009	4636243	99000588	160	n	1997.77	3.7897	103.196	0.636717	0.907738	122.388	121	125.54	126	102.093	102	589.10988	117.76956	117.76956	Deep
487309	4636243	99000589	161	n	2008.85	12.0425	233.992	0.122188	0.141168	87.4523	91	103.481	105	72.7898	76	572.28229	130.78854	130.78854	Deep
487609	4636243	99000590	162	n	2059.03	5.2071	157.572	0.453602	0.607733	116.087	125	125.26	131	97.7455	105	698.54391	403.93873	403.93873	Deep
487909	4636243	99000591	163	n	2055.56	1.4502	94.253	0.682683	0.923541	130.568	130	135.249	135	111.039	111	910.1759	648.90338	648.90338	Deep
488209	4636243	99000592	164	n	2049.91	1.3387	118.692	0.510603	0.862064	126.948	126	133.793	134	108.228	108	1161.41153	920.95262	920.95262	Deep
488509	4636243	99000593	165	n	2048.99	1.8416	178.084	0.249446	0.505853	132.603	132	141.021	141	113.659	113	1336.29622	1206.32991	1206.32991	Deep
488809	4636243	99000594	166	n	2048.63	1.4779	178.578	0.182236	0.526942	133.066	132	139.637	139	113.131	112	1536.15289	1215.59062	1215.59062	Deep
489109	4636243	99000595	167	n	2052.3	2.1853	278.276	0.386623	0.116402	123.678	125	132.896	133	104.797	105	1764.60869	969.00912	969.00912	Deep
489409	4636243	99000596	168	n	2065.3	3.3744	277.04	0.547916	0.157562	108.228	108	119.58	119	93.3723	93	2011.94482	759.66162	759.66162	Deep
489709	4636243	99000597	169	n	2070.44	5.7174	165.23	0.918908	0.50176	110.045	110	117.639	117	93.0836	93	2272.00354	595.60625	595.60625	Medium
490009	4636243	99000598	170	n	2063.35	8.8725	102.279	0.912317	0.689623	116.919	117	121.624	122	97.2759	98	2540.88138	490.8755	490.8755	Medium
490309	4636243	99000599	171	n	2032.39	9.9455	127.94	0.828472	0.661942	117.769	118	119.896	120	95.8499	96	2816.05333	369.52376	369.52376	Medium
490609	4636243	99000600	172	n	2022.57	7.6122	179.34	0.842887	0.601791	122.801	122	127.868	127	102.414	101	3095.84148	307.92422	307.92422	Deep
490909	4636243	99000601	173	n	2009.33	11.5153	200.242	0.588272	0.44665	115.839	116	120.766	121	93.9608	95	3379.09938	279.95539	279.95539	Deep
491209	4636243	99000602	174	n	2007.16	12.174	160.655	0.668552	0.700656	139.624	145	142.111	146	116.878	120	3665.02261	279.23372	279.23372	Deep
491509	4636243	99000603	175	n	2007.12	11.738	224.182	0.754589	0.427614	131.531	132	134.906	135	110.653	111	3953.03287	236.42563	236.42563	Deep
491809	4636243	99000604	176	n	1993	12.2121	107.411	0.79395	0.737794	147.356	149	147.158	149	123.839	125	4242.70515	150.61245	150.61245	Deep
492109	4636243	99000605	177	n	1969.56	7.3989	79.0582	0.819321	0.72442	143.52	145	133.976	137	116.242	119	4533.72089	51.71462	51.71462	Deep
492409	4636243	99000606	178	n	1960.74	3.5634	136.258	0.373625	0.631335	139.647	139	128.813	129	111.951	111	4772.55871	6.04085	6.04085	Deep
492709	4636243	99000607	179	n	1964.72	9.6289	183.575	0.084611	0.468565	131.691	132	122.18	123	104.54	105	4705.48773	143.99663	143.99663	Deep
493009	4636243	99000608	180	n	1969.47	8.3747	186.553	0.138577	0.444224	128.879	129	130.978	130	108.295	108	4656.8136	253.47642	253.47642	Deep
493309	4636243	99000609	181	n	1968.75	6.5628	156.842	0.328764	0.630347	124.701	126	126.296	127	104.165	105	4627.11692	314.17977	314.17977	Deep
475609	4636043	99000618	182	n	1827.63	10.0433	265.402	0.400056	0.122522	144.223	143	133.258	133	111.85	111	4634.66248	4835.29895	4634.66248	Deep
475909	4636043	99000619	183	n	1886.9	19.9519	226.166	0.096922	0.196833	144.367	146	131.795	138	108.797	113	4342.73582	5040.31289	4342.73582	MedDeep
476209	4636043	99000620	184	n	1911	15.3031	214.42	0.193863	0.333861	141.441	142	124.261	125	103.338	104	4051.98871	5254.46402	4051.98871	Shallow
476509	4636043	99000621	185	n	1959.58	21.2961	255.96	0.294127	0.15503	133.541	134	111.318	112	91.5023	92	3762.6946	5476.68059	3762.6946	Shallow
476809	4636043	99000622	186	n	2076.96	23.4087	268.664	0.271435	0.061672	129.645	131	102.431	106	83.3727	86	3475.21636	5706.02037	3475.21636	MedDeep
477109	4636043	99000623	187	n	2164.05	16.9208	259.073	0.226563	0.092985	148.058	149	128.887	131	111.257	112	3190.04497	5495.10647	3190.04497	Shallow
477409	4636043	99000624	188	n	2226.34	10.5459	247.759	0.188077	0.099594	153.873	154	140.874	142	121.303	121	2907.85918	5219.72923	2907.85918	Shallow
477709	4636043	99000625	189	n	2252.25	8.6032	186.632	0.13362	0.452663	154.722	154	141.231	141	121.828	120	2629.62034	4947.21653	2629.62034	Shallow
478009	4636043	99000626	190	n	2240.24	11.5028	175.056	0.144782	0.517128	149.803	149	131.949	131	116.404	115	2356.72681	4678.06899	2356.72681	Deep
478309	4636043	99000627	191	n	2236.64	12.2149	165.95	0.171248	0.610716	149.225	149	123.506	123	110.207	109	2091.2722	4412.9024	2091.2722	Deep
478609	4636043	99000628	192	n	2248.67	11.1984	235.459	0.123164	0.146015	142.379	142	122.308	123	105.461	105	1836.4851	4152.47947	1836.4851	Deep
478909	4636043	99000629	193	n	2270.55	3.0691	151.833	0.370601	0.692292	148.217	149	126.797	129	107.498	107	1597.4779	3897.75113	1597.4779	Shallow
479209	4636043	99000630	194	n	2249.5	8.4252	50.5115	0.94224	0.734427	141.32	141	104.091	102	91.9952	89	1382.45932	3649.90986	1382.45932	Deep
479509	4636043	99000631	195	n	2238.71	8.6519	140.843	0.790235	0.689358	145.545	146	118.977	119	107.571	105	1204.34708	3410.45747	1204.34708	Medium
479809	4636043	99000632	196	n	2218.2	4.4847	89.0077	0.865609	0.709956	145.888	147	117.231	120	102.125	103	1081.53133	3181.28877	1081.53133	Medium
480109	4636043	99000633	197	n	2210.47	4.889	48.3238	0.894697	0.676766	133.984	134	106.304	105	92.2652	91	1033.90916	2964.78943	1033.90916	Medium
480409	4636043	99000634	198	n	2206.12	4.3906	203.352	0.602045	0.593094	124.999	125	106.446	107	87.6197	87	1071.55321	2763.93822	1071.55321	Medium
480709	4636043	99000635	199	n	2201.01	4.7359	130.399	0.570063	0.75154	127.789	128	109.186	110	93.312	93	1186.37448	2582.38894	1186.37448	Medium
481009	4636043	99000636	200	n	2181.43	6.6888	74.7177	0.779633	0.872532	130.265	130	105.302	106	91.1965	90	1358.94905	2424.48154	1358.94905	Medium
481309	4636043	99000637	201	n	2160.85	11.2105	208.98	0.782099	0.620922	129.234	129	98.3595	100	86.4944	86	1570.35049	2295.10106	1570.35049	Medium
481609	4636043	99000638	202	n	2146.69	8.0552	116.278	0.861892	0.706852	131.387	131	101.491	102	89.9233	90	1807.0027	2199.28784	1807.0027	Medium
481909	4636043	99000639	203	n	2153.98	9.0524	315.671	0.747412	0.271007	124.18	123	97.9412	98	82.7773	82	2060.22254	2141.55204	2060.22254	Medium
482209	4636043	99000640	204	n	2161.49	6.3839	199.195	0.73917	0.404601	123.957	122	98.0062	94	85.122	81	2089.8056	2124.99959	2089.8056	Medium
482509	4636043	99000641	205	n	2168.21	3.9248	185.915	0.726262	0.599585	132.068	136	112.143	115	95.789	97	1976.134	2017.21857	1976.134	Medium
482809	4636043	99000642	206	n	2155.12	3.176	94.4657	0.673012	0.910461	138.856	139	118.265	118	99.7783	100	1903.39794	1949.80739	1903.39794	Medium
483109	4636043	99000643	207	n	2144.8	2.6016	108.218	0.578492	0.799839	132.686	134	117.861	118	99.1108	100	1808.55202	1927.25893	1808.55202	Medium
483409	4636043	99000644	208	n	2135.54	5.7925	172.488	0.597178	0.683196	126.743	129	115.738	118	95.3555	96	1575.90449	1951.12919	1575.90449	Medium
483709	4636043	99000645	209	n	2136.58	5.0644	154.443	0.738369	0.718332	132.692	137	125.161	129	103.617	107	1369.70417	2019.77307	1369.70417	Deep
484009	4636043	99000646	210	n	2124.49	3.989	108.783	0.535672	0.82997	131.587	136	124.672	129	103.436	107	1203.62122	2128.86387	1203.62122	Deep
484309	4636043	99000647	211	n	2104.63	7.957	124.43	0.44303	0.815291	122.535	123	113.456	113	93.3601	93	1060.61838	2263.38376	1060.61838	Deep
484609	4636043	99000648	212	n	2093.21	6.0033	155.646	0.276385	0.519171	115.289	114	109.704	108	87.958	86	852.0691	2153.36114	852.0691	Medium
484909	4636043	99000649	213	n	2086.95	3.602	90.4209	0.721008	0.939784	112.158	111	105.498	104	85.1619	84	712.13212	2081.11083	712.13212	Medium
485209	4636043	99000650	214	n	2066.18	6.281	96.1092	0.893763	0.770302	127.787	127	118.921	118	98.655	98	684.28251	1921.03685	684.28251	Medium
485509	4636043	99000651	215	n	2054.82	4.3228	101.165	0.801765	0.781398	132.047	134	128.631	130	106.823	108	780.61063	1624.18617	780.61063	Medium
485809	4636043	99000652	216	n	2036.73	6.3156	42.1263	0.953888	0.801155	133.632	134	129.485	130	107.303	108	964.60529	1328.75085	964.60529	Deep
486109	4636043	99000653	217	n	2022.07	6.0283	62.6522	0.792786	0.679573	135.393	136	131.968	132	109.48	110	1196.48392	1035.94254	1035.94254	Deep
486409	4636043	99000654	218	n	2018.7	8.27	146.603	0.339245	0.540479	126.669	128	129.958	131	104.67	105	1090.95342	748.84917	748.84917	Medium
486709	4636043	99000655	219	n	2018.83	8.7334	157.907	0.242409	0.643161	125.322	125	134.395	134	107.369	107	900.35323	477.45297	477.45297	Deep
487009	4636043	99000656	220	n	1997.25	4.5977	111.282	0.57192	0.899223	129.051	126	133.089	132	108.959	108	781.72406	217.53067	217.53067	Deep
487309	4636043	99000657	221	n	1992.23	6.1375	189.935	0.239539	0.385733	117.019	116	121.39	123	95.0416	95	769.12228	68.91984	68.91984	Deep
487609	4636043	99000658	222	n	2046.83	11.0858	206.368	0.270456	0.244679	99.7153	100	113.825	115	83.3964	84	867.18259	289.9985	289.9985	Deep
487909	4636043	99000659	223	n	2057.2	1.6167	65.5189	0.889787	0.935834	130.865	131	134.647	135	110.793	111	1045.20918	575.48002	575.48002	Deep
488209	4636043	99000660	224	n	2050.52	1.3635	74.9303	0.897411	0.839058	126.512	127	131.995	132	107.212	107	1270.0074	870.77861	870.77861	Deep
488509	4636043	99000661	225	n	2046.27	2.0534	65.5875	0.84489	0.752008	125.484	126	137.554	138	110.733	111	1500.5963	1168.47486	1168.47486	Deep
488809	4636043	99000662	226	n	2044.39	2.5648	193.74	0.317054	0.386974	127.409	128	139.999	140	110.675	110	1681.03164	1328.21768	1328.21768	Deep
489109	4636043	99000663	227	n	2055.05	2.9642	272.154	0.317232	0.121705	119.216	121	130.517	131	102.55	103	1892.07439	1106.94812	1106.94812	Deep
489409	4636043	99000664	228	n	2069.4	3.8306	269.566	0.296763	0.087309	107.554	108	120.187	120	92.5485	93	2124.62317	918.49574	918.49574	Deep
489709	4636043	99000665	229	n	2083.31	3.0129	286.774	0.434639	0.117197	111.883	111	121.978	121	96.3823	96	2372.36206	773.46523	773.46523	Medium
490009	4636043	99000666	230	n	2082.37	8.0287	137.233	0.910351	0.62699	117.744	117	120.265	120	97.6878	97	2631.00359	668.0053	668.0053	Medium
490309	4636043	99000667	231	n	2061.53	10.5801	40.1891	0.96717	0.757413	124.09	124	123.575	124	100.659	101	2897.62972	563.63636	563.63636	Medium
490609	4636043	99000668	232	n	2035.96	8.8877	126.821	0.783603	0.784041	122.407	122	123.282	124	100.568	100	3170.22651	507.6603	507.6603	Deep
490909	4636043	99000669	233	n	2021.47	7.4276	213.154	0.833654	0.494388	135.809	136	136.44	137	110.43	110	3447.37788	477.63561	477.63561	Deep
491209	4636043	99000670	234	n	2018.77	12.3746	203.933	0.684857	0.47086	129.034	128	130.98	130	107.594	107	3728.06818	472.3641	472.3641	Deep
491509	4636043	99000671	235	n	2027.05	9.9939	179.635	0.690835	0.559672	143.06	142	145.214	145	121.033	121	4011.55462	436.34703	436.34703	Deep
491809	4636043	99000672	236	n	2006.51	15.5227	206.357	0.708285	0.52187	132.589	135	131.747	134	109.055	111	4237.44438	348.97817	348.97817	Deep
492109	4636043	99000673	237	n	2006.31	16.5931	129.507	0.81992	0.64619	145.47	150	143.172	147	122.995	128	4450.44905	233.69093	233.69093	Deep
492409	4636043	99000674	238	n	1968.45	8.1781	46.5736	0.958883	0.835574	150.597	150	145.287	145	126.371	126	4673.01387	148.52523	148.52523	Deep
492709	4636043	99000675	239	n	1952.54	1.8647	92.9703	0.697565	0.891141	163.216	166	147.055	151	134.522	135	4734.57051	21.68561	21.68561	Deep
493009	4636043	99000676	240	n	1951.84	2.7229	179.014	0.133878	0.483366	135.4	131	123.389	123	106.661	104	4808.03453	91.10591	91.10591	Deep
493309	4636043	99000677	241	n	1953.3	4.2617	172.516	0.12486	0.553469	132.16	131	130.855	130	109.645	108	4826.68754	121.38135	121.38135	Deep
475609	4635843	99000686	242	n	1850.8	19.3415	206.876	0.59964	0.276367	141.18	142	130.251	132	107.04	108	4683.33193	4688.15716	4683.33193	MedDeep
475909	4635843	99000687	243	n	1868	7.2754	223.33	0.46099	0.241495	145.436	148	132.857	141	111.478	118	4394.63947	4899.33217	4394.63947	Deep
476209	4635843	99000688	244	n	1902.24	10.7073	284.331	0.380731	0.065304	139.806	141	124.576	129	103.209	106	4107.56792	5119.38413	4107.56792	Deep
476509	4635843	99000689	245	n	1971.04	20.2244	299.951	0.505352	0.127492	135.422	137	111.557	117	92.9082	97	3822.48248	5347.21722	3822.48248	Shallow
476809	4635843	99000690	246	n	2050.58	24.378	274.866	0.373973	0.193669	132.156	133	100.229	98	82.5078	82	3539.86305	5581.87872	3539.86305	MedDeep
477109	4635843	99000691	247	n	2138.69	21.4933	263.721	0.250394	0.101765	138.986	137	114.02	116	96.2666	95	3260.35099	5517.28992	3260.35099	MedDeep
477409	4635843	99000692	248	n	2215.6	11.1737	258.263	0.19216	0.046207	154.943	155	139.06	139	121.358	120	2984.81937	5293.04885	2984.81937	Shallow
477709	4635843	99000693	249	n	2236.74	6.5045	147.992	0.512783	0.659681	155.469	155	139.947	138	126.773	123	2714.48058	5036.35315	2714.48058	Deep
478009	4635843	99000694	250	n	2215.35	6.6369	150.236	0.296967	0.681598	152.323	151	134.294	132	120.888	118	2451.05343	4772.23545	2451.05343	Deep
478309	4635843	99000695	251	n	2207.58	6.8806	171.958	0.141994	0.570369	145.861	144	121.023	119	108.484	105	2197.0255	4512.6056	2197.0255	Deep
478609	4635843	99000696	252	n	2230.34	12.1963	229.37	0.063723	0.145646	143.749	143	121.532	122	105.826	105	1956.06216	4258.28456	1956.06216	Deep
478909	4635843	99000697	253	n	2255.3	9.9728	221.061	0.239386	0.334248	140.986	140	119.982	121	104.138	104	1733.61971	4010.28248	1733.61971	Deep
479209	4635843	99000698	254	n	2263.64	2.1875	173.129	0.661832	0.590115	135.967	135	115.118	115	95.5961	94	1537.75662	3769.84664	1537.75662	Shallow
479509	4635843	99000699	255	n	2253.3	5.5343	82.1565	0.691768	0.782179	137.46	136	114.566	115	97.5676	96	1379.83824	3538.51972	1379.83824	Medium
479809	4635843	99000700	256	n	2241.66	6.9441	76.5081	0.839006	0.660076	131.24	131	105.696	106	89.1588	89	1274.05325	3318.20733	1274.05325	Shallow
480109	4635843	99000701	257	n	2228.93	7.0084	43.3433	0.939308	0.796738	129.143	129	100.294	100	86.6389	85	1233.88403	3111.25024	1233.88403	Medium
480409	4635843	99000702	258	n	2205.16	4.517	87.6703	0.713925	0.866364	128.631	128	101.392	100	87.9461	87	1265.5939	2920.48903	1265.5939	Medium
480709	4635843	99000703	259	n	2193.56	3.6872	103.668	0.552567	0.792881	126.994	127	104.847	104	87.4315	87	1364.17963	2749.29705	1364.17963	Medium
481009	4635843	99000704	260	n	2184.43	7.3104	192.86	0.690088	0.597324	126.298	125	101.106	100	85.916	85	1516.65559	2601.54039	1516.65559	Medium
481309	4635843	99000705	261	n	2188.33	8.5257	147.326	0.923165	0.653926	128.086	128	101.767	103	87.6503	87	1708.65512	2481.40898	1708.65512	Medium
481609	4635843	99000706	262	n	2169.7	11.0111	137.097	0.942862	0.590411	129.695	129	91.5787	90	84.5023	82	1928.40878	2393.06679	1928.40878	Medium
481909	4635843	99000707	263	n	2180.16	7.9938	288.495	0.650177	0.288332	124.956	125	108.065	109	88.226	88	2167.4913	2340.11683	2167.4913	Shallow
482209	4635843	99000708	264	n	2182.32	6.2051	137.155	0.754484	0.596731	126.768	127	104.854	106	87.9901	87	2271.07664	2308.13654	2271.07664	Shallow
482509	4635843	99000709	265	n	2177.76	3.6572	86.6138	0.831163	0.812909	126.773	124	107.234	106	91.1617	90	2166.93499	2209.08859	2166.93499	Shallow
482809	4635843	99000710	266	n	2160.14	6.1017	52.26	0.921922	0.814859	136.279	136	112.927	114	97.3656	97	1962.79586	2147.7082	1962.79586	Medium
483109	4635843	99000711	267	n	2148.71	4.2185	85.5067	0.913926	0.75371	136.605	137	120.666	121	101.661	102	1698.58239	2127.25848	1698.58239	Medium
483409	4635843	99000712	268	n	2142.18	3.3954	195.021	0.757316	0.471658	133.506	134	123.251	124	102.039	103	1448.37726	2148.90828	1448.37726	Medium
483709	4635843	99000713	269	n	2136.91	3.8394	97.7088	0.67267	0.944265	139.967	140	128.647	129	107.429	107	1220.82399	2211.42147	1220.82399	Deep
484009	4635843	99000714	270	n	2118.54	4.5698	97.4839	0.671697	0.949465	129.833	133	120.256	124	99.5254	103	1031.03141	2311.48503	1031.03141	Medium
484309	4635843	99000715	271	n	2086.41	8.0248	117.98	0.522106	0.892132	134.613	135	120.766	120	102.077	101	903.12807	2426.3204	903.12807	Medium
484609	4635843	99000716	272	n	2072.31	6.7422	185.562	0.087628	0.454536	109.595	109	102.754	102	80.936	80	703.16277	2344.53958	703.16277	Medium
484909	4635843	99000717	273	n	2070.75	9.0197	168.372	0.132277	0.599292	129.939	130	121.514	120	99.431	99	524.92693	2250.53018	524.92693	Medium
485209	4635843	99000718	274	n	2063.42	8.3369	154.687	0.2352	0.644058	142.899	144	139.108	140	114.744	116	486.47578	1957.67317	486.47578	Medium
485509	4635843	99000719	275	n	2050.91	5.3559	179.172	0.208345	0.521393	136.977	136	134.281	134	110.955	109	614.62923	1667.3579	614.62923	Medium
485809	4635843	99000720	276	n	2047.02	4.7444	114.425	0.527851	0.726988	139.799	140	139.254	140	115.586	116	835.99013	1381.18807	835.99013	Medium
486109	4635843	99000721	277	n	2037.75	4.5722	50.5321	0.955991	0.784842	132.386	133	130.237	131	107.19	107	1095.4405	1102.39676	1095.4405	Deep
486409	4635843	99000722	278	n	2024.33	5.9621	46.3576	0.972514	0.656331	117.426	118	119.965	120	95.5262	96	1238.63692	837.15638	837.15638	Deep
486709	4635843	99000723	279	n	2007.31	6.4193	59.2536	0.858649	0.798186	119.246	118	123.912	124	99.4354	99	1074.55944	561.89471	561.89471	Deep
487009	4635843	99000724	280	n	1995.46	3.8936	73.641	0.850317	0.789691	119.667	118	125.677	125	100.538	100	977.30986	290.28674	290.28674	Deep
487309	4635843	99000725	281	n	1985.56	2.8276	150.903	0.439132	0.652781	129.799	130	128.726	130	106.254	106	967.2596	40.74195	40.74195	Deep
487609	4635843	99000726	282	n	2026.66	14.9568	237.294	0.133187	0.12591	92.7674	94	109.306	110	76.5383	77	1046.92297	258.21308	258.21308	Shallow
487909	4635843	99000727	283	n	2056.49	2.9717	139.714	0.408733	0.685846	130.05	131	135.155	136	109.872	111	1198.54257	558.15063	558.15063	Deep
488209	4635843	99000728	284	n	2052.97	1.3525	65.9339	0.881328	0.915154	129.9	130	135.338	135	111.211	111	1398.91417	858.13183	858.13183	Deep
488509	4635843	99000729	285	n	2048.94	1.3764	128.084	0.50628	0.724847	120.911	123	133.602	134	107.422	108	1630.15871	1119.76303	1119.76303	Deep
488809	4635843	99000730	286	n	2042.76	3.0266	174.461	0.423607	0.546304	112.459	111	130.738	130	101.595	101	1836.29219	1391.38326	1391.38326	Deep
489109	4635843	99000731	287	n	2055.81	5.1018	266.068	0.308009	0.145953	103.409	103	119.796	119	90.8036	90	2031.26738	1258.67309	1258.67309	Deep
489409	4635843	99000732	288	n	2070.96	3.649	298.49	0.532099	0.201387	106.426	107	118.488	119	91.8876	92	2249.47222	1090.84191	1090.84191	Deep
489709	4635843	99000733	289	n	2085.03	3.6014	288.366	0.402183	0.040934	102.932	103	114.087	114	88.6368	89	2484.79444	960.07818	960.07818	Deep
490009	4635843	99000734	290	n	2101.06	4.3674	217.957	0.740397	0.326433	107.859	108	114.365	114	90.3323	90	2732.81568	847.2401	847.2401	Medium
490309	4635843	99000735	291	n	2085.03	10.8298	49.1036	0.938757	0.840263	126.331	127	123.698	124	102.418	103	2990.37784	759.33366	759.33366	Medium
490609	4635843	99000736	292	n	2056.31	9.8677	134.928	0.940503	0.606949	127.713	126	124.331	123	101.976	101	3255.21701	701.93695	701.93695	Deep
490909	4635843	99000737	293	n	2037.25	7.8719	107.313	0.814827	0.775451	144.133	145	142.517	143	116.875	118	3507.33522	675.3049	675.3049	Deep
491209	4635843	99000738	294	n	2041.15	8.5697	243.286	0.740741	0.332015	130.236	131	131.82	132	107.313	108	3689.43928	669.49944	669.49944	Deep
491509	4635843	99000739	295	n	2037.6	10.2754	191.62	0.785214	0.602245	138.6	139	138.196	140	115.29	116	3886.19661	627.52679	627.52679	Deep
491809	4635843	99000740	296	n	2037.48	13.3913	220.657	0.750145	0.428102	129.919	126	127.381	126	106.905	105	4095.49582	543.2392	543.2392	Deep
492109	4635843	99000741	297	n	2030.03	13.6103	136.351	0.802148	0.636651	149.541	153	145.678	148	126.283	129	4315.51247	418.90062	418.90062	Deep
492409	4635843	99000742	298	n	1999.02	14.6825	71.0087	0.92504	0.664053	149.929	150	146.144	147	126.639	127	4481.6985	326.27329	326.27329	Deep
492709	4635843	99000743	299	n	1967.43	11.0265	39.5583	0.959144	0.789727	154.253	152	150.324	148	131.012	128	4539.45587	221.52833	221.52833	Deep
493009	4635843	99000744	300	n	1951.12	2.4977	110.453	0.908486	0.692069	145.999	147	139.357	141	120.126	121	4616.02618	85.46584	85.46584	Deep
493309	4635843	99000745	301	n	1947.05	1.791	106.662	0.741985	0.727809	137.198	137	122.599	124	106.289	107	4710.4921	46.63798	46.63798	Deep
475609	4635643	99000754	302	n	1870.84	24.377	227.705	0.301029	0.252317	146.263	146	139.187	138	114.745	114	4739.94721	4545.05437	4545.05437	MedDeep
475909	4635643	99000755	303	n	1865.82	12.7593	200.887	0.322055	0.411618	150.324	150	142.716	145	119.666	121	4454.92511	4762.57886	4454.92511	Deep
476209	4635643	99000756	304	n	1914.06	16.7779	275.052	0.336579	0.095214	140.094	142	127.434	132	104.321	106	4172.00382	4988.6667	4172.00382	Shallow
476509	4635643	99000757	305	n	2013.46	23.8812	292.556	0.441877	0.065859	132.469	134	115.06	120	93.1245	97	3891.64155	5222.20582	3891.64155	MedDeep
476809	4635643	99000758	306	n	2108.68	23.442	322.143	0.679709	0.206664	132.756	133	96.1654	99	80.7552	83	3614.43385	5423.78196	3614.43385	MedDeep
477109	4635643	99000759	307	n	2168.65	15.8281	325.639	0.711735	0.224986	139.519	140	107.623	115	91.3628	96	3341.166	5389.32182	3341.166	MedDeep
477409	4635643	99000760	308	n	2215.87	9.2701	251.025	0.275702	0.178131	147.631	147	132.812	132	112.678	111	3072.88925	5159.52205	3072.88925	Shallow
477709	4635643	99000761	309	n	2226.12	7.067	157.499	0.270774	0.65412	156.871	155	145.377	143	130.848	127	2811.03299	4937.26098	2811.03299	Shallow
478009	4635643	99000762	310	n	2208.03	4.3129	112.352	0.54359	0.836283	142.531	141	126.242	124	108.416	106	2557.57006	4723.60287	2557.57006	Shallow
478309	4635643	99000763	311	n	2194.33	4.0852	145.536	0.401268	0.673156	138.153	137	113.868	113	98.0674	96	2315.25867	4519.76794	2315.25867	Shallow
478609	4635643	99000764	312	n	2204.23	8.0499	217.716	0.034107	0.213141	140.461	139	116.801	114	102.891	100	2087.98488	4325.77367	2087.98488	Deep
478909	4635643	99000765	313	n	2248.62	12.5076	229.128	0.274748	0.257347	136.727	136	117.14	116	100.072	98	1881.20678	4129.43909	1881.20678	Deep
479209	4635643	99000766	314	n	2253.89	7.6267	158.09	0.205032	0.675183	140.666	140	119.322	118	103.36	102	1702.4092	3896.36309	1702.4092	Shallow
479509	4635643	99000767	315	n	2247.38	5.2646	187.274	0.244921	0.495558	134.764	134	114.304	112	97.74	95	1561.23516	3673.01286	1561.23516	Medium
479809	4635643	99000768	316	n	2238.27	8.8169	147.956	0.298824	0.728648	140.932	141	116.482	116	101.93	102	1468.57528	3461.27167	1468.57528	Medium
480109	4635643	99000769	317	n	2229.28	8.5921	160.195	0.243896	0.556718	142.29	143	127.446	128	107.972	108	1433.86592	3263.40002	1433.86592	Shallow
480409	4635643	99000770	318	n	2221.58	8.4971	78.7164	0.846295	0.654387	127.939	128	99.3193	95	85.9902	83	1461.24248	3082.07038	1461.24248	Shallow
480709	4635643	99000771	319	n	2205.63	7.6274	47.9635	0.974385	0.639596	119.731	120	89.0084	89	75.9709	75	1547.41323	2920.36572	1547.41323	Medium
481009	4635643	99000772	320	n	2201.71	6.5864	187.458	0.775483	0.528888	123.121	123	97.9076	98	82.7868	83	1683.37335	2781.71064	1683.37335	Shallow
481309	4635643	99000773	321	n	2198.97	2.7245	111.941	0.540634	0.837651	129.064	129	108.328	107	91.9417	91	1858.22603	2669.6989	1858.22603	Shallow
481609	4635643	99000774	322	n	2190.52	4.1949	128.829	0.487713	0.679583	130.838	131	110.811	111	93.711	93	2062.10138	2587.79256	2062.10138	Shallow
481909	4635643	99000775	323	n	2185.13	4.9192	154.052	0.362036	0.707038	129.574	130	108.428	109	91.4598	91	2287.25167	2538.90694	2287.25167	Shallow
482209	4635643	99000776	324	n	2173.78	9.5314	146.994	0.263283	0.601022	127.791	127	105.31	104	90.4833	89	2453.90713	2493.67118	2453.90713	Deep
482509	4635643	99000777	325	n	2170.22	8.462	160.924	0.239603	0.573221	124.432	124	106.358	106	89.2445	89	2166.62751	2402.28517	2166.62751	Shallow
482809	4635643	99000778	326	n	2164.58	7.2931	128.712	0.427073	0.614773	122.247	122	105.945	105	90.6689	89	1883.31869	2345.96509	1883.31869	Medium
483109	4635643	99000779	327	n	2154.62	7.2496	108.159	0.520806	0.697186	140.995	141	127.593	128	107.367	107	1606.08339	2327.25811	1606.08339	Medium
483409	4635643	99000780	328	n	2145.19	5.6285	159.355	0.433585	0.629907	137.43	139	126.122	127	105.111	105	1338.70026	2293.9235	1338.70026	Deep
483709	4635643	99000781	329	n	2132.06	5.0292	122.12	0.485781	0.853604	142.039	142	132.774	133	110.768	111	1088.45438	2233.84002	1088.45438	Deep
484009	4635643	99000782	330	n	2115.65	4.2931	99.3041	0.656025	0.951728	140.261	141	133.923	134	110.737	111	870.25713	2210.88499	870.25713	Deep
484309	4635643	99000783	331	n	2084.93	8.0693	74.3019	0.821277	0.926678	136.356	141	122.073	126	102.756	107	714.11625	2227.53952	714.11625	Medium
484609	4635643	99000784	332	n	2056.5	7.5083	105.105	0.589355	0.758771	117.302	116	109.271	108	88.5041	87	585.53737	2275.37694	585.53737	Medium
484909	4635643	99000785	333	n	2044.27	8.0051	144.83	0.302495	0.622165	120.176	119	113.315	111	91.2795	90	352.0858	2285.49428	352.0858	Medium
485209	4635643	99000786	334	n	2040.32	5.4	173.144	0.150613	0.552541	127.419	127	124.602	125	100.548	101	291.67588	2013.60023	291.67588	Medium
485509	4635643	99000787	335	n	2035.7	4.8183	169.911	0.175343	0.573143	131.665	133	130.565	131	105.091	105	475.58934	1732.68116	475.58934	Medium
485809	4635643	99000788	336	n	2034.72	6.4745	192.958	0.202953	0.436455	128.511	130	128.493	129	103.368	104	739.79431	1459.37731	739.79431	Medium
486109	4635643	99000789	337	n	2043.22	5.3033	141.841	0.541046	0.679112	134.614	135	133.682	134	108.969	110	1023.917	1194.34964	1023.917	Medium
486409	4635643	99000790	338	n	2035.44	2.2127	89.2989	0.782947	0.665184	127.613	131	131.137	133	104.581	106	1157.04762	914.79462	914.79462	Deep
486709	4635643	99000791	339	n	2025.12	5.5588	47.475	0.963827	0.818798	111.981	112	120.049	120	93.968	94	980.3348	623.25894	623.25894	Deep
487009	4635643	99000792	340	n	2009.2	6.5477	70.9328	0.930216	0.754331	111.823	111	122.522	122	95.1386	95	873.701	330.19665	330.19665	Deep
487309	4635643	99000793	341	n	1983.32	3.9769	127.365	0.526644	0.71884	132.886	132	130.013	131	108.567	109	863.51061	36.75392	36.75392	Deep
487609	4635643	99000794	342	n	1997.92	12.0255	232.142	0.07112	0.134017	99.8415	105	113.253	116	82.1177	86	952.8629	246.2504	246.2504	Shallow
487909	4635643	99000795	343	n	2046.92	8.8578	226.483	0.193147	0.249735	112.693	115	123.928	127	95.6638	99	1118.14347	507.95143	507.95143	Deep
488209	4635643	99000796	344	n	2053.41	2.0219	103.449	0.692078	0.887893	129.962	133	135.623	137	110.735	113	1331.36845	761.63822	761.63822	Deep
488509	4635643	99000797	345	n	2046.62	1.466	97.1938	0.667601	0.918515	121.31	122	132.93	134	106.096	107	1570.18104	1040.06337	1040.06337	Deep
488809	4635643	99000798	346	n	2041.13	4.171	185.059	0.465331	0.50809	109.756	109	128.477	128	98.8443	99	1752.07152	1327.38462	1327.38462	Deep
489109	4635643	99000799	347	n	2057.55	6.2994	233.713	0.438707	0.305932	99.7554	100	116.408	116	87.4294	87	1963.17108	1417.94203	1417.94203	Deep
489409	4635643	99000800	348	n	2069.58	5.2111	275.347	0.389774	0.189766	102.265	103	116.109	117	88.5896	89	2195.06875	1265.33539	1265.33539	Deep
489709	4635643	99000801	349	n	2086.2	4.1054	270.58	0.285453	0.074542	101.046	101	112.775	113	87.0421	87	2441.84621	1151.1958	1151.1958	Deep
490009	4635643	99000802	350	n	2105.04	3.9736	266.843	0.27539	0.076747	107.569	108	114.795	115	90.6624	91	2699.42568	1033.93009	1033.93009	Deep
490309	4635643	99000803	351	n	2111.55	8.7444	141.708	0.900681	0.559904	125.496	123	123.358	122	101.746	101	2964.99327	951.76673	951.76673	Medium
490609	4635643	99000804	352	n	2092.55	13.5352	110.435	0.939446	0.672481	141.772	143	134.56	136	112.384	113	3173.00955	895.66575	895.66575	Medium
490909	4635643	99000805	353	n	2053.46	10.7675	149.675	0.8453	0.679972	142.63	145	137.339	138	114.445	116	3346.42369	873.57791	873.57791	Deep
491209	4635643	99000806	354	n	2064.14	7.5166	233.731	0.760976	0.482587	136.819	138	138.374	140	114.26	115	3536.8225	867.94652	867.94652	Deep
491509	4635643	99000807	355	n	2058.1	7.208	184.273	0.69032	0.510209	137.325	137	139.3	140	116.44	117	3741.61399	814.18151	814.18151	Deep
491809	4635643	99000808	356	n	2060.94	9.6426	154.852	0.56797	0.566972	144.44	144	145.069	145	122.818	122	3958.56504	721.75385	721.75385	Deep
492109	4635643	99000809	357	n	2041.36	14.8067	142.968	0.424189	0.639836	150.75	154	150.717	153	129.966	133	4185.78536	613.0425	613.0425	Deep
492409	4635643	99000810	358	n	2020.54	11.9671	111.963	0.550966	0.749719	154.109	156	154.234	155	133.443	134	4284.40464	511.30493	511.30493	Deep
492709	4635643	99000811	359	n	1984.66	9.3405	101.406	0.63527	0.870637	153.75	154	153.99	154	132.335	132	4344.78553	398.0472	398.0472	Deep
493009	4635643	99000812	360	n	1970.09	11.9027	172.131	0.771356	0.515345	135.954	142	134.265	139	112.368	117	4424.72591	284.27477	284.27477	Deep
493309	4635643	99000813	361	n	1976.04	16.6732	198.822	0.884784	0.468257	137.605	139	131.387	133	109.618	111	4523.18887	238.4514	238.4514	Deep
475609	4635443	99000822	362	n	1831.1	12.2797	235.45	0.166561	0.187751	152.39	153	144.26	145	121.618	122	4804.22743	4406.38411	4406.38411	Deep
475909	4635443	99000823	363	n	1857.1	10.3467	274.628	0.371633	0.111118	145.34	146	136.237	139	113.382	115	4523.25761	4630.42752	4523.25761	Deep
476209	4635443	99000824	364	n	1912.91	18.0063	275.566	0.346835	0.113487	137.281	139	121.736	126	98.2051	101	4244.89311	4862.66358	4244.89311	Shallow
476509	4635443	99000825	365	n	2033.84	25.9968	279.5	0.327937	0.016426	133.158	135	119.408	125	95.6907	100	3969.68206	5101.97366	3969.68206	MedDeep
476809	4635443	99000826	366	n	2144.42	14.757	287.101	0.389804	0.028044	139.016	140	119.001	120	98.4622	99	3698.32851	5228.54783	3698.32851	MedDeep
477109	4635443	99000827	367	n	2190.67	5.7404	252.088	0.378261	0.249108	146.509	145	129.834	130	110.62	109	3431.74764	5264.29998	3431.74764	Shallow
477409	4635443	99000828	368	n	2203.73	8.825	201.343	0.096821	0.346419	153.004	154	138.624	138	119.669	118	3171.14333	5030.40451	3171.14333	Shallow
477709	4635443	99000829	369	n	2212.51	4.4639	166.321	0.233981	0.600442	145.66	145	131.382	130	111.506	109	2918.11722	4802.17114	2918.11722	Shallow
478009	4635443	99000830	370	n	2201.08	3.5113	130.303	0.414903	0.854306	133.432	132	118.863	116	98.2766	95	2674.82079	4582.21843	2674.82079	Shallow
478309	4635443	99000831	371	n	2188.35	3.7055	140.378	0.375019	0.754389	133.143	132	112.554	111	93.9524	92	2444.16128	4371.79641	2444.16128	Shallow
478609	4635443	99000832	372	n	2188.25	7.718	213.224	0.160419	0.256399	148.387	141	129.741	121	113.275	103	2230.06334	4171.86044	2230.06334	Shallow
478909	4635443	99000833	373	n	2218.86	12.1698	200.075	0.039406	0.340503	142.945	143	120.809	121	104.753	104	2037.75382	3983.3375	2037.75382	Deep
479209	4635443	99000834	374	n	2221.92	9.3005	181.538	0.135592	0.505981	137.309	137	109.857	109	95.8384	95	1873.95271	3809.13845	1873.95271	Deep
479509	4635443	99000835	375	n	2240.55	8.1863	201.983	0.267181	0.383338	142.041	141	128.308	127	108.96	107	1746.69885	3626.88286	1746.69885	Medium
479809	4635443	99000836	376	n	2216.5	11.033	134.833	0.643689	0.763779	137.83	138	106.438	106	96.4991	96	1664.39629	3457.88185	1664.39629	Medium
480109	4635443	99000837	377	n	2195.84	10.9565	147.598	0.362955	0.582406	138.358	137	108.811	107	97.0775	95	1633.85223	3305.66257	1633.85223	Medium
480409	4635443	99000838	378	n	2219.94	9.9776	200.285	0.063047	0.307489	137.304	138	126.32	127	106.775	107	1657.92981	3171.81802	1657.92981	Shallow
480709	4635443	99000839	379	n	2219.95	4.0825	109.583	0.57752	0.832023	129.504	129	108.485	107	90.6592	88	1734.35561	3055.80884	1734.35561	Shallow
481009	4635443	99000840	380	n	2208.11	5.1103	88.4263	0.708419	0.730168	125.377	124	99.9283	99	83.427	82	1856.67647	2961.15675	1856.67647	Shallow
481309	4635443	99000841	381	n	2197.2	4.388	55.63	0.867874	0.708023	123.424	123	99.9132	99	82.141	81	2016.55786	2859.57931	2016.55786	Shallow
481609	4635443	99000842	382	n	2190.7	4.6418	85.9981	0.884554	0.581206	121.177	121	97.3223	97	80.6395	80	2205.84763	2783.26642	2205.84763	Shallow
481909	4635443	99000843	383	n	2185.34	6.1643	89.9642	0.785737	0.677244	121.458	121	99.0923	98	81.5295	81	2410.85006	2737.87328	2410.85006	Medium
482209	4635443	99000844	384	n	2169.55	8.7079	123.62	0.483792	0.719859	127.573	128	107.963	108	91.3091	91	2407.48456	2681.28656	2407.48456	Deep
482509	4635443	99000845	385	n	2152.62	13.2939	210.033	0.324607	0.321084	108.046	116	84.2374	88	71.6321	78	2113.9055	2500.20245	2113.9055	Deep
482809	4635443	99000846	386	n	2168.7	3.6752	90.7582	0.876497	0.679853	112.088	112	94.8014	94	79.7195	79	1822.419	2336.33697	1822.419	Shallow
483109	4635443	99000847	387	n	2159.19	5.9018	39.2535	0.930075	0.735126	121.578	119	105.93	105	89.0297	88	1534.21822	2201.34699	1534.21822	Medium
483409	4635443	99000848	388	n	2142.77	7.3892	49.8892	0.892702	0.784956	141.409	142	124.751	126	106.581	107	1251.57505	2100.8062	1251.57505	Medium
483709	4635443	99000849	389	n	2122.34	5.2083	100.28	0.61276	0.811691	142.702	142	131.645	132	111.655	112	979.31335	2036.01152	979.31335	Medium
484009	4635443	99000850	390	n	2112.49	5.7236	124.388	0.491424	0.764549	133.203	137	126.912	131	105.48	109	729.15649	2010.89883	729.15649	Deep
484309	4635443	99000851	391	n	2092.35	9.1651	89.4431	0.711681	0.903423	146.123	148	136.525	139	115.58	117	533.18264	2028.99827	533.18264	Medium
484609	4635443	99000852	392	n	2058.19	5.2264	116.421	0.568739	0.810865	115.892	114	106.804	106	86.8227	86	435.0503	2078.8078	435.0503	Medium
484909	4635443	99000853	393	n	2041.93	6.3691	89.646	0.673802	0.837386	118.125	117	108.939	109	88.2552	88	228.86796	2085.5181	228.86796	Medium
485209	4635443	99000854	394	n	2026.06	4.8128	121.689	0.484918	0.699916	134.776	135	122.826	123	102.404	101	116.15053	2081.03191	116.15053	Medium
485509	4635443	99000855	395	n	2021.58	5.6371	165.772	0.206067	0.570719	131.674	131	129.411	129	105.249	105	393.19378	1816.56679	393.19378	Medium
485809	4635443	99000856	396	n	2021.22	6.2791	182.214	0.130032	0.470697	132.308	130	135.946	132	111.165	108	689.7186	1538.75954	689.7186	Medium
486109	4635443	99000857	397	n	2021.79	9.9221	176.235	0.128214	0.530139	136.322	137	138.618	139	111.817	111	948.0297	1240.70909	948.0297	Medium
486409	4635443	99000858	398	n	2022.62	9.4893	189.832	0.088226	0.420421	128.76	130	134.415	135	106.449	107	988.91981	943.89468	943.89468	Medium
486709	4635443	99000859	399	n	2027.73	7.7243	138.889	0.421517	0.630812	116.024	115	126.986	126	98.9401	98	811.8075	650.01177	650.01177	Deep
487009	4635443	99000860	400	n	2012.84	7.8128	113.088	0.5392	0.851751	117.527	117	129.465	129	101.172	101	679.2117	366.18769	366.18769	Deep
487309	4635443	99000861	401	n	1987.57	5.8872	112.985	0.557431	0.76526	124.895	123	129.783	130	105.46	105	666.0523	89.8955	89.8955	Deep
487609	4635443	99000862	402	n	1983.63	6.3598	225.197	0.088816	0.173041	111.068	111	120.008	119	90.5574	90	778.41043	150.49529	150.49529	Deep
487909	4635443	99000863	403	n	2025.76	14.9771	224.521	0.140506	0.223003	98.9207	96	116.437	114	83.4327	81	973.76584	407.67292	407.67292	Shallow
488209	4635443	99000864	404	n	2052.99	3.5719	140.396	0.653493	0.664184	110.735	112	123.196	124	95.3545	96	1212.64877	697.43483	697.43483	Deep
488509	4635443	99000865	405	n	2046.2	1.9532	100.32	0.66108	0.966071	108.041	108	126.425	126	98.4529	98	1406.85217	987.16418	987.16418	Deep
488809	4635443	99000866	406	n	2039.75	4.9848	194.721	0.389576	0.48137	106.24	106	124.463	124	94.9893	95	1607.33293	1260.53609	1260.53609	Deep
489109	4635443	99000867	407	n	2055.94	5.3797	269.206	0.356955	0.174957	100.818	100	117.18	116	88.2101	87	1835.1581	1543.82945	1543.82945	Deep
489409	4635443	99000868	408	n	2072.21	3.5346	263.931	0.25385	0.071716	107.206	107	120.483	120	93.2266	93	2081.36766	1443.80584	1443.80584	Deep
489709	4635443	99000869	409	n	2085.96	4.9303	257.024	0.264248	0.130254	102.951	103	115.117	115	89.0061	89	2340.16611	1338.29779	1338.29779	Deep
490009	4635443	99000870	410	n	2108.03	5.7879	280.654	0.34253	0.030797	101.057	101	109.342	109	84.9287	85	2607.80819	1222.75767	1222.75767	Deep
490309	4635443	99000871	411	n	2133.79	7.1266	199.916	0.716725	0.347532	119.834	116	119.922	118	97.8753	95	2845.09734	1144.9723	1144.9723	Deep
490609	4635443	99000872	412	n	2121.63	10.4922	70.6982	0.951585	0.788781	146.539	145	139.401	139	117.832	117	3007.51405	1091.65874	1091.65874	Medium
490909	4635443	99000873	413	n	2080.63	10.9032	121.22	0.896672	0.66924	143.38	144	136.946	138	114.187	115	3189.93772	1072.49244	1072.49244	Deep
491209	4635443	99000874	414	n	2066.8	6.6767	139.022	0.453338	0.811878	144.344	144	144.548	144	120.912	120	3389.1392	1066.97367	1066.97367	Deep
491509	4635443	99000875	415	n	2047.54	9.9714	160.298	0.244688	0.629776	140.288	142	143.236	144	119.084	120	3602.33625	1003.30086	1003.30086	Deep
491809	4635443	99000876	416	n	2030.77	13.6121	152.947	0.25287	0.688154	148.629	148	150.289	149	127.746	126	3827.19066	903.92228	903.92228	Deep
492109	4635443	99000877	417	n	2009.08	10.7805	139.236	0.338268	0.670981	146.8	146	144.881	143	124.441	123	4045.44023	809.281	809.281	Deep
492409	4635443	99000878	418	n	1992.11	11.6307	134.188	0.426963	0.648845	149.274	149	146.204	146	125.785	125	4087.37383	689.59002	689.59002	Deep
492709	4635443	99000879	419	n	1976.01	8.4939	120.567	0.707938	0.653161	149.501	150	147.615	149	125.558	126	4150.62199	559.2345	559.2345	Deep
493009	4635443	99000880	420	n	1986	8.9602	230.258	0.402066	0.19164	132.892	134	133.385	134	110.503	111	4234.22969	484.05971	484.05971	Deep
493309	4635443	99000881	421	n	2019.45	9.679	259.409	0.500534	0.251171	137.97	138	136.682	138	112.176	112	4337.01962	423.92261	423.92261	Deep
475609	4635243	99000890	422	n	1831.97	7.8145	272.858	0.49414	0.18279	151.482	150	141.155	140	120.511	119	4875.86945	4272.57797	4272.57797	Shallow
475909	4635243	99000891	423	n	1878.58	13.9405	281.832	0.453885	0.103581	157.205	156	142.405	144	120.59	120	4599.27832	4503.28332	4503.28332	Shallow
476209	4635243	99000892	424	n	1948.97	19.977	301.499	0.52088	0.110448	137.099	137	120.19	122	95.1164	96	4325.8085	4741.7506	4325.8085	Shallow
476509	4635243	99000893	425	n	2053.57	24.6556	282.76	0.358999	0.039739	133.424	135	118.827	125	94.5909	99	4056.09138	4973.39481	4056.09138	MedDeep
476809	4635243	99000894	426	n	2158.89	13.652	287.467	0.399476	0.03402	140.787	141	124.084	125	102.573	103	3790.92804	5033.68792	3790.92804	Shallow
477109	4635243	99000895	427	n	2187.64	3.6659	187.725	0.415372	0.497778	145.337	144	131.842	130	112.221	110	3531.34444	5110.90718	3531.34444	Shallow
477409	4635243	99000896	428	n	2185.32	9.9154	195.984	0.183716	0.398917	149.919	150	133.763	133	114.255	114	3278.66614	4904.78889	3278.66614	Shallow
477709	4635243	99000897	429	n	2200.72	4.9035	179.359	0.142377	0.512164	144.813	144	131.348	130	111.697	110	3034.61856	4671.73943	3034.61856	Shallow
478009	4635243	99000898	430	n	2182.37	13.3338	157.331	0.246583	0.673233	154.876	155	141.149	142	121.274	122	2801.45817	4445.33771	2801.45817	Shallow
478309	4635243	99000899	431	n	2170.62	12.0222	206.041	0.315715	0.514543	139.034	140	119.391	121	99.1931	101	2582.13594	4228.10898	2582.13594	Shallow
478609	4635243	99000900	432	n	2175.97	8.1077	202.137	0.456332	0.401017	135.246	132	109.755	107	93.2926	90	2380.47982	4021.53996	2380.47982	Shallow
478909	4635243	99000901	433	n	2190.7	6.8455	216.536	0.103656	0.277901	141.635	137	114.771	111	102.847	98	2201.3501	3826.10498	2201.3501	Deep
479209	4635243	99000902	434	n	2202.3	5.9784	202.604	0.08053	0.337956	133.309	132	106.2	103	90.5173	87	2050.65853	3644.39809	2050.65853	Deep
479509	4635243	99000903	435	n	2218.43	10.2315	184.531	0.13702	0.467031	142.176	141	121.28	121	106.054	105	1935.06034	3466.69597	1935.06034	Deep
479809	4635243	99000904	436	n	2207.98	9.3955	186.786	0.13817	0.483247	145.009	143	128.287	126	113.946	110	1861.1063	3291.26854	1861.1063	Deep
480109	4635243	99000905	437	n	2187.35	8.732	115.712	0.548202	0.868328	134.817	133	108.89	107	95.8101	92	1833.84154	3130.95939	1833.84154	Medium
480409	4635243	99000906	438	n	2184.47	10.1383	200.564	0.045332	0.319545	133.967	133	114.763	114	97.3744	97	1855.32555	2992.17834	1855.32555	Medium
480709	4635243	99000907	439	n	2204.53	8.3895	191.602	0.046495	0.402423	135.853	136	119.242	119	101.891	101	1923.92594	2868.91432	1923.92594	Shallow
481009	4635243	99000908	440	n	2210.39	3.7306	157.042	0.287099	0.57228	133.467	134	114.333	114	96.0194	95	2034.88308	2771.01984	2034.88308	Shallow
481309	4635243	99000909	441	n	2201.3	3.4417	103.738	0.595501	0.853594	127.073	127	104.626	104	87.9645	88	2181.74409	2689.89016	2181.74409	Shallow
481609	4635243	99000910	442	n	2193.39	4.7946	142.593	0.322255	0.629245	130.417	130	110.655	110	93.0349	92	2233.97121	2640.54297	2233.97121	Medium
481909	4635243	99000911	443	n	2176.89	7.7955	136.92	0.358903	0.830564	127.226	127	103.756	103	89.4613	89	2210.85851	2624.77148	2210.85851	Shallow
482209	4635243	99000912	444	n	2146.63	9.655	137.457	0.396601	0.75062	132.638	132	108.861	108	96.5958	95	2228.26465	2540.64083	2228.26465	Deep
482509	4635243	99000913	445	n	2141.72	15.9338	215.609	0.297156	0.294262	99.7905	109	81.5998	86	65.7802	72	2079.16286	2341.43417	2079.16286	Deep
482809	4635243	99000914	446	n	2171.6	1.8419	117.325	0.651325	0.811316	113.648	113	97.9127	97	81.5523	81	1782.00245	2165.58816	1782.00245	Shallow
483109	4635243	99000915	447	n	2160.22	5.0928	99.9583	0.591987	0.77139	115.626	115	99.0154	99	82.593	82	1485.9836	2019.21525	1485.9836	Medium
483409	4635243	99000916	448	n	2146.05	5.816	111.541	0.513818	0.765842	141.162	143	127.707	129	108.089	109	1191.95713	1909.10669	1191.95713	Medium
483709	4635243	99000917	449	n	2127.43	5.5234	84.01	0.727861	0.850934	145.176	145	133.75	135	113.751	114	901.8738	1838.65292	901.8738	Medium
484009	4635243	99000918	450	n	2107.93	6.8521	89.7578	0.673645	0.758634	140.379	140	131.311	133	110.299	111	621.28166	1810.91572	621.28166	Medium
484309	4635243	99000919	451	n	2090.25	11.8621	65.1038	0.795878	0.722867	141.005	141	127.213	128	107.778	108	372.29752	1830.7746	372.29752	Medium
484609	4635243	99000920	452	n	2068.09	8.466	33.7856	0.958509	0.694911	132.959	135	120.957	124	100.977	104	266.87073	1882.96137	266.87073	Medium
484909	4635243	99000921	453	n	2047.67	6.9421	61.5577	0.834213	0.834801	122.004	120	112.448	110	92.7202	90	184.90182	1885.54698	184.90182	Medium
485209	4635243	99000922	454	n	2030.95	4.9638	79.3396	0.704426	0.769056	124.626	122	120.198	117	97.1224	94	148.01039	1882.17838	148.01039	Medium
485509	4635243	99000923	455	n	2018.82	6.3085	73.6576	0.759794	0.762021	125.176	123	123.186	121	99.5984	98	403.75423	1750.20472	403.75423	Medium
485809	4635243	99000924	456	n	2006.81	5.2134	141.823	0.626014	0.676415	132.53	132	126.034	126	105.199	105	695.79299	1464.71659	695.79299	Medium
486109	4635243	99000925	457	n	2003.04	5.9286	107.984	0.633153	0.622738	129.506	129	124.523	125	102.151	102	748.07537	1186.41174	748.07537	Medium
486409	4635243	99000926	458	n	1998.25	6.6238	127.672	0.465575	0.594333	132.663	133	131.939	133	107.143	107	799.26143	921.81937	799.26143	Deep
486709	4635243	99000927	459	n	1994.4	8.8192	139.679	0.353303	0.565329	132.561	132	136.893	136	109.714	109	661.06468	686.97094	661.06468	Deep
487009	4635243	99000928	460	n	1988.92	7.3376	136.732	0.331308	0.676518	126.108	126	132.707	132	105.945	106	489.18671	441.32895	441.32895	Medium
487309	4635243	99000929	461	n	1979.55	4.394	143.051	0.318217	0.666893	122.152	122	130.501	131	103.806	104	470.7449	193.30195	193.30195	Medium
487609	4635243	99000930	462	n	1974.99	3.862	193.058	0.218758	0.374436	121.004	121	128.43	129	100.605	100	619.59494	74.15784	74.15784	Deep
487909	4635243	99000931	463	n	2007.07	11.5159	257.938	0.191903	0.049652	87.3741	86	105.296	104	74.6773	74	852.17076	368.17197	368.17197	Shallow
488209	4635243	99000932	464	n	2051.06	5.3255	184.74	0.429792	0.488867	102.055	102	117.989	118	89.2085	90	1071.77958	629.71155	629.71155	Deep
488509	4635243	99000933	465	n	2045.37	2.3262	95.4038	0.702645	0.983446	107.853	108	124.554	125	96.7288	97	1254.192	911.58914	911.58914	Deep
488809	4635243	99000934	466	n	2036.83	6.3898	175.134	0.42146	0.495557	107.748	110	120.961	122	94.0719	96	1475.56215	1198.90889	1198.90889	Deep
489109	4635243	99000935	467	n	2059.58	7.297	243.516	0.394289	0.317383	99.9161	97	116.704	114	88.4156	86	1720.9212	1489.5102	1489.5102	Deep
489409	4635243	99000936	468	n	2065.65	7.3087	253.811	0.319704	0.232793	104.274	104	117.319	117	88.0143	88	1981.37727	1627.2913	1627.2913	Deep
489709	4635243	99000937	469	n	2083.38	5.3618	258.189	0.283436	0.137349	102.927	103	114.19	114	87.7173	87	2251.69758	1517.41314	1517.41314	Deep
490009	4635243	99000938	470	n	2110.6	6.6341	271.794	0.279356	0.026206	105.838	105	113.007	112	88.2496	87	2526.09742	1413.44896	1413.44896	Deep
490309	4635243	99000939	471	n	2141.38	6.3704	245.713	0.282518	0.201791	127.559	132	129.147	133	105.037	108	2674.27187	1340.17283	1340.17283	Deep
490609	4635243	99000940	472	n	2139.4	6.5688	96.683	0.6204	0.794308	141.685	142	139.241	139	116.645	117	2846.45252	1288.79755	1288.79755	Deep
490909	4635243	99000941	473	n	2102.71	11.45	79.238	0.779203	0.912515	149.38	150	143.768	144	120.994	121	3038.56114	1271.74749	1271.74749	Deep
491209	4635243	99000942	474	n	2058.43	9.3155	124.615	0.655285	0.821372	146.947	148	143.462	144	121.215	122	3247.06263	1266.30742	1266.30742	Deep
491509	4635243	99000943	475	n	2039.36	9.9669	152.103	0.745547	0.604033	141.236	142	138.779	139	117.417	117	3469.00239	1194.03278	1194.03278	Deep
491809	4635243	99000944	476	n	2034.44	11.5355	49.1652	0.931922	0.582988	141.476	141	137.894	138	116.955	117	3701.96427	1085.89345	1085.89345	Deep
492109	4635243	99000945	477	n	2025.82	10.2955	22.2284	0.958592	0.633531	147.518	147	143.309	143	122.987	123	3846.56838	996.98601	996.98601	Deep
492409	4635243	99000946	478	n	2009.15	7.7698	40.7691	0.953415	0.766781	155.812	156	152.824	153	131.85	132	3890.64602	874.35887	874.35887	Deep
492709	4635243	99000947	479	n	1992.89	5.192	77.4545	0.716934	0.742636	153.301	154	152.965	154	130.881	132	3957.03988	739.62483	739.62483	Deep
493009	4635243	99000948	480	n	1989.7	5.7475	219.984	0.422311	0.28044	139.836	142	139.051	140	116.803	118	4044.65112	683.97037	683.97037	Deep
493309	4635243	99000949	481	n	2016.88	7.5652	220.65	0.135683	0.263253	134.489	136	134.769	137	111.234	114	4152.1369	607.93271	607.93271	Deep
475609	4635043	99000958	482	n	1824.29	8.6168	199.685	0.155403	0.369271	164.643	165	151.49	155	130.932	133	4954.55392	4144.10717	4144.10717	Deep
475909	4635043	99000959	483	n	1869.88	16.9616	235.415	0.097437	0.130491	172.928	175	151.982	158	133.873	138	4682.61281	4381.58217	4381.58217	Shallow
476209	4635043	99000960	484	n	1951.06	18.7947	247.031	0.158355	0.09342	150.375	149	132.228	134	105.863	103	4414.30864	4626.23169	4414.30864	Shallow
476509	4635043	99000961	485	n	2062.61	23.7658	264.551	0.214042	0.008866	140.169	140	126.727	134	103.371	107	4150.34685	4776.50056	4150.34685	Shallow
476809	4635043	99000962	486	n	2169.34	13.758	249.104	0.283064	0.163875	156.929	157	142.844	144	122.656	122	3891.61111	4839.24744	3891.61111	Shallow
477109	4635043	99000963	487	n	2178.06	11.1659	136.317	0.407059	0.737656	158.428	160	142.953	145	124.261	126	3639.21629	4919.51968	3639.21629	Shallow
477409	4635043	99000964	488	n	2141.6	24.3239	170.305	0.189552	0.565219	163.335	166	143.815	153	124.779	130	3394.57704	4783.66551	3394.57704	Shallow
477709	4635043	99000965	489	n	2149.55	23.4315	183.619	0.058406	0.468817	162.487	165	145.606	153	124.66	129	3159.49544	4545.44319	3159.49544	Shallow
478009	4635043	99000966	490	n	2145.79	19.6446	233.461	0.399942	0.372745	144.733	142	125.716	124	105.717	104	2936.26796	4313.38951	2936.26796	Shallow
478309	4635043	99000967	491	n	2181.92	10.4562	260.884	0.815837	0.357107	123.924	123	102.107	101	82.2456	80	2727.80639	4089.15727	2727.80639	Shallow
478609	4635043	99000968	492	n	2193.37	7.9882	255.043	0.838457	0.380868	121.28	120	89.0056	89	72.7655	72	2537.75212	3875.18842	2537.75212	Medium
478909	4635043	99000969	493	n	2192.38	6.4953	158.548	0.882604	0.510014	128.616	125	92.0581	91	80.5702	77	2370.53663	3673.0343	2370.53663	Medium
479209	4635043	99000970	494	n	2197.43	3.9611	308.714	0.646119	0.254779	130.535	127	103.568	100	88.341	84	2231.30053	3483.3517	2231.30053	Deep
479509	4635043	99000971	495	n	2200.33	4.109	148.175	0.462804	0.70528	131.537	130	105.157	104	88.1331	86	2125.54938	3310.02979	2125.54938	Medium
479809	4635043	99000972	496	n	2184.38	4.999	135.646	0.402593	0.733965	131.865	131	104.758	103	90.5567	89	2058.45046	3126.97949	2058.45046	Medium
480109	4635043	99000973	497	n	2175.75	4.2552	149.357	0.304994	0.696817	128.926	128	107.168	106	90.4537	90	2033.83294	2959.46082	2033.83294	Medium
480409	4635043	99000974	498	n	2161.45	10.8853	165.721	0.348834	0.541388	132.441	131	107.049	106	94.0893	92	2053.2254	2812.2707	2053.2254	Shallow
480709	4635043	99000975	499	n	2175.03	8.0763	195.289	0.044322	0.375951	128.888	129	105.861	105	91.0275	90	2115.41785	2683.90965	2115.41785	Medium
481009	4635043	99000976	500	n	2191.51	9.4342	198.891	0.031661	0.346139	134.581	135	114.261	114	98.9263	98	2211.73883	2580.87372	2211.73883	Shallow
481309	4635043	99000977	501	n	2197.87	6.71	134.785	0.378895	0.653021	134.009	135	115.419	116	96.2027	97	2104.53241	2495.11737	2104.53241	Shallow
481609	4635043	99000978	502	n	2178.48	8.5136	123.116	0.471136	0.819745	130.684	130	104.762	104	92.022	91	2036.25261	2441.83718	2036.25261	Shallow
481909	4635043	99000979	503	n	2152.39	11.848	138.237	0.364223	0.702365	132.631	132	109.507	109	95.5701	95	2010.86864	2424.77359	2010.86864	Deep
482209	4635043	99000980	504	n	2138.41	8.6858	105.207	0.652586	0.832926	128.344	128	104.275	103	90.5315	89	2029.99032	2401.28247	2029.99032	Deep
482509	4635043	99000981	505	n	2124.87	17.7446	210.012	0.284906	0.312141	84.3597	86	63.6059	65	51.7024	50	2063.308	2189.43272	2063.308	Deep
482809	4635043	99000982	506	n	2170.22	3.2275	146.143	0.460585	0.741591	113.157	113	99.3749	98	81.4506	81	1763.47794	2000.26842	1763.47794	Shallow
483109	4635043	99000983	507	n	2157.57	5.1643	129.45	0.419326	0.852118	117.842	118	103.279	103	85.7817	86	1463.71752	1840.79653	1463.71752	Medium
483409	4635043	99000984	508	n	2141.24	5.1792	128.189	0.409843	0.78681	138.906	141	126.014	129	105.221	107	1164.08055	1719.29928	1164.08055	Medium
483709	4635043	99000985	509	n	2125.35	5.8188	110.764	0.530835	0.77447	142.166	142	130.683	132	110.312	111	864.69536	1641.93369	864.69536	Medium
484009	4635043	99000986	510	n	2107.69	8.6761	96.3098	0.635642	0.815582	144.608	144	132.102	133	111.712	111	565.96167	1610.93681	565.96167	Medium
484309	4635043	99000987	511	n	2089.63	11.3006	127.002	0.451651	0.695312	141.032	143	132.126	134	110.482	111	270.05028	1632.98417	270.05028	Medium
484609	4635043	99000988	512	n	2068.69	9.9543	141.366	0.433644	0.764537	142.145	143	129.968	132	109.342	111	74.44256	1687.37018	74.44256	Medium
484909	4635043	99000989	513	n	2047.43	7.1164	140.916	0.63491	0.679837	127.434	130	113.975	117	93.4406	95	77.66051	1685.58271	77.66051	Medium
485209	4635043	99000990	514	n	2035.81	6.3779	52.8072	0.926577	0.763618	115.494	113	107.504	106	85.7446	84	332.14937	1683.59648	332.14937	Medium
485509	4635043	99000991	515	n	2022.94	7.4383	152.875	0.840196	0.566084	110.574	110	108.432	107	85.0484	84	501.43156	1650.88902	501.43156	Medium
485809	4635043	99000992	516	n	2031.03	9.5982	255.114	0.867328	0.469826	119.163	119	118.749	118	94.3	93	633.45966	1410.21146	633.45966	Medium
486109	4635043	99000993	517	n	2017.55	6.5818	84.0125	0.720857	0.838956	125.282	125	124.595	124	99.0851	98	548.15437	1118.425	548.15437	Medium
486409	4635043	99000994	518	n	2007.54	4.174	163.158	0.738445	0.499185	118.822	119	123.226	123	95.8935	96	616.17797	832.49781	616.17797	Deep
486709	4635043	99000995	519	n	2010.87	9.3783	120.615	0.914582	0.527704	124.409	126	130.436	131	103.641	104	543.12209	561.45412	543.12209	Deep
487009	4635043	99000996	520	n	1998.13	8.4883	58.3131	0.907959	0.729692	128.236	129	135.627	136	109.043	109	311.89538	342.64976	311.89538	Deep
487309	4635043	99000997	521	n	1980.81	4.4298	64.1058	0.853889	0.849681	122.601	122	131.345	131	105.815	105	282.09193	250.40043	250.40043	Deep
487609	4635043	98590007	522	y	1969.43	2.7011	167.009	0.340567	0.514646	123.714	125	127.275	128	103.203	104	491.80584	11.85083	11.85083	Deep
487909	4635043	99000999	523	n	1997.93	11.983	254.146	0.171164	0.055232	88.2719	87	107.215	105	75.8949	75	760.388	279.17783	279.17783	Shallow
488209	4635043	99001000	524	n	2044.36	6.4708	213.166	0.196642	0.329424	101.628	103	117.935	119	88.8837	90	906.90463	567.59839	567.59839	Deep
488509	4635043	99001001	525	n	2043.12	2.2918	119.868	0.501528	0.914195	107.304	107	121.923	122	94.7311	95	1116.58502	862.22158	862.22158	Deep
488809	4635043	99001002	526	n	2031.27	6.4519	149.157	0.483893	0.627924	109.512	112	118.43	121	93.0029	96	1360.53233	1152.45934	1152.45934	Deep
489109	4635043	99001003	527	n	2047.54	7.284	206.391	0.218019	0.3518	106.763	107	123.483	124	93.3119	93	1623.37128	1434.59425	1434.59425	Deep
489409	4635043	99001004	528	n	2060.73	6.7496	255.477	0.280133	0.178808	108.151	107	120.648	120	90.2503	90	1897.26656	1722.77647	1722.77647	Deep
489709	4635043	99001005	529	n	2075.37	7.768	230.84	0.24675	0.298843	118.687	118	126.132	126	99.6467	99	2178.05108	1701.18908	1701.18908	Deep
490009	4635043	99001006	530	n	2098.56	10.3897	249.618	0.261988	0.249645	125.414	128	127.316	127	103.585	104	2349.11033	1606.40581	1606.40581	Deep
490309	4635043	99001007	531	n	2123.25	8.2333	251.412	0.2323	0.176195	129.916	129	128.327	128	104.683	104	2507.76419	1536.60824	1536.60824	Deep
490609	4635043	99001008	532	n	2131.66	6.3754	108.473	0.673463	0.710364	137.248	137	131.547	132	110.659	111	2690.62132	1486.50623	1486.50623	Deep
490909	4635043	99001009	533	n	2099.72	12.276	72.7831	0.781382	0.854382	149.467	149	140.347	140	120.747	121	2893.09609	1471.20473	1471.20473	Deep
491209	4635043	99001010	534	n	2067.13	8.4437	118.327	0.864882	0.692301	142.603	143	136.363	136	114.217	114	3111.36094	1465.82268	1465.82268	Deep
491509	4635043	99001011	535	n	2049.96	8.4498	139.064	0.523	0.647362	142.197	143	141.326	141	117.997	118	3342.32386	1387.37736	1387.37736	Deep
491809	4635043	99001012	536	n	2046.93	7.8041	168.496	0.225652	0.533766	144.43	144	146.499	146	123.151	123	3583.53047	1272.66108	1272.66108	Deep
492109	4635043	99001013	537	n	2037.4	5.8945	114.114	0.54948	0.896796	159.458	159	159.722	159	137.684	137	3647.81989	1180.03507	1180.03507	Deep
492409	4635043	99001014	538	n	2014.62	6.0388	122.168	0.487685	0.853918	157.446	161	158.234	162	136.526	140	3694.26963	1057.17	1057.17	Deep
492709	4635043	99001015	539	n	1989.62	4.8484	112.737	0.5567	0.850562	152.051	155	151.683	154	130.104	132	3764.12888	927.90031	927.90031	Deep
493009	4635043	99001016	540	n	1987.54	5.2839	223.476	0.155489	0.204908	142.952	145	143.64	145	121.114	122	3856.12556	883.92144	883.92144	Deep
493309	4635043	99001017	541	n	2006.16	3.7786	181.092	0.462724	0.542327	150.399	153	151.039	153	128.231	130	3968.72051	796.04261	796.04261	Deep
475609	4634843	99001026	542	n	1816.16	2.5514	250.621	0.150611	0.05402	190.834	191	139.635	155	128.717	130	4924.37248	4021.48304	4021.48304	Deep
475909	4634843	99001027	543	n	1852.5	12.8737	266.253	0.241127	0.030349	172.818	172	142.192	146	122.916	126	4663.24162	4265.69844	4265.69844	Shallow
476209	4634843	99001028	544	n	1931.73	19.7685	248.988	0.186817	0.107014	154.852	157	135.297	137	107.031	107	4407.06258	4516.5478	4407.06258	Shallow
476509	4634843	99001029	545	n	2048.64	25.8832	262.254	0.199834	0.012923	146.787	150	128.827	137	107.301	112	4156.75098	4579.87547	4156.75098	Shallow
476809	4634843	99001030	546	n	2138.01	19.9453	203.255	0.063132	0.327788	164.426	167	141.245	148	124.069	127	3913.43287	4645.27905	3913.43287	Shallow
477109	4634843	99001031	547	n	2131.86	23.8447	156.299	0.234595	0.706346	164.833	167	143.259	151	129.295	133	3678.49629	4728.84505	3678.49629	Shallow
477409	4634843	99001032	548	n	2091.03	15.7552	232.537	0.397143	0.41019	145.697	148	119.054	113	102.547	99	3453.65214	4667.97144	3453.65214	Shallow
477709	4634843	99001033	549	n	2112.29	16.3137	219.716	0.57144	0.356851	136.852	133	101.029	99	87.16	85	3241.00157	4423.52297	3241.00157	Shallow
478009	4634843	99001034	550	n	2170.3	20.6733	311.268	0.597897	0.13072	129.1	127	111.121	109	90.1591	87	3043.10192	4186.30548	3043.10192	Shallow
478309	4634843	99001035	551	n	2219.26	13.3306	219.007	0.877378	0.456244	128.636	129	91.0703	91	76.4782	75	2863.0137	3955.44041	2863.0137	Medium
478609	4634843	99001036	552	n	2228.17	12.4252	316.357	0.851442	0.377095	127.998	129	104.472	108	86.0474	88	2700.68278	3733.81668	2700.68278	Medium
478909	4634843	99001037	553	n	2219.56	11.8231	124.913	0.925574	0.613719	130.903	129	75.5961	76	70.0342	71	2544.19842	3523.814	2544.19842	Medium
479209	4634843	99001038	554	n	2216.39	8.4457	184.835	0.93335	0.552432	127.848	126	99.2162	99	83.2688	82	2414.99559	3326.53585	2414.99559	Medium
479509	4634843	99001039	555	n	2195.92	5.961	104.72	0.615784	0.885074	133.264	132	101.696	101	88.1722	87	2317.64144	3144.58246	2317.64144	Medium
479809	4634843	99001040	556	n	2180.4	4.0757	122.173	0.476521	0.819704	130.186	129	108.573	107	90.8837	89	2256.26239	2966.76632	2256.26239	Medium
480109	4634843	99001041	557	n	2166.56	7.0012	118.195	0.514519	0.787216	134.834	133	112.592	114	98.2457	97	2233.82589	2791.75751	2233.82589	Deep
480409	4634843	99001042	558	n	2144.24	15.0059	170.565	0.323256	0.530485	143.826	142	117.084	114	108.104	103	2251.49644	2635.2169	2251.49644	Medium
480709	4634843	99001043	559	n	2153.41	7.7206	157.059	0.280925	0.63404	126.813	126	102.606	101	88.0089	86	2184.08287	2501.21424	2184.08287	Medium
481009	4634843	99001044	560	n	2156.29	11.2874	189.025	0.055964	0.426288	132.277	131	112.195	110	96.7605	94	2031.62152	2390.31604	2031.62152	Medium
481309	4634843	99001045	561	n	2150.04	18.6738	172.75	0.110614	0.561042	143.725	142	128.324	127	112.062	110	1914.35472	2301.24148	1914.35472	Deep
481609	4634843	99001046	562	n	2136.68	19.4724	172.766	0.108403	0.561993	146.912	145	131.116	130	116.452	114	1839.02746	2243.36143	1839.02746	Deep
481909	4634843	99001047	563	n	2119.63	19.9037	172.988	0.213308	0.558197	144.452	145	123.204	126	111.398	111	1810.881	2224.77608	1810.881	Deep
482209	4634843	99001048	564	n	2134.09	11.8111	156.463	0.447303	0.642251	127.593	127	113	112	96.0167	95	1832.09116	2246.46094	1832.09116	Shallow
482509	4634843	99001049	565	n	2108.93	20.56	198.719	0.32636	0.374607	81.623	79	65.0865	63	53.2928	46	1901.00658	2045.70704	1901.00658	Deep
482809	4634843	99001050	566	n	2161	6.9118	179.185	0.210828	0.514735	115.121	117	100.091	100	82.7458	84	1767.53392	1841.84022	1767.53392	Deep
483109	4634843	99001051	567	n	2156.06	4.9942	116.325	0.500709	0.613184	114.461	114	101.324	101	83.6702	83	1468.60161	1667.28328	1468.60161	Shallow
483409	4634843	99001052	568	n	2145.33	5.5372	41.6813	0.912085	0.755921	125.842	129	110.841	115	92.1822	96	1170.21589	1532.08735	1170.21589	Medium
483709	4634843	99001053	569	n	2128.54	6.2337	78.1393	0.934665	0.738941	140.015	139	122.571	123	103.631	104	872.93744	1446.11475	872.93744	Medium
484009	4634843	99001054	570	n	2115.63	8.4203	40.0122	0.917451	0.750367	141.174	141	127.133	128	107.273	108	578.47586	1410.96388	578.47586	Medium
484309	4634843	99001055	571	n	2095.98	6.807	63.7017	0.829529	0.832595	132.584	135	123.763	126	102.825	105	295.37918	1435.80603	295.37918	Medium
484609	4634843	99001056	572	n	2073.36	7.6319	104.992	0.756033	0.76848	137.915	139	128.879	130	106.773	108	140.9376	1487.45412	140.9376	Medium
484909	4634843	99001057	573	n	2050.24	4.8776	135.411	0.410536	0.761394	136	138	127.459	129	103.541	105	240.56938	1485.62806	240.56938	Medium
485209	4634843	99001058	574	n	2042.19	3.3354	140.724	0.334948	0.737932	115.008	115	111.226	111	86.1865	86	436.97949	1485.39515	436.97949	Medium
485509	4634843	99001059	575	n	2037.41	4.1705	198.3	0.55042	0.411821	105.838	106	106.084	106	81.2159	81	647.95813	1452.76847	647.95813	Medium
485809	4634843	99001060	576	n	2034.69	6.8154	137.92	0.380553	0.748059	125.578	124	125.57	124	101.277	100	471.30414	1382.75016	471.30414	Medium
486109	4634843	99001061	577	n	2011.54	4.8365	121.468	0.491807	0.880294	133.463	135	134.764	136	109.522	111	348.32408	1083.59408	348.32408	Medium
486409	4634843	99001062	578	n	2012.73	5.2544	253.534	0.224076	0.129209	120.306	121	126.356	126	97.1694	97	447.80771	785.08233	447.80771	Deep
486709	4634843	99001063	579	n	2020.14	8.1244	184.208	0.358293	0.525959	133.01	134	140.47	141	111.753	112	482.65588	488.39778	482.65588	Deep
487009	4634843	99001064	580	n	2002.22	11.4392	126.176	0.475513	0.806352	141.165	141	149.604	149	119.87	120	187.76001	201.76847	187.76001	Medium
487309	4634843	99001065	581	n	1976.09	5.0144	137.169	0.349131	0.730633	132.734	132	135.942	136	110.089	110	132.47999	51.01011	51.01011	Medium
487609	4634843	99001066	582	n	1966.74	2.348	153.97	0.395604	0.670853	129.733	129	131.778	132	107.71	107	424.08498	50.73342	50.73342	Deep
487909	4634843	99001067	583	n	1989.37	11.0736	258.269	0.19331	0.046573	85.787	85	104.64	104	74.1672	74	576.15488	244.9452	244.9452	Shallow
488209	4634843	99001068	584	n	2042.94	6.7529	196.834	0.577634	0.531861	104.903	108	120.222	122	91.46	94	759.10509	523.13281	523.13281	Deep
488509	4634843	99001069	585	n	2040.2	1.955	114.598	0.541312	0.905109	118.964	116	129.223	130	102.943	102	1000.26329	802.22569	802.22569	Deep
488809	4634843	99001070	586	n	2027.93	4.2843	116.482	0.612731	0.812397	119.081	117	126.304	128	101.343	101	1266.81204	1092.45786	1092.45786	Deep
489109	4634843	99001071	587	n	2038.7	9.6151	237.548	0.252255	0.220193	100.59	100	117.187	116	86.3031	86	1545.671	1386.85338	1386.85338	Deep
489409	4634843	99001072	588	n	2052.42	9.3009	234.53	0.298708	0.330782	111.751	114	124.431	126	94.9794	96	1831.22498	1683.22917	1683.22917	Deep
489709	4634843	99001073	589	n	2072.96	9.4595	285.397	0.461869	0.137063	100.435	100	111.075	111	85.0477	85	2035.90486	1888.26533	1888.26533	Deep
490009	4634843	99001074	590	n	2108	7.546	292.993	0.459004	0.120884	127.136	131	130.201	132	105.325	107	2176.11362	1800.56596	1800.56596	Deep
490309	4634843	99001075	591	n	2133.95	7.2485	306.225	0.603863	0.190504	132.983	133	128.456	129	106.293	106	2346.49363	1733.85886	1733.85886	Deep
490609	4634843	99001076	592	n	2145.47	3.8626	185.836	0.782149	0.592814	140.142	140	138.297	139	115.959	116	2540.98293	1684.7559	1684.7559	Deep
490909	4634843	99001077	593	n	2121.76	10.4877	61.4476	0.922454	0.746028	141.382	141	132.659	132	113.174	113	2754.47929	1670.79173	1670.79173	Deep
491209	4634843	99001078	594	n	2093.81	11.4401	30.4602	0.985251	0.744901	142.76	143	134.723	135	113.069	113	2982.9043	1663.35795	1663.35795	Deep
491509	4634843	99001079	595	n	2051.7	11.3316	86.193	0.731705	0.877253	151.205	151	149.465	149	125.744	125	3223.08547	1574.35775	1574.35775	Deep
491809	4634843	99001080	596	n	2022.56	9.5822	156.956	0.29318	0.582073	145.948	147	147.666	147	125.338	125	3425.79239	1462.93127	1462.93127	Deep
492109	4634843	99001081	597	n	2024.54	9.1178	146.077	0.347402	0.680633	148.607	151	151.044	154	129.209	132	3449.21609	1359.71366	1359.71366	Deep
492409	4634843	99001082	598	n	2003.05	7.8723	101.487	0.618656	0.839635	155.254	157	155.376	157	133.737	135	3498.30384	1229.59753	1229.59753	Deep
492709	4634843	99001083	599	n	1982.89	5.2801	130.724	0.433507	0.77149	149.46	151	150.182	151	128.462	129	3571.99774	1120.04493	1120.04493	Deep
493009	4634843	99001084	600	n	1981.46	6.7067	220.757	0.25639	0.274873	134.073	135	134.403	135	112.386	113	3668.81534	1083.89057	1083.89057	Deep
493309	4634843	99001085	601	n	2004.98	7.4483	175.116	0.444833	0.546172	140.409	143	140.909	143	119.083	121	3786.98351	988.83037	988.83037	Deep
475609	4634643	99001094	602	n	1814.69	2.0918	271.119	0.265	0.013718	192.848	191	128.159	134	125.916	126	4831.76427	3905.16923	3905.16923	Deep
475909	4634643	99001095	603	n	1846.46	12.1918	259.069	0.193444	0.03544	172.722	174	140.948	139	123.228	126	4565.33943	4156.13822	4156.13822	Deep
476209	4634643	99001096	604	n	1920.19	20.6812	242.637	0.218861	0.165052	159.678	162	139.917	143	115.283	116	4303.33617	4334.99744	4303.33617	Shallow
476509	4634643	99001097	605	n	2029.16	25.1808	238.931	0.158309	0.141379	157.673	160	132.447	135	110.962	113	4046.61344	4383.55574	4046.61344	Shallow
476809	4634643	99001098	606	n	2074.27	24.0959	198.589	0.100608	0.369797	162.591	165	137.051	143	120.139	124	3796.24268	4451.84446	3796.24268	Shallow
477109	4634643	99001099	607	n	2083.83	25.9232	226.658	0.469525	0.443774	150.698	147	132.401	135	114.711	114	3553.56674	4538.97314	3553.56674	MedDeep
477409	4634643	99001100	608	n	2128.3	21.9184	263.844	0.75362	0.313601	132.238	130	106.39	108	87.2095	86	3320.27329	4558.12012	3320.27329	Shallow
477709	4634643	99001101	609	n	2158.86	21.1509	171.286	0.79645	0.513119	130.453	128	109.897	108	88.8078	86	3098.48235	4307.44206	3098.48235	Shallow
478009	4634643	99001102	610	n	2199.91	16.1202	268.729	0.257934	0.031874	140.174	139	124.513	124	102.949	101	2890.84261	4063.45361	2890.84261	Shallow
478309	4634643	99001103	611	n	2256.72	12.4767	159.153	0.561023	0.459554	141.456	142	127.628	131	108.111	109	2700.62013	3827.43431	2700.62013	Shallow
478609	4634643	99001104	612	n	2259.12	4.369	204.921	0.7319	0.560818	132.605	132	115.775	116	94.9261	94	2531.74391	3598.01176	2531.74391	Medium
478909	4634643	99001105	613	n	2249.63	6.4974	98.2208	0.850203	0.722163	131.057	131	101.329	107	84.7447	87	2388.74556	3379.58085	2388.74556	Medium
479209	4634643	99001106	614	n	2241.55	6.376	89.867	0.778843	0.710137	130.52	129	104.58	107	88.3789	88	2276.50686	3174.49279	2276.50686	Medium
479509	4634643	99001107	615	n	2204.41	10.61	90.7581	0.899294	0.819331	131.816	132	91.3989	94	82.3811	83	2199.74126	2983.37066	2199.74126	Medium
479809	4634643	99001108	616	n	2180.13	7.9415	47.2986	0.910367	0.767747	125.201	123	93.1796	92	81.5447	79	2162.23027	2811.23792	2162.23027	Medium
480109	4634643	99001109	617	n	2156.36	14.2591	81.8634	0.680829	0.723016	131.591	125	99.0653	93	89.7604	81	2166.01428	2627.1129	2166.01428	Deep
480409	4634643	99001110	618	n	2126.13	10.192	102.486	0.615481	0.755978	128.638	125	98.5675	95	88.7041	84	2210.88127	2461.68028	2210.88127	Medium
480709	4634643	99001111	619	n	2124.78	15.6612	156.234	0.26514	0.624825	146.687	147	123.867	122	114.705	111	2021.36472	2321.37337	2021.36472	Shallow
481009	4634643	99001112	620	n	2109.44	16.0753	161.137	0.218091	0.548705	151.96	152	131.875	131	123.911	122	1855.58167	2201.43418	1855.58167	Shallow
481309	4634643	99001113	621	n	2092.47	16.1829	165.855	0.373119	0.609169	145.135	143	121.114	117	112.824	109	1726.39837	2108.50991	1726.39837	Shallow
481609	4634643	99001114	622	n	2079.15	16.9316	133.57	0.518168	0.577806	143.937	138	115.27	106	108.915	100	1642.47354	2045.18267	1642.47354	Shallow
481909	4634643	99001115	623	n	2069.17	17.4351	129.812	0.429654	0.51124	143.83	142	121.338	113	113.106	106	1610.89644	2024.77907	1610.89644	Shallow
482209	4634643	99001116	624	n	2097.84	21.1481	181.783	0.117764	0.474071	150.628	150	141.986	141	127.204	124	1634.70344	2048.58205	1634.70344	Deep
482509	4634643	99001117	625	n	2094.15	20.8975	224.812	0.338008	0.296253	74.6553	61	60.0928	44	49.1748	28	1711.58504	1912.1242	1711.58504	Deep
482809	4634643	99001118	626	n	2150.34	6.7139	176.326	0.332361	0.521844	115.336	118	98.1293	97	82.3149	83	1794.01724	1692.24025	1692.24025	Deep
483109	4634643	99001119	627	n	2147.04	3.6522	171.333	0.140375	0.533306	115.489	115	103.291	103	86.1825	85	1500.37075	1500.37835	1500.37075	Deep
483409	4634643	99001120	628	n	2144.09	5.0688	159.604	0.203932	0.612446	120.509	119	110.784	108	91.6654	90	1209.84583	1348.5523	1209.84583	Medium
483709	4634643	99001121	629	n	2136.69	5.8165	110.372	0.535356	0.756415	132.795	134	121.292	123	100.978	102	925.38721	1251.41977	925.38721	Medium
484009	4634643	99001122	630	n	2116.41	6.3234	125.3	0.450947	0.855604	142.488	142	132.678	133	111.038	111	654.94735	1210.99989	654.94735	Medium
484309	4634643	99001123	631	n	2093.16	5.7853	118.277	0.512355	0.893805	141.433	141	132.411	132	111.001	110	426.11099	1239.28261	426.11099	Medium
484609	4634643	99001124	632	n	2068.2	7.349	128.553	0.431584	0.838838	139.891	140	131.213	132	108.597	109	337.91288	1287.56414	337.91288	Medium
484909	4634643	99001125	633	n	2045.44	3.9556	104.792	0.617349	0.930192	126.393	128	119.302	120	97.5737	99	435.56412	1285.68752	435.56412	Medium
485209	4634643	99001126	634	n	2033.93	3.3039	108.219	0.566421	0.816795	121.61	118	119.652	115	96.9112	92	568.14923	1287.75014	568.14923	Medium
485509	4634643	99001127	635	n	2029.76	6.1012	173.34	0.211434	0.479706	122.823	121	123.176	120	97.1069	95	635.43841	1255.24415	635.43841	Medium
485809	4634643	99001128	636	n	2022.96	7.4534	137.076	0.393479	0.778443	139.736	141	140.86	141	114.827	114	350.69081	1224.24586	350.69081	Medium
486109	4634643	99001129	637	n	2005.26	4.0227	134.567	0.390613	0.792872	142.369	141	144.548	143	119.643	117	148.95006	1085.11649	148.95006	Medium
486409	4634643	99001130	638	n	1999.31	6.122	167.867	0.202268	0.542706	138.186	138	141.002	140	112.991	112	318.41513	787.18227	318.41513	Medium
486709	4634643	99001131	639	n	1991.91	9.0607	179.852	0.439787	0.628811	136.222	137	142.007	142	112.939	113	500.93092	491.76625	491.76625	Deep
487009	4634643	99001132	640	n	1987.75	9.3461	165.421	0.732551	0.555261	124.433	123	130.965	129	103.155	102	230.71393	209.79078	209.79078	Deep
487309	4634643	99001133	641	n	1979.15	6.0697	39.1886	0.984698	0.681456	121.76	121	129.398	129	101.464	101	188.48353	137.25907	137.25907	Deep
487609	4634643	99001134	642	n	1968.11	3.9678	93.4113	0.743428	0.712934	124.345	123	129.079	128	103.629	102	318.48529	65.00335	65.00335	Deep
487909	4634643	99001135	643	n	1985.47	12.3723	260.504	0.1944	0.024259	80.8591	76	100.698	98	70.3757	66	407.08596	170.50357	170.50357	Shallow
488209	4634643	99001136	644	n	2043.01	5.6163	165.7	0.379485	0.63498	117.669	128	128.434	134	101.04	109	640.31639	467.94187	467.94187	Deep
488509	4634643	99001137	645	n	2037.85	1.8509	124.367	0.467111	0.85902	132.546	132	134.925	135	110.374	110	913.39541	767.37717	767.37717	Deep
488809	4634643	99001138	646	n	2027.59	3.6472	102.042	0.647739	0.948963	136.368	137	137.113	138	113.594	114	1199.40705	1067.12972	1067.12972	Deep
489109	4634643	99001139	647	n	2024.88	10.0578	211.737	0.216705	0.294353	103.561	100	117.404	113	89.7292	86	1490.92702	1366.99084	1366.99084	Deep
489409	4634643	99001140	648	n	2055.33	7.2712	273.357	0.406152	0.185334	101.733	102	114.963	115	86.5727	87	1741.11972	1666.90194	1666.90194	Deep
489709	4634643	99001141	649	n	2073.06	11.5128	245.654	0.268931	0.221473	120.879	117	129.377	126	102.011	99	1855.27889	1966.84016	1855.27889	Deep
490009	4634643	99001142	650	n	2102.85	10.8819	269.188	0.347345	0.150941	128.849	129	133.283	133	106.957	106	2008.13885	1995.22917	1995.22917	Deep
490309	4634643	99001143	651	n	2138.56	5.7541	241.322	0.302439	0.217697	131.381	132	132.757	134	108.027	108	2191.61665	1931.67497	1931.67497	Deep
490609	4634643	99001144	652	n	2141.17	6.6944	159.839	0.25262	0.629108	136.589	138	138.899	141	115.297	117	2398.69661	1883.37572	1883.37572	Deep
490909	4634643	99001145	653	n	2130.99	7.7488	182.387	0.379838	0.440569	114.295	114	118.881	119	95.2199	95	2623.79635	1870.46696	1870.46696	Deep
491209	4634643	99001146	654	n	2130.11	13.0573	89.9916	0.938822	0.685299	134.292	134	129.987	131	108.933	110	2862.6682	1857.56322	1857.56322	Deep
491509	4634643	99001147	655	n	2069.21	14.7968	67.1091	0.872123	0.927583	151.634	152	148.387	149	125.331	126	3112.14252	1755.80506	1755.80506	Deep
491809	4634643	99001148	656	n	2022.77	8.488	73.3839	0.771079	0.826435	147.78	148	148.316	148	125.974	125	3225.91928	1655.49677	1655.49677	Deep
492109	4634643	99001149	657	n	2000.64	8.7816	102.728	0.5516	0.699697	148.172	148	147.225	147	125.027	124	3250.78349	1542.66985	1542.66985	Deep
492409	4634643	99001150	658	n	1987.95	9.5263	116.806	0.474188	0.672268	149.425	150	149.939	150	127.16	127	3302.82174	1409.33024	1409.33024	Deep
492709	4634643	99001151	659	n	1972.37	5.5885	109.744	0.523961	0.753954	147.047	148	145.905	146	123.278	123	3380.77943	1314.53502	1314.53502	Deep
493009	4634643	99001152	660	n	1979	9.3732	230.889	0.259378	0.254524	124.394	124	124.253	124	102.755	102	3482.91655	1277.9041	1277.9041	Deep
493309	4634643	99001153	661	n	1989.92	11.2261	155.219	0.413256	0.706606	143.383	145	143.257	145	121.574	123	3607.17976	1184.01315	1184.01315	Deep
475609	4634443	99001162	662	n	1816.19	2.7611	277.883	0.315257	0.014366	180.36	182	100.968	94	116.053	115	4745.78209	3795.74082	3795.74082	Deep
475909	4634443	99001163	663	n	1843.56	10.4796	268.767	0.258716	0.035334	158.135	158	128.9	129	112.67	114	4474.24024	4032.71735	4032.71735	Deep
476209	4634443	99001164	664	n	1911.86	17.4792	261.499	0.239343	0.063809	157.464	160	134.625	138	110.294	112	4206.56676	4136.7263	4136.7263	Shallow
476509	4634443	99001165	665	n	1970.35	28.0238	207.279	0.20925	0.381305	162.317	167	137.007	139	114.767	117	3943.54942	4187.58434	3943.54942	Shallow
476809	4634443	99001166	666	n	2022.84	32.0371	233.33	0.476272	0.297198	137.878	139	105.8	106	84.7612	84	3686.18504	4259.0164	3686.18504	MedDeep
477109	4634443	99001167	667	n	2096.27	29.1124	276.617	0.44975	0.167221	137.941	141	117.315	122	96.545	102	3435.74421	4350.00906	3435.74421	MedDeep
477409	4634443	99001168	668	n	2167.75	14.165	203.737	0.59111	0.371417	141.111	142	127.92	126	107.085	105	3193.85604	4454.13417	3193.85604	Shallow
477709	4634443	99001169	669	n	2190.57	6.9822	103.398	0.788781	0.762098	137.937	139	130.044	132	107.489	108	2962.61616	4197.68493	2962.61616	Shallow
478009	4634443	99001170	670	n	2189.94	14.4484	224.725	0.265114	0.170722	139.183	140	126.48	127	105.13	105	2744.71722	3946.91739	2744.71722	Shallow
478309	4634443	99001171	671	n	2247.21	11.6996	207.619	0.145727	0.323871	148.192	148	135.426	139	117.673	119	2543.59013	3703.47877	2543.59013	Shallow
478609	4634443	99001172	672	n	2257.05	3.7117	174.793	0.216594	0.579277	142.069	141	127.512	126	106.63	103	2363.52044	3468.42764	2363.52044	Medium
478909	4634443	99001173	673	n	2248.94	3.9373	158.868	0.254476	0.64889	136.69	136	119.506	121	98.9783	99	2209.66219	3241.27574	2209.66219	Shallow
479209	4634443	99001174	674	n	2244.41	2.0473	133.251	0.481972	0.787676	131.758	131	115.709	115	94.8704	94	2087.81827	3026.83771	2087.81827	Medium
479509	4634443	99001175	675	n	2231.17	7.2949	66.4625	0.891747	0.834961	128.348	128	101.328	105	85.8332	87	2003.83714	2827.11906	2003.83714	Medium
479809	4634443	99001176	676	n	2194.83	9.3777	77.1511	0.757958	0.869609	128.391	128	93.4781	95	82.6979	83	1962.58538	2644.83654	1962.58538	Medium
480109	4634443	99001177	677	n	2167.87	8.5287	81.7278	0.766404	0.828669	123.078	122	97.1288	96	82.5255	80	1966.75355	2466.86518	1966.75355	Medium
480409	4634443	99001178	678	n	2145.02	14.6717	106.799	0.878348	0.619728	115.234	112	83.5915	80	71.7077	68	2016.05993	2292.45969	2016.05993	Medium
480709	4634443	99001179	679	n	2128.72	14.1405	74.7885	0.962374	0.591283	113.64	113	82.6775	82	70.4451	69	1865.908	2141.45501	1865.908	Medium
481009	4634443	99001180	680	n	2117.07	11.9006	135.378	0.912872	0.548751	120.671	120	92.4968	91	80.7418	79	1684.89782	2014.69951	1684.89782	Shallow
481309	4634443	99001181	681	n	2116.23	11.9059	201.526	0.884958	0.46803	124.201	123	96.3029	95	85.2367	83	1541.47613	1917.26776	1541.47613	Shallow
481609	4634443	99001182	682	n	2111.61	10.6352	45.9396	0.953843	0.668495	124.561	124	97.1887	96	85.8832	85	1446.86443	1847.39649	1446.86443	Shallow
481909	4634443	99001183	683	n	2094.34	12.0888	33.6345	0.93526	0.6888	123.819	124	97.5715	97	85.8812	85	1410.91625	1824.78271	1410.91625	Shallow
482209	4634443	99001184	684	n	2057.38	17.1613	139.74	0.542594	0.589286	130.59	127	106.331	99	97.1661	90	1438.03779	1851.15911	1438.03779	Shallow
482509	4634443	99001185	685	n	2103.84	19.7621	268.815	0.324355	0.128269	87.5991	87	76.3493	73	57.578	55	1524.86743	1790.95522	1524.86743	Deep
482809	4634443	99001186	686	n	2139.03	13.5427	160.633	0.337138	0.647067	131.693	134	121.615	123	102.086	103	1662.07361	1554.02018	1554.02018	Deep
483109	4634443	99001187	687	n	2137.48	6.0134	200.962	0.25963	0.352986	104.823	110	94.2583	97	77.4935	80	1449.09167	1342.54864	1342.54864	Deep
483409	4634443	99001188	688	n	2137.03	3.7715	98.797	0.622194	0.821575	116.499	116	105.379	104	86.9766	86	1268.72566	1170.42513	1170.42513	Medium
483709	4634443	99001189	689	n	2123.05	7.3868	132.7	0.408681	0.692411	126.626	125	115.667	113	96.7528	95	1015.21584	1057.04924	1015.21584	Medium
484009	4634443	99001190	690	n	2104.61	7.5114	107.685	0.528484	0.813835	140.136	140	130.244	131	109.042	109	776.70956	1011.05014	776.70956	Medium
484309	4634443	99001191	691	n	2080.62	10.6638	105.346	0.555761	0.783	146.758	147	134.057	136	113.92	114	596.56708	1043.898	596.56708	Medium
484609	4634443	99001192	692	n	2052.19	6.8692	112.988	0.562164	0.799072	127.28	126	112.155	112	93.2436	92	537.12832	1087.71461	537.12832	Medium
484909	4634443	99001193	693	n	2038.75	7.6482	127.075	0.582	0.676594	123.522	120	111.038	105	92.5304	87	633.34143	1085.76888	633.34143	Medium
485209	4634443	99001194	694	n	2027.97	6.4794	113.621	0.474946	0.687358	130.77	126	128.071	122	106.42	100	731.18809	1089.8519	731.18809	Medium
485509	4634443	99001195	695	n	2017.18	5.8017	133.424	0.534541	0.693381	131.346	130	128.425	126	105.772	103	620.19225	1058.64986	620.19225	Deep
485809	4634443	99001196	696	n	2012.18	8.7828	176.779	0.700271	0.576956	133.645	131	129.798	127	106.264	103	322.24292	1024.24586	322.24292	Deep
486109	4634443	99001197	697	n	2002.97	6.289	116.418	0.7984	0.607881	132.945	132	124.904	126	104.176	105	55.15952	1045.84781	55.15952	Deep
486409	4634443	99001198	698	n	2005.15	9.2466	229.844	0.872753	0.46371	125.041	126	127.376	128	101.611	102	286.78328	838.42566	286.78328	Deep
486709	4634443	99001199	699	n	2009.35	9.2944	226.099	0.861402	0.417215	117.222	117	123.352	123	96.2894	96	584.33443	570.20672	570.20672	Deep
487009	4634443	99001200	700	n	2019.07	7.5692	199.358	0.860761	0.434714	118.882	120	128.052	129	100.369	101	388.8496	356.81064	356.81064	Deep
487309	4634443	99001201	701	n	2003.7	10.2369	79.2164	0.847971	0.804619	129.36	131	137.428	138	109.34	109	361.81669	324.31124	324.31124	Deep
487609	4634443	99001202	702	n	1974.2	7.0284	147.588	0.560315	0.76394	125.788	127	134.417	135	106.753	108	123.27781	122.28593	122.28593	Deep
487909	4634443	99001203	703	n	1983.93	13.2867	266.964	0.237143	0.018614	79.7253	76	100.163	98	68.7402	66	281.92821	165.16507	165.16507	Shallow
488209	4634443	99001204	704	n	2040.39	4.5313	148.175	0.540237	0.694437	117.868	126	128.223	132	100.803	106	569.00757	465.04523	465.04523	Deep
488509	4634443	99001205	705	n	2035.15	1.9005	88.2462	0.693916	0.857011	133.586	133	134.74	135	110.634	110	864.90214	764.98706	764.98706	Deep
488809	4634443	99001206	706	n	2025.55	3.0947	94.7107	0.668385	0.88217	142.126	141	140.52	139	117.323	116	1162.90232	1064.96165	1064.96165	Deep
489109	4634443	99001207	707	n	2014	6.9804	148.61	0.431614	0.604748	112.695	117	123.371	124	97.47	100	1461.72088	1364.94741	1364.94741	Deep
489409	4634443	99001208	708	n	2043.59	10.018	200.198	0.15482	0.368328	112.998	114	126.198	127	97.3423	98	1551.98229	1664.93831	1551.98229	Deep
489709	4634443	99001209	709	n	2065.25	12.9414	267.942	0.356699	0.178594	121.463	123	130.421	132	102.046	103	1679.0506	1964.93198	1679.0506	Deep
490009	4634443	99001210	710	n	2108.44	9.9073	277.907	0.374249	0.113537	127.992	128	132.909	134	104.982	105	1846.55701	2123.37682	1846.55701	Deep
490309	4634443	99001211	711	n	2140.44	4.071	210.92	0.373785	0.416053	120.771	119	123.686	122	99.5566	98	2044.58668	2129.83165	2044.58668	Deep
490609	4634443	99001212	712	n	2130.36	9.2214	114.094	0.567887	0.720927	135.865	140	135.835	139	112.756	115	2265.14825	2082.25977	2082.25977	Deep
490909	4634443	99001213	713	n	2117.15	13.7593	196.833	0.240192	0.37511	112.922	113	119.149	120	92.7981	94	2502.29064	2070.2049	2070.2049	Deep
491209	4634443	99001214	714	n	2136.62	15.4465	171.044	0.283575	0.544315	135.17	136	140.369	142	114.57	118	2751.73043	2046.86169	2046.86169	Deep
491509	4634443	99001215	715	n	2083.28	16.5666	74.6498	0.815733	0.90804	154.248	155	151.628	152	125.7	126	3010.4123	1939.93636	1939.93636	Deep
491809	4634443	99001216	716	n	2029.03	9.785	71.8139	0.77285	0.809243	139.377	139	138.939	137	114.399	112	3026.06293	1849.3268	1849.3268	Deep
492109	4634443	99001217	717	n	2009.4	7.9176	95.256	0.594859	0.739212	141.515	141	142.346	141	119.986	119	3052.55548	1725.33338	1725.33338	Deep
492409	4634443	99001218	718	n	1985.52	6.6311	120.48	0.48714	0.788883	136.668	135	136.236	134	113.915	112	3107.91459	1593.8988	1593.8988	Deep
492709	4634443	99001219	719	n	1969.91	6.4625	118.119	0.617163	0.74523	135.847	134	134.369	133	112.608	111	3190.63806	1510.46482	1510.46482	Deep
493009	4634443	99001220	720	n	1965.34	9.4736	152.215	0.36906	0.460433	123.846	125	118.757	118	99.2438	98	3298.66781	1462.05016	1462.05016	Deep
493309	4634443	99001221	721	n	1964.74	10.9678	151.899	0.284505	0.67035	140.964	141	141.665	142	118.19	118	3429.61331	1380.57554	1380.57554	Deep
475609	4634243	99001230	722	n	1816.09	3.1536	264.352	0.209339	0.003741	173.523	176	112.267	108	117.378	116	4666.79218	3673.10669	3673.10669	Deep
475909	4634243	99001231	723	n	1842.42	9.2476	272.176	0.319713	0.067381	158.96	160	138.814	141	119.462	121	4390.36757	3907.61411	3907.61411	Deep
476209	4634243	99001232	724	n	1893.48	21.152	258.654	0.333049	0.231233	156.694	159	137.223	134	112.648	110	4117.2449	3938.62998	3938.62998	Shallow
476509	4634243	99001233	725	n	1967.04	29.5292	294.354	0.553945	0.183572	138.081	137	114.36	115	88.2318	88	3848.12729	3992.01256	3848.12729	Shallow
476809	4634243	99001234	726	n	2093.29	27.0921	307.816	0.575907	0.13661	133.154	136	106.923	115	82.6738	88	3583.9171	4066.88116	3583.9171	MedDeep
477109	4634243	99001235	727	n	2162.79	21.3233	307.321	0.757541	0.300745	130.459	134	104.631	109	83.0076	86	3325.78411	4162.07647	3325.78411	Shallow
477409	4634243	99001236	728	n	2179.35	11.5446	172.95	0.668886	0.522867	136.668	135	122.163	118	101.42	97	3075.25902	4276.24118	3075.25902	Shallow
477709	4634243	99001237	729	n	2193.32	4.9299	143.799	0.559161	0.713847	139.006	139	130.574	131	110.574	110	2834.35992	4094.25341	2834.35992	Medium
478009	4634243	99001238	730	n	2182.32	11.7123	169.556	0.542715	0.419129	133.206	133	120.718	120	99.7494	99	2605.75791	3837.27228	2605.75791	Medium
478309	4634243	99001239	731	n	2210.72	14.1113	201.041	0.069356	0.339874	143.884	145	125.185	127	105.918	106	2392.97982	3586.39884	2392.97982	Shallow
478609	4634243	99001240	732	n	2235.5	10.8105	195.687	0.067017	0.373203	146.614	146	132.04	133	112.919	112	2200.62049	3343.62899	2200.62049	Shallow
478909	4634243	99001241	733	n	2236.59	7.462	168.309	0.224768	0.570787	141.169	141	125.855	129	108.536	110	2034.47995	3109.6897	2034.47995	Shallow
479209	4634243	99001242	734	n	2238.43	2.4735	200.403	0.120519	0.377656	138.376	136	126.081	124	105.606	103	1901.44335	2885.48925	1901.44335	Shallow
479509	4634243	99001243	735	n	2236.51	3.0197	118.077	0.511032	0.838665	135.17	135	116.267	118	97.7107	98	1808.82971	2676.17756	1808.82971	Medium
479809	4634243	99001244	736	n	2210.29	11.5246	42.344	0.953182	0.726676	127.003	126	82.7857	83	75.1548	76	1763.021	2483.39726	1763.021	Medium
480109	4634243	99001245	737	n	2194.66	12.1201	59.3351	0.962439	0.587578	114.095	114	85.9261	85	71.6671	71	1767.6598	2312.59765	1767.6598	Medium
480409	4634243	99001246	738	n	2191.99	11.9423	140.55	0.888578	0.600748	116.388	115	89.0414	90	74.3232	74	1822.36091	2127.30901	1822.36091	Shallow
480709	4634243	99001247	739	n	2160.77	7.3112	62.0195	0.90213	0.86844	118.153	118	91.1703	90	76.1646	76	1719.68311	1965.02703	1719.68311	Medium
481009	4634243	99001248	740	n	2140.63	5.3639	111.309	0.827116	0.788467	121.399	121	97.6157	98	82.074	81	1521.37372	1830.76917	1521.37372	Medium
481309	4634243	99001249	741	n	2131	4.2084	169.974	0.348037	0.603024	126.36	124	103.838	100	90.5073	86	1360.82548	1728.00965	1360.82548	Medium
481609	4634243	99001250	742	n	2116.87	8.773	139.336	0.341298	0.808437	133.445	131	111.399	107	99.2102	94	1252.64281	1650.14407	1252.64281	Shallow
481909	4634243	99001251	743	n	2091.4	13.637	159.407	0.20253	0.650703	148.286	146	135.967	133	121.793	118	1210.94261	1624.78724	1210.94261	Shallow
482209	4634243	99001252	744	n	2060.15	15.6711	120.564	0.505166	0.758748	140.641	136	124.069	117	110.898	104	1242.43713	1654.35538	1242.43713	Shallow
482509	4634243	99001253	745	n	2056.96	19.1627	187.731	0.097623	0.397403	141.421	141	133.363	134	116.154	115	1341.98287	1684.88049	1341.98287	Shallow
482809	4634243	99001254	746	n	2079.4	23.1344	204.908	0.134208	0.361916	112.651	143	108.791	134	90.9406	115	1496.05683	1430.48257	1430.48257	Shallow
483109	4634243	99001255	747	n	2122.43	17.2037	208.114	0.241071	0.382856	104.712	123	101.005	114	82.5352	96	1306.96914	1197.3882	1197.3882	Deep
483409	4634243	99001256	748	n	2135.66	4.6852	185.037	0.46684	0.379133	117.542	117	108.011	107	87.1681	86	1103.61517	1000.59814	1000.59814	Medium
483709	4634243	99001257	749	n	2129.19	5.9591	34.2118	0.941224	0.722021	116.683	116	106.371	105	86.2206	85	952.7668	865.24838	865.24838	Medium
484009	4634243	99001258	750	n	2113.62	6.5787	55.0831	0.861414	0.81214	133.048	136	124.059	127	104.448	107	847.54288	811.12517	811.12517	Medium
484309	4634243	99001259	751	n	2086.13	8.4753	66.9703	0.868889	0.862407	141.746	143	128.102	129	108.321	109	781.16195	845.80948	781.16195	Medium
484609	4634243	99001260	752	n	2070.61	12.3484	222.773	0.88288	0.532589	109.012	106	93.7521	91	76.2378	74	736.76899	887.93285	736.76899	Medium
484909	4634243	99001261	753	n	2062.25	10.2507	111.63	0.780695	0.736187	119.934	119	109.244	108	87.9491	87	809.59439	885.88696	809.59439	Medium
485209	4634243	99001262	754	n	2033.93	6.5373	96.8305	0.642319	0.807764	127.091	125	124.209	121	100.795	97	909.10863	889.87574	889.87574	Medium
485509	4634243	99001263	755	n	2031.85	6.2537	283.15	0.662841	0.277242	123.048	124	122.034	123	97.1116	98	667.45403	863.62098	667.45403	Deep
485809	4634243	99001264	756	n	2038.97	8.1986	179.137	0.908258	0.589306	129.349	129	127.707	127	104.65	103	405.82872	824.24586	405.82872	Deep
486109	4634243	99001265	757	n	2021.56	7.0156	139.95	0.8286	0.6497	128.795	130	126.69	127	103.28	104	252.78257	845.87192	252.78257	Deep
486409	4634243	99001266	758	n	2028.12	3.5537	271.555	0.535532	0.217242	128.995	132	134.431	137	108.334	111	378.28706	892.24709	378.28706	Deep
486709	4634243	99001267	759	n	2029.98	2.7283	138.608	0.660022	0.640564	130.199	132	136.548	138	109.095	111	634.27374	698.88294	634.27374	Deep
487009	4634243	99001268	760	n	2027.83	1.0076	145.008	0.466314	0.693228	132.43	133	142.262	142	114.498	115	573.74132	539.08764	539.08764	Deep
487309	4634243	99001269	761	n	2004.16	9.7712	94.6656	0.702086	0.923644	135.619	136	141.322	142	114.968	115	353.09468	341.32474	341.32474	Deep
487609	4634243	40024585	762	y	1966.67	5.6054	137.287	0.493088	0.763881	130.383	129	135.744	135	109.748	109	94.6676	60.42679	60.42679	Deep
487909	4634243	99001271	763	n	1983.67	13.2217	274.513	0.304761	0.044962	81.7724	79	100.162	99	69.9998	68	270.64378	186.97572	186.97572	Shallow
488209	4634243	99001272	764	n	2037.07	5.1842	192.436	0.249017	0.481901	119.463	128	127.965	132	100.483	106	563.50169	478.1119	478.1119	Deep
488509	4634243	99001273	765	n	2035.1	1.7065	105.538	0.59836	0.88209	132.792	132	133.99	134	109.61	109	861.28988	776.02134	776.02134	Deep
488809	4634243	99001274	766	n	2025.15	3.0332	100.75	0.632602	0.902434	139.269	140	137.887	138	114.555	115	1160.21824	1075.09406	1075.09406	Deep
489109	4634243	99001275	767	n	2009.24	4.5069	116.023	0.590347	0.80383	120.89	121	131.444	131	105.492	105	1278.76437	1373.60357	1278.76437	Deep
489409	4634243	99001276	768	n	2023.18	13.6406	230.376	0.184321	0.203207	100.806	97	116.556	113	87.0874	84	1365.94297	1672.27053	1365.94297	Deep
489709	4634243	99001277	769	n	2064.28	13.8149	272.412	0.349476	0.14359	122.299	124	130.73	133	101.397	103	1508.76177	1804.64591	1508.76177	Deep
490009	4634243	99001278	770	n	2113.33	10.8681	277.644	0.344092	0.082003	120.616	123	126.305	129	99.0131	101	1693.19933	1942.73796	1693.19933	Deep
490309	4634243	99001279	771	n	2139.02	4.317	154.524	0.39612	0.628414	123.945	121	126.555	124	102.947	100	1907.2194	2094.56175	1907.2194	Deep
490609	4634243	99001280	772	n	2122.07	8.7428	92.0983	0.625365	0.714964	131.468	132	132.113	132	108.459	108	2141.97286	2275.60473	2141.97286	Deep
490909	4634243	99001281	773	n	2090.45	13.4931	137.547	0.422194	0.65836	123.544	125	126.415	127	100.946	102	2391.36146	2269.98494	2269.98494	Deep
491209	4634243	99001282	774	n	2091.89	13.284	189.244	0.117174	0.445558	131.817	133	139.495	141	110.48	111	2651.25848	2238.02244	2238.02244	Deep
491509	4634243	99001283	775	n	2078.88	11.5285	131.824	0.425371	0.773265	149.971	151	154.975	155	124.652	125	2829.57954	2126.93553	2126.93553	Deep
491809	4634243	99001284	776	n	2037.99	11.2245	86.1505	0.728392	0.870382	138.348	137	138.298	136	114.05	113	2826.2269	2030.29754	2030.29754	Deep
492109	4634243	99001285	777	n	2002.95	7.4463	67.5947	0.802042	0.797088	133.832	133	131.678	131	110.861	110	2854.57468	1900.28338	1900.28338	Deep
492409	4634243	99001286	778	n	1986.07	5.3978	56.7632	0.903313	0.738391	129.264	129	126.868	127	106.083	106	2913.69778	1781.76528	1781.76528	Deep
492709	4634243	99001287	779	n	1979.93	7.785	180.412	0.881946	0.567542	123.188	124	120.91	122	99.7002	101	3001.77828	1707.33875	1707.33875	Deep
493009	4634243	99001288	780	n	1977.15	6.8223	89.1179	0.961559	0.613734	126.958	127	125.345	125	104.387	104	3116.36182	1649.75524	1649.75524	Deep
493309	4634243	99001289	781	n	1964.65	7.1696	24.7889	0.978503	0.695514	133.419	132	131.576	131	110.824	110	3254.65038	1578.00205	1578.00205	Deep
475609	4634043	99001298	782	n	1814.49	3.7695	253.576	0.148201	0.03391	164.721	164	132.483	129	121.395	119	4595.15516	3553.36663	3553.36663	Deep
475909	4634043	99001299	783	n	1848.37	11.681	285.11	0.39955	0.065972	157.448	160	138.114	142	116.988	120	4314.14291	3708.06549	3708.06549	Deep
476209	4634043	99001300	784	n	1910.32	19.9255	259.865	0.42681	0.177216	151.574	152	132.214	132	108.094	107	4035.86511	3740.73626	3740.73626	Shallow
476509	4634043	99001301	785	n	2006.31	26.174	256.839	0.211133	0.099071	155.675	158	140.846	145	115.92	120	3760.92879	3796.90215	3760.92879	MedDeep
476809	4634043	99001302	786	n	2114.64	21.7579	238.315	0.160638	0.178363	158.888	161	146.435	151	124.296	129	3490.1237	3875.54178	3490.1237	MedDeep
477109	4634043	99001303	787	n	2171.04	16.8429	220.47	0.115782	0.226377	160.749	162	149.82	155	129.637	133	3224.4909	3975.32164	3224.4909	Shallow
477409	4634043	99001304	788	n	2190.22	7.218	196.719	0.495584	0.409829	142.397	141	129.082	127	109.544	107	2965.42066	4094.69661	2965.42066	Medium
477709	4634043	99001305	789	n	2197.97	3.1864	164.08	0.840137	0.55872	130.871	131	120.526	120	99.9438	99	2714.79241	3997.90103	2714.79241	Medium
478009	4634043	99001306	790	n	2188.75	4.7316	90.2903	0.827971	0.846212	131.544	132	119.525	119	99.2755	99	2475.1719	3734.50275	2475.1719	Medium
478309	4634043	99001307	791	n	2185.96	7.2362	215.48	0.396736	0.331541	131.499	132	111.13	110	92.5673	92	2250.07868	3476.88917	2250.07868	Deep
478609	4634043	99001308	792	n	2203.66	8.9574	223.316	0.158061	0.280553	142.659	143	117.84	117	100.602	100	2044.31705	3225.88848	2044.31705	Deep
478909	4634043	99001309	793	n	2216.47	8.5336	203.15	0.145668	0.348212	138.656	138	117.71	117	100.151	98	1864.29888	2983.94949	1864.29888	Medium
479209	4634043	99001310	794	n	2232.57	5.0736	208.77	0.183953	0.334237	140.933	141	130.307	131	110.859	110	1718.13517	2751.42687	1718.13517	Shallow
479509	4634043	99001311	795	n	2231.32	3.1168	155.036	0.284046	0.672083	138.862	139	124.384	125	104.899	104	1615.04383	2531.05274	1615.04383	Shallow
479809	4634043	99001312	796	n	2224.16	3.7969	139.675	0.339039	0.785857	130.636	130	113.156	112	93.7208	92	1563.56794	2327.95267	1563.56794	Medium
480109	4634043	99001313	797	n	2214.94	4.4675	132.222	0.442031	0.696153	130.575	130	116.252	115	96.6471	95	1568.79662	2145.20902	1568.79662	Medium
480409	4634043	99001314	798	n	2207.37	4.3236	91.2277	0.712032	0.914941	127.048	127	109.511	110	90.2247	90	1630.18433	1967.01431	1630.18433	Shallow
480709	4634043	99001315	799	n	2166.48	10.0429	93.6708	0.695944	0.952709	124.908	124	96.2022	96	83.429	82	1585.24677	1793.55315	1585.24677	Medium
481009	4634043	99001316	800	n	2138.52	5.6857	112.254	0.521645	0.845175	122.607	121	101.761	99	85.8937	83	1367.5801	1650.58093	1367.5801	Medium
481309	4634043	99001317	801	n	2119.19	6.341	135.597	0.488454	0.709844	131.745	129	112.009	106	98.823	93	1186.39931	1536.86549	1186.39931	Shallow
481609	4634043	99001318	802	n	2103.13	12.0179	122.227	0.747898	0.641791	131.232	129	103.646	101	94.5056	91	1060.57123	1453.64271	1060.57123	Shallow
481909	4634043	99001319	803	n	2086.45	11.8387	41.5333	0.955539	0.664784	122.562	121	96.4237	95	85.5631	84	1010.9794	1424.79305	1010.9794	Shallow
482209	4634043	99001320	804	n	2061.46	13.1282	86.5084	0.83461	0.735817	129.799	127	108.467	107	95.2823	93	1048.49766	1458.42153	1048.49766	Shallow
482509	4634043	99001321	805	n	2046.01	11.1374	137.122	0.881463	0.565401	121.421	117	97.3218	95	85.3479	82	1164.73832	1550.46815	1164.73832	Shallow
482809	4634043	99001322	806	n	2039.28	15.475	153.336	0.343565	0.448821	119.115	122	102.751	103	87.8869	89	1339.35931	1325.7383	1325.7383	Shallow
483109	4634043	99001323	807	n	2077.96	21.401	206.656	0.06396	0.296499	112.689	119	107.942	113	87.8419	94	1181.72331	1070.0655	1070.0655	Deep
483409	4634043	99001324	808	n	2115.9	16.7392	192.341	0.129063	0.420313	127.548	130	123.989	127	101.682	103	951.98115	844.09614	844.09614	Deep
483709	4634043	99001325	809	n	2126.41	8.5545	181.832	0.119506	0.47413	122.997	123	120.443	120	97.2776	97	772.05325	678.20087	678.20087	Medium
484009	4634043	99001326	810	n	2117.72	3.661	85.6187	0.747971	0.939358	120.138	120	112.814	112	92.6915	92	663.72408	611.24929	611.24929	Medium
484309	4634043	99001327	811	n	2103.22	5.1434	72.8218	0.854732	0.812375	127.994	129	120.244	121	99.8048	100	594.51815	647.6846	594.51815	Medium
484609	4634043	99001328	812	n	2093.83	7.6843	147.419	0.63645	0.672808	122.704	123	116.191	116	95.0977	95	668.11227	688.27185	668.11227	Medium
484909	4634043	99001329	813	n	2057.8	12.3689	81.6163	0.735188	0.863501	130.091	130	117.924	117	98.4872	98	848.1133	686.07388	686.07388	Medium
485209	4634043	99001330	814	n	2020.26	8.1355	131.388	0.412953	0.742763	126.693	124	122.221	119	98.5347	95	1023.30311	689.91339	689.91339	Deep
485509	4634043	99001331	815	n	2030.49	9.4769	233.581	0.111768	0.16446	126.374	126	126.941	127	100.457	100	765.73581	671.52278	671.52278	Deep
485809	4634043	99001332	816	n	2043.99	10.3916	174.458	0.283101	0.503333	143.301	144	144.944	147	121.982	124	552.76885	624.24586	552.76885	Deep
486109	4634043	99001333	817	n	2039.1	6.9367	110.967	0.779495	0.531813	137.608	139	138.595	140	115.69	116	452.49915	645.91096	452.49915	Deep
486409	4634043	99001334	818	n	2029.16	6.0912	128.095	0.616835	0.676952	136.115	138	137.885	139	113.503	115	532.87668	692.39189	532.87668	Deep
486709	4634043	99001335	819	n	2026	3.5875	169.992	0.212359	0.566396	134.581	136	141.569	143	115.093	116	736.99364	740.60823	736.99364	Deep
487009	4634043	99001336	820	n	2022.6	3.9804	182.922	0.177259	0.462515	131.277	133	140.742	143	114.04	116	702.96109	622.80085	622.80085	Deep
487309	4634043	99001337	821	n	2007.4	11.0542	129.814	0.531715	0.771261	134.629	136	143.751	144	116.061	116	445.46649	323.17027	323.17027	Deep
487609	4634043	99001338	822	n	1960.43	5.5126	156.141	0.462743	0.661654	129.908	130	136.304	136	110.608	111	287.62213	30.87435	30.87435	Deep
487909	4634043	99001339	823	n	1992.68	15.0135	290.437	0.421752	0.059784	74.5545	75	95.3583	95	64.0611	64	383.42221	255.56674	255.56674	Shallow
488209	4634043	99001340	824	n	2034.66	4.2691	162.934	0.496877	0.644566	124.886	131	130.432	133	103.863	108	625.53872	541.35221	541.35221	Deep
488509	4634043	99001341	825	n	2031.59	2.3561	162.803	0.190175	0.626956	134.41	134	134.734	135	109.954	110	903.09733	819.09143	819.09143	Deep
488809	4634043	99001342	826	n	2024.19	3.2329	103.644	0.632098	0.944672	137.897	138	138.188	138	114.282	114	1035.60632	1106.58434	1035.60632	Deep
489109	4634043	99001343	827	n	2008.18	3.8726	106.635	0.609562	0.929565	118.604	118	131.365	131	104.828	105	1082.76935	1390.87464	1082.76935	Deep
489409	4634043	99001344	828	n	2008.78	8.8752	225.798	0.171323	0.202398	107.947	106	121.669	120	94.1664	92	1184.46248	1488.21719	1184.46248	Deep
489709	4634043	99001345	829	n	2054.45	14.9847	240.92	0.126359	0.139416	116.851	118	128.428	130	100.099	102	1346.66746	1635.55756	1346.66746	Deep
490009	4634043	99001346	830	n	2109.97	12.1586	233.409	0.094909	0.150699	120.55	121	128.773	132	101.096	103	1550.50802	1766.27644	1550.50802	Deep
490309	4634043	99001347	831	n	2129.84	6.0693	159.825	0.379975	0.665055	139.244	146	140.871	146	116.988	121	1781.75111	1932.01723	1781.75111	Deep
490609	4634043	99001348	832	n	2121.1	5.4527	189.605	0.198993	0.404665	116.175	114	121.87	121	97.1199	96	2031.05857	2126.23577	2031.05857	Deep
490909	4634043	99001349	833	n	2096.79	13.1644	77.5672	0.85191	0.888329	128.767	129	128.298	128	105.32	105	2292.54461	2315.63346	2292.54461	Deep
491209	4634043	99001350	834	n	2062.56	9.3296	164.956	0.236176	0.502602	128.723	128	135.106	134	105.366	104	2562.48369	2386.94291	2386.94291	Deep
491509	4634043	99001351	835	n	2059.18	8.3636	163.512	0.235981	0.611231	134.137	133	140.098	139	111.892	111	2630.0232	2316.10803	2316.10803	Deep
491809	4634043	99001352	836	n	2037.73	8.001	95.6727	0.683921	0.901796	135.551	135	136.524	136	112.812	113	2626.41584	2212.5002	2212.5002	Deep
492109	4634043	99001353	837	n	2010.82	4.971	96.4005	0.677711	0.893816	137.648	136	136.808	135	113.57	112	2656.89636	2079.75445	2079.75445	Deep
492409	4634043	99001354	838	n	1993.78	6.594	163.818	0.555711	0.624111	134.292	134	133.412	133	110.793	110	2720.31917	1971.84917	1971.84917	Deep
492709	4634043	99001355	839	n	1997.07	7.3723	165.306	0.506546	0.507146	130.444	129	130.629	128	108.903	106	2814.45812	1904.86411	1904.86411	Deep
493009	4634043	99001356	840	n	1988.26	10.0018	145.772	0.556013	0.652368	134.886	133	135.514	133	113.725	112	2936.36044	1840.05272	1840.05272	Deep
493309	4634043	99001357	841	n	1969.1	6.7919	133.168	0.400461	0.761339	140.968	141	142.098	141	120.096	119	3082.7343	1776.00454	1776.00454	Deep
475609	4633843	99001366	842	n	1812.03	2.6521	272.573	0.278143	0.01649	182.478	186	143.45	144	132.554	131	4531.21977	3441.09227	3441.09227	Deep
475909	4633843	99001367	843	n	1859.45	17.5292	268.189	0.264498	0.036603	165.781	166	147.29	150	125.418	127	4245.97818	3508.56827	3508.56827	Shallow
476209	4633843	99001368	844	n	1940.55	19.006	251.382	0.492023	0.232868	149.893	148	133.594	132	105.268	103	3962.91671	3543.07909	3543.07909	Shallow
476509	4633843	99001369	845	n	1980.82	26.4134	204.109	0.593444	0.345979	147.163	141	129.644	124	103.83	96	3682.53812	3602.32808	3602.32808	MedDeep
476809	4633843	99001370	846	n	2060.05	26.9744	252.475	0.251264	0.170616	151.729	154	135.682	140	113.392	116	3405.50512	3685.12221	3405.50512	MedDeep
477109	4633843	99001371	847	n	2148.16	19.5344	263.207	0.308672	0.160151	146.323	148	131.96	134	109.169	111	3132.70542	3789.91871	3132.70542	MedDeep
477409	4633843	99001372	848	n	2194	9.4818	276.713	0.450178	0.197559	143.619	141	134.207	130	113.083	109	2865.34838	3914.95108	2865.34838	Shallow
477709	4633843	99001373	849	n	2208.94	4.1557	174.413	0.883679	0.510066	125.882	125	116.009	115	94.8614	94	2605.11026	3907.9593	2605.11026	Medium
478009	4633843	99001374	850	n	2198.24	7.2594	145.7	0.827168	0.6258	122.856	122	110.864	109	89.5265	87	2354.35291	3639.61707	2354.35291	Medium
478309	4633843	99001375	851	n	2209.84	10.0116	239.653	0.889771	0.463434	116.617	116	91.951	90	71.7017	71	2116.44885	3374.92378	2116.44885	Medium
478609	4633843	99001376	852	n	2205.53	7.1803	247.554	0.799877	0.403664	131.549	132	100.55	104	82.7201	84	1896.24204	3116.54586	1896.24204	Medium
478909	4633843	99001377	853	n	2202.83	6.4572	137.433	0.529362	0.748838	141.22	141	113.473	113	96.19	95	1700.62106	2865.38937	1700.62106	Medium
479209	4633843	99001378	854	n	2210.12	11.4452	213.266	0.073016	0.261038	138.379	139	122.375	123	104.142	103	1538.98996	2624.51031	1538.98996	Shallow
479509	4633843	99001379	855	n	2218.2	8.3141	157.333	0.267412	0.656745	139.651	139	121.558	122	105.635	105	1422.97865	2393.85246	1422.97865	Deep
479809	4633843	99001380	856	n	2202.64	10.8602	153.773	0.242571	0.703393	137.755	137	116.655	116	102.185	100	1364.27503	2178.6252	1364.27503	Deep
480109	4633843	99001381	857	n	2188.76	11.852	187.304	0.080397	0.439358	137.5	137	121.458	120	105.974	103	1370.26439	1983.43727	1370.26439	Shallow
480409	4633843	99001382	858	n	2200.17	7.1676	153.5	0.308366	0.625656	135.548	135	125.734	125	106.499	104	1440.13979	1814.02572	1440.13979	Shallow
480709	4633843	99001383	859	n	2174.62	10.8336	41.5851	0.946275	0.795421	117.108	116	91.3492	89	77.2405	75	1465.84605	1627.62559	1465.84605	Medium
481009	4633843	99001384	860	n	2149.14	8.8628	74.7919	0.912925	0.769951	119.1	119	91.1415	90	78.2708	76	1227.18077	1470.64362	1227.18077	Shallow
481309	4633843	99001385	861	n	2128.31	7.4351	101.809	0.898487	0.674151	120.155	120	96.8208	95	82.3905	81	1021.39153	1347.09213	1021.39153	Medium
481609	4633843	99001386	862	n	2116.4	4.9623	124.478	0.607403	0.733098	131.268	129	113.943	111	99.5692	96	872.07148	1258.24432	872.07148	Shallow
481909	4633843	99001387	863	n	2098.59	8.3863	117.616	0.52163	0.748684	135.497	131	120.222	114	104.985	99	811.03432	1224.80076	811.03432	Shallow
482209	4633843	99001388	864	n	2076.81	15.7088	233.058	0.681808	0.517681	110.147	101	86.2489	79	72.7794	63	857.34746	1263.76225	857.34746	Shallow
482509	4633843	99001389	865	n	2091.14	14.1797	108.498	0.935602	0.637265	118.26	118	91.893	93	79.7868	81	996.14892	1368.96061	996.14892	Deep
482809	4633843	99001390	866	n	2055.71	13.8936	39.5975	0.962651	0.776086	126.82	127	104.793	105	91.9091	91	1195.65074	1244.54156	1195.65074	Deep
483109	4633843	99001391	867	n	2030.16	14.0846	164.893	0.266447	0.44698	128.484	129	116.277	113	99.2475	97	1079.24586	967.64757	967.64757	Shallow
483409	4633843	99001392	868	n	2051.14	20.39	188.89	0.062076	0.426202	141.307	146	138.662	144	116.76	121	821.32196	709.78866	709.78866	Shallow
483709	4633843	99001393	869	n	2077.77	18.9642	202.243	0.011142	0.313055	124.22	125	125.285	127	102.738	104	603.62893	501.25649	501.25649	Shallow
484009	4633843	99001394	870	n	2106.15	12.8237	153.461	0.290111	0.552469	126.325	128	125.226	128	103.06	105	483.90703	411.49405	411.49405	Shallow
484309	4633843	99001395	871	n	2105.67	6.9035	109.025	0.5543	0.751765	124.485	123	119.523	117	98.3436	96	394.52826	451.21583	394.52826	Medium
484609	4633843	99001396	872	n	2098.28	4.2979	86.3769	0.696435	0.832839	128.237	128	125.029	124	103.373	102	498.57269	488.48726	488.48726	Medium
484909	4633843	99001397	873	n	2068.02	11.5233	69.8282	0.827006	0.891681	126.666	127	115.389	115	96.8637	96	722.14742	486.41445	486.41445	Medium
485209	4633843	99001398	874	n	2022.59	9.0064	64.1534	0.872785	0.887137	120.57	120	113.501	112	91.989	91	987.12668	489.98177	489.98177	Medium
485509	4633843	99001399	875	n	2005.47	7.3149	165.736	0.221625	0.482338	121.427	119	121.301	119	96.1294	94	898.44743	474.69029	474.69029	Deep
485809	4633843	99001400	876	n	2008.12	10.3276	188.734	0.09173	0.434711	133.256	133	135.522	136	109.667	110	725.54108	424.24587	424.24587	Deep
486109	4633843	99001401	877	n	2022.86	12.3139	195.983	0.060388	0.378553	133.303	135	136.883	138	112.345	113	573.2501	445.985	445.985	Deep
486409	4633843	99001402	878	n	2019.65	12.3396	138.015	0.364157	0.773232	143.68	146	145.853	148	121.142	123	550.99347	492.65422	492.65422	Deep
486709	4633843	99001403	879	n	2008.4	10.7724	187.013	0.128467	0.444967	129.126	131	136.994	139	108.859	111	677.17939	557.85501	557.85501	Deep
487009	4633843	99001404	880	n	2011.88	9.2392	170.405	0.334309	0.54116	130.63	133	140.113	142	112.411	115	563.50424	536.84893	536.84893	Deep
487309	4633843	99001405	881	n	1987.88	10.5949	133.311	0.410043	0.807808	138.537	139	148.485	149	119.204	119	466.06346	320.22258	320.22258	Deep
487609	4633843	99001406	882	n	1955.76	5.0592	167.945	0.428709	0.619955	129.881	136	136.809	141	110.468	116	485.60004	20.55551	20.55551	Deep
487909	4633843	99001407	883	n	2002.35	16.3291	276.468	0.313899	0.040184	73.3285	72	96.1884	95	63.7511	62	548.43152	260.59234	260.59234	Shallow
488209	4633843	99001408	884	n	2036.2	3.0777	106.015	0.732375	0.902891	133.067	139	136.888	139	111.053	114	738.28397	558.07391	558.07391	Deep
488509	4633843	99001409	885	n	2024.56	2.8226	159.345	0.315573	0.650914	136.549	136	136.711	137	111.789	111	806.02815	843.53504	806.02815	Deep
488809	4633843	99001410	886	n	2022.36	3.3419	129.446	0.462879	0.801852	138.848	139	140.43	140	115.805	115	843.00096	1053.38696	843.00096	Deep
489109	4633843	99001411	887	n	2003.23	3.8614	109.854	0.580988	0.928821	120.893	121	132.623	132	106.472	106	888.56099	1197.01041	888.56099	Deep
489409	4633843	99001412	888	n	1993.55	6.0459	182.123	0.249096	0.445313	119.348	120	129.606	130	102.374	102	1010.00125	1308.85142	1010.00125	Deep
489709	4633843	99001413	889	n	2021.56	14.3962	219.984	0.066392	0.21719	115.353	115	127.215	127	95.8758	96	1196.10384	1453.36712	1196.10384	Deep
490009	4633843	99001414	890	n	2089.25	16.7451	255.752	0.194139	0.073886	101.104	101	112.916	113	84.7127	85	1421.69838	1595.37898	1421.69838	Deep
490309	4633843	99001415	891	n	2123.51	4.7732	135.781	0.493845	0.767206	138.945	143	141.588	145	117.465	121	1670.8645	1776.5478	1670.8645	Deep
490609	4633843	99001416	892	n	2110.49	8.134	166.789	0.392395	0.529568	111.516	112	118.202	119	93.8788	95	1934.51546	1985.7946	1934.51546	Deep
490909	4633843	99001417	893	n	2110.19	11.118	112.221	0.710163	0.768143	128.659	129	131.052	131	108.386	108	2207.46732	2119.07055	2119.07055	Deep
491209	4633843	99001418	894	n	2061.62	9.8919	82.9095	0.761256	0.834216	125.622	125	128.671	128	104.156	104	2471.13042	2196.76993	2196.76993	Deep
491509	4633843	99001419	895	n	2038.25	8.2434	129.01	0.42552	0.651761	127.146	126	131.57	130	104.359	103	2430.53979	2311.08984	2311.08984	Deep
491809	4633843	99001420	896	n	2029.23	8.3896	142.001	0.351317	0.719426	135.789	134	139.071	137	113.679	112	2426.6359	2371.88814	2371.88814	Deep
492109	4633843	99001421	897	n	2006.03	6.3022	89.7851	0.656186	0.804728	137.004	135	134.226	132	112.633	110	2459.59345	2262.67104	2262.67104	Deep
492409	4633843	99001422	898	n	1992.7	6.4749	96.604	0.76118	0.701412	132.357	131	128.508	128	106.291	106	2527.97113	2163.72152	2163.72152	Deep
492709	4633843	99001423	899	n	1982.7	7.512	78.3072	0.648192	0.621096	133.111	132	131.121	130	109.084	108	2629.00669	2102.85733	2102.85733	Deep
493009	4633843	99001424	900	n	1973.51	6.485	49.9807	0.791151	0.648579	131.253	131	129.545	129	107.848	108	2759.11477	2032.21447	2032.21447	Deep
493309	4633843	99001425	901	n	1963.78	6.2218	61.7886	0.866	0.734515	133.794	133	132.559	132	110.924	110	2914.4043	1974.40973	1974.40973	Deep
475609	4633643	99001434	902	n	1814.1	3.3845	283.803	0.361925	0.018746	180.789	182	159.025	161	139.725	141	4475.31611	3299.54464	3299.54464	Deep
475909	4633643	99001435	903	n	1856.14	14.8828	275.183	0.318651	0.060692	166.367	166	140.196	144	120.782	122	4186.26712	3309.13176	3309.13176	Shallow
476209	4633643	99001436	904	n	1941.03	20.5183	273.874	0.321328	0.072275	149.833	152	131.824	136	102.947	104	3898.87298	3345.70039	3345.70039	Shallow
476509	4633643	99001437	905	n	2014.99	16.0329	219.338	0.264312	0.226194	149.81	152	127.167	129	101.56	104	3613.52856	3408.3822	3408.3822	Shallow
476809	4633643	99001438	906	n	2056.29	24.2929	193.39	0.398789	0.263598	147.797	150	125.017	124	102.979	101	3330.76069	3495.77278	3330.76069	MedDeep
477109	4633643	99001439	907	n	2122.12	22.0702	250.744	0.295795	0.265623	148.617	155	131.632	134	110.363	114	3051.28578	3606.07619	3051.28578	MedDeep
477409	4633643	99001440	908	n	2183.51	16.3096	282.327	0.418803	0.159809	139.717	137	129.204	126	107.142	103	2776.09852	3737.26419	2776.09852	Shallow
477709	4633643	99001441	909	n	2216.7	4.414	129.923	0.749212	0.549737	133.402	134	121.184	121	99.4699	99	2506.61149	3825.04853	2506.61149	Medium
478009	4633643	99001442	910	n	2214.43	7.5773	195.538	0.720103	0.447429	124.189	123	111.344	110	88.6028	87	2244.87845	3551.30479	2244.87845	Medium
478309	4633643	99001443	911	n	2235.27	6.7885	220.131	0.661896	0.366333	128.669	126	108.809	111	87.0689	85	1993.95521	3281.47586	1993.95521	Medium
478609	4633643	99001444	912	n	2225.77	5.6655	117.237	0.94026	0.626823	131.657	131	100.953	107	84.2152	88	1758.47534	3015.57794	1758.47534	Shallow
478909	4633643	99001445	913	n	2207.12	7.5819	70.672	0.845968	0.915826	135.552	135	104.467	108	90.3408	92	1545.51404	2756.2472	1545.51404	Medium
479209	4633643	99001446	914	n	2182.73	9.5777	130.718	0.456937	0.666681	136.225	136	115.275	115	98.9974	98	1365.64701	2504.90639	1365.64701	Shallow
479509	4633643	99001447	915	n	2189.81	11.8311	168.67	0.198057	0.561244	137.751	137	111.69	111	95.5071	94	1233.43824	2265.42582	1233.43824	Deep
479809	4633643	99001448	916	n	2175.86	10.4292	156.986	0.295232	0.587403	137.044	135	109.45	106	96.7456	93	1165.22445	2037.32899	1165.22445	Deep
480109	4633643	99001449	917	n	2160.42	9.7542	141.693	0.389778	0.63697	130.598	129	102.856	101	91.3053	89	1172.23127	1829.22846	1172.23127	Shallow
480409	4633643	99001450	918	n	2178.75	9.4449	222.34	0.036734	0.178619	130.357	130	117.474	116	100.094	98	1253.19762	1645.80776	1253.19762	Shallow
480709	4633643	99001451	919	n	2192.72	4.4001	106.272	0.610987	0.817155	128.706	128	118.777	118	98.8142	97	1365.43106	1467.26505	1365.43106	Shallow
481009	4633643	99001452	920	n	2169.25	9.5743	110.875	0.840609	0.723039	121.206	120	99.6791	95	84.7354	80	1105.29181	1295.48999	1105.29181	Medium
481309	4633643	99001453	921	n	2146.38	8.47	74.6118	0.905275	0.834138	124.998	125	103.886	103	89.5849	88	871.17047	1160.75788	871.17047	Shallow
481609	4633643	99001454	922	n	2123.87	5.6667	84.3187	0.89555	0.743027	125.3	124	104.147	102	89.9742	87	690.0768	1064.55645	690.0768	Medium
481909	4633643	99001455	923	n	2103.71	8.6605	89.0089	0.837292	0.778355	121.881	120	99.2067	96	85.9002	82	611.12519	1024.81148	611.12519	Shallow
482209	4633643	99001456	924	n	2114.5	12.192	296.741	0.686279	0.265351	105.782	104	87.7223	87	68.4866	66	671.37322	1071.07268	671.37322	Shallow
482509	4633643	99001457	925	n	2121.56	8.4414	101.848	0.88106	0.782015	122.728	123	102.013	103	87.3588	88	841.43331	1193.37957	841.43331	Medium
482809	4633643	99001458	926	n	2092.44	12.04	40.5047	0.965611	0.790614	123.14	124	101.621	102	88.0731	88	1070.17663	1191.7153	1070.17663	Deep
483109	4633643	99001459	927	n	2045.9	14.7925	41.6784	0.944296	0.724464	120.711	119	98.923	98	86.2987	85	1006.51542	898.68987	898.68987	Deep
483409	4633643	99001460	928	n	2021.91	13.0786	83.4764	0.663408	0.615061	123.889	122	109.229	108	93.4288	92	723.09848	612.45539	612.45539	Shallow
483709	4633643	99001461	929	n	2021.28	14.2243	172.774	0.163799	0.419628	123.912	125	120.815	123	100.12	101	461.16108	350.08532	350.08532	Shallow
484009	4633643	99001462	930	n	2045.86	17.0453	194.94	0.024916	0.373347	124.836	126	126.158	128	103.503	105	287.17184	212.10709	212.10709	Shallow
484309	4633643	99001463	931	n	2052.07	19.0407	178.86	0.08568	0.509738	139.034	140	136.165	139	113.736	116	194.55916	258.76586	194.55916	Shallow
484609	4633643	99001464	932	n	2059.3	19.7119	183.246	0.065693	0.467389	140.592	142	139.184	142	115.588	117	361.62888	289.00079	289.00079	Shallow
484909	4633643	99001465	933	n	2057.49	17.9914	161.078	0.20922	0.57467	139.007	139	135.568	137	113.493	114	635.37203	287.22931	287.22931	Shallow
485209	4633643	99001466	934	n	2029.02	13.2932	127.766	0.460345	0.738929	137.946	136	133.706	133	107.4	106	925.53757	290.14444	290.14444	Shallow
485509	4633643	99001467	935	n	2005.5	7.9612	94.2172	0.625121	0.791937	124.393	122	124.735	122	98.3655	96	861.71984	275.73997	275.73997	Medium
485809	4633643	99001468	936	n	1986.01	6.8358	154.312	0.290778	0.617826	124.078	124	124.732	124	100.253	100	597.94582	224.24588	224.24588	Deep
486109	4633643	99001469	937	n	1992.18	7.262	194.288	0.054664	0.389491	122.038	121	126.921	126	102.195	101	390.53467	246.17936	246.17936	Deep
486409	4633643	99001470	938	n	1989.15	6.4048	163.746	0.167375	0.636218	123.963	123	130.403	129	104.18	103	357.06506	293.27435	293.27435	Deep
486709	4633643	99001471	939	n	1983.96	4.8241	179.755	0.122283	0.499541	120.152	120	129.644	130	102.465	102	531.48244	388.88128	388.88128	Deep
487009	4633643	99001472	940	n	1987.53	8.5241	178.779	0.134395	0.516438	127.425	125	138.718	137	108.576	107	413.80996	337.50127	337.50127	Deep
487309	4633643	99001473	941	n	1974.78	6.1355	123.277	0.541691	0.806822	131.09	133	141.252	142	113.886	115	266.3021	266.3021	266.3021	Deep
487609	4633643	99001474	942	n	1952.22	4.6441	157.146	0.463001	0.641568	130.598	138	138.047	142	111.648	118	286.62204	30.01487	30.01487	Deep
487909	4633643	99001475	943	n	1994.24	16.5055	237.386	0.118171	0.137779	94.5593	94	115.538	115	83.1252	82	441.29835	252.0724	252.0724	Deep
488209	4633643	99001476	944	n	2029.94	7.0615	144.526	0.396976	0.703747	131.333	137	138.51	141	111.368	115	697.76952	505.74193	505.74193	Deep
488509	4633643	99001477	945	n	2019.31	3.6808	139.603	0.465298	0.728785	137.963	141	139.752	140	114.343	115	606.50766	703.4643	606.50766	Deep
488809	4633643	99001478	946	n	2015.82	4.5348	154.253	0.282411	0.685068	134.567	137	138.755	139	112.957	113	654.84408	902.5108	654.84408	Shallow
489109	4633643	99001479	947	n	2000.91	3.0597	102.34	0.629224	0.911261	120.053	120	132.426	132	105.765	105	697.63299	1005.55238	697.63299	Deep
489409	4633643	99001480	948	n	1986.76	4.0098	136.999	0.475649	0.677819	126.873	127	136.275	136	109.415	109	846.90831	1136.39505	846.90831	Deep
489709	4633643	99001481	949	n	2004.63	9.1151	249.431	0.146592	0.068271	105.036	104	118.462	118	88.7187	88	1061.98661	1271.91888	1061.98661	Deep
490009	4633643	99001482	950	n	2062.15	19.0121	251.414	0.214228	0.11866	93.7997	90	105.478	103	77.3252	75	1310.86897	1432.03902	1310.86897	Deep
490309	4633643	99001483	951	n	2118.88	4.7474	158.016	0.423151	0.649422	126.214	125	130.874	130	105.534	105	1577.63727	1630.52867	1577.63727	Deep
490609	4633643	99001484	952	n	2099.63	11.3533	129.455	0.53693	0.768881	116.136	121	121.638	125	96.7341	101	1854.58923	1855.56104	1854.58923	Deep
490909	4633643	99001485	953	n	2116.34	12.6354	141.64	0.536376	0.51328	119.967	123	123.434	123	100.588	101	2137.77059	1923.21648	1923.21648	Deep
491209	4633643	99001486	954	n	2088.65	11.6698	48.3724	0.97123	0.72239	120.903	121	122.175	122	99.2159	99	2275.29937	2008.50685	2008.50685	Deep
491509	4633643	99001487	955	n	2057.39	12.7127	31.525	0.995391	0.759046	125.175	126	125.84	126	104.597	105	2231.14888	2132.94114	2132.94114	Deep
491809	4633643	99001488	956	n	2029.83	8.679	42.8144	0.906771	0.747497	127.556	126	127.368	126	105.988	105	2226.89548	2171.99332	2171.99332	Deep
492109	4633643	99001489	957	n	2017.7	6.4453	100.511	0.657274	0.523219	129.737	128	129.446	128	108.478	107	2262.76415	2182.5199	2182.5199	Deep
492409	4633643	99001490	958	n	2014.34	6.8643	114.137	0.814216	0.669662	129.286	129	127.423	126	106.628	106	2336.90815	2220.87143	2220.87143	Deep
492709	4633643	99001491	959	n	1996.51	6.0983	62.0828	0.807307	0.801021	134.547	134	133.319	132	111.963	111	2445.8491	2287.73203	2287.73203	Deep
493009	4633643	99001492	960	n	1978.24	6.0097	117.867	0.46849	0.790642	142.844	142	143.815	143	121.714	121	2585.19167	2225.75769	2225.75769	Deep
493309	4633643	99001493	961	n	1962.13	5.9071	148.222	0.272262	0.700986	143.261	143	144.68	145	122.326	122	2750.31891	2173.10732	2173.10732	Deep
475609	4633443	99001502	962	n	1817.02	3.7171	286.85	0.38747	0.026376	183.204	177	151.71	166	134.427	137	4427.7484	3099.56392	3099.56392	Deep
475909	4633443	99001503	963	n	1859.8	13.8416	269.815	0.296478	0.054739	160.619	163	142.995	148	119.226	123	4135.37593	3109.76762	3109.76762	Shallow
476209	4633443	99001504	964	n	1934.88	19.8381	229.281	0.150764	0.207883	158.751	161	141.165	146	114.692	114	3844.179	3148.65253	3148.65253	Shallow
476509	4633443	99001505	965	n	1992.74	17.5564	251.02	0.236149	0.137617	147.15	150	126.107	128	98.6773	100	3554.44655	3215.17821	3215.17821	Shallow
476809	4633443	99001506	966	n	2069.85	17.347	254.466	0.306448	0.09589	150.434	153	126.387	133	105.15	110	3266.56829	3307.67728	3266.56829	MedDeep
477109	4633443	99001507	967	n	2154.69	20.9793	290.655	0.5498	0.137064	136.198	136	116.427	116	94.0981	92	2981.08144	3424.04544	2981.08144	Shallow
477409	4633443	99001508	968	n	2218.68	13.6168	279.799	0.625447	0.236986	131.973	131	119.966	116	95.7297	91	2698.74502	3561.94403	2698.74502	Shallow
477709	4633443	99001509	969	n	2229.18	6.4642	130.667	0.871614	0.586389	125.617	125	106.641	106	85.8327	85	2420.66165	3718.97881	2420.66165	Shallow
478009	4633443	99001510	970	n	2224.5	3.0945	192.351	0.639101	0.469701	129.849	130	113.415	115	91.035	92	2148.4834	3471.01945	2148.4834	Medium
478309	4633443	99001511	971	n	2228.59	7.0453	189.995	0.081045	0.404035	139.219	140	119.896	121	98.122	98	1884.77029	3195.31753	1884.77029	Medium
478609	4633443	99001512	972	n	2235.42	5.3072	116.617	0.550005	0.641202	135.757	136	110.538	116	91.1668	94	1633.627	2923.6456	1633.627	Shallow
478909	4633443	99001513	973	n	2213.13	9.0247	89.2087	0.83067	0.826507	125.228	125	95.268	95	79.6009	79	1401.8257	2656.55983	1401.8257	Shallow
479209	4633443	99001514	974	n	2184.55	8.7184	59.8675	0.890652	0.811224	124.927	123	96.6702	95	82.7269	79	1200.6221	2395.95664	1200.6221	Medium
479509	4633443	99001515	975	n	2164.23	10.0463	105.802	0.567326	0.65854	131.518	129	108.051	103	93.4686	89	1047.79366	2144.44767	1047.79366	Shallow
479809	4633443	99001516	976	n	2151.64	11.0191	138.489	0.38956	0.624574	142.303	140	120.571	113	109.325	102	966.56592	1906.5705	966.56592	Deep
480109	4633443	99001517	977	n	2141.01	10.6099	149.883	0.320547	0.615526	138.418	138	116.507	113	105.458	102	975.00144	1682.52465	975.00144	Shallow
480409	4633443	99001518	978	n	2151.48	12.2571	203.967	0.053162	0.324667	133.972	132	119.027	117	102.863	100	1070.98363	1483.50424	1070.98363	Shallow
480709	4633443	99001519	979	n	2161.15	16.4605	181.512	0.074057	0.48496	139.928	139	127.784	127	111.416	109	1234.25445	1316.33465	1234.25445	Shallow
481009	4633443	99001520	980	n	2172.04	10.5331	195.798	0.17715	0.295794	134.981	135	126.358	127	109.916	109	1008.64628	1128.22272	1008.64628	Shallow
481309	4633443	99001521	981	n	2167.26	9.789	57.9921	0.851187	0.764715	124.338	124	106.626	104	90.5913	87	744.73842	979.82678	744.73842	Shallow
481609	4633443	99001522	982	n	2140.54	8.6449	44.669	0.958921	0.833851	120.874	121	98.9609	99	83.5485	83	521.4435	873.7174	521.4435	Shallow
481909	4633443	99001523	983	n	2117.05	5.1667	152.245	0.79717	0.593529	115.844	116	96.3433	96	78.8821	79	411.30443	824.82739	411.30443	Medium
482209	4633443	99001524	984	n	2133.46	3.8644	224.456	0.580104	0.27423	118.316	119	106.044	107	85.5149	86	496.42657	881.64525	496.42657	Medium
482509	4633443	98590005	985	y	2132.01	3.097	73.3332	0.806136	0.895976	125.125	125	109.134	109	90.8809	91	709.72343	1026.76992	709.72343	Medium
482809	4633443	99001526	986	n	2111.13	10.1032	94.1873	0.813678	0.762931	121.885	121	104.78	105	89.4305	89	970.03884	1171.10504	970.03884	Deep
483109	4633443	98590006	987	y	2089.3	14.1317	73.0118	0.843504	0.655588	116.649	114	99.8639	98	84.8049	82	970.24479	871.17457	871.17457	Deep
483409	4633443	99001528	988	n	2054.88	14.6811	81.6765	0.687918	0.785752	131.227	127	118.413	113	101.195	96	671.69418	571.31713	571.31713	Shallow
483709	4633443	99001529	989	n	2016.14	11.4202	100.759	0.575846	0.770062	137.454	135	131.44	128	111.767	109	375.46132	271.77451	271.77451	Shallow
484009	4633443	99001530	990	n	2000.49	8.4792	158.46	0.438014	0.565367	138.53	139	119.506	120	105.431	107	103.77536	14.62365	14.62365	Deep
484309	4633443	99001531	991	n	2000.34	9.4434	154.984	0.239309	0.554831	125.062	124	117.142	117	97.5308	97	7.34776	71.20851	7.34776	Shallow
484609	4633443	99001532	992	n	1998.97	11.1741	166.109	0.159811	0.549707	135.48	137	130.511	132	108.788	110	304.91993	91.77752	91.77752	Shallow
484909	4633443	99001533	993	n	1995.85	12.5069	174.076	0.14432	0.535347	140.537	140	135.444	135	112.171	112	604.89531	89.46133	89.46133	Shallow
485209	4633443	99001534	994	n	1989.3	9.6813	165.568	0.168636	0.575212	133.507	132	129.911	128	104.339	103	904.88702	91.02447	91.02447	Shallow
485509	4633443	99001535	995	n	1982.79	8.1194	151.372	0.238658	0.628236	130.773	129	126.225	125	102.514	102	775.08386	81.99247	81.99247	Deep
485809	4633443	99001536	996	n	1972.65	3.8413	154.669	0.334526	0.679025	133.501	133	128.651	128	107.106	106	511.31288	24.24605	24.24605	Deep
486109	4633443	99001537	997	n	1969.89	5.2202	161.783	0.22692	0.601635	133.824	133	130.491	130	108.494	108	237.52682	48.02015	48.02015	Deep
486409	4633443	99001538	998	n	1969.47	5.7444	178.087	0.099751	0.510945	128.866	127	132.076	131	106.443	105	177.19231	96.49611	96.49611	Deep
486709	4633443	99001539	999	n	1968.55	4.7109	179.731	0.081882	0.501747	122.046	122	129.536	130	103.305	104	431.71199	191.4517	191.4517	Deep
487009	4633443	99001540	1000	n	1967.94	6.3641	183.108	0.107146	0.479684	125.608	126	135.553	135	107.043	107	323.94496	138.88761	138.88761	Deep
487309	4633443	99001541	1001	n	1969.35	7.5759	147.753	0.332966	0.677281	126.779	127	137.495	137	110.481	111	67.95929	67.95929	67.95929	Deep
487609	4633443	99001542	1002	n	1950.29	3.729	138.141	0.513232	0.699818	135.074	135	141.374	141	115.897	115	92.17909	38.29793	38.29793	Deep
487909	4633443	99001543	1003	n	1965.55	9.1149	223.418	0.051481	0.180822	115.623	115	131.209	131	101.699	102	347.97849	189.56119	189.56119	Shallow
488209	4633443	99001544	1004	n	1997.68	14.4679	198.373	0.067773	0.356483	121.828	124	137.118	139	107.48	109	533.90305	346.23194	346.23194	Shallow
488509	4633443	99001545	1005	n	2009.91	8.2611	149.605	0.394853	0.611493	119.079	122	132.073	133	103.553	105	407.45759	553.41601	407.45759	Shallow
488809	4633443	99001546	1006	n	1998.5	9.7028	142.209	0.428247	0.655307	126.606	126	137.202	137	108.819	109	461.82363	754.09052	461.82363	Shallow
489109	4633443	99001547	1007	n	1994.48	4.4015	138.852	0.372359	0.686152	121.507	121	133.611	133	106.109	106	513.65646	818.19145	513.65646	Deep
489409	4633443	99001548	1008	n	1983.37	4.2096	133.752	0.426457	0.774582	123.338	124	133.587	134	107.593	108	703.13928	973.17013	703.13928	Deep
489709	4633443	99001549	1009	n	1993.84	8.7153	247.118	0.14507	0.087043	105.896	105	119.538	119	91.0814	90	951.29739	1096.94088	951.29739	Deep
490009	4633443	99001550	1010	n	2048.43	16.5215	238.23	0.088491	0.103221	105.4	103	117.285	115	88.7203	88	1222.91807	1278.22817	1222.91807	Deep
490309	4633443	99001551	1011	n	2105.92	9.9232	179.909	0.231334	0.451372	119.895	122	126.969	128	102.505	103	1505.35395	1497.03887	1497.03887	Deep
490609	4633443	99001552	1012	n	2082.09	15.8099	149.011	0.409384	0.697134	122.843	132	128.507	135	102.314	112	1793.50283	1678.49365	1678.49365	Deep
490909	4633443	99001553	1013	n	2111.49	12.1518	210.867	0.218032	0.292065	108.712	109	118.486	118	93.8586	94	2084.99743	1728.31227	1728.31227	Deep
491209	4633443	99001554	1014	n	2096.21	14.2486	156.535	0.402717	0.659062	127.201	129	132.59	134	108.582	110	2080.26173	1822.74557	1822.74557	Deep
491509	4633443	99001555	1015	n	2077.19	9.85	111.356	0.562817	0.846765	131.327	131	135.902	136	113.663	114	2031.8777	1959.01494	1959.01494	Deep
491809	4633443	99001556	1016	n	2029.58	10.0355	113.104	0.557495	0.932339	139.084	139	140.411	140	118.647	118	2027.20623	1972.11984	1972.11984	Deep
492109	4633443	99001557	1017	n	2008.35	7.4764	193.666	0.261719	0.454458	127.329	128	128.021	128	106.698	107	2066.54379	1983.70733	1983.70733	Deep
492409	4633443	99001558	1018	n	2010.01	8.5115	189.974	0.300757	0.479136	129.807	130	130.008	130	107.777	108	2147.47325	2023.75185	2023.75185	Deep
492709	4633443	99001559	1019	n	1998	7.8876	91.8227	0.737612	0.911657	136.594	136	135.426	135	113.717	113	2265.54177	2096.16747	2096.16747	Deep
493009	4633443	99001560	1020	n	1969.51	5.2467	130.071	0.447684	0.730166	137.771	137	138.213	138	116.541	116	2415.30901	2191.75185	2191.75185	Deep
493309	4633443	99001561	1021	n	1954.1	4.1982	94.8641	0.682613	0.923567	135.169	135	134.755	135	113.388	113	2591.28457	2319.49244	2319.49244	Deep
475609	4633243	99001570	1022	n	1823.96	7.7275	302.96	0.535645	0.10789	188.15	195	128.933	128	127.739	127	4388.78771	2899.58586	2899.58586	Deep
475909	4633243	99001571	1023	n	1888.68	19.7393	258.481	0.558162	0.232257	150.288	149	134.363	131	113.133	108	4093.63356	2910.49073	2910.49073	Shallow
476209	4633243	99001572	1024	n	1935.97	17.1173	278.332	0.463086	0.148248	148.929	149	129.636	130	102.809	102	3799.23859	2952.00177	2952.00177	Shallow
476509	4633243	99001573	1025	n	1991.22	14.1885	240.252	0.2937	0.219926	154.734	155	136.94	139	109.163	110	3505.79406	3022.85834	3022.85834	Shallow
476809	4633243	99001574	1026	n	2080.87	24.6918	287.499	0.395457	0.034601	142.257	142	121.819	122	98.1697	98	3213.56034	3121.06243	3121.06243	MedDeep
477109	4633243	99001575	1027	n	2183.74	16.1117	270.2	0.603779	0.237454	137.454	137	117.087	113	96.9029	92	2922.90065	3244.13144	2922.90065	Shallow
477409	4633243	99001576	1028	n	2223.51	8.8049	244.778	0.121004	0.074002	141.538	141	132.269	134	108.451	109	2634.33603	3389.35789	2634.33603	Medium
477709	4633243	99001577	1029	n	2239.71	4.1612	109.253	0.637708	0.802971	133.257	134	117.229	118	95.6202	95	2348.63885	3554.0266	2348.63885	Medium
478009	4633243	99001578	1030	n	2224.18	3.297	127.764	0.458109	0.817764	134.785	135	117.238	118	95.9495	96	2066.99845	3397.47442	2066.99845	Medium
478309	4633243	99001579	1031	n	2212.55	5.3137	142.613	0.376879	0.714156	135.833	137	113.639	114	93.6857	94	1791.32931	3117.47503	1791.32931	Medium
478609	4633243	99001580	1032	n	2223.73	6.5089	223.14	0.064799	0.177637	136.878	137	120.696	120	98.0469	97	1524.87338	2840.25244	1524.87338	Medium
478909	4633243	99001581	1033	n	2227.34	4.2309	89.0358	0.804801	0.82259	123.709	123	100.193	100	81.6124	80	1273.42725	2566.57814	1273.42725	Shallow
479209	4633243	40024978	1034	y	2206.15	8.5319	61.9325	0.916743	0.801643	122.706	122	93.4851	95	77.6028	79	1047.85261	2298.02304	1047.85261	Shallow
479509	4633243	99001583	1035	n	2175.06	10.5346	91.8309	0.858888	0.74389	121.583	118	91.1662	90	77.2422	74	868.54661	2035.7328	868.54661	Medium
479809	4633243	99001584	1036	n	2159.98	7.5783	81.0309	0.960133	0.669512	119.162	116	102.414	98	85.5344	81	768.6035	1784.02791	768.6035	Shallow
480109	4633243	99001585	1037	n	2148.66	8.5078	80.9773	0.964727	0.628609	120.044	117	103.21	99	87.2336	82	779.18512	1547.64041	779.18512	Shallow
480409	4633243	99001586	1038	n	2126.19	13.7389	79.3054	0.721463	0.653752	121.454	114	99.3211	91	85.7826	75	896.38584	1330.81515	896.38584	Medium
480709	4633243	99001587	1039	n	2109.96	17.8521	127.124	0.43597	0.567959	137.536	135	112.328	109	101.629	98	1086.22544	1146.92834	1086.22544	Shallow
481009	4633243	99001588	1040	n	2140.45	14.1882	221.784	0.056902	0.202431	131.102	130	115.308	113	99.5637	97	945.02098	967.77485	945.02098	Shallow
481309	4633243	99001589	1041	n	2163.76	9.6179	177.894	0.141543	0.482787	132.867	133	120.954	121	104.805	104	655.99745	799.84734	655.99745	Shallow
481609	4633243	99001590	1042	n	2151.83	9.4269	108.342	0.638387	0.851702	129.221	128	112.489	112	97.174	95	384.18831	685.78444	384.18831	Shallow
481909	4633243	40024980	1043	y	2116.74	6.0879	170.631	0.308616	0.563493	122.261	122	104.881	105	86.1743	86	211.82224	624.85348	211.82224	Medium
482209	4633243	99001592	1044	n	2134.76	3.7171	231.821	0.334297	0.251043	122.358	122	112.808	113	91.5451	91	349.48057	698.14039	349.48057	Medium
482509	4633243	99001593	1045	n	2126.86	10.1751	116.942	0.513436	0.787469	135.744	133	125.151	123	104.764	101	615.95834	874.27577	615.95834	Medium
482809	4633243	99001594	1046	n	2099.32	18.896	149.198	0.275045	0.635372	145.773	148	140.911	144	121.119	124	903.69944	1105.13178	903.69944	Shallow
483109	4633243	99001595	1047	n	2063.38	21.7	155.824	0.209878	0.701272	158.18	159	156.929	158	135.732	136	974.51352	888.95826	888.95826	Shallow
483409	4633243	99001596	1048	n	2022.71	15.0115	186.413	0.383503	0.66957	143.537	144	135.972	136	117.697	118	677.84565	598.08437	598.08437	Shallow
483709	4633243	99001597	1049	n	2017.54	14.2545	289.052	0.701163	0.457939	110.662	104	99.7789	93	82.5524	76	386.35846	324.28852	324.28852	Deep
484009	4633243	99001598	1050	n	2023.16	15.1217	153.394	0.938109	0.526878	105.013	105	92.4028	93	74.9556	76	138.09773	138.09773	138.09773	Deep
484309	4633243	99001599	1051	n	2015.76	14.7604	62.5439	0.960698	0.570472	108.957	109	96.5013	96	77.992	78	205.55951	108.93629	108.93629	Deep
484609	4633243	99001600	1052	n	2012.4	15.9529	169.059	0.928002	0.504048	109.222	110	97.8559	98	78.6409	79	367.66409	93.8468	93.8468	Deep
484909	4633243	99001601	1053	n	1998.19	11.9601	71.9732	0.964142	0.616119	119.171	120	106.084	107	87.1643	88	638.82632	93.78328	93.78328	Deep
485209	4633243	99001602	1054	n	1992.2	10.5747	138.453	0.939197	0.51953	108.29	108	102.349	103	81.9638	82	780.39384	96.67212	96.67212	Deep
485509	4633243	99001603	1055	n	1986.29	9.0972	20.4763	0.967549	0.586883	110.329	110	107.871	108	86.4811	87	592.89668	110.87838	110.87838	Deep
485809	4633243	99001604	1056	n	1976.47	5.7773	47.3971	0.975814	0.698371	119.996	117	116.644	114	95.3516	92	495.32062	126.39624	126.39624	Deep
486109	4633243	99001605	1057	n	1968.03	2.8876	37.6509	0.966254	0.761782	126.665	127	121.636	122	101.33	101	200.80001	93.04606	93.04606	Deep
486409	4633243	99001606	1058	n	1963.21	2.6903	86.5722	0.890968	0.653092	126.782	125	118.499	120	100.088	99	123.6882	27.20694	27.20694	Deep
486709	4633243	99001607	1059	n	1960.34	4.1368	101.305	0.561964	0.611553	122.358	123	125.15	125	102.148	102	412.64621	7.32809	7.32809	Deep
487009	4633243	99001608	1060	n	1955.04	3.7742	89.159	0.660509	0.640297	124.976	125	130.771	130	107.143	106	344.44448	30.81167	30.81167	Deep
487309	4633243	99001609	1061	n	1951.32	2.8188	143.712	0.306399	0.680184	134.702	135	139.373	141	116.996	118	135.35185	84.69631	84.69631	Deep
487609	4633243	99001610	1062	n	1947.09	1.2334	124.866	0.604813	0.787767	130.884	129	133.35	132	111.388	109	121.82683	37.59383	37.59383	Deep
487909	4633243	99001611	1063	n	1946.77	3.7236	159.141	0.293232	0.550181	135.392	135	137.243	138	114.098	113	356.97874	13.83222	13.83222	Deep
488209	4633243	99001612	1064	n	1959.39	9.124	198.517	0.029588	0.347834	126.425	126	140.19	140	111.728	111	404.00819	212.21815	212.21815	Shallow
488509	4633243	99001613	1065	n	1987.04	12.6972	212.107	0.083423	0.232261	105.24	106	122.736	123	93.4398	94	210.21856	413.72809	210.21856	Shallow
488809	4633243	99001614	1066	n	1985.02	12.9025	156.695	0.380759	0.634585	126.854	131	138.646	142	108.11	112	265.39071	554.21491	265.39071	Shallow
489109	4633243	99001615	1067	n	1992.73	5.3147	124.54	0.683855	0.49717	112.937	114	127.251	127	98.8984	100	347.84209	638.54436	347.84209	Deep
489409	4633243	99001616	1068	n	1981.29	5.5251	69.9671	0.81036	0.842196	121.379	121	130.006	130	104.655	105	592.92158	784.7438	592.92158	Deep
489709	4633243	99001617	1069	n	1983.34	7.0389	229.395	0.108131	0.162955	115.152	113	127.419	126	99.8079	98	872.99364	932.0842	872.99364	Deep
490009	4633243	99001618	1070	n	2015.34	11.7414	232.481	0.073725	0.13264	113.627	112	122.577	121	94.4585	94	1163.04763	1138.58198	1138.58198	Deep
490309	4633243	99001619	1071	n	2079.78	16.4054	215.504	0.146553	0.225223	111.888	107	121.291	119	95.8373	93	1457.13475	1365.8521	1365.8521	Deep
490609	4633243	99001620	1072	n	2061.28	19.0116	163.046	0.435381	0.628985	129.352	144	135.47	148	107.492	123	1753.22661	1483.24874	1483.24874	Deep
490909	4633243	99001621	1073	n	2096.26	14.7207	219.017	0.335524	0.270321	106.701	100	114.849	112	90.5836	87	1984.1755	1534.71983	1534.71983	Deep
491209	4633243	99001622	1074	n	2072.3	17.0141	96.04	0.682351	0.813198	132.696	133	136.039	136	112.073	112	1886.26364	1640.33627	1640.33627	Deep
491509	4633243	99001623	1075	n	2047.18	16.4534	168.109	0.250664	0.551312	132.919	136	140.67	143	114.911	118	1832.7653	1790.54216	1790.54216	Deep
491809	4633243	99001624	1076	n	2022.07	8.8775	113.823	0.551013	0.897589	142.063	141	145.063	144	123.232	122	1827.58496	1772.2749	1772.2749	Deep
492109	4633243	99001625	1077	n	1998.57	8.3451	121.255	0.569052	0.74522	131.655	133	131.202	133	110.488	112	1871.12397	1785.16006	1785.16006	Deep
492409	4633243	99001626	1078	n	1997.47	10.569	211.613	0.245646	0.319422	129.119	129	130.465	131	106.721	107	1960.13852	1827.25839	1827.25839	Deep
492709	4633243	99001627	1079	n	2003.5	11.0375	89.6682	0.793485	0.76734	135.631	136	134.221	134	110.989	111	2088.82291	1903.42315	1903.42315	Deep
493009	4633243	99001628	1080	n	1964.29	6.7636	87.6122	0.714951	0.887341	135.435	135	134.177	134	112.731	112	2250.38203	2008.20264	2008.20264	Deep
493309	4633243	99001629	1081	n	1946.12	6.5175	135.387	0.383893	0.710317	138.687	138	138.926	138	117.185	116	2438.28985	2137.59244	2137.59244	Deep
475609	4633043	99001638	1082	n	1831.98	6.4852	287.508	0.399105	0.052791	172.498	172	148.147	151	131.405	133	4358.66485	2699.61105	2699.61105	Deep
475909	4633043	99001639	1083	n	1891.39	17.1793	238.994	0.204549	0.162272	154.697	156	137.49	141	117.762	119	4061.32212	2711.32034	2711.32034	Shallow
476209	4633043	99001640	1084	n	1932.26	11.9335	235.658	0.210263	0.236747	152.823	155	132.659	138	106.176	109	3764.40108	2755.8331	2755.8331	Shallow
476509	4633043	99001641	1085	n	1983.07	20.7628	245.275	0.314695	0.156538	152.415	153	133.065	136	108.219	110	3468.01004	2831.60276	2831.60276	MedDeep
476809	4633043	99001642	1086	n	2110.66	24.7266	264.212	0.317887	0.111723	140.421	142	119.973	123	95.0833	97	3172.29755	2936.21054	2936.21054	MedDeep
477109	4633043	99001643	1087	n	2184.23	16.3456	205.432	0.137914	0.329067	155.649	157	142.501	148	122.36	126	2877.47283	3066.70678	2877.47283	Shallow
477409	4633043	99001644	1088	n	2198.02	16.401	205.499	0.126257	0.332573	151.634	152	141.766	143	119.435	119	2583.83978	3219.94543	2583.83978	Shallow
477709	4633043	99001645	1089	n	2239.94	10.6372	180.654	0.491615	0.444263	137.297	135	123.187	121	100.486	97	2291.85648	3392.8464	2291.85648	Shallow
478009	4633043	99001646	1090	n	2220.93	4.4817	80.7145	0.758939	0.899084	133.467	134	114.347	115	93.7929	95	2002.2448	3333.99671	2002.2448	Medium
478309	4633043	99001647	1091	n	2205.51	5.0362	110.755	0.610663	0.715579	131.464	132	110.17	112	89.7682	91	1716.2058	3048.17194	1716.2058	Shallow
478609	4633043	99001648	1092	n	2213.38	5.9425	251.433	0.133251	0.03682	133.026	133	114.447	114	90.7197	91	1435.87621	2765.35175	1435.87621	Medium
478909	4633043	99001649	1093	n	2229.78	3.4811	123.665	0.595033	0.702415	125.837	124	105.289	103	85.7088	83	1165.38346	2486.56157	1165.38346	Shallow
479209	4633043	99001650	1094	n	2215.27	5.4017	80.6419	0.742093	0.830448	122.885	123	100.65	103	81.0679	82	913.50793	2210.45059	913.50793	Shallow
479509	4633043	99001651	1095	n	2200.42	10.7775	157.614	0.828396	0.637887	125.77	125	96.5664	98	80.6459	79	700.62462	1939.9127	700.62462	Shallow
479809	4633043	99001652	1096	n	2171.26	4.817	94.135	0.671623	0.869351	121.986	119	103.788	102	84.8942	82	572.0603	1675.65146	572.0603	Medium
480109	4633043	99001653	1097	n	2159.47	2.5556	161.663	0.385394	0.604815	117.864	117	102.602	101	83.4005	82	586.20058	1423.67671	586.20058	Medium
480409	4633043	99001654	1098	n	2151.58	6.908	105.099	0.680039	0.717744	119.438	119	98.935	99	81.0682	80	734.85321	1189.6935	734.85321	Medium
480709	4633043	99001655	1099	n	2112.88	14.3647	116.171	0.601842	0.787363	134.112	134	113.963	114	100.325	100	957.28124	983.6393	957.28124	Medium
481009	4633043	99001656	1100	n	2110.41	16.9586	211.705	0.137861	0.3036	151.481	153	140.353	141	127.162	127	921.28279	820.46228	820.46228	Shallow
481309	4633043	99001657	1101	n	2130.59	13.5197	194.86	0.099821	0.392141	132.484	129	116.956	113	100.298	96	621.31311	628.69502	621.31311	Shallow
481609	4633043	99001658	1102	n	2146.35	12.166	147.924	0.457579	0.64279	135.883	134	124.028	125	109.157	107	321.40004	492.95229	321.40004	Shallow
481909	4633043	99001659	1103	n	2105.48	10.445	121.295	0.582019	0.747312	127.246	126	108.798	107	94.079	92	23.79063	424.90414	23.79063	Shallow
482209	4633043	99001660	1104	n	2114.12	16.35	178.712	0.155473	0.508693	135.824	133	129.079	127	111.459	109	278.98745	526.78426	278.98745	Shallow
482509	4633043	99001661	1105	n	2071.56	19.2701	153.454	0.226767	0.719141	150.442	149	145.075	142	126.039	124	578.87996	744.62056	578.87996	Shallow
482809	4633043	99001662	1106	n	2036.48	17.52	203.988	0.43823	0.600684	134.331	136	123.086	123	106.801	107	864.45048	1005.69275	864.45048	Deep
483109	4633043	40024981	1107	y	2032.23	16.169	281.336	0.690118	0.46369	111.983	106	95.86	87	81.7693	73	1018.81218	949.49905	949.49905	Deep
483409	4633043	99001664	1108	n	2047.64	17.8999	257.254	0.897347	0.451551	103.074	103	78.9919	80	67.1471	68	740.11917	684.84055	684.84055	Deep
483709	4633043	99001665	1109	n	2071.49	18.242	331.289	0.804042	0.315101	92.3205	93	82.3173	82	63.7852	64	487.41616	465.25767	465.25767	Deep
484009	4633043	99001666	1110	n	2081.7	16.2332	130.936	0.93065	0.554711	107.376	109	94.4189	94	76.9026	78	327.67764	325.76824	325.76824	Deep
484309	4633043	40024982	1111	y	2071.89	15.308	104.13	0.950375	0.606591	112.161	112	98.8719	97	81.4248	81	396.44768	301.67531	301.67531	Deep
484609	4633043	99001668	1112	n	2069.16	13.8432	220.61	0.890639	0.492262	107.344	107	101.699	101	80.2826	79	507.32397	293.81302	293.81302	Deep
484909	4633043	99001669	1113	n	2044.66	14.8194	46.5991	0.976604	0.726821	116.071	117	101.748	101	84.5645	85	728.21685	289.35109	289.35109	Deep
485209	4633043	99001670	1114	n	2042.42	14.7826	185.94	0.850721	0.410355	105.716	106	102.214	101	80.152	80	663.16366	291.67902	291.67902	Deep
485509	4633043	99001671	1115	n	2036.57	16.0705	41.9382	0.969072	0.600008	114.034	114	110.611	110	89.227	89	426.96366	300.99115	300.99115	Deep
485809	4633043	99001672	1116	n	2007.71	13.5274	95.2243	0.961702	0.682021	119.18	119	116.523	117	94.5745	95	323.74357	305.09725	305.09725	Deep
486109	4633043	99001673	1117	n	1987.89	10.1948	112.696	0.954831	0.617392	116.567	116	118.811	118	94.0015	93	322.83479	288.37341	288.37341	Deep
486409	4633043	99001674	1118	n	1984.69	8.6522	186.571	0.922839	0.511531	113.093	112	119.49	119	93.2388	92	281.42571	226.01218	226.01218	Deep
486709	4633043	99001675	1119	n	1979.82	7.2855	54.5166	0.794624	0.700099	117.3	114	128.11	125	100.277	97	483.91999	174.10613	174.10613	Deep
487009	4633043	99001676	1120	n	1964.44	6.4174	83.9057	0.677255	0.798623	123.077	122	130.903	129	105.024	104	460.80761	205.01595	205.01595	Deep
487309	4633043	99001677	1121	n	1952.52	2.7567	115.956	0.874103	0.679061	140.448	145	147.392	152	122.813	126	334.69655	96.09188	96.09188	Deep
487609	4633043	99001678	1122	n	1950.51	2.749	99.2464	0.9497	0.584978	130.998	129	136.267	134	111.898	110	318.09837	130.41697	130.41697	Deep
487909	4633043	99001679	1123	n	1945.08	1.8856	76.5515	0.869716	0.820513	145.327	147	143.049	145	121.744	123	462.36199	106.84639	106.84639	Deep
488209	4633043	99001680	1124	n	1943.52	2.0643	172.247	0.214079	0.476082	162.717	165	131.018	134	122.323	122	348.41465	53.98582	53.98582	Deep
488509	4633043	99001681	1125	n	1949.11	8.7381	189.618	0.067374	0.413022	148.046	152	126.549	129	113.513	112	48.6004	276.45042	48.6004	Deep
488809	4633043	99001682	1126	n	1957.4	8.9445	183.39	0.133872	0.466459	127.289	128	135.938	136	109.145	109	87.08267	354.47966	87.08267	Shallow
489109	4633043	99001683	1127	n	1981.47	10.1278	202.816	0.107404	0.267761	111.294	111	127.821	128	98.0636	98	241.13332	475.43723	241.13332	Deep
489409	4633043	40024986	1128	y	1986.88	6.5397	108.804	0.623716	0.865092	124.825	125	136.391	136	109.873	109	537.31477	601.10272	537.31477	Deep
489709	4633043	99001685	1129	n	1972.45	4.8674	212.803	0.175593	0.260283	116.626	115	126.67	125	99.7745	98	836.22309	782.05655	782.05655	Deep
490009	4633043	99001686	1130	n	1999.55	7.7756	237.022	0.065886	0.091259	112	112	121.689	121	95.4119	95	1135.70724	1019.25001	1019.25001	Deep
490309	4633043	99001687	1131	n	2044.7	16.6198	210.412	0.079698	0.276392	125.694	121	134.444	131	106.222	103	1435.40685	1184.75888	1184.75888	Deep
490609	4633043	99001688	1132	n	2034.19	17.7406	198.284	0.312806	0.419762	123.307	125	130.275	134	100.484	99	1735.21028	1283.87246	1283.87246	Deep
490909	4633043	99001689	1133	n	2090.57	13.7788	211.541	0.246123	0.318787	113.734	117	122.988	124	96.6888	99	1802.06938	1343.00656	1343.00656	Deep
491209	4633043	99001690	1134	n	2081.03	9.9106	99.783	0.650916	0.897409	127.379	127	132.719	132	109.565	109	1693.66236	1462.53367	1462.53367	Deep
491509	4633043	99001691	1135	n	2035.62	14.988	83.4499	0.751777	0.768213	134.907	135	138.904	139	115.709	116	1633.86973	1597.82881	1597.82881	Deep
491809	4633043	99001692	1136	n	2000.48	7.9365	154.386	0.27502	0.635649	138.497	138	142.207	142	119.541	119	1628.05664	1572.46939	1572.46939	Deep
492109	4633043	99001693	1137	n	1996.1	5.5996	123.405	0.537443	0.781353	134.643	135	135.881	135	114.512	114	1676.78459	1586.97766	1586.97766	Deep
492409	4633043	99001694	1138	n	1984.56	9.5732	221.177	0.320674	0.308639	120.207	119	120.378	119	96.7668	94	1775.56883	1631.50994	1631.50994	Deep
492709	4633043	99001695	1139	n	2013.17	11.3323	164.809	0.546462	0.610102	127.968	130	128.312	129	106.866	108	1916.68537	1712.34382	1712.34382	Deep
493009	4633043	99001696	1140	n	1966.53	8.3481	86.6785	0.750641	0.94847	136.534	136	135.386	135	114.031	113	2091.58335	1828.10817	1828.10817	Deep
493309	4633043	99001697	1141	n	1942.83	5.0707	81.2103	0.731803	0.837139	134.21	134	132.719	132	111.362	111	2292.54423	1945.12717	1945.12717	Deep
475609	4632843	99001706	1142	n	1835.36	6.5809	275.428	0.308943	0.040908	164.336	164	152.825	153	131.742	131	4209.8969	2499.64027	2499.64027	Deep
475909	4632843	99001707	1143	n	1881.06	16.6444	246.88	0.408645	0.23194	148.167	150	129.041	130	106.32	106	4038.66798	2512.28176	2512.28176	Shallow
476209	4632843	99001708	1144	n	1939.23	14.8123	291.467	0.461152	0.079779	146.064	148	126.588	129	101.087	103	3739.94882	2560.25736	2560.25736	Shallow
476509	4632843	99001709	1145	n	2010.41	24.5921	211.4	0.684876	0.295093	139.059	138	118.029	119	91.3202	92	3441.45249	2641.64265	2641.64265	MedDeep
476809	4632843	99001710	1146	n	2080.99	29.8911	253.122	0.331929	0.250513	140.484	141	110.92	109	88.9334	87	3143.2425	2753.47671	2753.47671	MedDeep
477109	4632843	99001711	1147	n	2144.92	19.7591	223.006	0.346847	0.319385	141.694	141	116.338	113	97.3221	92	2845.40885	2892.22961	2845.40885	Shallow
477409	4632843	99001712	1148	n	2177.83	13.245	278.383	0.386772	0.154092	132.867	132	117.205	116	97.1222	95	2548.08352	3054.2348	2548.08352	Shallow
477709	4632843	99001713	1149	n	2227.52	9.6166	213.467	0.121539	0.256773	138.119	138	127.084	128	105.277	105	2251.46791	3236.00191	2251.46791	Shallow
478009	4632843	99001714	1150	n	2224.59	5.6414	110.275	0.558578	0.795568	133.445	133	116.048	116	96.1254	96	1955.88494	3281.47535	1955.88494	Shallow
478309	4632843	99001715	1151	n	2203.66	10.6359	147.655	0.479108	0.676034	130.988	131	111.094	110	90.0675	89	1661.88568	2990.66111	1661.88568	Shallow
478609	4632843	99001716	1152	n	2212.22	5.3222	262.241	0.480728	0.179833	127.55	127	103.111	104	83.5722	83	1370.48975	2701.82753	1370.48975	Medium
478909	4632843	99001717	1153	n	2223.51	5.0791	177.836	0.211088	0.469671	129.973	128	114.99	113	92.3664	90	1083.799	2415.71731	1083.799	Shallow
479209	4632843	99001718	1154	n	2218.81	1.8563	173.078	0.46176	0.541857	126.674	126	108.994	109	87.4209	87	806.84472	2133.42641	806.84472	Shallow
479509	4632843	99001719	1155	n	2211.66	6.1684	121.69	0.559484	0.75709	134.585	136	113.602	119	95.2588	97	554.41548	1855.55156	554.41548	Shallow
479809	4632843	99001720	1156	n	2172.51	7.6882	67.5594	0.864865	0.914262	127.646	127	100.033	100	86.6839	84	379.1499	1582.04964	379.1499	Medium
480109	4632843	98590197	1157	y	2152.76	4.5832	103.829	0.594229	0.745571	127.865	124	112.978	108	96.3951	91	400.16593	1315.82962	400.16593	Medium
480409	4632843	99001722	1158	n	2139.17	10.2328	130.992	0.39517	0.716726	133.611	129	115.494	112	99.3638	93	597.08533	1063.46375	597.08533	Medium
480709	4632843	99001723	1159	n	2108.1	10.9342	112	0.534812	0.835992	133.399	130	114.423	111	101.243	96	856.08938	833.99665	833.99665	Medium
481009	4632843	99001724	1160	n	2076.33	13.576	131.758	0.498327	0.657852	136.753	135	114.438	112	102.459	100	940.45697	648.34701	648.34701	Medium
481309	4632843	99001725	1161	n	2072.41	16.7421	149.028	0.291835	0.507398	149.857	154	133.115	138	121.426	126	649.40535	469.37149	469.37149	Medium
481609	4632843	99001726	1162	n	2096.81	22.5547	186.198	0.053805	0.445019	156.735	157	148.226	149	131.921	131	372.82076	309.36001	309.36001	Shallow
481909	4632843	99001727	1163	n	2090.45	17.2128	143.014	0.344798	0.72717	153.807	154	141.18	139	129.829	128	190.42932	225.04486	190.42932	Shallow
482209	4632843	99001728	1164	n	2057.85	16.2706	159.926	0.277938	0.665317	151.991	154	138.392	141	128.442	130	333.93957	384.19177	333.93957	Shallow
482509	4632843	99001729	1165	n	2046.17	17.5995	271.381	0.638356	0.450819	113.295	105	93.6095	83	80.9004	69	505.00871	651.58379	505.00871	Deep
482809	4632843	99001730	1166	n	2066.82	16.9541	245.817	0.819741	0.372696	96.5217	100	74.1432	75	61.6642	64	760.62603	938.89273	760.62603	Deep
483109	4632843	99001731	1167	n	2086.24	16.576	238.906	0.835049	0.395526	96.9986	99	77.1351	78	63.2489	65	1040.226	1045.39471	1040.226	Deep
483409	4632843	99001732	1168	n	2106.63	12.7341	216.158	0.834784	0.509158	109.435	109	98.5238	98	80.3483	80	846.21395	812.59352	812.59352	Medium
483709	4632843	99001733	1169	n	2113.47	6.1253	204.65	0.617708	0.604419	113.004	117	110.448	113	89.1534	93	637.08412	637.08412	637.08412	Shallow
484009	4632843	99001734	1170	n	2108.44	3.3293	89.046	0.738268	0.941353	117.828	117	114.048	113	93.0965	93	525.04695	518.26846	518.26846	Shallow
484309	4632843	99001735	1171	n	2094.98	3.094	104.722	0.657214	0.90307	118.351	118	116.351	115	94.3364	93	570.5019	497.90526	497.90526	Shallow
484609	4632843	99001736	1172	n	2087.63	4.5385	152.523	0.371465	0.606536	115.017	114	112.051	110	89.7197	88	677.92207	493.78943	493.78943	Shallow
484909	4632843	99001737	1173	n	2076.75	8.1727	90.8557	0.687474	0.699957	121.356	121	115.656	115	93.6442	93	855.86243	485.41293	485.41293	Shallow
485209	4632843	99001738	1174	n	2070.69	4.5564	134.086	0.78502	0.661307	117.587	118	115.232	115	91.0182	91	592.079	490.48783	490.48783	Shallow
485509	4632843	99001739	1175	n	2060.56	6.0259	104.001	0.60507	0.88252	126.455	124	126.931	125	103.049	101	305.07288	498.89611	305.07288	Shallow
485809	4632843	99001740	1176	n	2035.53	11.3182	93.0641	0.677528	0.799658	129.456	126	130.819	127	106.974	104	124.82545	500.18596	124.82545	Shallow
486109	4632843	99001741	1177	n	2008.08	8.6113	106.041	0.568384	0.725703	127.434	123	132.228	127	106.301	103	343.64709	486.02089	343.64709	Deep
486409	4632843	99001742	1178	n	1990.36	7.7337	138.742	0.329883	0.741203	128.312	128	135.454	135	107.758	107	384.91414	425.05617	384.91414	Deep
486709	4632843	99001743	1179	n	1971.95	6.6598	165.693	0.420909	0.740471	133.474	134	138.542	138	112.079	112	573.65215	373.65037	373.65037	Deep
487009	4632843	99001744	1180	n	1963.62	5.1298	234.668	0.793007	0.522593	123.307	125	128.779	129	103.679	104	621.32545	398.50286	398.50286	Deep
487309	4632843	99001745	1181	n	1968.08	7.1674	254.246	0.871617	0.42177	107.108	107	118.944	119	91.6542	91	534.53104	294.56959	294.56959	Deep
487609	4632843	99001746	1182	n	1966.9	6.4084	106.434	0.890653	0.66707	119.481	119	129.058	128	102.189	101	517.23434	320.25506	320.25506	Deep
487909	4632843	99001747	1183	n	1950.77	4.7301	152.651	0.804475	0.683198	127.624	126	133.731	133	108.521	107	616.54149	244.54436	244.54436	Deep
488209	4632843	99001748	1184	n	1943.23	3.0293	81.3341	0.760981	0.777184	162.699	166	122.07	119	118.333	117	399.45328	64.2408	64.2408	Deep
488509	4632843	99001749	1185	n	1938.45	0.7909	154.174	0.279896	0.669242	173.672	174	92.5584	91	106.514	105	201.32598	144.57709	144.57709	Deep
488809	4632843	99001750	1186	n	1940.73	2.8644	196.172	0.040448	0.365439	158.738	165	141.443	147	125.561	130	157.27223	155.19049	155.19049	Deep
489109	4632843	99001751	1187	n	1952.95	8.1982	211.729	0.036619	0.25479	125.783	124	136.78	136	108.424	107	274.40197	312.48511	274.40197	Deep
489409	4632843	99001752	1188	n	1976.73	9.5778	170.749	0.312201	0.50003	116.841	119	130.714	132	103.16	105	553.0446	432.20703	432.20703	Deep
489709	4632843	99001753	1189	n	1965.29	5.4829	164.633	0.356687	0.517932	120.241	121	126.616	127	101.55	102	846.4161	658.87337	658.87337	Deep
490009	4632843	99001754	1190	n	1982.35	6.7087	214.742	0.018944	0.225394	120.556	120	130.034	130	104.276	104	1143.23318	883.59553	883.59553	Deep
490309	4632843	99001755	1191	n	2002.61	10.9299	196.338	0.04735	0.370614	131.207	130	138.038	137	109.025	108	1441.36879	1008.27961	1008.27961	Deep
490609	4632843	99001756	1192	n	2010.54	12.1382	215.681	0.20692	0.323272	129.305	131	136.887	138	107.363	109	1740.14536	1084.72584	1084.72584	Deep
490909	4632843	99001757	1193	n	2047.24	17.1449	200.644	0.060011	0.344845	125.172	125	134.539	135	105.788	107	1624.17847	1154.1093	1154.1093	Deep
491209	4632843	99001758	1194	n	2056.93	19.2379	159.967	0.28784	0.623795	135.171	136	143.553	145	118.657	120	1502.99496	1291.24219	1291.24219	Deep
491509	4632843	99001759	1195	n	2026.53	14.485	150.479	0.375676	0.666963	134.708	136	142.222	143	116.404	118	1435.28114	1401.3417	1401.3417	Deep
491809	4632843	99001760	1196	n	1990.76	8.1922	123.678	0.513011	0.788651	133.443	135	136.319	138	113.802	116	1428.66024	1372.72052	1372.72052	Deep
492109	4632843	99001761	1197	n	1987.29	8.7155	151.126	0.480955	0.703571	129.553	134	131.715	134	110.052	114	1483.95021	1389.31629	1389.31629	Deep
492409	4632843	99001762	1198	n	1980.99	11.501	222.766	0.281298	0.259925	120.294	120	121.3	121	96.9613	96	1594.72453	1436.77637	1436.77637	Deep
492709	4632843	99001763	1199	n	2003.55	11.3533	146.701	0.444029	0.716775	135.122	136	135.854	136	113.745	114	1750.48121	1523.55604	1523.55604	Deep
493009	4632843	99001764	1200	n	1963.16	5.7102	112.123	0.561822	0.924172	137.87	137	137.908	137	115.495	115	1940.41815	1648.7183	1648.7183	Deep
493309	4632843	99001765	1201	n	1945.97	3.274	83.3607	0.752316	0.910643	134.62	134	133.248	133	111.864	111	2155.51866	1750.89045	1750.89045	Deep
475609	4632643	99001774	1202	n	1862.96	20.4431	291.926	0.761555	0.298716	146.088	145	131.333	131	108.438	107	4040.09896	2299.67457	2299.67457	MedDeep
475909	4632643	99001775	1203	n	1891.69	15.8956	234.346	0.538643	0.24031	150.538	151	135.013	139	107.874	110	3886.51148	2313.40902	2313.40902	Shallow
476209	4632643	99001776	1204	n	1975.19	21.5441	310.679	0.590961	0.127319	139.684	139	121.692	123	96.8166	98	3726.08626	2365.42161	2365.42161	MedDeep
476509	4632643	99001777	1205	n	2084.37	27.5358	253.292	0.629328	0.200357	136.474	136	115.429	119	90.2954	93	3426.38248	2453.27893	2453.27893	MedDeep
476809	4632643	99001778	1206	n	2127.62	24.9165	237.019	0.769007	0.363025	126.88	125	97.2641	100	72.1137	73	3126.73553	2573.31219	2573.31219	MedDeep
477109	4632643	99001779	1207	n	2166.47	13.2615	248.079	0.688601	0.316461	133.511	132	114.451	114	93.0857	92	2827.16345	2721.26694	2721.26694	Medium
477409	4632643	98590102	1208	y	2197.9	7.6236	265.779	0.709574	0.314564	135.02	135	125.213	125	102.52	103	2527.69288	2892.86223	2527.69288	Medium
477709	4632643	99001781	1209	n	2209.83	5.3891	197.022	0.185714	0.400933	141.135	141	126.5	127	105.603	105	2228.36474	3084.13636	2228.36474	Shallow
478009	4632643	99001782	1210	n	2203.61	8.6759	158.011	0.247925	0.649235	138.336	140	120.39	123	99.7718	102	1929.24533	3229.16686	1929.24533	Shallow
478309	4632643	99001783	1211	n	2191.57	13.5335	231.945	0.396099	0.348713	127.156	125	109.605	108	87.1941	84	1630.44953	2944.41214	1630.44953	Shallow
478609	4632643	99001784	1212	n	2227.64	8.7467	196.291	0.595584	0.438476	127.021	126	97.6764	99	81.4018	79	1332.19511	2651.34702	1332.19511	Medium
478909	4632643	99001785	1213	n	2215.29	6.1218	131.636	0.545532	0.593977	127.218	126	97.767	98	81.0525	81	1034.95021	2359.744	1034.95021	Medium
479209	4632643	99001786	1214	n	2217.21	3.3534	127.686	0.625407	0.713807	130.969	129	113.062	111	93.3378	90	739.93247	2069.8333	739.93247	Shallow
479509	4632643	99001787	1215	n	2203.52	5.8321	172.422	0.203281	0.519345	130.124	129	110.92	108	92.4727	89	451.52871	1783.2633	451.52871	Shallow
479809	4632643	99001788	1216	n	2189.71	11.404	90.1063	0.686604	0.820513	135.64	136	105.194	110	92.1046	93	200.63974	1501.94745	200.63974	Shallow
480109	4632643	99001789	1217	n	2156.67	5.2983	97.0806	0.639123	0.849166	132.648	132	114.425	114	97.952	97	237.97989	1225.60892	237.97989	Medium
480409	4632643	99001790	1218	n	2138.8	8.6482	96.054	0.639435	0.827837	124.486	123	106.461	106	88.0937	86	503.00353	956.56017	503.00353	Medium
480709	4632643	99001791	1219	n	2105.25	14.1254	187.221	0.737404	0.676059	124.072	118	101.203	96	87.8968	81	793.34146	703.6014	703.6014	Medium
481009	4632643	99001792	1220	n	2099.24	13.4369	113.822	0.944152	0.572005	115.989	115	88.2538	86	74.8607	73	1000.07832	484.05342	484.05342	Medium
481309	4632643	99001793	1221	n	2087.23	13.5715	32.2878	0.968576	0.662453	121.118	119	94.2268	92	81.966	79	733.09252	329.3355	329.3355	Medium
481609	4632643	99001794	1222	n	2057.69	11.9784	96.6685	0.601101	0.723194	132.278	130	111.211	110	98.7928	97	504.67083	129.30144	129.30144	Medium
481909	4632643	99001795	1223	n	2043.91	10.2292	175.896	0.548224	0.594831	137.063	136	118.824	114	107.867	104	243.46416	27.32846	27.32846	Shallow
482209	4632643	99001796	1224	n	2049.1	13.26	252.377	0.703937	0.406473	119.052	113	98.6655	98	85.5176	82	150.97338	312.57794	150.97338	Shallow
482509	4632643	99001797	1225	n	2096.03	16.2852	309.28	0.759378	0.276636	93.5877	94	73.8221	73	58.5314	58	407.81261	612.09729	407.81261	Deep
482809	4632643	99001798	1226	n	2107.94	13.098	168.892	0.79593	0.464358	100.611	108	80.7099	84	66.5012	72	699.87806	911.93268	699.87806	Deep
483109	4632643	99001799	1227	n	2124.03	5.9088	207.768	0.619643	0.411192	115.312	116	108.182	109	87.8137	88	996.66818	1167.96908	996.66818	Medium
483409	4632643	99001800	1228	n	2122.42	1.9715	101.46	0.75264	0.876647	121.162	121	114.681	113	94.4741	94	982.02836	965.1994	965.1994	Medium
483709	4632643	99001801	1229	n	2115.08	1.953	134.272	0.381793	0.841247	120.817	120	114.234	113	94.8198	94	808.8126	808.8126	808.8126	Shallow
484009	4632643	99001802	1230	n	2105.2	3.1701	124.952	0.460085	0.895664	115.964	116	111.499	111	91.1734	91	723.86183	713.98758	713.98758	Shallow
484309	4632643	99001803	1231	n	2092.62	4.0553	120.84	0.493677	0.865946	123.584	124	121.497	122	99.1638	99	757.47876	696.28306	696.28306	Shallow
484609	4632643	99001804	1232	n	2079.34	5.8217	111.748	0.554037	0.766765	120.073	120	114.914	115	94.2467	94	861.26596	693.77926	693.77926	Shallow
484909	4632643	99001805	1233	n	2063.05	7.2665	151.58	0.264314	0.680654	126.763	126	122.458	122	100.758	100	882.50615	683.64182	683.64182	Shallow
485209	4632643	99001806	1234	n	2055.94	12.1083	171.935	0.126022	0.566351	137.338	135	134.268	133	110.382	108	584.23371	689.98548	584.23371	Deep
485509	4632643	99001807	1235	n	2028.45	16.7193	150.103	0.259012	0.733243	149.226	150	146.452	146	121.142	121	289.55303	697.99641	289.55303	Deep
485809	4632643	99001808	1236	n	1999.54	11.7233	153.395	0.243397	0.678161	145.966	146	143.201	142	117.85	118	79.705	698.05992	79.705	Deep
486109	4632643	99001809	1237	n	1982.42	5.572	114.039	0.462753	0.707913	144.322	144	142.195	141	117.454	117	213.79407	668.36963	213.79407	Deep
486409	4632643	99001810	1238	n	1974.24	4.5353	154.972	0.670606	0.650991	129.245	133	125.905	128	104.271	107	215.93008	615.77139	215.93008	Deep
486709	4632643	99001811	1239	n	1982.84	10.6211	320.703	0.803648	0.349225	99.3706	98	108.681	108	82.4599	82	477.0154	573.51221	477.0154	Deep
487009	4632643	99001812	1240	n	1989.32	10.6636	135.454	0.930939	0.628826	109.852	110	121.256	121	93.9506	94	767.1125	582.19781	582.19781	Deep
487309	4632643	99001813	1241	n	1984.75	5.4702	174.554	0.471047	0.477607	112.458	112	127.89	127	98.3047	98	734.45564	494.23972	494.23972	Deep
487609	4632643	99001814	1242	n	1967.02	6.3599	140.281	0.520395	0.847793	127.809	128	136.821	138	110.06	111	716.85156	514.12262	514.12262	Deep
487909	4632643	98590018	1243	y	1959.81	5.7625	321.669	0.759475	0.299234	109.738	109	120.687	121	93.1603	93	759.4497	403.0697	403.0697	Deep
488209	4632643	99001816	1244	n	1961.72	9.833	106.231	0.935458	0.679987	128.394	123	127.846	129	105.976	105	527.00387	152.22277	152.22277	Deep
488509	4632643	99001817	1245	n	1939.51	3.0758	95.1074	0.774439	0.753687	156.728	165	111.796	110	109.285	109	398.37458	16.78496	16.78496	Deep
488809	4632643	99001818	1246	n	1935.72	1.3042	125.288	0.473737	0.619063	172.145	174	112.118	108	117.945	119	349.12135	4.91437	4.91437	Deep
489109	4632643	99001819	1247	n	1937.59	2.811	196.34	0.049419	0.367934	162.507	169	117.447	112	115.84	116	415.26811	118.94789	118.94789	Deep
489409	4632643	99001820	1248	n	1960.13	9.5037	211.294	0.099648	0.25396	113.163	111	124.511	123	98.9643	98	634.83028	298.92749	298.92749	Deep
489709	4632643	99001821	1249	n	1964.21	6.5981	118.943	0.588801	0.746211	131.15	131	138.003	137	112.905	112	901.98192	579.0359	579.0359	Deep
490009	4632643	99001822	1250	n	1963.05	5.6034	207.752	0.047245	0.280509	130.555	129	137.1	136	111.473	111	1184.96129	697.16764	697.16764	Deep
490309	4632643	99001823	1251	n	1978.65	7.3786	248.261	0.249038	0.209595	125.877	126	131.911	131	104.431	104	1474.68476	840.43407	840.43407	Deep
490609	4632643	99001824	1252	n	2005.99	7.2509	256.935	0.294178	0.18653	122.584	122	130.689	130	103.429	103	1633.22357	885.96377	885.96377	Deep
490909	4632643	99001825	1253	n	2009.49	9.978	181.171	0.200672	0.490357	126.586	127	133.387	134	106.516	107	1452.05281	969.67517	969.67517	Deep
491209	4632643	99001826	1254	n	2014.09	12.4855	163.181	0.218079	0.619454	139.439	140	146.305	147	118.876	120	1315.10285	1128.58394	1128.58394	Deep
491509	4632643	99001827	1255	n	2000.71	11.3879	176.721	0.200272	0.502132	130.298	131	139.081	139	113.698	114	1237.14737	1206.01004	1206.01004	Deep
491809	4632643	99001828	1256	n	1987.32	7.6931	95.7012	0.682033	0.908493	137.691	138	140.776	141	118.666	118	1229.45994	1172.96701	1172.96701	Deep
492109	4632643	99001829	1257	n	1976.86	9.5611	144.648	0.476027	0.697804	125.093	131	127.278	131	105.437	110	1293.29419	1192.43507	1192.43507	Deep
492409	4632643	99001830	1258	n	1972.64	11.3002	231.482	0.291013	0.222635	119.95	119	120.115	119	95.048	93	1419.03065	1243.7154	1243.7154	Deep
492709	4632643	99001831	1259	n	1997.02	9.0634	133.537	0.592046	0.685776	130.57	131	130.325	130	107.067	107	1592.06976	1338.03015	1338.03015	Deep
493009	4632643	99001832	1260	n	1958.41	8.7303	94.7596	0.676428	0.884449	136.336	136	135.173	135	112.685	112	1798.8119	1473.9653	1473.9653	Deep
493309	4632643	99001833	1261	n	1942.55	4.9328	143.854	0.401031	0.625279	138.927	137	139.03	137	117.457	115	2028.98062	1557.472	1557.472	Deep
475609	4632443	99001842	1262	n	1927.03	17.0494	253.918	0.719058	0.359834	153.179	153	139.492	140	118.227	118	3873.18567	2099.71541	2099.71541	Shallow
475909	4632443	99001843	1263	n	1926.07	21.9799	189.642	0.694745	0.389137	146.708	147	128.593	130	104.199	105	3712.69971	2114.74891	2114.74891	MedDeep
476209	4632443	99001844	1264	n	2019.35	19.0687	287.098	0.392937	0.040853	148.101	149	130.058	131	107.777	108	3570.25363	2171.52505	2171.52505	MedDeep
476509	4632443	99001845	1265	n	2122.39	20.2714	280.36	0.333705	0.013103	147.454	148	129.629	132	105.817	107	3422.95174	2266.90961	2266.90961	Shallow
476809	4632443	99001846	1266	n	2185	10.8066	232.923	0.672593	0.306109	139.344	141	116.899	116	93.4488	92	3122.97562	2396.29658	2396.29658	Shallow
477109	4632443	99001847	1267	n	2196.01	10.4925	234.661	0.6448	0.378813	136.738	137	118.907	120	96.1399	97	2823.00458	2554.5245	2554.5245	Shallow
477409	4632443	99001848	1268	n	2189	12.2783	177.442	0.198347	0.529263	146.306	147	136.672	139	116.05	117	2523.04042	2736.59525	2523.04042	Shallow
477709	4632443	99001849	1269	n	2198.82	8.5382	181.243	0.314713	0.505266	137.466	138	125.146	126	105.35	105	2223.08594	2912.40009	2223.08594	Shallow
478009	4632443	99001850	1270	n	2187.26	6.3402	155.32	0.291157	0.661412	137.747	139	122.498	125	101.841	104	1923.14566	3056.14462	1923.14566	Shallow
478309	4632443	99001851	1271	n	2188.65	12.4861	221.577	0.275279	0.293848	129.842	129	113.625	112	91.8019	90	1623.22744	2910.44061	1623.22744	Shallow
478609	4632443	99001852	1272	n	2210.4	11.9662	197.541	0.026472	0.352212	133.922	134	115.173	115	95.2597	95	1323.34631	2613.56895	1323.34631	Deep
478909	4632443	99001853	1273	n	2213.77	8.2176	168.245	0.342163	0.554987	127.692	128	103.682	102	85.8644	84	1023.53485	2317.50314	1023.53485	Medium
479209	4632443	99001854	1274	n	2215.22	4.4086	189.284	0.473022	0.422146	127.761	126	112.114	110	89.2344	87	723.87962	2022.59707	723.87962	Shallow
479509	4632443	99001855	1275	n	2199.98	8.5107	60.5382	0.827661	0.730357	122.865	122	88.3277	91	74.8752	76	424.71147	1729.44414	424.71147	Medium
479809	4632443	99001856	1276	n	2183.6	10.5385	132.279	0.743971	0.666439	125.813	124	104.847	104	85.5792	85	129.45254	1438.24469	129.45254	Shallow
480109	4632443	99001857	1277	n	2157.26	8.0874	52.524	0.914412	0.843862	117.922	115	94.4	93	78.242	76	182.0332	1150.81098	182.0332	Medium
480409	4632443	99001858	1278	n	2136.22	6.6069	66.5292	0.815577	0.835314	126.021	127	108.48	110	90.1679	91	479.07641	871.26878	479.07641	Medium
480709	4632443	99001859	1279	n	2128.66	9.6575	199.431	0.590559	0.389419	119.981	119	102.077	102	82.368	82	778.39086	598.69755	598.69755	Medium
481009	4632443	98590004	1280	y	2129.82	7.8772	95.9447	0.670835	0.742928	121.756	122	98.8064	100	82.33	83	1078.08648	345.18794	345.18794	Medium
481309	4632443	99001861	1281	n	2101.49	11.6368	113.943	0.527694	0.858154	137.735	133	123.165	120	108.931	104	814.56479	151.44399	151.44399	Medium
481609	4632443	99001862	1282	n	2066.91	15.763	239.058	0.667246	0.526706	129.815	130	112.543	113	99.37	99	516.75329	22.79136	22.79136	Shallow
481909	4632443	99001863	1283	n	2069.61	11.8501	136.301	0.885606	0.656202	119.763	118	104.048	103	87.5179	86	224.838	151.87478	151.87478	Shallow
482209	4632443	99001864	1284	n	2083.87	18.6384	269.597	0.53127	0.196071	110.446	108	99.7087	99	78.6119	77	118.61825	354.23484	118.61825	Shallow
482509	4632443	99001865	1285	n	2136.66	7.3694	184.817	0.740578	0.587181	119.208	122	110.009	112	89.0874	91	396.97412	634.94917	396.97412	Medium
482809	4632443	99001866	1286	n	2132.63	4.6416	115.319	0.897743	0.714261	113.159	113	101.866	102	83.8594	84	693.6185	927.81387	693.6185	Medium
483109	4632443	99001867	1287	n	2127.58	1.9117	136.338	0.749419	0.737269	113.661	113	105.749	106	86.4619	87	992.28261	1224.13917	992.28261	Medium
483409	4632443	99001868	1288	n	2120.17	2.2996	108.025	0.597535	0.886522	123.156	123	114.658	113	95.7767	94	1136.96146	1132.65685	1132.65685	Medium
483709	4632443	99001869	1289	n	2109.8	3.6079	98.8914	0.645795	0.789974	122.472	123	114.289	114	94.9454	95	991.20103	991.20103	991.20103	Shallow
484009	4632443	99001870	1290	n	2098.91	5.3102	85.3472	0.675962	0.805401	117.588	117	112.45	113	92.0132	92	923.18883	911.30671	911.30671	Shallow
484309	4632443	99001871	1291	n	2083.71	7.5684	83.9298	0.695987	0.797876	120.289	119	115.681	115	94.8558	94	949.77668	895.09151	895.09151	Shallow
484609	4632443	99001872	1292	n	2062.17	14.4411	146.212	0.343316	0.618453	129.713	131	124.342	125	103.562	104	1050.70442	893.77364	893.77364	Deep
484909	4632443	99001873	1293	n	2041.46	14.2418	133.444	0.407844	0.772493	135.597	136	128.301	129	108.164	109	921.7313	882.22314	882.22314	Deep
485209	4632443	99001874	1294	n	2015.24	11.7244	154.946	0.532185	0.635298	124.939	119	118.476	113	96.9062	92	641.95056	889.70873	641.95056	Shallow
485509	4632443	99001875	1295	n	2003.17	6.9865	123.475	0.771694	0.602856	116.264	116	111.966	111	90.0311	90	393.2079	897.49688	393.2079	Shallow
485809	4632443	99001876	1296	n	1998.72	9.2488	62.7286	0.957518	0.618408	118.452	118	114.315	114	93.4461	93	277.71277	896.09831	277.71277	Shallow
486109	4632443	99001877	1297	n	1988.29	6.41	135.291	0.827445	0.678311	128.118	128	126.269	126	102.37	102	155.48251	858.61494	155.48251	Deep
486409	4632443	99001878	1298	n	1991.16	9.3628	302.298	0.725642	0.275101	98.8351	96	103.803	103	79.2274	77	158.40677	810.97229	158.40677	Deep
486709	4632443	99001879	1299	n	2014.62	7.6253	253.161	0.743178	0.443039	108.965	109	120.115	120	92.5372	92	453.8839	772.51189	453.8839	Deep
487009	4632443	99001880	1300	n	2002.2	10.1948	120.317	0.537955	0.858298	133.39	133	142.704	142	114.207	114	752.94654	763.91131	752.94654	Deep
487309	4632443	99001881	1301	n	1974.64	4.8429	122.698	0.481638	0.755525	127.369	127	138.253	138	109.268	109	934.41252	694.09982	694.09982	Deep
487609	4632443	99001882	1302	n	1966.8	5.8783	286.485	0.787219	0.478969	109.96	107	120.302	118	93.1857	90	916.63567	709.52359	709.52359	Deep
487909	4632443	99001883	1303	n	1980.25	8.4386	322.416	0.719334	0.235496	100.711	100	116.363	116	86.8111	86	880.30336	510.82573	510.82573	Deep
488209	4632443	99001884	1304	n	1981.25	8.6891	121.272	0.807569	0.813863	127.246	127	137.885	137	108.593	108	689.8574	281.3678	281.3678	Deep
488509	4632443	99001885	1305	n	1952.06	6.8823	46.0511	0.959539	0.776789	127.738	127	131.152	131	106.685	106	597.38803	184.87993	184.87993	Deep
488809	4632443	99001886	1306	n	1939.14	2.7844	31.6323	0.992246	0.749106	154.115	163	120.129	121	113.036	113	546.84264	143.07728	143.07728	Deep
489109	4632443	99001887	1307	n	1934.39	0.8814	125.806	0.611092	0.729358	177.555	179	99.1709	98	113.239	114	591.26877	40.11184	40.11184	Deep
489409	4632443	99001888	1308	n	1937.81	4.8739	197.565	0.105952	0.353215	158.572	167	118.37	107	114.526	115	761.68278	240.74126	240.74126	Deep
489709	4632443	99001889	1309	n	1952.19	7.1	182.586	0.244751	0.44203	128.481	129	137.103	136	110.875	111	995.35046	427.69656	427.69656	Deep
490009	4632443	99001890	1310	n	1954.14	5.2848	190.565	0.263963	0.388766	137.09	137	143.062	143	117.543	118	1257.49132	514.00434	514.00434	Deep
490309	4632443	99001891	1311	n	1977.83	8.6145	241.734	0.140066	0.123246	117.598	116	126.946	126	101.527	100	1533.57305	689.95006	689.95006	Deep
490609	4632443	99001892	1312	n	1996	5.5834	197.418	0.18941	0.417212	127.597	127	135.249	134	109.575	109	1489.26858	687.91966	687.91966	Deep
490909	4632443	99001893	1313	n	1990.01	8.7999	169.372	0.258926	0.569318	134.68	135	141.482	142	115.137	115	1288.00583	792.82507	792.82507	Deep
491209	4632443	99001894	1314	n	1989.14	8.3257	149.938	0.319189	0.684566	138.485	138	145.172	145	119.541	119	1131.36959	979.49138	979.49138	Deep
491509	4632443	99001895	1315	n	1977.01	6.5357	179.479	0.176458	0.491117	127.555	128	135.231	136	111.012	111	1039.72846	1012.50278	1012.50278	Deep
491809	4632443	99001896	1316	n	1978.19	7.4758	146.502	0.330072	0.71291	133.997	134	138.705	138	116.154	116	1030.56945	972.97777	972.97777	Deep
492109	4632443	99001897	1317	n	1972.89	10.1304	147.515	0.563767	0.683691	120.438	129	122.196	128	100.692	108	1105.94373	993.46954	993.46954	Deep
492409	4632443	99001898	1318	n	1963.45	11.9759	190.925	0.300571	0.382286	123.501	127	124.664	127	98.8321	102	1250.65969	1053.24719	1053.24719	Deep
492709	4632443	99001899	1319	n	1989.78	12.0554	184.553	0.300246	0.46537	128.338	131	129.721	131	104.858	107	1444.01793	1157.33588	1157.33588	Deep
493009	4632443	99001900	1320	n	1964.01	9.3764	94.377	0.707829	0.977852	140.168	139	140.148	139	118.312	117	1669.19918	1289.3758	1289.3758	Deep
493309	4632443	99001901	1321	n	1933.96	5.2481	119.812	0.531848	0.796269	137.873	137	137.124	136	115.715	115	1915.01019	1365.95047	1365.95047	Deep
475609	4632243	99001910	1322	n	1954.18	10.4205	252.348	0.555575	0.181657	158.381	158	147.639	149	125.778	126	3709.54646	1899.76484	1899.76484	Shallow
475909	4632243	99001911	1323	n	1978.46	18.2814	233.753	0.802945	0.365028	142.207	142	128.488	129	104.558	105	3541.65311	1916.36755	1916.36755	MedDeep
476209	4632243	99001912	1324	n	2023.74	19.2367	248.682	0.352106	0.099589	151.07	155	131.876	136	112.003	116	3392.03164	1978.84378	1978.84378	MedDeep
476509	4632243	99001913	1325	n	2127.01	18.0426	268.377	0.241503	0.006566	152.215	153	134.93	137	113.179	115	3263.19636	2083.07005	2083.07005	Shallow
476809	4632243	99001914	1326	n	2182.24	8.923	200.973	0.162764	0.346752	148.234	150	133.197	135	110.167	112	3132.00868	2223.18217	2223.18217	Medium
477109	4632243	99001915	1327	n	2191.1	9.7274	176.598	0.155427	0.516877	145.409	146	134.347	135	110.996	111	2832.99426	2392.88468	2392.88468	Shallow
477409	4632243	99001916	1328	n	2166.95	14.8708	158.684	0.39818	0.600444	134.654	134	121.001	120	100.372	100	2534.21282	2586.11211	2534.21282	Medium
477709	4632243	99001917	1329	n	2187.89	13.0179	167.833	0.350715	0.560454	138.38	137	128.921	130	107.731	107	2235.75776	2734.45128	2235.75776	Shallow
478009	4632243	99001918	1330	n	2169.25	13.8992	168.886	0.270286	0.57737	140.804	141	133.52	135	111.964	112	1937.77988	2885.56176	1937.77988	Shallow
478309	4632243	99001919	1331	n	2169.6	18.1692	252.831	0.409252	0.34306	125.474	120	109.719	104	88.1452	81	1640.53924	2884.67839	1640.53924	Shallow
478609	4632243	99001920	1332	n	2187.01	9.0122	284.966	0.519676	0.25484	120.469	119	101.817	101	80.9041	79	1344.52487	2587.69155	1344.52487	Deep
478909	4632243	99001921	1333	n	2208.92	8.3614	275.647	0.541606	0.231498	117.31	116	99.8679	99	78.3935	77	1050.77364	2291.48984	1050.77364	Shallow
479209	4632243	99001922	1334	n	2220.99	2.6133	188.894	0.797995	0.501453	125.673	125	107.861	108	88.5419	89	761.90772	1992.98785	761.90772	Medium
479509	4632243	99001923	1335	n	2219.07	4.1856	130.808	0.477724	0.641913	129.676	130	106.422	111	88.9657	91	486.70473	1694.72083	486.70473	Shallow
479809	4632243	99001924	1336	n	2199.75	6.9148	124.365	0.665545	0.704564	125.014	124	97.9176	98	81.967	81	270.66514	1397.19605	270.66514	Medium
480109	4632243	99001925	1337	n	2179.1	9.9808	66.0552	0.852968	0.844996	120.616	120	96.7561	95	80.4331	77	299.39563	1101.01541	299.39563	Shallow
480409	4632243	99001926	1338	n	2145.65	5.8668	72.5093	0.93819	0.79037	124.754	126	103.629	106	85.5347	86	534.80451	807.64136	534.80451	Medium
480709	4632243	99001927	1339	n	2131.39	4.4694	108.326	0.62752	0.813757	125.107	126	106.257	107	86.5079	87	813.87591	518.36649	518.36649	Medium
481009	4632243	99001928	1340	n	2115.94	8.3456	119.386	0.494563	0.736558	126.24	124	106.52	104	89.7929	86	1103.98013	240.77799	240.77799	Medium
481309	4632243	99001929	1341	n	2085.45	17.7265	224.02	0.637729	0.583776	131.081	131	110.118	109	98.1642	96	857.20075	13.64694	13.64694	Shallow
481609	4632243	99001930	1342	n	2099.41	10.5859	221.414	0.814732	0.416269	122.88	121	104.182	103	90.0512	87	581.64533	163.87563	163.87563	Medium
481909	4632243	99001931	1343	n	2089.29	10.0542	75.2103	0.895941	0.848819	118.104	117	101.279	99	86.1134	84	349.04076	347.22846	347.22846	Deep
482209	4632243	99001932	1344	n	2100.25	16.8673	249.682	0.34823	0.133726	118.413	117	109.766	110	86.151	85	292.14315	481.64716	292.14315	Shallow
482509	4632243	99001933	1345	n	2140.72	1.1305	128.289	0.457167	0.861167	121.758	121	112.331	111	93.4786	92	478.39919	713.90623	478.39919	Medium
482809	4632243	99001934	1346	n	2136.36	1.2387	105.833	0.607036	0.880265	116.222	115	107.668	106	89.1229	88	743.22537	983.53456	743.22537	Medium
483109	4632243	99001935	1347	n	2127.99	2.0446	99.0587	0.665258	0.963728	115.758	115	106.801	106	88.7649	88	1027.57098	1266.89319	1027.57098	Medium
483409	4632243	99001936	1348	n	2119.09	2.4355	119.254	0.500078	0.878528	125.07	125	117.345	117	98.0279	98	1213.64219	1304.2174	1213.64219	Medium
483709	4632243	99001937	1349	n	2107.3	6.6988	141.151	0.382979	0.750745	128.302	127	122.562	120	102.133	100	1179.31384	1179.31384	1179.31384	Shallow
484009	4632243	99001938	1350	n	2081.44	13.8544	133.48	0.360157	0.724185	132.891	131	125.906	126	105.999	105	1122.75521	1109.58622	1109.58622	Deep
484309	4632243	99001939	1351	n	2062.12	14.1519	164.201	0.361288	0.648763	129.61	131	122.036	125	101.816	105	1144.71717	1094.10814	1094.10814	Deep
484609	4632243	99001940	1352	n	2041.18	11.9215	171.083	0.677367	0.589628	115.8	111	104.051	99	85.592	81	1241.03808	1093.77007	1093.77007	Shallow
484909	4632243	99001941	1353	n	2041.56	13.3949	207.016	0.865421	0.527874	111.511	111	99.8336	99	81.4273	80	1000.18003	1081.30445	1000.18003	Shallow
485209	4632243	99001942	1354	n	2039.91	10.8204	172.522	0.916024	0.530886	111.059	111	105.158	105	84.3196	84	750.24797	1089.53352	750.24797	Shallow
485509	4632243	99001943	1355	n	2028.94	10.836	137.756	0.847003	0.518067	108.38	110	104.448	106	83.4702	85	552.61555	1097.17925	552.61555	Shallow
485809	4632243	99001944	1356	n	2029.92	10.0353	141.835	0.825108	0.703195	125.329	122	126.17	125	103.414	101	477.38441	1094.57473	477.38441	Deep
486109	4632243	99001945	1357	n	1999.08	11.0544	217.577	0.69714	0.585242	115.461	112	115.043	115	91.6744	89	287.47472	1052.48338	287.47472	Deep
486409	4632243	99001946	1358	n	2021.15	10.9528	276.773	0.775703	0.353876	108.622	107	114.794	112	89.7398	87	289.06679	1008.05641	289.06679	Deep
486709	4632243	99001947	1359	n	2021.8	6.6165	115.208	0.641076	0.873944	130.529	132	136.911	138	111.535	112	514.27376	971.73879	514.27376	Deep
487009	4632243	99001948	1360	n	1996.77	10.1345	203.85	0.801972	0.597716	108.089	106	116.957	116	91.1089	89	790.81945	949.34828	790.81945	Deep
487309	4632243	99001949	1361	n	1981.62	7.2281	84.8377	0.937643	0.684835	110.621	110	122.14	122	94.6137	94	1079.95986	894.02249	894.02249	Deep
487609	4632243	99001950	1362	n	1995	12.7279	315.928	0.755411	0.278439	92.7018	93	108.72	109	79.4267	80	1116.49709	870.8309	870.8309	Deep
487909	4632243	99001951	1363	n	2010.54	11.566	204.744	0.817268	0.431651	104.29	102	118.781	116	90.7849	88	1026.20863	635.22545	635.22545	Deep
488209	4632243	99001952	1364	n	1991.1	12.6076	175.494	0.765606	0.671936	117.959	118	128.967	127	101.46	101	868.37399	447.71843	447.71843	Deep
488509	4632243	99001953	1365	n	1979.58	12.2912	52.6832	0.946285	0.745591	123.031	123	133.094	133	105.534	105	796.89561	381.68344	381.68344	Deep
488809	4632243	99001954	1366	n	1949.82	5.9476	151.758	0.880488	0.697427	123.648	123	130.682	130	104.78	104	745.78015	318.65771	318.65771	Deep
489109	4632243	99001955	1367	n	1944.44	8.3337	89.0598	0.905546	0.655357	142.373	133	123.24	127	108.884	109	778.94154	98.58496	98.58496	Deep
489409	4632243	99001956	1368	n	1933.28	0.569	143.815	0.420295	0.710755	180.391	181	101.699	102	115.981	116	915.04744	126.74322	126.74322	Deep
489709	4632243	99001957	1369	n	1940.45	5.4418	212.269	0.106778	0.272164	146.219	146	124.449	123	112.575	113	1117.08267	228.96726	228.96726	Deep
490009	4632243	99001958	1370	n	1945.52	3.7011	175.899	0.230927	0.505712	139.942	139	144.204	144	118.844	119	1355.88922	340.46236	340.46236	Deep
490309	4632243	99001959	1371	n	1960.44	7.8909	240.988	0.12795	0.118447	124.674	124	132.421	130	106.302	104	1608.53487	507.48225	507.48225	Deep
490609	4632243	99001960	1372	n	1982.22	7.0907	199.169	0.206603	0.409796	125.106	124	132.681	132	107.88	107	1359.56705	491.46223	491.46223	Deep
490909	4632243	99001961	1373	n	1972.19	7.9036	167.215	0.332258	0.620788	133.532	134	140.653	141	114.892	114	1135.54422	628.86159	628.86159	Deep
491209	4632243	99001962	1374	n	1974.84	6.1118	160.258	0.311973	0.634052	137.619	136	144.76	142	120.11	118	954.20061	851.53099	851.53099	Deep
491509	4632243	99001963	1375	n	1961.63	6.8967	179.645	0.210707	0.484282	129.832	129	137.969	137	114.153	113	843.52649	822.1092	822.1092	Deep
491809	4632243	99001964	1376	n	1964.41	8.6588	161.454	0.363946	0.608532	129.78	131	135.225	136	112.487	113	832.21095	772.98853	772.98853	Deep
492109	4632243	99001965	1377	n	1963.06	10.1719	172.512	0.289065	0.568276	127.12	129	129.983	130	108.031	109	923.91189	793.90389	793.90389	Deep
492409	4632243	99001966	1378	n	1950.53	7.0597	186.36	0.31914	0.468834	132.929	134	132.631	133	108.83	110	1093.00106	859.45905	859.45905	Deep
492709	4632243	99001967	1379	n	1967.31	8.5346	203.808	0.072966	0.315562	124.871	125	126.317	126	100.15	100	1309.84329	978.00761	978.00761	Deep
493009	4632243	99001968	1380	n	1956.98	7.9025	111.527	0.581101	0.918564	143.126	142	143.303	142	120.874	120	1554.58276	1094.25391	1094.25391	Deep
493309	4632243	99001969	1381	n	1930.21	4.2918	108.793	0.589857	0.933954	140.508	140	139.547	140	117.884	118	1815.97513	1177.25203	1177.25203	Deep
475609	4632043	99001978	1382	n	1964.64	8.6148	263.541	0.367021	0.128717	158.087	158	148.846	149	126.464	126	3549.63415	1699.82591	1699.82591	Shallow
475909	4632043	99001979	1383	n	2004.97	8.7571	255.432	0.198403	0.076471	157	158	149.79	151	128.294	129	3373.79229	1718.3615	1718.3615	Medium
476209	4632043	99001980	1384	n	2052.39	17.9809	277.638	0.436363	0.140679	148.78	151	132.483	136	111.918	116	3216.3716	1787.77078	1787.77078	Medium
476509	4632043	99001981	1385	n	2135.37	15.7621	289.79	0.412244	0.037424	144.287	144	125.038	127	101.732	103	3080.19774	1902.49376	1902.49376	Shallow
476809	4632043	99001982	1386	n	2176.3	9.3981	176.172	0.617821	0.594479	140.488	141	122.506	122	99.5205	99	2968.19642	2054.95514	2054.95514	Shallow
477109	4632043	99001983	1387	n	2163.56	12.8978	182.017	0.267957	0.47732	143.275	143	133.085	136	110.047	112	2856.9841	2237.45363	2237.45363	Medium
477409	4632043	99001984	1388	n	2139.74	13.7484	153.288	0.30082	0.674846	137.928	138	127.051	126	105.586	105	2561.00298	2422.47796	2422.47796	Medium
477709	4632043	99001985	1389	n	2130.15	19.1908	206.741	0.212605	0.435671	142.087	146	129.168	137	107.939	114	2266.07908	2559.24314	2266.07908	Shallow
478009	4632043	99001986	1390	n	2136.88	21.0025	210.921	0.39925	0.396081	129.82	132	117.688	117	94.3333	94	1972.68663	2716.86097	1972.68663	Shallow
478309	4632043	99001987	1391	n	2179.03	16.1289	239.134	0.302154	0.252095	134.453	137	124.401	127	98.5873	101	1681.62738	2861.56804	1681.62738	Shallow
478609	4632043	40025377	1392	y	2197.96	2.8841	190.36	0.603185	0.445936	118.92	118	101.862	101	79.0777	78	1394.36322	2565.47251	1394.36322	Medium
478909	4632043	99001989	1393	n	2205.37	7.9971	202.718	0.084751	0.322811	125.502	125	105.727	103	85.9804	84	1113.83432	2266.36875	1113.83432	Shallow
479209	4632043	99001990	1394	n	2219.57	5.6806	178.37	0.287599	0.486695	130.899	131	116.612	117	96.6697	96	846.76149	1967.53792	846.76149	Shallow
479509	4632043	99001991	1395	n	2217.65	2.9618	86.1317	0.745437	0.84564	130.7	131	113.531	113	95.2465	94	611.05086	1669.12659	611.05086	Medium
479809	4632043	99001992	1396	n	2196.59	8.1387	107.146	0.582587	0.852796	130.168	129	104.602	104	88.2087	87	457.99703	1371.40866	457.99703	Shallow
480109	4632043	99001993	1397	n	2175.36	7.4545	156.554	0.238708	0.649167	130.256	129	108.691	106	91.9449	90	475.54117	1074.96038	475.54117	Shallow
480409	4632043	99001994	1398	n	2162.43	8.6991	90.4204	0.717941	0.764391	125.071	125	100.191	104	84.435	86	650.01348	781.16497	650.01348	Shallow
480709	4632043	99001995	1399	n	2134.54	4.3796	74.4069	0.81093	0.90445	127.945	128	109.847	110	88.7454	89	893.80963	482.00694	482.00694	Medium
481009	4632043	99001996	1400	n	2119.69	6.5524	83.4673	0.759345	0.896191	129.007	130	111.012	112	92.4578	92	1164.16226	182.63869	182.63869	Medium
481309	4632043	99001997	1401	n	2108.73	12.4675	210.879	0.678169	0.407453	122.786	121	104.358	101	87.7488	83	941.31315	112.16412	112.16412	Shallow
481609	4632043	99001998	1402	n	2116.34	3.1078	110.001	0.800155	0.788929	117.268	117	99.0505	99	80.8203	80	699.70609	330.69392	330.69392	Medium
481909	4632043	99001999	1403	n	2102.14	7.1963	85.903	0.738313	0.911168	120.277	120	107.679	108	90.3744	90	522.59619	513.37767	513.37767	Medium
482209	4632043	99002000	1404	n	2110.77	14.5413	254.743	0.451016	0.189461	113.309	112	103.029	103	79.9454	79	486.4411	644.7106	486.4411	Deep
482509	4632043	40025380	1405	y	2137.37	2.0142	148.787	0.303135	0.736036	122.54	122	112.578	112	93.0375	92	616.55747	834.36429	616.55747	Medium
482809	4632043	99002002	1406	n	2131.39	4.2203	143.498	0.313735	0.674736	120.511	120	110.525	109	92.6621	92	838.8452	1074.17033	838.8452	Medium
483109	4632043	99002003	1407	n	2120.66	6.7973	150.41	0.434743	0.724144	119.699	120	110.347	110	91.95	92	1092.11189	1338.47675	1092.11189	Medium
483409	4632043	99002004	1408	n	2106.73	9.3085	123.636	0.570024	0.716703	125.509	127	115.015	115	96.9256	97	1014.84137	1228.95202	1014.84137	Medium
483709	4632043	99002005	1409	n	2094.19	12.7521	177.187	0.73099	0.586057	119.961	117	111.743	110	92.7235	91	1023.27788	1136.31035	1023.27788	Shallow
484009	4632043	99002006	1410	n	2085.36	9.1747	61.378	0.921546	0.709363	116.801	116	107.931	108	88.4065	88	1115.47848	1112.78692	1112.78692	Shallow
484309	4632043	99002007	1411	n	2070.83	9.3203	173.515	0.874453	0.561263	112.518	112	104.393	104	84.677	84	1180.23619	1114.32714	1114.32714	Shallow
484609	4632043	99002008	1412	n	2071.43	6.0727	139.421	0.943301	0.573051	123.409	127	117.101	121	95.5177	99	1309.13543	1079.47538	1079.47538	Shallow
484909	4632043	99002009	1413	n	2068.7	3.7687	86.4084	0.944456	0.735099	116.991	116	110.153	109	89.0837	88	1109.56369	1059.08239	1059.08239	Shallow
485209	4632043	99002010	1414	n	2062.87	3.2597	109.737	0.915575	0.65954	124.867	130	120.083	125	98.3032	103	890.86672	1082.83264	890.86672	Shallow
485509	4632043	99002011	1415	n	2051.82	6.4768	111.886	0.870215	0.727432	115.856	115	114.969	115	92.6847	92	732.22636	1095.95019	732.22636	Shallow
485809	4632043	99002012	1416	n	2026.89	11.6045	130.927	0.633255	0.854203	132.897	137	133.02	138	110.502	115	632.6063	1152.28683	632.6063	Deep
486109	4632043	99002013	1417	n	2030.16	12.589	282.358	0.69839	0.321843	107.322	107	110.385	111	86.094	86	470.22189	1248.288	470.22189	Deep
486409	4632043	99002014	1418	n	2039.97	3.8838	97.4589	0.754912	0.874316	133.002	135	136.683	138	112.898	114	471.1969	1206.1009	471.1969	Shallow
486709	4632043	99002015	1419	n	2020.57	10.6698	197.584	0.679675	0.680799	116.959	120	124.294	126	99.4346	102	634.77903	1170.63119	634.77903	Deep
487009	4632043	99002016	1420	n	2022	9.7872	177.724	0.836931	0.642531	114.96	116	126.37	127	100.086	101	873.99217	1139.72094	873.99217	Deep
487309	4632043	99002017	1421	n	2005.8	10.7102	161.707	0.883375	0.649766	110.109	112	122.599	124	94.8816	96	1142.26976	1093.97343	1093.97343	Deep
487609	4632043	99002018	1422	n	2021.94	9.4203	279.219	0.443564	0.085736	88.2565	86	106.543	105	77.4645	76	1316.4006	993.9089	993.9089	Deep
487909	4632043	99002019	1423	n	2034.83	4.5222	52.0732	0.919697	0.800831	118.006	118	129.567	129	103.413	103	1184.44566	781.16133	781.16133	Deep
488209	4632043	99002020	1424	n	2012.26	11.6646	193.26	0.712374	0.504201	107.784	104	122.309	121	94.8124	93	1005.94827	628.1349	628.1349	Deep
488509	4632043	40025385	1425	y	1998.93	12.1883	95.7815	0.79129	0.852682	130.776	130	141.372	141	113.641	114	894.9594	580.67539	580.67539	Deep
488809	4632043	99002022	1426	n	1976.61	12.0219	225.083	0.798174	0.371606	103.894	105	118.825	119	90.3395	92	877.48091	454.42549	454.42549	Deep
489109	4632043	99002023	1427	n	1986.31	15.1504	93.2911	0.948119	0.684142	128.213	127	136.446	136	110.539	110	958.6413	211.62345	211.62345	Deep
489409	4632043	99002024	1428	n	1940.72	7.3311	82.8566	0.785398	0.853781	168.238	175	120.757	106	119.527	118	1083.72643	44.41352	44.41352	Deep
489709	4632043	99002025	1429	n	1932.5	1.7254	172.206	0.283985	0.47975	172.742	176	102.265	98	112.073	113	1258.9777	36.13951	36.13951	Deep
490009	4632043	99002026	1430	n	1938.96	3.5771	189.626	0.184271	0.411013	153.537	157	149.405	150	127.088	128	1474.98703	213.57967	213.57967	Deep
490309	4632043	99002027	1431	n	1956.03	10.2	259.138	0.312073	0.214448	124.428	124	131.04	131	106.369	106	1515.87799	322.24198	322.24198	Deep
490609	4632043	99002028	1432	n	1965.31	11.598	198.507	0.222088	0.438555	126.845	125	135.011	134	110.119	109	1248.56887	299.72784	299.72784	Deep
490909	4632043	99002029	1433	n	1960.76	9.2677	173.262	0.332387	0.57257	134.369	134	141.982	142	116.968	116	999.98117	491.08916	491.08916	Deep
491209	4632043	99002030	1434	n	1954.74	7.7696	157.967	0.201197	0.682445	146.569	148	154.618	156	130.788	132	788.03583	755.51749	755.51749	Deep
491509	4632043	99002031	1435	n	1945.99	5.4328	180.209	0.146813	0.499527	136.969	136	145.72	145	121.317	120	649.64497	636.86224	636.86224	Deep
491809	4632043	99002032	1436	n	1950.53	6.9553	181.265	0.180238	0.491084	132.289	131	138.404	138	115.43	115	634.88323	572.99929	572.99929	Deep
492109	4632043	99002033	1437	n	1948.94	7.8555	150.378	0.412121	0.682126	131.732	135	133.224	135	111.363	114	751.07579	594.63017	594.63017	Deep
492409	4632043	99002034	1438	n	1942.78	5.8114	172.051	0.314928	0.577003	135.412	136	134.579	135	112.936	113	951.39527	669.15732	669.15732	Deep
492709	4632043	99002035	1439	n	1950.18	6.2618	210.173	0.108116	0.285953	124.629	124	123.708	123	99.9857	99	1194.23243	806.72209	806.72209	Deep
493009	4632043	99002036	1440	n	1954.26	7.3837	116.169	0.58826	0.846278	136.235	136	135.29	135	113.392	113	1458.50239	901.15801	901.15801	Deep
493309	4632043	99002037	1441	n	1926.69	3.536	98.2353	0.659712	0.910011	141.078	141	138.741	139	117.707	118	1734.43574	992.98741	992.98741	Deep
475609	4631843	99002046	1442	n	1960	10.67	234.091	0.176601	0.189556	159.663	159	151.444	152	129.056	129	3393.97558	1499.90326	1499.90326	MedDeep
475909	4631843	99002047	1443	n	1992.76	12.444	244.636	0.25407	0.199977	153.825	155	144.587	145	122.809	123	3209.61712	1520.87735	1520.87735	MedDeep
476209	4631843	99002048	1444	n	2061.24	19.5022	280.653	0.341857	0.029044	148.631	149	132.018	136	110.38	113	3043.71712	1598.88274	1598.88274	MedDeep
476509	4631843	99002049	1445	n	2157.66	14.8051	287.621	0.498801	0.110496	142.003	142	133.001	136	105.954	107	2899.44577	1726.20513	1726.20513	Shallow
476809	4631843	99002050	1446	n	2172.75	9.6952	113.926	0.566386	0.872426	142.454	143	126.233	126	103.079	102	2780.17223	1892.91898	1892.91898	Shallow
477109	4631843	99002051	1447	n	2141.92	19.327	162.834	0.367274	0.617871	146.29	147	136.881	139	114.893	116	2689.2247	2089.02873	2089.02873	Medium
477409	4631843	99002052	1448	n	2108.55	17.751	224.535	0.40667	0.460783	131.498	136	113.944	116	92.0042	97	2602.92872	2241.58452	2241.58452	Shallow
477709	4631843	99002053	1449	n	2149.81	19.3725	247.515	0.732239	0.350466	112.069	111	97.8307	98	73.3298	72	2313.35602	2387.42589	2313.35602	Shallow
478009	4631843	99002054	1450	n	2162.27	13.1936	177.564	0.601086	0.49019	122.005	122	113.711	116	88.777	89	2026.81873	2538.78617	2026.81873	Shallow
478309	4631843	99002055	1451	n	2158.45	14.7385	147.174	0.632433	0.439718	126.369	123	101.664	98	83.1073	79	1744.81297	2693.07878	1744.81297	Shallow
478609	4631843	99002056	1452	n	2176.87	16.741	214.362	0.370007	0.428501	131.806	133	115.651	116	93.6412	95	1469.94913	2558.74009	1469.94913	Shallow
478909	4631843	99002057	1453	n	2183.05	9.2213	192.628	0.464798	0.433426	126.989	126	108.642	107	87.1693	85	1207.1158	2258.745	1207.1158	Medium
479209	4631843	99002058	1454	n	2195.02	7.0755	220.919	0.097168	0.27353	130.511	130	111.75	110	91.0559	90	966.1815	1958.75142	966.1815	Medium
479509	4631843	99002059	1455	n	2213.58	4.1937	182.737	0.209446	0.450525	137.562	136	126.616	127	105.395	105	768.03959	1658.76015	768.03959	Medium
479809	4631843	99002060	1456	n	2202.28	6.962	80.2666	0.780761	0.92426	130.326	129	100.926	104	87.5097	88	652.88815	1358.77274	652.88815	Medium
480109	4631843	98590040	1457	y	2167.26	6.5467	74.022	0.792683	0.874202	121.606	120	93.3706	94	78.4431	78	665.31275	1058.79246	665.31275	Medium
480409	4631843	99002062	1458	n	2149.64	11.8657	131.756	0.481424	0.679095	127.314	127	108.454	106	89.1307	88	799.38675	758.82779	758.82779	Shallow
480709	4631843	99002063	1459	n	2128.32	9.0674	105.507	0.510877	0.707617	129.468	132	110.551	113	90.3445	93	1007.66925	458.90929	458.90929	Shallow
481009	4631843	99002064	1460	n	2112.17	11.1084	112.11	0.571498	0.69502	132.582	134	114.033	114	98.3831	97	1253.70468	159.29802	159.29802	Shallow
481309	4631843	99002065	1461	n	2119.23	10.1513	207.908	0.428804	0.446048	125.332	124	108.6	108	90.0009	88	1057.04672	140.74962	140.74962	Medium
481609	4631843	99002066	1462	n	2111.61	4.9212	123.853	0.431805	0.804684	120.545	119	105.249	103	86.7572	84	849.03825	433.00794	433.00794	Deep
481909	4631843	99002067	1463	n	2099.21	7.9003	151.084	0.495648	0.662368	125.214	123	113.767	112	96.5944	94	710.20005	663.65402	663.65402	Deep
482209	4631843	99002068	1464	n	2124.88	10.1951	268.62	0.517547	0.193865	113.984	116	104.863	108	80.8895	84	684.03382	821.565	684.03382	Deep
482509	4631843	99002069	1465	n	2134.84	2.3448	141.081	0.735752	0.645421	118.758	118	106.532	106	87.3307	87	781.93378	981.15515	781.93378	Medium
482809	4631843	99002070	1466	n	2131.82	3.0344	97.3233	0.714441	0.729583	118.302	118	109.255	108	90.2749	89	966.92223	1191.78167	966.92223	Medium
483109	4631843	99002071	1467	n	2121.13	2.8411	111.873	0.733153	0.800986	115.319	115	106.042	106	87.6169	87	910.86991	1226.0288	910.86991	Medium
483409	4631843	99002072	1468	n	2111.28	5.0634	149.825	0.683941	0.740202	117.028	120	108.26	111	89.2791	93	816.62637	1050.72581	816.62637	Medium
483709	4631843	99002073	1469	n	2107.42	2.4508	106.245	0.66608	0.915421	120.578	120	115.074	115	95.2354	95	827.08721	940.69276	827.08721	Shallow
484009	4631843	99002074	1470	n	2095.04	2.7153	93.8819	0.689726	0.931681	115.298	115	110.315	110	89.3118	89	919.66352	912.90546	912.90546	Shallow
484309	4631843	99002075	1471	n	2084.51	2.5163	90.6896	0.743823	0.828875	114.59	115	110.221	110	87.8459	88	993.30716	914.89159	914.89159	Shallow
484609	4631843	99002076	1472	n	2078.54	1.5951	90.4143	0.713175	0.862958	132.34	133	125.988	126	104.238	105	1143.47594	882.61306	882.61306	Shallow
484909	4631843	99002077	1473	n	2072.84	2.1772	110.361	0.599071	0.836609	122.149	123	116.646	117	95.1677	96	1241.7339	859.16074	859.16074	Shallow
485209	4631843	99002078	1474	n	2063.73	3.1114	131.516	0.404673	0.783454	136.33	137	131.495	132	108.861	109	1050.91151	884.77578	884.77578	Shallow
485509	4631843	99002079	1475	n	2048.18	9.8231	143.089	0.31502	0.770204	137.64	137	135.862	134	113.261	111	920.28633	896.33056	896.33056	Shallow
485809	4631843	99002080	1476	n	2027.01	14.5664	227.396	0.548481	0.469485	111.289	106	112.296	106	89.2482	83	786.54792	963.69263	786.54792	Deep
486109	4631843	99002081	1477	n	2050.31	3.5213	158.115	0.702226	0.690107	131.33	135	134.493	137	111.131	114	663.00492	1080.99386	663.00492	Shallow
486409	4631843	99002082	1478	n	2039.24	4.2786	90.8839	0.68951	0.893384	124.965	124	128.624	128	105.286	105	663.69679	1184.1467	663.69679	Shallow
486709	4631843	99002083	1479	n	2036.41	7.0337	216.179	0.606284	0.390166	112.139	114	122.043	125	96.0973	98	788.29647	1283.98561	788.29647	Deep
487009	4631843	99002084	1480	n	2034.83	5.8754	132.103	0.831206	0.684125	119.941	121	130.283	130	104.836	105	991.12522	1251.74882	991.12522	Shallow
487309	4631843	99002085	1481	n	2027.97	6.0001	61.8493	0.967935	0.740227	128.372	129	137.126	138	111.809	112	1234.19897	1182.01777	1182.01777	Deep
487609	4631843	99002086	1482	n	2030.28	6.9258	233.644	0.555541	0.271254	102.629	104	117.333	118	90.0439	91	1290.39186	1051.96691	1051.96691	Deep
487909	4631843	99002087	1483	n	2037.59	2.5781	95.7646	0.695434	0.960669	122.286	121	133.574	133	108.089	107	1046.00744	912.00002	912.00002	Deep
488209	4631843	99002088	1484	n	2020.15	9.9195	171.223	0.474935	0.640345	129.424	129	141.183	142	113.863	114	838.54157	741.88993	741.88993	Deep
488509	4631843	99002089	1485	n	2003.13	12.4161	123.508	0.471958	0.708011	141.651	142	153.036	153	121.278	122	701.54998	571.417	571.417	Deep
488809	4631843	99002090	1486	n	1996.37	12.9014	207.811	0.358965	0.40539	127.334	126	141.19	139	110.559	108	679.11176	433.31861	433.31861	Deep
489109	4631843	99002091	1487	n	1994.56	16.6591	148.664	0.344528	0.682194	145.058	146	153.622	155	126.868	128	781.16144	262.92432	262.92432	Deep
489409	4631843	99002092	1488	n	1940.96	6.7497	111.226	0.570699	0.940763	164.959	164	126.748	130	122.399	120	969.14065	159.90491	159.90491	Deep
489709	4631843	99002093	1489	n	1931.19	0.5419	124.227	0.662269	0.806107	177.921	182	94.2169	95	109.591	112	1203.43426	69.22179	69.22179	Deep
490009	4631843	99002094	1490	n	1932.27	1.5745	197.329	0.185994	0.391342	161.151	160	128.043	130	120.011	120	1461.942	80.42421	80.42421	Deep
490309	4631843	99002095	1491	n	1932.73	4.2909	164.743	0.174607	0.608046	145.044	143	136.547	134	117.727	116	1445.12551	145.09301	145.09301	Deep
490609	4631843	99002096	1492	n	1933	5.7045	188.802	0.092661	0.425154	146.942	142	127.399	128	115.268	115	1161.64791	131.27106	131.27106	Deep
490909	4631843	99002097	1493	n	1939.66	8.5247	181.389	0.133331	0.50871	138.526	136	142.018	140	118.771	116	889.08042	407.25207	407.25207	Deep
491209	4631843	99002098	1494	n	1932.42	5.0153	167.034	0.177194	0.594935	148.678	151	144.336	148	124.412	126	641.48431	641.48431	641.48431	Deep
491509	4631843	99002099	1495	n	1932.02	3.8595	187.057	0.10088	0.444336	138.935	135	138.825	139	117.37	116	461.02087	461.02087	461.02087	Deep
491809	4631843	99002100	1496	n	1933.44	5.2061	182.1	0.114298	0.480343	144.193	145	147.988	147	125.243	125	439.97542	373.01005	373.01005	Deep
492109	4631843	99002101	1497	n	1935.8	5.6257	180.204	0.14409	0.5007	150.552	152	151.885	154	129.883	132	595.49685	396.08926	396.08926	Deep
492409	4631843	99002102	1498	n	1933.05	4.6745	173.541	0.232106	0.543838	152.687	156	151.514	154	129.393	132	834.05912	486.69618	486.69618	Deep
492709	4631843	99002103	1499	n	1938.85	5.3998	213.098	0.122126	0.290739	145.207	148	142.455	145	120.478	124	1103.03796	627.06273	627.06273	Deep
493009	4631843	99002104	1500	n	1940.09	7.4084	151.904	0.26656	0.72669	157.307	162	156.727	161	135.263	139	1384.8216	709.97713	709.97713	Deep
493309	4631843	99002105	1501	n	1922.65	4.0913	142.142	0.335299	0.773758	160.288	165	159.778	164	138.203	142	1672.95218	816.16521	816.16521	Deep
475609	4631643	99002114	1502	n	1960.02	12.5015	231.95	0.666132	0.360392	149.254	148	135.255	136	114.1	114	3243.18329	1300.0044	1300.0044	Medium
475909	4631643	99002115	1503	n	1991.02	12.3323	279.644	0.348428	0.065155	146.837	147	137.227	138	114.255	115	3049.72289	1324.14862	1324.14862	Medium
476209	4631643	99002116	1504	n	2072.17	19.9506	274.559	0.298756	0.027717	146.893	147	136.562	138	112.259	113	2874.60982	1413.05615	1413.05615	MedDeep
476509	4631643	99002117	1505	n	2175.16	12.3512	214.196	0.493676	0.366474	144.38	145	134.508	137	108.338	109	2721.38815	1555.6625	1555.6625	Shallow
476809	4631643	99002118	1506	n	2167.2	11.8792	129.349	0.440638	0.771596	146.331	147	135.879	139	112.177	114	2593.94011	1738.80464	1738.80464	Shallow
477109	4631643	99002119	1507	n	2115.31	18.061	112.654	0.568062	0.862911	142.52	141	125.95	124	105.647	105	2496.21657	1937.7112	1937.7112	Medium
477409	4631643	99002120	1508	n	2134.42	20.4165	295.052	0.47078	0.089163	122.953	120	111.993	114	87.186	87	2431.80365	2063.83881	2063.83881	Shallow
477709	4631643	99002121	1509	n	2188.36	12.5879	168.545	0.762143	0.61553	123.837	121	111.334	109	89.72	85	2376.57689	2218.64524	2218.64524	Medium
478009	4631643	99002122	1510	n	2173.84	6.6375	140.214	0.824073	0.520463	120.614	120	109.338	111	85.6603	86	2098.68908	2364.22014	2098.68908	Shallow
478309	4631643	99002123	1511	n	2177.91	10.0146	212.315	0.543827	0.376171	122.327	122	109.932	113	85.8784	86	1827.80578	2529.18465	1827.80578	Shallow
478609	4631643	99002124	1512	n	2189.48	5.1995	266.251	0.458759	0.172584	122.596	124	102.816	106	79.7337	82	1567.56247	2567.61612	1567.56247	Shallow
478909	4631643	99002125	1513	n	2194.98	3.5191	152.79	0.835833	0.557285	127.94	128	102.85	105	83.8432	84	1324.24704	2268.79498	1324.24704	Medium
479209	4631643	99002126	1514	n	2190.48	2.4768	106.335	0.892537	0.558471	125.929	126	108.043	108	86.4421	86	1109.05741	1970.33215	1109.05741	Medium
479509	4631643	99002127	1515	n	2204.64	4.9661	224.567	0.175261	0.180797	127.734	128	113.508	115	93.5714	94	941.481	1672.41947	941.481	Shallow
479809	4631643	99002128	1516	n	2202.48	4.2485	104.031	0.632993	0.956522	135.364	135	112.584	116	98.4749	100	850.15563	1375.41449	850.15563	Medium
480109	4631643	99002129	1517	n	2175.58	10.8993	111.263	0.807698	0.757883	124.695	123	92.6067	94	80.2338	80	859.7341	1080.06627	859.7341	Medium
480409	4631643	99002130	1518	n	2165.36	8.4692	126.349	0.883808	0.576694	115.619	115	97.7262	97	78.6376	76	967.22326	788.23935	788.23935	Shallow
480709	4631643	99002131	1519	n	2143.95	9.9145	68.3318	0.816381	0.796238	121.373	122	100.518	102	81.6573	83	1145.38158	506.06263	506.06263	Medium
481009	4631643	99002132	1520	n	2122.01	6.8902	119.61	0.800553	0.740361	123.64	126	103.626	106	83.9233	87	1366.84933	266.22831	266.22831	Medium
481309	4631643	99002133	1521	n	2121.17	4.2468	182.809	0.643486	0.574661	120.227	120	102.122	100	83.3577	82	1195.25106	256.23357	256.23357	Medium
481609	4631643	99002134	1522	n	2119.01	6.2573	126.366	0.885687	0.64637	115.54	115	96.4334	96	77.7793	77	1015.94452	490.34046	490.34046	Medium
481909	4631643	99002135	1523	n	2109.28	7.5478	162.924	0.731433	0.480184	110.818	110	95.5538	94	75.6148	74	903.13977	771.49977	771.49977	Medium
482209	4631643	99002136	1524	n	2134	4.131	248.182	0.208292	0.146817	121.294	122	112.83	114	89.4305	91	882.7115	1006.21603	882.7115	Deep
482509	4631643	99002137	1525	n	2138.41	1.6974	90.3668	0.762204	0.749863	116.786	117	104.146	104	83.9376	84	960.57158	1143.50916	960.57158	Medium
482809	4631643	99002138	1526	n	2130.68	2.5945	90.1824	0.684786	0.855504	109.042	109	93.9456	93	77.5522	77	943.11452	1325.13024	943.11452	Medium
483109	4631643	99002139	1527	n	2122.77	2.927	141.581	0.736324	0.655055	108.03	108	96.312	96	78.3037	78	739.36434	1084.82638	739.36434	Medium
483409	4631643	99002140	1528	n	2116.03	3.1774	80.7341	0.822979	0.899617	118.844	119	109.857	110	90.7472	91	619.55972	881.88797	619.55972	Shallow
483709	4631643	99002141	1529	n	2105.22	2.2058	109.876	0.586323	0.959091	121.661	121	115.56	115	95.7663	96	633.28419	747.3985	633.28419	Shallow
484009	4631643	99002142	1530	n	2093.54	2.6067	97.8434	0.664398	0.931998	118.522	118	114.43	114	93.4802	93	720.75144	713.09048	713.09048	Shallow
484309	4631643	99002143	1531	n	2082.06	2.417	105.25	0.600574	0.890188	117.335	117	113.922	113	91.906	92	812.62585	715.77111	715.77111	Shallow
484609	4631643	99002144	1532	n	2072.35	5.3676	146.892	0.372914	0.730843	131.147	133	123.963	126	102.496	104	990.57503	685.58648	685.58648	Shallow
484909	4631643	99002145	1533	n	2059.79	10.5065	128.926	0.438605	0.659461	126.393	127	117.518	118	97.8761	99	1217.42228	659.28661	659.28661	Shallow
485209	4631643	99002146	1534	n	2047.76	13.0791	197.575	0.527496	0.583534	123.272	121	118.014	115	95.775	93	1222.77819	687.84434	687.84434	Shallow
485509	4631643	99002147	1535	n	2037.36	10.7344	93.5147	0.849732	0.619807	119.048	116	113.547	111	92.7662	90	1112.51896	696.92908	696.92908	Shallow
485809	4631643	99002148	1536	n	2043.42	6.7716	297.738	0.590424	0.189517	115.149	117	117.917	120	94.6635	97	957.66619	780.25967	780.25967	Shallow
486109	4631643	99002149	1537	n	2049.78	2.2402	142.732	0.37329	0.794677	128.583	128	130.657	130	107.912	107	859.09396	891.37732	859.09396	Shallow
486409	4631643	99002150	1538	n	2038.11	4.4923	167.907	0.515744	0.71595	119.573	119	123.715	123	100.347	100	859.62802	990.30554	859.62802	Deep
486709	4631643	99002151	1539	n	2043.62	2.7552	294.768	0.525861	0.154489	127.47	128	135.194	136	108.635	109	959.10282	1094.51066	959.10282	Shallow
487009	4631643	99002152	1540	n	2045.38	2.4208	162.607	0.913157	0.595109	131.319	131	140.168	139	114.444	113	1131.72263	1061.96834	1061.96834	Shallow
487309	4631643	99002153	1541	n	2042.68	4.0081	81.2149	0.84502	0.650598	129.089	129	138.969	139	112.775	112	1158.19526	994.01709	994.01709	Shallow
487609	4631643	99002154	1542	n	2034.55	5.4934	179.794	0.512047	0.42484	118.681	119	129.235	129	103.33	103	1198.47036	865.87299	865.87299	Deep
487909	4631643	99002155	1543	n	2036.73	3.1686	108.693	0.611176	0.803572	122.099	121	133.633	133	108.263	107	930.24277	744.2875	744.2875	Deep
488209	4631643	99002156	1544	n	2008.31	11.9153	69.9315	0.825222	0.866338	130.482	130	139.144	139	113.031	113	688.7467	568.38703	568.38703	Deep
488509	4631643	99002157	1545	n	1971.75	8.5729	153.223	0.27386	0.621145	131.711	132	142.569	143	113.616	114	513.21772	408.05782	408.05782	Deep
488809	4631643	99002158	1546	n	1964.66	8.2606	167.259	0.159904	0.602562	138.171	138	148.992	149	120.868	120	482.09214	244.67667	244.67667	Deep
489109	4631643	99002159	1547	n	1954.51	10.3682	156.624	0.242905	0.687872	149.351	150	150.148	153	127.45	127	617.60282	128.31194	128.31194	Deep
489409	4631643	99002160	1548	n	1935	2.745	174.379	0.72567	0.68148	167.024	177	103.955	98	110.671	111	842.88412	6.59829	6.59829	Deep
489709	4631643	99002161	1549	n	1935.43	4.2254	203.286	0.897632	0.518807	150.692	142	118.261	122	109.875	111	1104.29799	62.72221	62.72221	Deep
490009	4631643	99002162	1550	n	1938.48	5.7926	190.114	0.830664	0.469618	138.947	134	125.569	127	108.969	109	1381.4827	62.99046	62.99046	Deep
490309	4631643	99002163	1551	n	1934.35	8.5579	161.153	0.726837	0.595564	147.977	145	124.206	123	113.348	114	1399.6033	4.81956	4.81956	Deep
490609	4631643	99002164	1552	n	1934.52	9.3833	145.537	0.688124	0.523504	157.623	156	120.852	118	118.086	119	1104.50329	134.14121	134.14121	water
490909	4631643	99002165	1553	n	1928.29	3.2335	107.201	0.677166	0.580767	118.315	131	97.7703	116	81.6759	104	812.99794	410.06817	410.06817	water
491209	4631643	99002166	1554	n	1926.67	0.147	28.7964	0.884447	0.499981	31.5629	2	39.1082	27	19.9253	1	531.04028	531.04028	531.04028	water
491509	4631643	99002167	1555	n	1926.66	0.3164	93.8315	0.676907	0.484278	42.0833	2	43.4966	15	30.3469	1	288.16992	288.16992	288.16992	water
491809	4631643	99002168	1556	n	1921.43	3.1138	142.177	0.363009	0.640114	153.847	158	131.29	137	120.002	120	253.14033	173.02081	173.02081	Deep
492109	4631643	99002169	1557	n	1923.09	3.2047	189.575	0.066002	0.42257	161.437	164	161.561	164	138.936	141	474.46618	199.84532	199.84532	Deep
492409	4631643	99002170	1558	n	1923.06	3.2879	173.092	0.149271	0.548517	164.861	166	163.639	165	140.755	141	752.43357	307.77545	307.77545	Deep
492709	4631643	99002171	1559	n	1925.44	4.3072	191.565	0.064774	0.406061	162.082	162	159.526	158	138.179	137	1042.68615	444.87001	444.87001	Deep
493009	4631643	99002172	1560	n	1921.39	5.1743	153.378	0.232656	0.718178	168.011	167	148.458	163	134.656	141	1337.24812	513.97391	513.97391	Deep
493309	4631643	99002173	1561	n	1912.14	2.7459	166.158	0.175412	0.606587	168.847	169	122.806	133	122.937	125	1633.79027	652.30364	652.30364	Deep
475609	4631443	99002182	1562	n	1988.69	12.3084	158.439	0.768344	0.610119	148.107	148	139.627	140	116.671	117	3097.96797	1100.14231	1100.14231	Medium
475909	4631443	99002183	1563	n	2011.19	13.6752	302.705	0.521472	0.095074	146.004	146	136.676	137	112.753	113	2894.81906	1128.57043	1128.57043	Medium
476209	4631443	99002184	1564	n	2091.37	19.2361	282.841	0.368222	0.048074	142.711	142	132.429	133	106.73	106	2709.71387	1231.67745	1231.67745	Shallow
476509	4631443	99002185	1565	n	2162.03	19.4872	197.088	0.187963	0.415289	157.096	159	150.871	154	127.902	130	2546.59009	1392.97791	1392.97791	Shallow
476809	4631443	99002186	1566	n	2140.76	19.32	137.105	0.386363	0.728646	152.134	153	140.978	144	117.978	120	2409.91555	1593.77107	1593.77107	Medium
477109	4631443	99002187	1567	n	2092.8	15.3516	163.965	0.34241	0.656647	145.797	146	126.515	134	108.829	114	2304.40118	1752.4344	1752.4344	Shallow
477409	4631443	99002188	1568	n	2140.49	21.9929	264.785	0.230668	0.037323	132.692	132	126.271	129	101.936	104	2234.46563	1889.95484	1889.95484	Shallow
477709	4631443	99002189	1569	n	2209.04	11.4889	126.964	0.808204	0.497496	122.224	122	110.238	109	87.7357	83	2203.49915	2046.0695	2046.0695	Medium
478009	4631443	99002190	1570	n	2191.88	8.1191	118.718	0.88954	0.612999	117.953	117	101.11	102	79.0065	79	2186.54922	2194.00057	2186.54922	Shallow
478309	4631443	99002191	1571	n	2188.25	5.0307	230.989	0.823551	0.437225	123.465	123	107.678	109	84.8801	85	1928.04969	2370.8388	1928.04969	Shallow
478609	4631443	99002192	1572	n	2195.33	4.974	319.919	0.710337	0.320593	125.219	126	101.496	104	81.5708	83	1683.3757	2570.62536	1683.3757	Medium
478909	4631443	99002193	1573	n	2200.43	3.3537	202.329	0.777043	0.472521	127.264	128	102.146	105	83.3363	85	1459.49713	2296.28663	1459.49713	Medium
479209	4631443	99002194	1574	n	2198.13	3.762	102.845	0.922324	0.593564	125.517	126	101.245	104	82.9863	84	1267.48175	2001.92668	1267.48175	Shallow
479509	4631443	99002195	1575	n	2202.73	3.8174	215.105	0.417868	0.219312	129.194	129	111.524	112	92.5816	93	1123.78295	1709.52875	1123.78295	Shallow
479809	4631443	99002196	1576	n	2203.73	4.0251	124.986	0.831355	0.79284	132.686	133	110.368	112	95.459	96	1048.45899	1420.30513	1048.45899	Medium
480109	4631443	99002197	1577	n	2196.47	5.3987	126.824	0.789923	0.765248	129.188	130	112.152	114	95.686	97	1056.24068	1136.68148	1056.24068	Shallow
480409	4631443	99002198	1578	n	2175.02	8.1195	118.759	0.64188	0.780909	122.985	123	103.501	104	87.4469	87	1145.43551	864.18917	864.18917	Shallow
480709	4631443	99002199	1579	n	2155.84	8.087	130.591	0.772683	0.593484	119.053	117	100.704	98	81.4664	79	1299.38471	617.73866	617.73866	Shallow
481009	4631443	99002200	1580	n	2139.83	7.8233	93.3699	0.93272	0.718192	118.751	118	93.1571	93	77.6342	76	1316.21065	443.1469	443.1469	Medium
481309	4631443	99002201	1581	n	2132.28	5.5427	229.379	0.840357	0.42484	116.205	116	94.5116	95	76.9718	77	1113.38609	437.21539	437.21539	Medium
481609	4631443	99002202	1582	n	2134.03	6.9	54.6563	0.933173	0.629625	110.892	110	89.9457	89	72.7731	72	962.72879	604.92596	604.92596	Medium
481909	4631443	99002203	1583	n	2123.6	6.5529	157.566	0.871946	0.549293	109.517	109	89.8902	89	71.974	71	891.10316	848.9485	848.9485	Medium
482209	4631443	99002204	1584	n	2133.03	4.8877	282.832	0.546635	0.246531	114.52	115	101.231	102	80.7676	81	917.21479	1120.48725	917.21479	Shallow
482509	4631443	99002205	1585	n	2141.81	3.5043	295.961	0.746553	0.316599	112.17	111	98.7886	98	78.2433	77	1033.68326	1314.27351	1033.68326	Shallow
482809	4631443	99002206	1586	n	2144.67	7.3738	179.372	0.935211	0.546204	107.897	107	93.973	92	76.6181	75	828.51713	1228.68702	828.51713	Medium
483109	4631443	99002207	1587	n	2129.36	6.4007	79.8137	0.756483	0.750623	115.448	115	95.3279	95	80.9096	81	586.2041	964.65016	586.2041	Medium
483409	4631443	99002208	1588	n	2114.74	3.827	107.617	0.595893	0.870902	120.824	121	112.032	112	92.7787	93	425.24096	728.99112	425.24096	Shallow
483709	4631443	99002209	1589	n	2101.92	2.6833	109.475	0.555639	0.891787	122.245	122	116.692	117	96.3997	96	444.99943	558.8436	444.99943	Shallow
484009	4631443	99002210	1590	n	2091.94	3.1467	91.5415	0.641022	0.822525	118.314	118	114.651	115	93.7339	94	522.67035	513.41961	513.41961	Shallow
484309	4631443	99002211	1591	n	2083.85	5.4637	126.952	0.738776	0.73015	114.347	114	110.457	111	89.5288	90	643.47682	516.96548	516.96548	Shallow
484609	4631443	99002212	1592	n	2078.7	9.935	208.075	0.793754	0.623245	115.773	113	108.257	107	87.3298	85	857.28674	486.54956	486.54956	Shallow
484909	4631443	99002213	1593	n	2060.23	9.9965	112.759	0.476469	0.726978	132.694	132	128.786	128	105.057	104	1111.67382	459.52202	459.52202	Shallow
485209	4631443	99002214	1594	n	2051.9	6.5947	203.567	0.185474	0.393514	131.691	132	129.803	130	105.567	106	1384.44819	493.38777	493.38777	Shallow
485509	4631443	99002215	1595	n	2051.12	4.8319	125.18	0.446654	0.750137	135.202	137	132.377	134	109.151	111	1286.34115	498.00783	498.00783	Shallow
485809	4631443	99002216	1596	n	2049.43	3.242	240.509	0.289364	0.192503	121.976	121	124.308	123	101.131	100	1138.2405	607.37699	607.37699	Shallow
486109	4631443	99002217	1597	n	2047.6	3.4204	78.9514	0.761769	0.868972	125.842	123	126.77	125	104.321	102	972.455	705.37345	705.37345	Shallow
486409	4631443	99002218	1598	n	2039.75	2.0022	164.577	0.682966	0.543184	128.678	128	133.533	133	110.118	110	878.36256	799.50153	799.50153	Shallow
486709	4631443	99002219	1599	n	2042.51	3.2081	215.28	0.110314	0.273842	123.945	123	132.182	131	105.512	104	881.68749	896.13349	881.68749	Deep
487009	4631443	99002220	1600	n	2044.84	6.3903	193.416	0.535091	0.597698	132.316	131	141.338	140	114.54	113	937.7011	876.74307	876.74307	Shallow
487309	4631443	99002221	1601	n	2036.5	8.927	206.109	0.183999	0.340683	116.673	120	131.285	133	103.225	105	963.00451	796.34443	796.34443	Deep
487609	4631443	99002222	1602	n	2039.85	7.2717	126.208	0.595348	0.743345	129.383	129	138.685	138	112.821	111	1039.09771	686.27068	686.27068	Deep
487909	4631443	99002223	1603	n	2018.15	14.0396	165.356	0.210303	0.587585	137.674	141	149.107	151	122.577	125	846.50555	588.0441	588.0441	Deep
488209	4631443	99002224	1604	n	2002.9	15.1507	148.332	0.321599	0.669978	137.331	141	149.348	152	120.474	123	570.60675	417.33137	417.33137	Deep
488509	4631443	99002225	1605	n	1960.69	9.1569	137.257	0.379707	0.787576	139.328	139	148.209	148	120.815	120	338.54463	252.57611	252.57611	Deep
488809	4631443	99002226	1606	n	1945.58	4.5218	146.831	0.345074	0.732129	143.82	142	139.529	141	117.559	117	289.19349	76.28121	76.28121	Deep
489109	4631443	99002227	1607	n	1938.67	3.0246	197.527	0.64254	0.560694	149.182	145	117.95	119	109.982	111	482.34146	10.98968	10.98968	Deep
489409	4631443	99002228	1608	n	1947.39	6.6891	311.229	0.687039	0.224172	117.416	117	119.87	121	96.7643	97	749.44892	205.11723	205.11723	Deep
489709	4631443	99002229	1609	n	1964.43	11.0725	235.527	0.869075	0.425453	120.692	122	125.77	125	100.631	101	1034.74349	254.34648	254.34648	Deep
490009	4631443	99002230	1610	n	1965.75	11.5714	238.067	0.85222	0.437607	119.806	118	121.831	121	99.1815	98	1326.54231	255.24006	255.24006	Deep
490309	4631443	99002231	1611	n	1986.15	17.0339	286.207	0.8518	0.38697	115.095	116	119.087	120	96.1224	97	1381.80717	193.28363	193.28363	Deep
490609	4631443	99002232	1612	n	1991.15	18.9923	128.346	0.947228	0.589719	126.849	126	129.762	130	106.566	107	1081.86376	276.21644	276.21644	Deep
490909	4631443	99002233	1613	n	1965.82	17.7838	104.172	0.938768	0.597268	131.901	133	134.244	133	109.075	109	781.96375	491.88784	491.88784	Deep
491209	4631443	99002234	1614	n	1947.02	11.3697	125.702	0.897658	0.566012	124.201	127	127.299	129	105.101	107	482.18817	482.18817	482.18817	Deep
491509	4631443	99002235	1615	n	1941.79	11.5868	130.442	0.674943	0.626352	122.603	136	120.788	134	103.209	114	183.14901	183.14901	183.14901	Deep
491809	4631443	99002236	1616	n	1922.61	4.1654	112.292	0.842746	0.746836	138.216	139	127.937	130	110.367	111	120.75465	26.96843	26.96843	Deep
492109	4631443	99002237	1617	n	1915.58	2.0408	137.055	0.38799	0.630206	157.215	162	130.516	144	120.794	127	419.07017	32.22985	32.22985	Deep
492409	4631443	99002238	1618	n	1915.07	1.699	176.636	0.102166	0.529244	163.432	164	165.481	169	137.898	139	718.78922	166.16936	166.16936	Deep
492709	4631443	99002239	1619	n	1914.14	2.4311	171.486	0.120103	0.572569	164.725	165	138.591	152	126.029	131	1018.67368	249.06763	249.06763	Deep
493009	4631443	99002240	1620	n	1910.67	1.8625	155.411	0.214373	0.705159	165.889	166	69.5419	65	94.2315	92	1318.6107	322.90995	322.90995	Deep
493309	4631443	99002241	1621	n	1906.14	1.5553	119.937	0.482185	0.843517	163.919	163	73.4471	71	94.5552	93	1618.57107	497.50375	497.50375	Deep
475609	4631243	99002250	1622	n	2008.05	8.7356	116.502	0.861521	0.698644	146.845	147	139.023	139	116.454	117	2959.15076	900.34146	900.34146	Medium
475909	4631243	99002251	1623	n	2023.99	9.97	268.444	0.27935	0.067895	151.834	152	145.4	146	124.437	125	2745.75036	934.86516	934.86516	Medium
476209	4631243	99002252	1624	n	2076.6	16.1311	217.565	0.110308	0.247323	153.418	154	140.909	146	118.641	123	2549.84645	1057.03879	1057.03879	Shallow
476509	4631243	99002253	1625	n	2111.23	18.8957	182.206	0.173552	0.467746	151.471	152	135.199	139	112.872	114	2375.77119	1240.8343	1240.8343	Shallow
476809	4631243	99002254	1626	n	2085.36	21.9517	176.259	0.254493	0.586385	155.912	157	143.752	149	122.731	126	2228.64547	1461.71402	1461.71402	Shallow
477109	4631243	99002255	1627	n	2085.36	20.3497	248.74	0.536883	0.302898	131.559	129	104.214	103	85.4208	83	2114.10323	1570.77305	1570.77305	Shallow
477409	4631243	99002256	1628	n	2158.69	21.9699	265.619	0.538481	0.168552	124.651	125	110.399	112	86.022	87	2037.64676	1719.68947	1719.68947	Shallow
477709	4631243	99002257	1629	n	2221.8	9.2299	237.052	0.216465	0.157781	134.221	134	128.916	132	105.495	107	2003.64073	1868.28853	1868.28853	Shallow
478009	4631243	99002258	1630	n	2218.49	10.4207	62.3412	0.890578	0.728263	118.918	116	96.6278	92	76.8306	72	2014.23634	2029.22157	2014.23634	Shallow
478309	4631243	99002259	1631	n	2206.19	7.5673	258.526	0.842766	0.403576	119.084	119	98.5924	100	77.0083	77	2043.00692	2219.22921	2043.00692	Medium
478609	4631243	99002260	1632	n	2220	10.0977	291.329	0.863742	0.396372	112.431	112	72.9017	74	58.7263	59	1813.90612	2431.50497	1813.90612	Shallow
478909	4631243	99002261	1633	n	2217.98	8.9746	136.921	0.917678	0.550025	116.724	116	75.8523	78	63.111	65	1608.30144	2340.60547	1608.30144	Medium
479209	4631243	99002262	1634	n	2218.76	8.2022	188.4	0.898587	0.467075	117.774	117	91.9597	92	75.0132	74	1436.31879	2052.61104	1436.31879	Medium
479509	4631243	99002263	1635	n	2214.82	8.2532	124.265	0.883918	0.487446	122.177	121	95.2554	96	81.6162	81	1311.25504	1768.61251	1311.25504	Medium
479809	4631243	99002264	1636	n	2210.26	4.4728	84.4371	0.844482	0.767715	129.348	130	108.659	111	93.8164	96	1247.30425	1490.89514	1247.30425	Shallow
480109	4631243	99002265	1637	n	2192.69	5.4043	100.067	0.591639	0.847427	130.388	131	111.263	113	96.1862	97	1253.85247	1223.74281	1223.74281	Medium
480409	4631243	99002266	1638	n	2179.43	5.1168	153.194	0.768502	0.633614	121.236	121	104.53	104	86.5224	86	1329.8587	975.87119	975.87119	Medium
480709	4631243	99002267	1639	n	2168.3	4.9476	66.0591	0.911186	0.755989	119.712	118	98.6812	98	83.0635	79	1445.64657	766.22628	766.22628	Shallow
481009	4631243	99002268	1640	n	2156.43	7.9687	216.95	0.802898	0.628176	116.629	116	92.0497	92	76.2565	76	1190.42518	633.94071	633.94071	Shallow
481309	4631243	99002269	1641	n	2161.14	11.1941	273.695	0.880259	0.454608	113.668	113	88.8634	88	73.1915	72	961.42095	629.80867	629.80867	Medium
481609	4631243	99002270	1642	n	2160.96	7.862	75.1733	0.844852	0.671185	115.888	115	96.0123	95	79.1913	77	782.01558	755.93457	755.93457	Shallow
481909	4631243	99002271	1643	n	2146.85	7.8518	128.764	0.821196	0.579831	114.232	113	95.8379	95	79.1443	77	691.92955	962.40075	691.92955	Shallow
482209	4631243	99002272	1644	n	2154.09	8.1872	316.039	0.769213	0.377426	113.043	112	99.8119	100	79.4518	78	725.24797	1208.71557	725.24797	Shallow
482509	4631243	99002273	1645	n	2156.27	7.4815	226.483	0.588542	0.535205	118.064	118	104.261	105	84.3731	84	867.87254	1449.99839	867.87254	Shallow
482809	4631243	99002274	1646	n	2148.2	8.8312	170.164	0.290566	0.671092	126.409	127	114.834	115	95.8886	96	750.61059	1159.03989	750.61059	Shallow
483109	4631243	99002275	1647	n	2135.79	10.0708	146.023	0.373804	0.557693	123.48	124	110.274	109	89.4641	89	469.69232	874.21484	469.69232	Medium
483409	4631243	99002276	1648	n	2122.61	8.2472	71.7554	0.820112	0.802519	124.79	124	111.372	111	92.6745	92	240.42774	604.25963	240.42774	Medium
483709	4631243	99002277	1649	n	2102.15	4.3675	96.3871	0.648532	0.852588	124.688	123	119.044	118	97.8695	97	273.8615	382.10971	273.8615	Shallow
484009	4631243	99002278	1650	n	2095.02	6.2763	170.743	0.447194	0.472272	126.245	125	122.469	121	97.8092	97	326.93418	314.16771	314.16771	Shallow
484309	4631243	99002279	1651	n	2096.51	10.829	205.312	0.495123	0.522901	129.046	127	125.112	123	100.504	98	497.75906	319.30387	319.30387	Shallow
484609	4631243	99002280	1652	n	2078.46	13.7774	160.886	0.341152	0.684459	142.404	144	139.071	141	114.344	116	754.08369	288.8462	288.8462	Deep
484909	4631243	99002281	1653	n	2035.27	9.4944	136.762	0.377828	0.789523	136.682	137	131.327	131	106.594	106	1034.17616	260.11948	260.11948	Deep
485209	4631243	99002282	1654	n	2026.86	7.6623	197.328	0.09495	0.382072	133.49	136	130.354	133	105.53	108	1323.02625	299.7412	299.7412	Deep
485509	4631243	99002283	1655	n	2035.03	5.8113	164.324	0.201184	0.618986	136.742	139	134.608	136	110.176	111	1235.76984	300.52197	300.52197	Shallow
485809	4631243	99002284	1656	n	2040.6	5.365	226.993	0.10812	0.196532	126.015	130	127.93	132	103.82	108	996.48339	434.04444	434.04444	Shallow
486109	4631243	99002285	1657	n	2041.22	6.5465	161.624	0.193113	0.639266	138.72	140	140.45	142	117.96	119	799.26917	519.99048	519.99048	Shallow
486409	4631243	99002286	1658	n	2034.66	6.9393	156.649	0.285197	0.631026	133.747	138	138.686	141	115.422	119	681.6768	613.35625	613.35625	Shallow
486709	4631243	99002287	1659	n	2031.28	5.9362	167.411	0.257075	0.54352	119.664	120	129.241	129	103.506	103	685.95576	698.68225	685.95576	Deep
487009	4631243	99002288	1660	n	2022.91	8.0687	140.833	0.336696	0.785443	126.038	125	136.909	136	110.275	110	738.40692	686.66376	686.66376	Deep
487309	4631243	99002289	1661	n	2009.21	11.1638	192.981	0.118895	0.391751	117.148	118	132.662	133	103.359	104	770.28509	598.55334	598.55334	Deep
487609	4631243	99002290	1662	n	2030.11	12.4978	149.516	0.347018	0.585604	133.519	135	145.538	145	118.604	118	845.00042	515.85853	515.85853	Deep
487909	4631243	99002291	1663	n	1988.18	11.5426	129.649	0.438595	0.772784	137.392	136	146.558	146	120.266	119	804.85508	392.78306	392.78306	Deep
488209	4631243	99002292	1664	n	1966.86	8.8819	146.928	0.28915	0.757909	142.24	142	151.307	151	124.336	124	506.76632	245.16386	245.16386	Deep
488509	4631243	99002293	1665	n	1945.2	3.3193	158.962	0.374657	0.732482	154.257	156	120.965	119	113.853	113	214.0853	71.1601	71.1601	Deep
488809	4631243	99002294	1666	n	1943.79	2.887	251.688	0.729379	0.422085	131.73	127	119.037	121	102.409	103	121.87256	72.69414	72.69414	Deep
489109	4631243	99002295	1667	n	1951.29	6.9004	302.066	0.796563	0.320506	112.721	113	122.347	122	95.4455	96	404.81271	194.48365	194.48365	Deep
489409	4631243	99002296	1668	n	1971.02	10.122	312.817	0.770334	0.289621	104.309	104	114.355	113	87.8973	87	702.06391	312.23217	312.23217	Deep
489709	4631243	99002297	1669	n	2004.55	15.0742	228.631	0.768293	0.377755	106.682	106	115.276	115	90.2166	89	1000.95661	448.7334	448.7334	Deep
490009	4631243	99002298	1670	n	2009.81	17.1834	289.473	0.775574	0.369344	104.528	103	110.745	110	87.1342	86	1300.35939	441.58666	441.58666	Deep
490309	4631243	99002299	1671	n	2042.54	15.353	320.103	0.820992	0.35956	112.752	112	118.584	118	95.4591	95	1392.80032	391.07588	391.07588	Deep
490609	4631243	99002300	1672	n	2049.06	12.4702	123.603	0.85816	0.704892	128.568	127	132.286	132	109.408	109	1095.8699	463.24635	463.24635	Deep
490909	4631243	99002301	1673	n	2010.25	14.2586	96.247	0.828996	0.820339	135.696	135	139.805	139	115.63	115	801.22966	616.64844	616.64844	Deep
491209	4631243	99002302	1674	n	1973.93	9.4887	121.946	0.709833	0.710899	134.758	134	140.156	139	118.326	118	512.84217	512.84217	512.84217	Deep
491509	4631243	99002303	1675	n	1951.31	12.6971	219.469	0.62723	0.517181	124.359	123	129.78	128	107.049	105	253.07157	253.07157	253.07157	Deep
491809	4631243	99002304	1676	n	1948.09	14.6574	134.023	0.795994	0.591543	130.818	135	132.644	135	111.826	115	212.32838	197.72514	197.72514	Deep
492109	4631243	99002305	1677	n	1923.97	10.0959	57.0115	0.950414	0.795779	144.993	145	132.147	132	117.368	117	454.00602	140.07667	140.07667	Deep
492409	4631243	99002306	1678	n	1912.02	1.6153	106.455	0.60112	0.677572	139.857	157	99.4677	112	95.9577	112	739.70237	21.92915	21.92915	Deep
492709	4631243	99002307	1679	n	1909.32	1.06	133.119	0.378508	0.753385	162.602	166	89.1564	84	103.295	103	1033.53651	64.31441	64.31441	Deep
493009	4631243	99002308	1680	n	1907.19	0.662	146.706	0.278758	0.770139	163.348	164	58.5354	57	88.297	88	1330.12625	153.03754	153.03754	Deep
493309	4631243	99002309	1681	n	1904.67	0.6702	117.89	0.515188	0.918504	163.182	163	66.3507	65	92.0097	91	1627.96621	339.72288	339.72288	Deep
475609	4631043	99002318	1682	n	2027.17	6.4655	98.8441	0.875524	0.702026	150.833	151	143.261	144	120.27	120	2827.67411	700.65427	700.65427	Shallow
475909	4631043	99002319	1683	n	2016.28	10.6785	165.713	0.399007	0.522862	150.756	150	142.842	144	121.872	122	2603.51929	744.49616	744.49616	Medium
476209	4631043	99002320	1684	n	2038.95	18.43	192.391	0.14362	0.41117	151.723	153	137.554	143	117.36	120	2396.01431	893.10283	893.10283	Shallow
476509	4631043	99002321	1685	n	2048.77	23.3337	217.949	0.261021	0.436735	154.3	159	133.555	135	117.88	118	2209.85439	1102.80162	1102.80162	Shallow
476809	4631043	99002322	1686	n	2071.51	21.4499	270.1	0.62019	0.313623	135.588	132	111.379	109	90.7719	86	2050.86037	1271.74574	1271.74574	Shallow
477109	4631043	99002323	1687	n	2134.66	20.9152	290.785	0.720315	0.263505	122.011	122	105.821	105	80.8312	81	1925.7726	1393.42653	1393.42653	Medium
477409	4631043	99002324	1688	n	2185.06	13.7528	260.436	0.393615	0.100764	126.82	128	120.609	122	95.5054	97	1841.5135	1555.06705	1555.06705	Medium
477709	4631043	99002325	1689	n	2208.39	8.3125	148.434	0.412519	0.675629	128.648	128	117.942	116	95.0777	93	1803.81369	1695.46563	1695.46563	Medium
478009	4631043	99002326	1690	n	2219.83	10.9842	199.143	0.113738	0.279474	135.555	136	128.24	131	105.935	107	1815.57586	1871.32088	1815.57586	Shallow
478309	4631043	99002327	1691	n	2235.07	10.6089	196.642	0.694097	0.394389	121.881	118	94.4646	89	77.3122	70	1875.86981	2075.83235	1875.86981	Medium
478609	4631043	99002328	1692	n	2250.89	9.7308	258.753	0.615658	0.408974	121.424	120	97.94	96	80.0605	77	1956.20987	2301.37308	1956.20987	Shallow
478909	4631043	99002329	1693	n	2245	10.0602	108.457	0.567717	0.642612	127.151	129	95.995	103	82.5372	88	1767.23943	2400.81978	1767.23943	Shallow
479209	4631043	99002330	1694	n	2238.09	10.6274	210.565	0.491555	0.534475	124.119	126	108.439	110	89.8083	93	1612.30063	2121.01715	1612.30063	Shallow
479509	4631043	99002331	1695	n	2230	11.3859	119.461	0.408616	0.602119	128.735	130	113.381	116	95.7037	98	1501.96253	1847.56376	1501.96253	Shallow
479809	4631043	99002332	1696	n	2221.91	11.8997	108.393	0.500604	0.610688	127.76	128	108.205	111	93.0537	94	1446.46796	1583.75187	1446.46796	Shallow
480109	4631043	99002333	1697	n	2207.39	9.8053	116.975	0.720412	0.591557	123.848	123	102.513	102	88.1215	86	1452.11834	1335.30825	1335.30825	Shallow
480409	4631043	99002334	1698	n	2198.12	9.1001	75.2674	0.915329	0.644863	114.455	113	89.2816	86	75.2012	72	1518.23115	1112.5764	1112.5764	Medium
480709	4631043	99002335	1699	n	2178.46	8.7897	147.877	0.797539	0.669398	118.069	116	83.9564	83	73.976	71	1361.8354	934.13295	934.13295	Shallow
481009	4631043	99002336	1700	n	2182.03	8.7246	292.412	0.769908	0.437814	116.344	113	99.8392	97	81.2994	77	1087.11259	829.08533	829.08533	Shallow
481309	4631043	99002337	1701	n	2174.52	9.8687	166.092	0.400634	0.70432	126.775	126	107.267	106	92.4659	91	830.07946	825.93015	825.93015	Shallow
481609	4631043	99002338	1702	n	2150.44	10.3438	160.996	0.180035	0.654693	127.75	127	110.391	110	94.173	94	613.39223	925.70986	613.39223	Shallow
481909	4631043	99002339	1703	n	2140.31	8.4451	177.908	0.096049	0.519081	124.367	124	109.608	108	91.9164	90	493.42492	1100.78012	493.42492	Shallow
482209	4631043	99002340	1704	n	2147.17	9.6852	187.443	0.052887	0.437664	126.632	127	113.392	113	93.4828	93	539.1533	1321.55022	539.1533	Shallow
482509	4631043	99002341	1705	n	2139.19	8.1976	151.715	0.253993	0.718856	122.366	122	109.215	109	89.516	89	719.65575	1419.92852	719.65575	Medium
482809	4631043	99002342	1706	n	2126.93	7.725	151.382	0.308127	0.674388	126.629	127	118.61	118	98.1687	97	721.38192	1121.19361	721.38192	Medium
483109	4631043	99002343	1707	n	2102.18	19.7032	168.784	0.247661	0.555041	134.347	139	124.743	132	105.233	110	421.41013	823.37916	421.41013	Deep
483409	4631043	99002344	1708	n	2080.02	21.6363	164.627	0.152458	0.631096	152.338	155	143.452	148	120.882	124	121.57763	528.04485	121.57763	Deep
483709	4631043	99002345	1709	n	2059	18.4273	169.499	0.134165	0.560046	143.718	145	134.403	138	112.433	115	178.81763	244.35525	178.81763	Deep
484009	4631043	99002346	1710	n	2052.5	17.229	176.335	0.099341	0.529718	143.219	146	133.949	137	111.023	114	143.48384	117.48619	117.48619	Deep
484309	4631043	99002347	1711	n	2045.47	17.6593	171.409	0.11581	0.573501	144.386	148	138.052	142	114.159	117	401.828	124.3423	124.3423	Deep
484609	4631043	99002348	1712	n	2028.78	13.9742	159.441	0.193824	0.630015	146.017	149	138.952	142	116.97	119	694.5098	91.56269	91.56269	Deep
484909	4631043	99002349	1713	n	2010.41	8.9098	139.73	0.323511	0.692903	145.747	147	135.273	135	113.712	114	991.57551	64.5275	64.5275	Deep
485209	4631043	99002350	1714	n	2002.66	7.0574	171.085	0.143775	0.559596	141.377	142	134.631	133	110.387	110	1290.00004	101.0633	101.0633	Deep
485509	4631043	99002351	1715	n	2011.37	12.436	180.243	0.155612	0.491138	131.479	134	131.488	134	105.98	108	1140.30241	109.50796	109.50796	Deep
485809	4631043	99002352	1716	n	2023.03	11.4101	195.842	0.071957	0.38208	130.125	132	133.724	136	107.768	110	875.29517	234.29946	234.29946	Deep
486109	4631043	99002353	1717	n	2016.11	10.967	167.737	0.220767	0.568863	131.971	133	135.266	136	111.25	112	641.86734	330.94395	330.94395	Deep
486409	4631043	99002354	1718	n	2014.99	9.8765	197.663	0.251421	0.406768	119.385	119	126.165	126	101.597	101	487.6943	439.44003	439.44003	Deep
486709	4631043	99002355	1719	n	2016.45	8.9068	179.931	0.225055	0.503754	119.194	122	130.226	132	104.401	107	493.65756	503.248	493.65756	Deep
487009	4631043	99002356	1720	n	2005.78	8.2397	147.245	0.294303	0.743668	131.179	130	142.172	141	115.098	114	539.63525	502.13545	502.13545	Deep
487309	4631043	99002357	1721	n	1986.8	6.5125	169.099	0.205606	0.575671	124.721	125	138.357	138	110.619	110	582.49511	402.81491	402.81491	Deep
487609	4631043	99002358	1722	n	1988.75	11.6037	177.02	0.107174	0.524663	136.067	135	148.074	148	120.641	120	654.46724	336.56398	336.56398	Deep
487909	4631043	99002359	1723	n	1968.64	7.9206	145.317	0.295535	0.77304	141.552	141	149.279	149	123.561	123	808.6195	197.93986	197.93986	Deep
488209	4631043	99002360	1724	n	1951.31	4.1232	138.048	0.451177	0.82864	142.166	141	139.116	141	117.261	118	517.71822	94.07948	94.07948	Deep
488509	4631043	99002361	1725	n	1949.53	6.1346	275.139	0.791442	0.429699	129.52	126	114.691	114	98.9376	99	238.85677	67.4515	67.4515	Deep
488809	4631043	99002362	1726	n	1956.63	7.2449	201.356	0.791475	0.482905	115.486	115	124.376	123	97.6116	96	161.47125	228.19034	161.47125	Deep
489109	4631043	99002363	1727	n	1977.37	12.1994	319.894	0.663231	0.190922	96.1581	96	109.624	110	81.7427	82	418.4416	391.82336	391.82336	Deep
489409	4631043	99002364	1728	n	2014.03	16.4337	257.077	0.79939	0.346268	95.761	94	107.67	108	81.5524	81	710.0097	473.0651	473.0651	Deep
489709	4631043	99002365	1729	n	2038.55	12.0068	213.516	0.787633	0.502519	110.807	111	118.904	119	93.6521	94	1006.54567	638.01514	638.01514	Deep
490009	4631043	99002366	1730	n	2048.65	14.5019	262.768	0.567019	0.226664	102.325	103	110.254	111	84.9731	86	1304.66647	626.65815	626.65815	Deep
490309	4631043	99002367	1731	n	2072.69	5.1711	125.502	0.71106	0.718019	122.153	123	126.749	127	103.951	104	1431.91982	589.27244	589.27244	Deep
490609	4631043	40025786	1732	y	2051.89	11.1409	96.449	0.645453	0.824743	138.058	133	142.036	138	119.23	115	1145.17793	657.95048	657.95048	Deep
490909	4631043	99002369	1733	n	2004.59	13.6741	102.045	0.612459	0.870167	140.015	140	142.199	144	119.362	120	867.45065	773.66463	773.66463	Deep
491209	4631043	99002370	1734	n	1967.6	11.5755	192.651	0.603426	0.616393	126.093	125	131.595	129	108.888	106	611.15362	611.15362	611.15362	Deep
491509	4631043	99002371	1735	n	1972.34	11.7001	215.931	0.794376	0.406165	118.462	117	123.305	122	99.8819	99	417.78807	417.78807	417.78807	Deep
491809	4631043	99002372	1736	n	1965.96	11.0742	140.509	0.747731	0.58684	136.061	136	137.213	136	113.32	113	394.44264	389.80784	389.80784	Deep
492109	4631043	99002373	1737	n	1950.86	8.8295	89.9898	0.688106	0.840177	140.547	139	140.813	139	118.9	117	562.69274	310.94192	310.94192	Deep
492409	4631043	99002374	1738	n	1922.95	8.0096	119.397	0.892245	0.644238	145.029	144	138.199	137	119.527	118	810.96316	176.95887	176.95887	Deep
492709	4631043	99002375	1739	n	1914.07	4.6808	58.725	0.958289	0.793849	161.51	164	113.447	125	116.451	116	1085.67922	123.80088	123.80088	Deep
493009	4631043	99002376	1740	n	1906.14	0.7294	93.7169	0.667918	0.867161	173.045	172	61.8352	59	99.8079	99	1371.03519	21.81738	21.81738	Deep
493309	4631043	99002377	1741	n	1903.75	0.5422	108.297	0.570133	0.866003	169.581	168	69.7527	68	98.6686	97	1661.55819	251.62132	251.62132	Deep
475609	4630843	99002386	1742	n	2032.51	5.416	133.925	0.573158	0.724019	152.842	153	147.357	148	125.319	125	2704.60875	501.21658	501.21658	Shallow
475909	4630843	99002387	1743	n	2003.4	13.89	156.151	0.437827	0.646208	153.597	152	144.108	144	123.962	124	2469.30767	560.87092	560.87092	Shallow
476209	4630843	99002388	1744	n	2015.24	18.7042	264.497	0.512121	0.284474	139.799	137	118.421	116	98.0186	95	2249.45598	745.47633	745.47633	Shallow
476509	4630843	99002389	1745	n	2073.59	20.744	261.121	0.526952	0.238393	134.257	133	116.759	116	92.442	91	2050.03026	986.2419	986.2419	Shallow
476809	4630843	99002390	1746	n	2120.48	17.3499	246.675	0.506032	0.25541	134.039	134	111.469	113	89.1954	89	1877.55051	1083.35275	1083.35275	Medium
477109	4630843	99002391	1747	n	2182.53	16.1822	252.087	0.575049	0.237895	133.79	134	126.041	130	100.882	102	1740.04821	1221.32485	1221.32485	Medium
477409	4630843	99002392	1748	n	2182.57	11.2649	158.443	0.409639	0.514508	125.561	124	108.661	107	88.2496	86	1646.31092	1375.30623	1375.30623	Medium
477709	4630843	99002393	1749	n	2187.27	11.9896	158.674	0.242276	0.642561	129.751	128	117.515	113	95.8326	91	1604.02977	1529.28263	1529.28263	Medium
478009	4630843	40025776	1750	y	2190.94	10.3105	223.56	0.087447	0.217036	126.596	127	112.127	112	90.762	91	1617.24561	1722.19148	1617.24561	Medium
478309	4630843	99002395	1751	n	2225.26	11.3082	228.793	0.083266	0.194398	130.197	131	113.919	114	94.3016	94	1684.65284	1942.46792	1684.65284	Shallow
478609	4630843	99002396	1752	n	2238.93	9.0532	152.788	0.290417	0.655874	126.233	126	101.999	99	86.6108	84	1800.17417	2181.83861	1800.17417	Medium
478909	4630843	99002397	1753	n	2219.09	8.2536	152.294	0.241461	0.638654	122.181	122	100.609	99	83.4361	82	1933.81407	2434.67818	1933.81407	Deep
479209	4630843	99002398	1754	n	2205.36	10.115	156.761	0.205698	0.690341	127.818	127	109.463	108	90.5755	90	1793.32511	2205.49663	1793.32511	Deep
479509	4630843	99002399	1755	n	2191.23	9.1457	163.586	0.172772	0.620973	125.151	124	106.88	105	89.2642	88	1694.81359	1943.96335	1694.81359	Deep
479809	4630843	99002400	1756	n	2185.47	10.7285	173.765	0.124813	0.51715	130.501	129	113.729	112	95.6914	94	1645.83451	1695.22023	1645.83451	Deep
480109	4630843	99002401	1757	n	2184.48	11.8873	176.118	0.104789	0.531476	131.364	131	116.475	114	99.5779	97	1650.80264	1465.79322	1465.79322	Deep
480409	4630843	40025778	1758	y	2192.68	11.9765	180.381	0.090827	0.467924	131.555	132	120.874	122	102.712	103	1597.52283	1266.22585	1266.22585	Medium
480709	4630843	99002403	1759	n	2182.4	13.9506	146.112	0.330164	0.649709	134.116	135	111.606	113	96.8206	98	1303.57098	1112.70212	1112.70212	Medium
481009	4630843	99002404	1760	n	2165.28	15.0916	169.605	0.166806	0.614323	135.664	134	118.081	116	101.465	99	1013.17098	1026.10143	1013.17098	Shallow
481309	4630843	99002405	1761	n	2148.86	9.6081	162.96	0.210039	0.620044	132.338	132	115.686	114	99.9507	98	730.57071	1023.55374	730.57071	Medium
481609	4630843	99002406	1762	n	2133.06	6.2854	112.512	0.548988	0.76985	120.222	119	102.913	100	85.8115	83	470.05498	1105.64026	470.05498	Shallow
481909	4630843	99002407	1763	n	2118.03	7.3501	153.933	0.279593	0.611989	120.315	119	103.95	101	84.1381	82	296.93402	1255.87361	296.93402	Shallow
482209	4630843	99002408	1764	n	2125.75	6.0899	189.239	0.191813	0.42623	120.287	120	111.223	112	89.9268	90	367.951	1453.27102	367.951	Medium
482509	4630843	99002409	1765	n	2116.58	13.2343	161.123	0.212484	0.638818	128.945	128	122.04	122	102.671	101	602.1678	1417.70894	602.1678	Medium
482809	4630843	99002410	1766	n	2083.72	19.6457	188.014	0.287232	0.587755	134.683	138	123.027	131	106.698	113	746.57049	1118.38132	746.57049	Medium
483109	4630843	40025780	1767	y	2060.79	14.8086	175.98	0.610846	0.585986	120.023	114	101.95	97	87.5034	81	463.20851	819.54554	463.20851	Deep
483409	4630843	99002412	1768	n	2055.41	11.905	162.475	0.820977	0.544611	113.141	112	96.5391	96	81.5661	81	227.50109	522.04695	227.50109	Deep
483709	4630843	99002413	1769	n	2048.54	10.5663	66.4534	0.962243	0.578905	114.881	115	100.74	101	84.4699	85	231.10851	231.10851	231.10851	Deep
484009	4630843	99002414	1770	n	2037.75	10.0543	110.853	0.892217	0.585131	117.377	114	99.1553	100	84.6734	84	119.53774	76.07286	76.07286	Deep
484309	4630843	40025781	1771	y	2032.38	11.0874	99.52	0.886507	0.558581	112.744	112	97.2459	97	80.991	81	393.91293	69.57581	69.57581	Deep
484609	4630843	99002416	1772	n	2027.88	11.223	76.8309	0.943981	0.548276	113.033	113	101.281	102	83.4185	84	689.96052	102.0079	102.0079	Deep
484909	4630843	99002417	1773	n	2015.81	8.7193	58.8901	0.962538	0.68668	119.106	119	107.37	108	89.2681	89	988.39448	111.50018	111.50018	Deep
485209	4630843	99002418	1774	n	2002.83	6.3907	67.7353	0.960815	0.64527	118.399	119	110.341	111	89.9898	90	1287.55651	96.86043	96.86043	Deep
485509	4630843	40025782	1775	y	1994.01	7.1488	70.1161	0.767073	0.670424	125.907	125	120.439	120	98.8681	98	1073.98885	57.11743	57.11743	Deep
485809	4630843	99002420	1776	n	1990.28	7.5083	146.09	0.273491	0.529967	136.006	139	134.93	138	111.804	115	786.95877	37.14344	37.14344	Deep
486109	4630843	99002421	1777	n	1989.84	6.4408	180.699	0.09128	0.494573	134.63	136	136.86	138	113.127	114	514.93316	146.50213	146.50213	Deep
486409	4630843	99002422	1778	n	1992.49	9.3064	190.383	0.084254	0.420301	130.358	133	137.496	139	111.057	113	301.67567	249.04406	249.04406	Deep
486709	4630843	99002423	1779	n	1993.69	9.1955	167.609	0.18138	0.597168	130.94	131	140.818	141	113.835	114	311.22381	313.62431	311.22381	Deep
487009	4630843	99002424	1780	n	1983.05	6.1322	158.214	0.211632	0.66846	132.091	133	142.832	143	115.598	116	342.29758	333.81065	333.81065	Deep
487309	4630843	99002425	1781	n	1971.66	4.7845	152.225	0.264777	0.704784	127.597	127	139.596	139	113.226	113	406.52426	207.75349	207.75349	Deep
487609	4630843	99002426	1782	n	1962.91	5.7329	157.185	0.2139	0.681812	140.292	141	146.652	148	121.352	122	471.83581	141.54408	141.54408	Deep
487909	4630843	99002427	1783	n	1951.88	3.8265	185.215	0.475209	0.657674	131.68	131	128.183	128	107.509	107	669.45288	16.44823	16.44823	Deep
488209	4630843	40025784	1784	y	1954.59	8.1032	284.443	0.707384	0.422371	114.586	114	118.556	118	93.8093	93	599.37651	46.42699	46.42699	Deep
488509	4630843	99002429	1785	n	1979.76	11.5207	299.057	0.752774	0.324259	108.771	107	123.694	122	96.2482	95	385.06182	210.84902	210.84902	Deep
488809	4630843	99002430	1786	n	1973.05	10.9126	206.3	0.726281	0.586071	110.871	108	121.439	119	94.9145	92	342.48067	402.23494	342.48067	Deep
489109	4630843	99002431	1787	n	2002.28	13.7937	274.06	0.503342	0.152051	87.7519	90	104.353	106	75.9742	78	516.05564	566.06173	516.05564	Deep
489409	4630843	99002432	1788	n	2045.26	4.8838	267.341	0.414669	0.193554	107.71	108	119.946	119	93.3991	93	771.57879	655.81418	655.81418	Deep
489709	4630843	99002433	1789	n	2053.91	3.8904	205.744	0.277975	0.32395	112.421	113	121.833	122	97.1094	97	1050.8826	809.63595	809.63595	Deep
490009	4630843	99002434	1790	n	2063.32	4.1415	264.093	0.293666	0.165665	118.837	119	124.44	124	99.441	99	1339.16938	818.61791	818.61791	Deep
490309	4630843	99002435	1791	n	2072.69	2.7855	169.438	0.274923	0.537913	119.931	120	126.488	126	102.749	102	1496.96227	788.3804	788.3804	Deep
490609	4630843	99002436	1792	n	2055.24	10.1266	64.4185	0.873609	0.822668	126.578	125	130.234	129	107.845	107	1225.53423	852.78465	852.78465	Deep
490909	4630843	99002437	1793	n	2001.11	11.7386	105.51	0.663717	0.925302	135.769	138	138.151	140	116.081	118	971.0676	947.0262	947.0262	Deep
491209	4630843	99002438	1794	n	1986.32	10.2006	287.39	0.719064	0.297656	106.759	105	113.667	113	89.737	89	751.00626	751.00626	751.00626	Deep
491509	4630843	99002439	1795	n	2013.49	15.5903	235.451	0.857412	0.417979	118.783	118	121.416	120	97.9344	98	604.19246	604.19246	604.19246	Deep
491809	4630843	99002440	1796	n	1989.97	13.5161	70.8471	0.877748	0.845902	147.967	147	146.529	145	121.426	121	588.2913	585.19382	585.19382	Deep
492109	4630843	99002441	1797	n	1957.84	9.2604	134.516	0.863561	0.624142	130.396	130	129.352	128	108.101	107	712.12694	470.66303	470.66303	Deep
492409	4630843	99002442	1798	n	1941.02	5.9606	70.8139	0.926278	0.785633	146.276	145	145.341	144	124.282	123	920.9576	376.35754	376.35754	Deep
492709	4630843	99002443	1799	n	1925.22	4.5958	79.3716	0.793115	0.90436	158.78	161	156.365	161	136.965	140	1170.12864	318.1391	318.1391	Deep
493009	4630843	99002444	1800	n	1909	2.4257	47.0095	0.953951	0.840003	177.444	182	82.1411	59	115.496	110	1438.83257	137.76114	137.76114	Deep
493309	4630843	99002445	1801	n	1904.02	0.9118	75.588	0.80801	0.909834	183.256	185	63.3047	61	109.674	110	1717.92819	294.78171	294.78171	Deep
475609	4630643	99002454	1802	n	2021.55	10.3233	152.843	0.324008	0.677193	149.497	149	143.703	144	121.774	122	2591.15344	302.52226	302.52226	Shallow
475909	4630643	99002455	1803	n	1991.51	18.8583	222.767	0.374821	0.359733	145.757	144	136.504	133	114.754	111	2344.49313	393.54523	393.54523	Shallow
476209	4630643	99002456	1804	n	2054.17	14.476	271.391	0.484904	0.130681	133.893	134	125.056	127	99.4412	100	2111.6865	626.28796	626.28796	Shallow
476509	4630643	99002457	1805	n	2099.77	16.8276	302.512	0.676381	0.226288	126.122	126	109.731	110	83.5888	83	1897.8387	811.59825	811.59825	Medium
476809	4630643	99002458	1806	n	2146.17	16.0288	285.595	0.692527	0.259468	128.4	128	107.304	107	83.568	83	1710.07707	899.97491	899.97491	Medium
477109	4630643	99002459	1807	n	2198.09	11.7494	279.114	0.514771	0.144059	134.389	135	130.573	133	106.045	107	1557.86246	1055.07285	1055.07285	Shallow
477409	4630643	99002460	1808	n	2183.83	15.1008	97.9993	0.725982	0.835751	125.283	125	105.829	105	86.586	84	1452.4143	1198.15228	1198.15228	Shallow
477709	4630643	99002461	1809	n	2165.04	13.8699	256.145	0.536931	0.351701	117.231	114	101.78	97	80.8095	76	1404.30736	1372.15415	1372.15415	Shallow
478009	4630643	99002462	1810	n	2183.67	5.9217	267.824	0.488419	0.161882	113.527	114	97.7978	97	75.1304	75	1419.38402	1584.3122	1419.38402	Medium
478309	4630643	99002463	1811	n	2216.7	8.9491	259.14	0.264041	0.167589	125.821	126	109.405	110	87.1109	87	1495.73489	1821.34106	1495.73489	Shallow
478609	4630643	99002464	1812	n	2230.57	6.3051	169.569	0.35816	0.518937	123.041	122	104.589	104	86.1962	84	1624.74451	2074.73405	1624.74451	Shallow
478909	4630643	99002465	1813	n	2213.44	6.0814	73.0572	0.82455	0.820291	111.919	111	86.7325	86	69.3226	69	1795.09514	2339.17924	1795.09514	Medium
479209	4630643	99002466	1814	n	2199.49	7.1692	160.931	0.890483	0.609699	110.251	110	88.9654	89	70.05	70	1978.00825	2304.28233	1978.00825	Medium
479509	4630643	99002467	1815	n	2190.83	8.0825	65.6801	0.966368	0.693705	109.209	109	83.6599	83	67.8144	67	1889.15186	2055.35768	1889.15186	Medium
479809	4630643	98590191	1816	y	2175.76	5.6046	70.4236	0.89273	0.731728	111.584	111	89.2843	89	72.0396	72	1845.33815	1821.88729	1821.88729	Medium
480109	4630643	99002469	1817	n	2174.6	6.3756	177.986	0.721419	0.561494	112.768	112	98.1857	97	78.1669	77	1849.77053	1610.60592	1610.60592	Shallow
480409	4630643	99002470	1818	n	2162.99	11.8365	101.463	0.610229	0.731658	122.674	120	101.786	98	86.3005	81	1573.77916	1431.37331	1431.37331	Medium
480709	4630643	99002471	1819	n	2145.08	11.4708	196.786	0.566166	0.579563	120.493	117	98.4334	96	81.7482	80	1274.36218	1297.53908	1274.36218	Medium
481009	4630643	99002472	1820	n	2134.9	11.757	87.2077	0.701889	0.657093	119.135	116	88.9034	86	76.4035	73	975.30359	1224.0857	975.30359	Medium
481309	4630643	99002473	1821	n	2120.2	10.3992	130.268	0.442942	0.627856	127.447	129	107.576	105	90.0123	90	677.07844	1221.95087	677.07844	Medium
481609	4630643	98590003	1822	y	2109.39	11.2268	139.992	0.306679	0.586989	129.774	133	112.02	113	94.3739	96	381.64557	1291.48831	381.64557	Medium
481909	4630643	99002475	1823	n	2096.75	9.0341	152.565	0.28502	0.62347	132.44	132	119.699	118	99.4341	97	113.45249	1422.22367	113.45249	Medium
482209	4630643	99002476	1824	n	2103.66	12.6891	181.187	0.128796	0.47784	133.173	131	126.294	125	105.218	103	245.13178	1599.21803	245.13178	Medium
482509	4630643	99002477	1825	n	2082.41	17.0993	213.56	0.525053	0.601756	119.444	120	104.99	101	87.5834	86	536.01093	1443.46815	536.01093	Deep
482809	4630643	99002478	1826	n	2091.04	14.6472	297.6	0.84523	0.407784	101.62	100	89.3385	89	71.69	71	821.18398	1150.85986	821.18398	Deep
483109	4630643	99002479	1827	n	2096.75	11.5267	162.346	0.904307	0.571687	110.452	111	95.5298	95	78.5927	78	575.79315	863.34035	575.79315	Deep
483409	4630643	99002480	1828	n	2098.15	10.4788	136.614	0.891885	0.575598	117.459	119	108.458	110	89.587	91	410.77046	588.4171	410.77046	Deep
483709	4630643	99002481	1829	n	2088.51	9.5297	126.858	0.917737	0.647917	119.247	121	111.291	114	91.4967	93	356.52882	356.52882	356.52882	Deep
484009	4630643	99002482	1830	n	2075.87	10.3287	191.053	0.863751	0.533524	112.058	112	103.618	104	84.0927	85	296.63265	269.23275	269.23275	Deep
484309	4630643	99002483	1831	n	2075.66	8.3511	57.1885	0.941788	0.628694	117.041	117	109.324	110	88.8109	89	478.40261	268.59347	268.59347	Shallow
484609	4630643	99002484	1832	n	2065.65	8.0991	41.4003	0.980173	0.73677	121.464	120	111.955	111	92.4368	91	741.44938	297.85295	297.85295	Deep
484909	4630643	99002485	1833	n	2044.59	9.2817	37.5521	0.974303	0.69097	117.422	117	108.729	109	88.1089	88	1025.00015	311.11611	311.11611	Deep
485209	4630643	99002486	1834	n	2032.72	9.2749	85.2451	0.949774	0.563828	110.969	111	104.891	105	83.3253	83	1315.86604	294.94674	294.94674	Deep
485509	4630643	99002487	1835	n	2026.3	10.0439	44.9179	0.965435	0.626356	113.817	114	111.802	112	89.349	89	1042.40804	199.24452	199.24452	Deep
485809	4630643	99002488	1836	n	2010.04	11.531	19.6709	0.980323	0.662951	119.832	119	118	117	95.4063	95	743.28096	143.20131	143.20131	Deep
486109	4630643	99002489	1837	n	1987.67	9.1518	67.0233	0.774356	0.702989	125.771	124	124.305	122	101.549	99	445.3298	51.32355	51.32355	Deep
486409	4630643	99002490	1838	n	1975.24	3.5015	140.408	0.32898	0.611682	138.766	138	140.735	141	116.531	116	155.46923	65.24586	65.24586	Deep
486709	4630643	99002491	1839	n	1971.76	4.133	165.189	0.157642	0.609108	146.292	144	152.543	150	126.106	124	152.88424	126.50524	126.50524	Deep
487009	4630643	99002492	1840	n	1967.39	3.8218	162.07	0.172289	0.650425	137.147	137	144.761	145	117.934	118	152.0824	169.0466	152.0824	Deep
487309	4630643	99002493	1841	n	1959.62	3.5561	134.613	0.46125	0.687985	129.153	129	127.862	129	106.414	107	226.69927	23.09056	23.09056	Deep
487609	4630643	99002494	1842	n	1955.83	2.8544	217.989	0.674241	0.532023	125.438	126	125.38	127	101.798	102	311.33693	33.2109	33.2109	Deep
487909	4630643	99002495	1843	n	1964.15	10.7756	276.301	0.814126	0.38207	110.157	109	115.881	115	91.4167	91	567.86337	112.81801	112.81801	Deep
488209	4630643	99002496	1844	n	1994.99	15.3824	265.354	0.646512	0.287516	96.8478	97	114.153	113	84.8549	84	728.33525	230.48507	230.48507	Deep
488509	4630643	99002497	1845	n	2000.5	8.7487	120.026	0.772173	0.778925	122.925	122	135.532	134	109.349	108	565.23681	372.96691	372.96691	Deep
488809	4630643	99002498	1846	n	1996.39	15.1552	260.865	0.61266	0.316307	94.4243	91	110.425	107	82.6831	79	537.13411	548.48618	537.13411	Deep
489109	4630643	99002499	1847	n	2023.45	13.5751	183.149	0.752007	0.400241	99.1452	105	113.102	117	86.3056	91	661.46312	727.89707	661.46312	Deep
489409	4630643	99002500	1848	n	2042.03	2.7198	209.851	0.087432	0.312219	116.293	116	126.21	126	100.462	100	875.53062	846.40056	846.40056	Deep
489709	4630643	99002501	1849	n	2048.72	2.9949	233.853	0.109542	0.152443	115.783	116	125.007	124	100.11	100	1129.41325	970.47	970.47	Deep
490009	4630643	99002502	1850	n	2057.64	2.9635	195.099	0.077165	0.391948	126.285	127	130.884	131	107.046	107	1401.64	1012.77578	1012.77578	Deep
490309	4630643	99002503	1851	n	2064.72	3.8427	217.247	0.066944	0.237324	114.549	115	122.171	122	98.1975	98	1584.739	987.84883	987.84883	Deep
490609	4630643	99002504	1852	n	2055.37	11.5878	140.06	0.503372	0.743476	132.695	134	137.058	137	114.604	115	1331.32859	1041.31807	1041.31807	Deep
490909	4630643	99002505	1853	n	2000.26	10.1721	174.506	0.701264	0.696128	125.623	130	128.37	131	106.224	110	1101.57793	1101.57793	1101.57793	Deep
491209	4630643	99002506	1854	n	2014.02	12.1104	317.639	0.646995	0.17315	99.3133	99	107.155	107	81.9536	82	913.51632	913.51632	913.51632	Deep
491509	4630643	99002507	1855	n	2057.23	13.9962	244.375	0.683079	0.441109	122.393	119	126.463	125	105.093	104	797.21402	797.21402	797.21402	Deep
491809	4630643	99002508	1856	n	2006.76	15.0242	77.4736	0.802804	0.914236	143.261	142	142.6	142	120.044	119	785.23138	774.71872	774.71872	Deep
492109	4630643	99002509	1857	n	1980.21	9.7175	170.91	0.597201	0.597189	131.393	132	131.553	131	110.72	111	881.8313	644.06936	644.06936	Deep
492409	4630643	99002510	1858	n	1949.7	7.1368	84.4326	0.756598	0.940817	151.524	150	150.8	150	130.161	129	1057.6694	576.14812	576.14812	Deep
492709	4630643	99002511	1859	n	1927.64	3.9969	78.1505	0.819123	0.820963	155.054	156	153.864	156	133.583	135	1280.50876	473.40443	473.40443	Deep
493009	4630643	99002512	1860	n	1915.37	3.8456	90.0082	0.779962	0.81172	158.526	160	152.996	158	135.396	138	1529.94798	334.7832	334.7832	Deep
493309	4630643	99002513	1861	n	1904.74	1.7165	95.4165	0.685481	0.950893	176.766	184	94.0525	66	119.677	113	1794.93146	424.26161	424.26161	Deep
475609	4630443	99002522	1862	n	1982.92	23.95	185.47	0.251534	0.529223	154.226	157	152.412	156	130.871	134	2488.62288	108.72616	108.72616	Shallow
475909	4630443	99002523	1863	n	2019.32	19.1734	298.747	0.633283	0.214183	131.688	131	118.725	119	95.7407	96	2230.65364	267.16353	267.16353	Shallow
476209	4630443	99002524	1864	n	2071.86	14.2058	277.615	0.356247	0.099833	137.057	137	129.046	131	104.433	106	1984.53711	513.66651	513.66651	Medium
476509	4630443	99002525	1865	n	2116.32	13.6135	226.396	0.188355	0.264902	139.982	141	131.424	134	107.321	109	1755.26619	613.99786	613.99786	Medium
476809	4630443	99002526	1866	n	2177.97	18.9601	279.08	0.36734	0.106459	139.008	139	131.638	136	107.775	111	1550.33262	723.76506	723.76506	Shallow
477109	4630443	99002527	1867	n	2212.33	15.5208	229.239	0.41993	0.449723	139.269	139	132.796	135	110.611	112	1380.61693	890.18673	890.18673	Shallow
477409	4630443	99002528	1868	n	2174.22	19.0612	119.159	0.535682	0.884157	134.807	134	123.344	123	102.848	102	1260.4265	1029.403	1029.403	Shallow
477709	4630443	99002529	1869	n	2169.25	15.4216	260.605	0.304596	0.132186	121.901	122	109.723	109	86.7453	86	1204.67705	1227.56208	1204.67705	Shallow
478009	4630443	99002530	1870	n	2191.56	5.7003	154.641	0.658941	0.594066	116.636	116	103.453	102	79.2682	78	1222.21874	1460.87193	1222.21874	Medium
478309	4630443	99002531	1871	n	2192.4	8.2686	210.982	0.120515	0.359259	121.601	122	101.825	101	81.6847	81	1310.11088	1715.04662	1310.11088	Medium
478609	4630443	99002532	1872	n	2205.6	8.3481	206.475	0.034453	0.290059	123.44	123	104.378	103	83.07	81	1455.66561	1982.07544	1455.66561	Shallow
478909	4630443	99002533	1873	n	2218.88	4.6502	169.872	0.265132	0.47516	123.94	124	104.238	105	85.299	85	1643.63446	2257.40142	1643.63446	Shallow
479209	4630443	99002534	1874	n	2217.98	7.0826	178.109	0.517677	0.557253	120.108	120	104.175	104	84.337	84	1861.21092	2415.61974	1861.21092	Deep
479509	4630443	99002535	1875	n	2210.45	9.2902	114.093	0.476758	0.590341	126.49	128	111.406	116	91.7853	95	2084.56144	2179.44875	2084.56144	Deep
479809	4630443	99002536	1876	n	2199.93	9.0274	91.2624	0.676271	0.662438	119.513	117	100.199	98	81.2557	78	2044.93876	1960.80977	1960.80977	Medium
480109	4630443	99002537	1877	n	2183.97	4.6716	90.3012	0.7983	0.739124	115.741	115	99.6115	100	80.8358	81	1874.63713	1766.22566	1766.22566	Shallow
480409	4630443	99002538	1878	n	2171.19	5.1026	110.101	0.873364	0.774951	112.86	113	97.4314	97	78.4986	78	1575.2722	1604.47225	1575.2722	Shallow
480709	4630443	99002539	1879	n	2164.53	4.7771	143.095	0.909478	0.587328	112.386	113	95.559	96	76.0195	76	1276.20556	1486.30728	1276.20556	Shallow
481009	4630443	99002540	1880	n	2155.8	6.4883	91.0743	0.723361	0.859126	125.619	125	100.205	106	85.8983	87	977.71097	1422.63399	977.71097	Shallow
481309	4630443	99002541	1881	n	2122.79	5.061	99.7043	0.721214	0.878001	116.378	116	97.4594	96	79.1305	79	680.5416	1420.79752	680.5416	Shallow
481609	4630443	99002542	1882	n	2112.62	6.6941	112.806	0.567988	0.610418	116.026	115	99.4704	100	80.752	81	387.75637	1481.02792	387.75637	Medium
481909	4630443	99002543	1883	n	2095.41	7.418	70.4496	0.752043	0.740805	114.572	112	98.339	95	80.2504	78	132.56366	1596.31508	132.56366	Medium
482209	4630443	99002544	1884	n	2083.32	10.194	166.659	0.646293	0.605875	118.271	115	104.026	100	87.6803	84	254.54125	1755.84736	254.54125	Medium
482509	4630443	99002545	1885	n	2115.85	12.8438	225.44	0.754664	0.502855	107.215	106	100.705	99	78.5795	78	540.37892	1495.76133	540.37892	Deep
482809	4630443	99002546	1886	n	2121.25	3.2259	100.137	0.92811	0.711641	116.495	117	109.193	110	87.1651	87	836.19824	1215.8043	836.19824	Shallow
483109	4630443	99002547	1887	n	2114.76	2.3397	96.9542	0.832166	0.851283	117.937	117	110.51	109	89.9825	89	726.98925	948.1868	726.98925	Shallow
483409	4630443	99002548	1888	n	2110.58	1.5089	122.283	0.599263	0.838263	117.512	117	109.834	109	90.3983	90	604.73795	707.06176	604.73795	Shallow
483709	4630443	99002549	1889	n	2101.6	3.0519	77.5843	0.820117	0.886089	121.099	120	113.484	112	93.9152	93	529.9193	529.9193	529.9193	Shallow
484009	4630443	99002550	1890	n	2089.73	2.2446	92.7298	0.759047	0.880106	120.267	119	115.64	114	94.871	93	491.6224	467.31994	467.31994	Shallow
484309	4630443	99002551	1891	n	2082.6	1.9242	127.876	0.454689	0.850075	124.39	123	119.504	118	98.1366	97	618.52301	468.44862	468.44862	Shallow
484609	4630443	99002552	1892	n	2075.57	2.6892	104.736	0.616139	0.873436	136.804	138	131.039	132	109.856	111	838.71857	495.67949	495.67949	Shallow
484909	4630443	99002553	1893	n	2059.83	6.1505	111.613	0.50188	0.735594	137.913	140	131.184	134	109.94	112	1097.41832	510.97445	510.97445	Shallow
485209	4630443	99002554	1894	n	2049.16	5.8563	111.44	0.491172	0.733808	136.741	139	131.476	133	108.931	111	1320.82895	494.4646	494.4646	Shallow
485509	4630443	99002555	1895	n	2034.79	5.8394	146.119	0.337389	0.727517	131.878	136	130.508	133	107.036	110	1048.70253	381.05122	381.05122	Shallow
485809	4630443	99002556	1896	n	2027.46	3.76	156.589	0.382371	0.567933	134.422	136	135.373	136	111.596	113	752.08314	325.53383	325.53383	Shallow
486109	4630443	99002557	1897	n	2012.01	9.2208	79.8565	0.74682	0.857177	128.109	128	130.359	130	106.335	106	459.87075	226.25458	226.25458	Shallow
486409	4630443	99002558	1898	n	1978.89	4.2725	73.4764	0.816975	0.92037	132.836	132	137.382	137	109.43	109	193.2179	131.75513	131.75513	Deep
486709	4630443	99002559	1899	n	1967.71	2.6479	113.599	0.559724	0.79415	134.768	135	133.646	135	110.067	111	59.70845	56.78143	56.78143	Deep
487009	4630443	99002560	1900	n	1962.17	3.6034	184.924	0.617418	0.639291	130.11	130	129.544	130	106.17	106	95.34403	29.78987	29.78987	Deep
487309	4630443	99002561	1901	n	1964.27	5.3905	196.838	0.874847	0.492584	124.635	123	122.971	125	99.4565	99	75.46004	72.67045	72.67045	Deep
487609	4630443	99002562	1902	n	1967.53	6.3959	221.779	0.767204	0.352594	112.523	112	120.133	120	93.5675	94	226.34563	180.37147	180.37147	Deep
487909	4630443	99002563	1903	n	1999.58	13.121	246.467	0.42064	0.18592	99.7175	99	115.855	115	86.9299	87	526.08979	285.04263	285.04263	Deep
488209	4630443	99002564	1904	n	2019.96	9.608	171.951	0.688217	0.459433	108.089	110	122.558	123	94.9332	96	826.01973	426.8786	426.8786	Deep
488509	4630443	99002565	1905	n	2004.57	8.4098	97.5602	0.787844	0.871587	122.238	125	134.04	136	108.533	111	755.45529	540.37577	540.37577	Deep
488809	4630443	99002566	1906	n	2018.26	11.3392	294.026	0.557643	0.198134	96.9186	100	113.461	115	85.8904	88	734.6653	706.21438	706.21438	Deep
489109	4630443	99002567	1907	n	2039.81	4.1484	208.191	0.220379	0.303131	116.85	116	129.659	129	103.47	103	829.91175	896.52324	829.91175	Deep
489409	4630443	99002568	1908	n	2041.99	2.8821	145.642	0.568195	0.581196	120.36	120	129.984	129	104.676	104	1008.84782	1040.52658	1008.84782	Deep
489709	4630443	99002569	1909	n	2043.73	3.8285	202.69	0.182821	0.348825	118.197	119	126.401	126	101.813	102	1235.63519	1143.72798	1143.72798	Deep
490009	4630443	99002570	1910	n	2047.28	3.9728	179.887	0.153095	0.520399	125.265	126	129.727	130	106.518	107	1488.5613	1208.47691	1208.47691	Deep
490309	4630443	99002571	1911	n	2055.41	4.0916	214.974	0.092371	0.262257	118.103	118	124.793	125	101.109	101	1691.71491	1187.49609	1187.49609	Deep
490609	4630443	99002572	1912	n	2037.62	10.9047	118.85	0.511747	0.882638	132.33	132	136.57	136	114.063	114	1457.03036	1233.46867	1233.46867	Deep
490909	4630443	99002573	1913	n	2010.29	8.4739	233.378	0.691795	0.472645	112.444	110	116.887	114	93.7806	91	1250.5901	1250.5901	1250.5901	Deep
491209	4630443	99002574	1914	n	2047.31	13.5886	309.44	0.581774	0.120424	95.3506	95	103.631	103	78.8346	78	1088.58336	1088.58336	1088.58336	Deep
491509	4630443	99002575	1915	n	2056.62	14.6386	146.705	0.60604	0.756686	136.794	138	138.895	141	117.4	119	993.00143	993.00143	993.00143	Deep
491809	4630443	99002576	1916	n	2001.18	13.0131	106.697	0.566802	0.857252	142.497	142	143.481	143	120.515	121	983.40733	966.38023	966.38023	Deep
492109	4630443	99002577	1917	n	1969.8	7.1231	115.462	0.529972	0.832228	143.073	142	144.086	143	122.597	122	1062.13375	829.53421	829.53421	Deep
492409	4630443	99002578	1918	n	1945.91	4.5691	121.537	0.486989	0.886763	151.828	153	152.272	154	130.905	132	1212.09167	770.61893	770.61893	Deep
492709	4630443	99002579	1919	n	1931.09	3.396	106.616	0.607096	0.906487	157.43	158	157.878	160	136.781	138	1410.74602	630.28828	630.28828	Deep
493009	4630443	99002580	1920	n	1917.55	2.8306	79.1882	0.775681	0.910739	164.515	165	160.126	162	140.456	142	1640.50068	534.02383	534.02383	Deep
493309	4630443	99002581	1921	n	1904.49	2.0139	90.6264	0.730578	0.965373	170.576	170	120.546	139	126.531	126	1890.04778	594.22182	594.22182	Deep
475609	4630243	99002590	1922	n	1996.73	29.7627	198.938	0.764613	0.482139	137.994	137	123.364	123	104.511	102	2398.41854	81.61296	81.61296	Shallow
475909	4630243	99002591	1923	n	2026.72	18.3201	241.33	0.262725	0.243888	144.946	146	135.277	138	114.765	117	2129.55003	156.00642	156.00642	Shallow
476209	4630243	99002592	1924	n	2060.95	14.5993	236.625	0.262205	0.2565	141.085	141	132.449	133	110.362	110	1870.17518	367.76099	367.76099	Medium
476509	4630243	99002593	1925	n	2110.12	15.8528	273.991	0.366094	0.126999	133.02	133	117.708	119	94.0669	95	1624.84677	418.6825	418.6825	Medium
476809	4630243	99002594	1926	n	2161.8	16.0563	216.267	0.153368	0.302561	145.508	147	135.947	139	112.936	115	1400.96356	555.0891	555.0891	Medium
477109	4630243	99002595	1927	n	2157.67	19.1567	161.796	0.216415	0.613353	144.596	145	135.52	138	114.958	117	1210.48368	704.65174	704.65174	Shallow
477409	4630243	99002596	1928	n	2136.21	17.8793	172.152	0.280089	0.619099	137.204	139	127.546	131	105.712	109	1071.37417	873.94062	873.94062	Shallow
477709	4630243	99002597	1929	n	2147.5	18.2099	248.796	0.281146	0.234706	127.89	128	114.013	116	92.2996	94	1005.19374	1100.45914	1005.19374	Shallow
478009	4630243	99002598	1930	n	2176.09	13.3626	230.419	0.343561	0.408215	118.482	119	105.089	103	81.8678	82	1026.15122	1355.82021	1026.15122	Shallow
478309	4630243	99002599	1931	n	2201.79	11.1865	245.589	0.809118	0.378456	110.4	109	93.3432	92	71.1401	69	1129.40611	1626.49518	1129.40611	Medium
478609	4630243	99002600	1932	n	2201.05	7.2668	130.619	0.756972	0.470178	107.017	107	82.009	82	62.7293	62	1295.42658	1905.9708	1295.42658	Medium
478909	4630243	99002601	1933	n	2204.59	4.5906	187.06	0.316399	0.509688	118.219	117	96.9202	95	78.856	77	1503.56306	2190.88175	1503.56306	Medium
479209	4630243	99002602	1934	n	2194.45	9.0067	148.454	0.316198	0.681791	123.27	124	102.91	101	84.6109	84	1738.75638	2479.35495	1738.75638	Medium
479509	4630243	99002603	1935	n	2182.48	7.6296	166.074	0.181335	0.555501	122.704	123	102.097	100	84.2406	83	1991.44309	2314.195	1991.44309	Medium
479809	4630243	98590001	1936	y	2180.95	8.7989	177.141	0.098949	0.523837	125.956	125	106.596	105	88.7152	87	2193.56967	2109.56787	2109.56787	Deep
480109	4630243	99002605	1937	n	2184.39	9.4227	141.636	0.328179	0.554991	127.581	130	110.087	111	92.2704	94	1897.0941	1930.04009	1897.0941	Deep
480409	4630243	99002606	1938	n	2180.04	4.7472	76.9745	0.714026	0.720122	117.444	116	101.352	100	82.3204	80	1601.93138	1783.20859	1601.93138	Medium
480709	4630243	99002607	1939	n	2169.08	4.81	79.4706	0.754681	0.875883	117.788	117	93.9828	94	78.9141	78	1308.96993	1677.68024	1308.96993	Shallow
481009	4630243	99002608	1940	n	2150.71	6.1861	109.242	0.621714	0.760181	123.863	124	104.003	104	88.3148	88	1020.10804	1621.53912	1020.10804	Shallow
481309	4630243	99002609	1941	n	2123.13	5.0761	73.988	0.828811	0.934259	115.373	114	94.1632	93	77.0816	77	740.16115	1619.92816	740.16115	Shallow
481609	4630243	99002610	1942	n	2108.15	9.6004	169.598	0.658264	0.64696	119.339	117	102.759	101	83.6974	81	484.82642	1673.00489	484.82642	Deep
481909	4630243	99002611	1943	n	2101.3	11.0931	118.8	0.821752	0.586753	112.683	110	94.385	92	76.7755	74	319.80429	1775.8726	319.80429	Deep
482209	4630243	99002612	1944	n	2109.42	11.3796	278.482	0.679897	0.277401	108.114	106	96.2232	94	75.4607	72	386.64313	1846.65251	386.64313	Deep
482509	4630243	99002613	1945	n	2129.56	1.8622	144.096	0.539397	0.726586	119.292	119	111.873	112	91.0874	91	613.7679	1571.94263	613.7679	Shallow
482809	4630243	99002614	1946	n	2123.44	1.7763	109.611	0.58336	0.930438	116.704	116	110.037	110	89.5726	89	885.39774	1308.38899	885.39774	Shallow
483109	4630243	99002615	1947	n	2113.17	2.4722	117.252	0.514424	0.879897	116.07	115	107.533	106	88.478	88	897.49039	1064.31192	897.49039	Shallow
483409	4630243	99002616	1948	n	2106.76	2.0513	161.388	0.250977	0.632438	113.062	113	106.365	106	86.7733	86	801.67551	856.5267	801.67551	Shallow
483709	4630243	99002617	1949	n	2101.95	2.0208	98.3177	0.664017	0.920279	116.877	117	110.052	110	90.1971	90	717.29779	717.29779	717.29779	Shallow
484009	4630243	99002618	1950	n	2089.69	2.514	96.0483	0.689469	0.954622	116.885	116	110.868	110	90.8431	90	689.48839	666.55051	666.55051	Shallow
484309	4630243	99002619	1951	n	2079.75	2.2684	95.6719	0.672826	0.925609	120.244	119	115.622	114	94.8359	93	785.03017	668.39043	668.39043	Shallow
484609	4630243	99002620	1952	n	2065.17	10.0311	98.9023	0.595487	0.741943	133.929	133	125.974	125	105.427	104	968.06533	692.68064	692.68064	Deep
484909	4630243	99002621	1953	n	2040.67	7.5046	163.557	0.220969	0.592985	135.773	136	129.203	130	106.522	107	1199.17831	710.91247	710.91247	Deep
485209	4630243	99002622	1954	n	2037.86	3.3917	145.082	0.313225	0.739954	136.062	138	131.103	131	108.23	109	1249.15305	694.25996	694.25996	Shallow
485509	4630243	99002623	1955	n	2020.46	9.1865	109.194	0.544633	0.794315	135.328	135	133.599	133	110.626	110	965.80753	573.46486	573.46486	Deep
485809	4630243	99002624	1956	n	2006.05	10.0249	177.296	0.125744	0.52006	134.757	135	137.477	138	112.747	114	696.55224	513.39298	513.39298	Deep
486109	4630243	99002625	1957	n	1994.43	8.8367	153.488	0.243023	0.704453	142.039	141	146.465	146	120.899	120	466.461	408.78788	408.78788	Deep
486409	4630243	99002626	1958	n	1976.32	3.9627	122.824	0.472783	0.86947	141.734	142	145.316	145	119.593	119	360.53669	179.48548	179.48548	Deep
486709	4630243	99002627	1959	n	1968.71	3.7073	220.666	0.634194	0.550357	125.155	126	123.546	123	101.647	102	252.50071	16.42153	16.42153	Deep
487009	4630243	99002628	1960	n	1982.08	9.445	246.21	0.804678	0.371672	109.001	109	118.154	119	91.6542	92	273.95604	155.65294	155.65294	Deep
487309	4630243	99002629	1961	n	1985.33	8.2877	173.015	0.777393	0.423071	109.267	110	121.306	122	92.9857	94	199.98969	199.98969	199.98969	Deep
487609	4630243	99002630	1962	n	1986.72	7.6522	104.151	0.927992	0.639778	112.63	112	122.329	122	94.3664	94	292.46196	292.46196	292.46196	Deep
487909	4630243	99002631	1963	n	1998.09	10.8278	264.648	0.511976	0.177455	99.9161	102	114.263	114	84.2587	85	557.7384	475.76355	475.76355	Deep
488209	4630243	99002632	1964	n	2026.27	5.0321	187.391	0.447043	0.493763	118.65	119	132.439	132	104.971	105	846.52835	610.92499	610.92499	Deep
488509	4630243	99002633	1965	n	2011.6	6.4146	92.1882	0.80581	0.797806	119.028	121	130.742	132	105.051	107	949.70139	714.73813	714.73813	Deep
488809	4630243	99002634	1966	n	2021.47	6.5176	250.064	0.208313	0.154727	109.853	113	123.976	125	97.4101	99	933.24871	872.4596	872.4596	Deep
489109	4630243	99002635	1967	n	2032.26	2.3526	203.676	0.06142	0.321955	118.002	117	129.694	129	104.307	103	1009.9374	1046.47911	1009.9374	Deep
489409	4630243	99002636	1968	n	2034.28	3.6661	178.414	0.112555	0.510081	118.477	118	129.225	128	103.996	103	1161.46199	1227.20642	1161.46199	Deep
489709	4630243	99002637	1969	n	2036.63	4.5301	181.258	0.28629	0.530098	118.107	122	126.435	128	102.196	104	1363.09001	1324.54345	1324.54345	Deep
490009	4630243	99002638	1970	n	2037.37	4.2253	176.219	0.173296	0.544376	124.417	125	129.12	129	105.701	106	1595.94322	1405.38895	1405.38895	Deep
490309	4630243	99002639	1971	n	2043.98	5.2747	177.123	0.137443	0.524943	124.104	124	130.197	130	106.222	106	1814.49745	1387.24498	1387.24498	Deep
490609	4630243	99002640	1972	n	2028.68	5.5891	138.21	0.560015	0.783112	129.163	129	134.141	134	111.1	111	1597.94841	1427.77681	1427.77681	Deep
490909	4630243	99002641	1973	n	2032.23	9.0114	317.633	0.705197	0.227561	103.254	103	108.647	109	84.9024	85	1412.25963	1412.25963	1412.25963	Deep
491209	4630243	99002642	1974	n	2071.9	11.7132	263.027	0.569526	0.314369	107.112	102	112.965	109	90.275	85	1271.02926	1271.02926	1271.02926	Deep
491509	4630243	99002643	1975	n	2046.76	14.4355	120.713	0.501564	0.839371	137.944	137	140.754	141	118.19	118	1190.19053	1190.19053	1190.19053	Deep
491809	4630243	99002644	1976	n	2001.1	11.5721	100.054	0.645381	0.915548	144.505	144	146.528	146	124.729	124	1182.1978	1138.13467	1138.13467	Deep
492109	4630243	99002645	1977	n	1963.41	5.9268	96.8945	0.666312	0.903949	141.155	140	141.383	141	119.977	119	1248.45094	1020.50412	1020.50412	Deep
492409	4630243	99002646	1978	n	1942.78	3.9698	82.699	0.760187	0.9176	145.624	145	145.044	145	123.72	123	1378.2844	960.28912	960.28912	Deep
492709	4630243	99002647	1979	n	1928.62	4.7179	79.377	0.746504	0.799785	158.594	160	157.862	161	136.969	139	1555.86182	806.45209	806.45209	Deep
493009	4630243	99002648	1980	n	1915.13	4.8811	104.756	0.580589	0.783152	164.959	168	156.907	159	138.527	140	1766.84581	733.67779	733.67779	Deep
493309	4630243	99002649	1981	n	1903.95	1.8656	108.211	0.597537	0.945542	168.213	170	138.886	153	131.956	136	2000.69544	778.58926	778.58926	Deep
475609	4630043	99002658	1982	n	2055.41	14.0859	158.246	0.80846	0.577099	136.42	135	118.466	121	98.3406	99	2321.97742	199.59901	199.59901	Medium
475909	4630043	99002659	1983	n	2013.34	22.6563	147.274	0.445107	0.469739	146.819	151	135.335	143	116.036	123	2043.07391	17.86822	17.86822	Shallow
476209	4630043	99002660	1984	n	2042.33	18.8584	225.041	0.220994	0.287669	144.089	144	134.459	137	112.819	114	1771.07957	209.86652	209.86652	Medium
476509	4630043	99002661	1985	n	2097.98	19.0293	229.349	0.097467	0.175981	146.354	145	139.86	139	117.515	115	1509.73332	229.30696	229.30696	Medium
476809	4630043	99002662	1986	n	2121.42	17.9264	170.361	0.2273	0.562982	143.549	143	137.569	137	116.41	115	1265.64867	405.77325	405.77325	Medium
477109	4630043	99002663	1987	n	2106.07	20.9198	185.504	0.188784	0.518077	141.814	142	134.955	137	113.435	115	1050.92265	529.75063	529.75063	Shallow
477409	4630043	99002664	1988	n	2117.43	19.0172	270.102	0.442605	0.232651	119.904	116	106.296	100	84.1873	77	887.13599	740.18502	740.18502	Medium
477709	4630043	99002665	1989	n	2173.21	16.235	328.526	0.78472	0.303708	106.206	106	88.6128	87	66.7631	65	805.96657	997.553	805.96657	Medium
478009	4630043	99002666	1990	n	2206.77	15.0619	309.855	0.781728	0.307877	109.81	109	96.3873	96	73.0135	71	831.95792	1273.71508	831.95792	Medium
478309	4630043	99002667	1991	n	2225.45	4.2383	221.775	0.880206	0.451953	118.09	118	103.02	103	81.1871	80	956.413	1558.71365	956.413	Medium
478609	4630043	99002668	1992	n	2223.28	5.032	61.1775	0.966118	0.629438	114.708	114	91.4328	94	71.899	71	1147.73589	1848.46595	1147.73589	Shallow
478909	4630043	99002669	1993	n	2210.73	7.1015	48.1421	0.959759	0.748101	113.489	113	86.2186	87	69.2481	69	1378.35755	2141.04285	1378.35755	Medium
479209	4630043	99002670	1994	n	2195.54	6.6293	126.985	0.808587	0.675156	110.668	110	89.1015	90	69.2174	69	1631.69893	2435.42658	1631.69893	Medium
479509	4630043	99002671	1995	n	2177.46	4.7892	79.7273	0.910039	0.767529	108.674	108	89.6019	89	69.8164	70	1898.68724	2457.84461	1898.68724	Medium
479809	4630043	99002672	1996	n	2172.45	5.0517	129.423	0.826406	0.592111	112.463	111	95.1756	95	75.3895	75	2174.30106	2266.22556	2174.30106	Shallow
480109	4630043	99002673	1997	n	2166.43	4.7857	102.508	0.734172	0.649107	114.134	113	95.1891	95	76.4661	76	1940.01745	2100.13247	1940.01745	Medium
480409	4630043	99002674	1998	n	2162.2	7.3567	107.149	0.536809	0.689771	117.895	115	98.3506	96	80.1512	77	1652.5392	1966.0454	1652.5392	Medium
480709	4630043	99002675	1999	n	2165.1	7.7088	165.213	0.292553	0.456951	125.445	127	110.217	115	91.4907	94	1370.43932	1870.8588	1370.43932	Deep
481009	4630043	99002676	2000	n	2162.21	6.1795	94.7354	0.835521	0.773622	122.576	123	103.738	105	86.6898	86	1097.87161	1820.68415	1097.87161	Shallow
481309	4630043	99002677	2001	n	2128.25	6.9989	73.8729	0.85326	0.970272	113.353	112	90.4327	90	75.1524	75	844.12096	1819.24954	844.12096	Shallow
481609	4630043	99002678	2002	n	2128.09	11.7076	207.38	0.660486	0.417563	114.192	114	100.091	101	79.8324	80	632.26443	1866.66736	632.26443	Deep
481909	4630043	99002679	2003	n	2137.42	8.5211	165.878	0.786361	0.57334	114.927	114	95.579	98	77.6547	78	516.69763	1959.39408	516.69763	Deep
482209	4630043	99002680	2004	n	2133.57	6.4012	119.172	0.840633	0.581528	113.676	113	98.2915	99	79.2293	79	560.53061	1929.72204	560.53061	Shallow
482509	4630043	99002681	2005	n	2129.27	2.3284	143.473	0.68416	0.730628	116.595	116	107.562	107	87.1874	87	735.80751	1668.74362	735.80751	Shallow
482809	4630043	99002682	2006	n	2119.16	2.5341	135.593	0.365729	0.80235	114.935	114	107.456	107	86.7656	86	973.9768	1423.22992	973.9768	Shallow
483109	4630043	99002683	2007	n	2111	3.0131	119.746	0.502005	0.867047	115.162	115	108.97	108	89.0517	88	1078.17652	1202.68929	1078.17652	Shallow
483409	4630043	99002684	2008	n	2101.22	4.1222	164.205	0.282712	0.563597	116.492	116	110.981	111	90.9898	90	999.82961	1023.39613	999.82961	Shallow
483709	4630043	99002685	2009	n	2100.34	2.5759	129.716	0.445263	0.828027	115.217	115	110.988	111	90.2462	90	910.06471	910.06471	910.06471	Shallow
484009	4630043	99002686	2010	n	2086.04	4.5044	125.061	0.470505	0.848351	122.931	123	117.072	117	95.7736	96	888.3107	866.13581	866.13581	Shallow
484309	4630043	99002687	2011	n	2074.37	6.7046	152.598	0.24847	0.713147	130.283	129	126.354	125	103.953	103	964.35161	868.35904	868.35904	Shallow
484609	4630043	99002688	2012	n	2057.86	13.1399	140.138	0.354669	0.730405	139.485	140	137.081	137	112.612	113	1118.41502	890.56745	890.56745	Deep
484909	4630043	99002689	2013	n	2022.93	7.7076	135.482	0.394487	0.710243	128.827	129	121.927	122	100.628	100	1323.52948	910.87771	910.87771	Deep
485209	4630043	99002690	2014	n	2017.23	8.8907	168.31	0.142004	0.594916	144.156	146	139.652	141	117.844	119	1206.72181	868.50747	868.50747	Deep
485509	4630043	99002691	2015	n	2002.41	10.6246	185.882	0.399774	0.670018	144.251	150	142.169	147	117.994	122	910.26281	767.37155	767.37155	Deep
485809	4630043	99002692	2016	n	1992.41	8.6531	106.666	0.682229	0.652429	132.159	133	128.085	128	105.442	105	617.23515	647.20242	617.23515	Deep
486109	4630043	99002693	2017	n	1982.49	4.6099	86.0545	0.776095	0.675374	139.802	140	137.883	137	114.237	114	336.71957	350.12727	336.71957	Deep
486409	4630043	99002694	2018	n	1973.15	2.3745	97.6152	0.827573	0.821476	143.744	145	139.651	143	119.116	121	160.56435	58.52384	58.52384	Deep
486709	4630043	99002695	2019	n	1984.42	10.2691	313.142	0.685784	0.219395	101.119	99	106.955	107	80.6628	80	343.77573	153.98492	153.98492	Deep
487009	4630043	99002696	2020	n	2008.22	10.6854	182.715	0.776505	0.412143	102.546	103	112.967	113	86.0743	87	470.12056	349.17206	349.17206	Deep
487309	4630043	99002697	2021	n	2005.99	10.3303	107.337	0.84376	0.542831	106.852	108	116.767	117	89.2076	90	392.80725	392.80725	392.80725	Deep
487609	4630043	99002698	2022	n	2010.36	10.1354	199.37	0.783916	0.481755	106.673	106	118.267	117	90.0804	90	447.02982	447.02982	447.02982	Deep
487909	4630043	99002699	2023	n	2022.1	9.7075	223.522	0.727456	0.347403	105.569	108	120.001	121	90.9648	93	652.20686	652.20686	652.20686	Deep
488209	4630043	99002700	2024	n	2028.21	3.2739	133.044	0.566155	0.761436	120.268	120	133.186	133	106.512	106	911.54369	776.61509	776.61509	Deep
488509	4630043	99002701	2025	n	2018.14	5.1441	147.898	0.690183	0.699162	116.904	117	129.465	130	103.187	104	1145.92879	896.57111	896.57111	Deep
488809	4630043	99002702	2026	n	2019.94	3.0673	233.263	0.469779	0.282474	114.634	115	126.685	127	100.776	101	1132.33087	1036.38189	1036.38189	Deep
489109	4630043	99002703	2027	n	2027.65	1.9018	223.273	0.202541	0.266335	118.064	118	129.913	129	104.167	104	1196.32504	1205.41287	1196.32504	Deep
489409	4630043	99002704	2028	n	2023.98	3.5085	154.409	0.281214	0.675185	120.29	121	130.119	130	105.098	105	1326.73057	1393.53341	1326.73057	Deep
489709	4630043	99002705	2029	n	2034.78	3.993	178.581	0.511196	0.424025	114.677	118	123.042	124	98.0285	100	1506.39783	1510.20429	1506.39783	Deep
490009	4630043	99002706	2030	n	2029.66	3.8532	115.153	0.576441	0.835819	130.343	131	133.125	133	110.368	110	1719.9578	1603.06573	1603.06573	Deep
490309	4630043	99002707	2031	n	2027.57	5.5165	172.95	0.155811	0.553338	129.77	129	135.332	134	111.352	110	1950.10324	1587.05712	1587.05712	Deep
490609	4630043	99002708	2032	n	2024.34	5.1439	225.241	0.261937	0.326859	117.958	118	124.015	124	100.436	100	1750.4116	1623.46798	1623.46798	Deep
490909	4630043	99002709	2033	n	2056.04	10.9124	302.524	0.523946	0.092474	99.4488	100	106.18	106	81.8705	82	1582.71252	1582.71252	1582.71252	Deep
491209	4630043	99002710	2034	n	2083.52	10.3876	176.253	0.655458	0.673578	125.645	129	129.619	133	107.642	112	1458.08677	1458.08677	1458.08677	Deep
491509	4630043	99002711	2035	n	2032.33	13.1777	104.461	0.59221	0.878088	140.613	140	144.332	144	121.848	121	1388.18412	1388.18412	1388.18412	Deep
491809	4630043	99002712	2036	n	1990.01	9.2413	109.81	0.555761	0.857839	143.736	143	146.712	146	124.639	123	1381.3375	1314.78218	1314.78218	Deep
492109	4630043	99002713	2037	n	1962.34	6.0237	111.691	0.551964	0.872997	146.474	146	147.808	148	126.19	126	1438.44757	1214.38475	1214.38475	Deep
492409	4630043	99002714	2038	n	1941.87	3.9423	102.989	0.62706	0.921758	144.579	144	144.99	145	123.149	123	1552.47207	1129.40184	1129.40184	Deep
492709	4630043	99002715	2039	n	1928.93	3.5914	133.197	0.393981	0.818197	161.083	163	161.329	165	139.73	143	1712.077	991.69886	991.69886	Deep
493009	4630043	99002716	2040	n	1915.99	4.094	101.717	0.646302	0.907404	174.488	177	157.403	160	142.547	144	1905.84516	933.47992	933.47992	Deep
493309	4630043	99002717	2041	n	1902.41	1.4693	100.043	0.659749	0.964459	170.914	175	126.922	131	125.515	125	2124.44908	969.1764	969.1764	Deep
475609	4629843	99002726	2042	n	2072.02	9.0565	87.0851	0.804268	0.907224	136.414	137	123.254	124	101.722	102	2260.69609	332.74952	332.74952	Medium
475909	4629843	99002727	2043	n	2034.85	17.9574	147.239	0.83478	0.618485	133.133	131	114.15	113	93.8919	91	1973.14942	98.02394	98.02394	Medium
476209	4629843	99002728	2044	n	2018.61	17.066	226.541	0.475671	0.373501	144.119	146	115.197	111	99.7014	95	1689.93802	15.74586	15.74586	Shallow
476509	4629843	99002729	2045	n	2044.43	21.4034	195.806	0.23511	0.304581	153.959	157	133.847	149	119.979	132	1413.66982	55.37593	55.37593	Shallow
476809	4629843	99002730	2046	n	2076.19	18.5829	183.84	0.313222	0.536479	142.943	143	138.716	139	119.103	119	1149.36252	230.07571	230.07571	Shallow
477109	4629843	99002731	2047	n	2099.8	20.7281	268.182	0.552188	0.222574	124.098	123	110.086	106	89.4065	84	907.52745	380.44367	380.44367	Shallow
477409	4629843	99002732	2048	n	2145.22	15.183	298.624	0.532134	0.220033	119.742	120	97.8365	96	77.965	76	711.46182	641.85319	641.85319	Medium
477709	4629843	99002733	2049	n	2201.39	15.3776	233.441	0.305737	0.327264	130.143	131	128.707	130	103.319	104	607.2477	926.93778	607.2477	Shallow
478009	4629843	99002734	2050	n	2217.65	8.7885	217.515	0.193103	0.313375	126.884	127	120.951	123	98.1122	99	641.34361	1219.20128	641.34361	Shallow
478309	4629843	99002735	2051	n	2227.95	4.9073	187.655	0.297565	0.427947	122.315	122	110.892	111	86.1446	86	796.17428	1514.49328	796.17428	Medium
478609	4629843	99002736	2052	n	2228.56	4.729	147.732	0.471196	0.4684	119.298	119	101.814	103	79.4544	79	1018.06942	1811.33321	1018.06942	Medium
478909	4629843	99002737	2053	n	2227.86	3.3567	69.0657	0.907447	0.675789	117.356	116	100.788	101	77.7797	77	1272.41392	2109.0676	1272.41392	Medium
479209	4629843	99002738	2054	n	2205.66	8.0391	72.8909	0.901404	0.802594	119.34	116	78.9742	81	68.3374	68	1543.24627	2407.36459	1543.24627	Medium
479509	4629843	99002739	2055	n	2190.67	5.8518	81.9295	0.859962	0.717516	112.515	112	87.8195	87	70.2344	70	1823.23364	2608.92733	1823.23364	Medium
479809	4629843	99002740	2056	n	2190.79	6.5645	227.647	0.750924	0.371907	116.917	117	105.429	107	82.3606	82	2108.7325	2429.25502	2108.7325	Shallow
480109	4629843	99002741	2057	n	2179.3	7.551	63.8019	0.878653	0.903433	112.693	112	88.443	88	72.5808	72	2002.09124	2275.09517	2002.09124	Medium
480409	4629843	99002742	2058	n	2159.87	2.4366	131.743	0.412584	0.813278	114.32	114	97.4361	97	77.2974	77	1724.98912	2151.93777	1724.98912	Medium
480709	4629843	99002743	2059	n	2150.39	7.1039	121.791	0.50676	0.715061	116.735	113	100.086	94	81.3741	75	1456.9851	2065.33637	1456.9851	Medium
481009	4629843	99002744	2060	n	2147.23	10.8141	159.289	0.272357	0.612547	130.445	133	116.687	120	98.0825	100	1204.16931	2019.99813	1204.16931	Deep
481309	4629843	99002745	2061	n	2128.55	8.9045	138.711	0.629913	0.736356	117.245	115	98.699	97	80.8976	78	978.38737	2018.70517	978.38737	Shallow
481609	4629843	99002746	2062	n	2133.33	8.6318	218.644	0.399131	0.359053	120.734	121	107.876	109	85.9517	87	802.78264	2061.54037	802.78264	Deep
481909	4629843	99002747	2063	n	2137.25	4.1901	161.614	0.195899	0.647146	118.747	118	104.692	104	86.0241	86	715.31678	2145.86272	715.31678	Medium
482209	4629843	99002748	2064	n	2139.49	2.9094	191.61	0.173665	0.333565	118.822	119	110.978	111	89.7046	89	747.59362	2029.16949	747.59362	Shallow
482509	4629843	99002749	2065	n	2131.7	3.7085	85.7022	0.738714	0.909751	112.633	112	101.043	100	81.8965	81	886.6309	1782.80872	886.6309	Shallow
482809	4629843	99002750	2066	n	2119.76	2.7132	67.726	0.847147	0.884761	110.838	110	103.409	102	83.9333	83	955.08821	1555.40511	955.08821	Shallow
483109	4629843	99002751	2067	n	2107.9	3.5977	79.2661	0.747718	0.849085	110.455	109	104.033	103	84.7209	83	1046.82932	1356.52614	1046.82932	Shallow
483409	4629843	99002752	2068	n	2095.51	4.9942	89.7583	0.671271	0.818599	112.827	112	105.675	105	87.0098	86	1198.59704	1200.4338	1198.59704	Shallow
483709	4629843	99002753	2069	n	2086.36	10.3415	146.278	0.455716	0.668994	124.953	125	119.015	119	98.3383	98	1105.40465	1071.93868	1071.93868	Deep
484009	4629843	99002754	2070	n	2072.95	12.8445	118.458	0.587909	0.674152	125.387	124	115.681	115	96.0086	95	1087.56497	973.86377	973.86377	Deep
484309	4629843	99002755	2071	n	2055.34	11.186	119.998	0.713432	0.607084	122.893	120	111.638	109	92.4101	89	1150.51105	963.20755	963.20755	Deep
484609	4629843	99002756	2072	n	2040.95	9.6382	64.1531	0.875725	0.649162	120.648	121	109.055	109	89.2422	89	1282.40158	990.10692	990.10692	Deep
484909	4629843	99002757	2073	n	2028.64	6.5283	87.3475	0.88039	0.799316	122.755	123	115.943	116	93.3707	93	1443.95477	934.3763	934.3763	Deep
485209	4629843	99002758	2074	n	2009.61	4.8336	154.774	0.87874	0.652519	125.339	124	114.506	115	94.5219	94	1196.65022	903.81594	903.81594	Deep
485509	4629843	99002759	2075	n	2017.76	7.2742	287.194	0.708797	0.352739	111.882	112	111.382	111	88.5507	88	896.86821	776.037	776.037	Deep
485809	4629843	99002760	2076	n	2013.89	6.838	101.586	0.670634	0.850895	126.874	127	127.161	127	103.281	103	597.30514	575.77535	575.77535	Shallow
486109	4629843	99002761	2077	n	1992.03	5.0465	100.227	0.700047	0.911923	135.691	136	136.807	137	112.875	114	298.62062	312.27391	298.62062	Deep
486409	4629843	99002762	2078	n	1976.36	2.9756	152.808	0.77353	0.678867	131.258	134	126.424	128	105.778	107	39.68774	38.23872	38.23872	Deep
486709	4629843	99002763	2079	n	2009.87	12.1447	283.595	0.433114	0.130832	86.3534	88	99.4714	100	70.5637	72	306.55499	253.67461	253.67461	Deep
487009	4629843	99002764	2080	n	2038.1	9.1638	261.152	0.593559	0.268821	104.637	104	117.721	116	87.2106	86	605.29068	508.03299	508.03299	Deep
487309	4629843	99002765	2081	n	2043.82	11.6289	71.1512	0.953908	0.613636	106.369	106	117.442	117	89.3848	88	590.42289	590.42289	590.42289	Deep
487609	4629843	99002766	2082	n	2035.25	6.4335	179.263	0.86853	0.54276	103.598	104	116.192	116	88.489	88	627.80356	627.80356	627.80356	Deep
487909	4629843	99002767	2083	n	2036.77	3.6958	168.848	0.727147	0.564868	110.712	112	123.583	124	96.6621	98	787.19466	787.19466	787.19466	Deep
488209	4629843	99002768	2084	n	2028.86	3.9095	82.6348	0.783567	0.853645	117.326	117	129.383	129	103.277	103	1012.5283	955.43309	955.43309	Deep
488509	4629843	99002769	2085	n	2025.27	3.5275	253.842	0.828254	0.410211	110.672	111	123.627	123	97.0364	97	1269.15393	1083.39347	1083.39347	Deep
488809	4629843	99002770	2086	n	2025.76	2.3302	149.541	0.897654	0.526507	115.192	115	126.885	126	101.364	101	1331.68812	1208.73158	1208.73158	Deep
489109	4629843	99002771	2087	n	2025.43	1.5604	184.478	0.256886	0.529064	118.58	118	130.5	130	105.061	104	1386.51132	1372.32183	1372.32183	Deep
489409	4629843	99002772	2088	n	2016.77	3.6841	142.824	0.409914	0.750904	116.894	118	125.625	126	101.074	102	1500.47794	1545.76841	1500.47794	Deep
489709	4629843	99002773	2089	n	2031.26	5.6999	243.523	0.145509	0.107046	110.639	110	120.747	120	95.429	95	1661.46154	1699.12291	1661.46154	Deep
490009	4629843	99002774	2090	n	2031.01	5.4038	92.1949	0.734886	0.889258	132.041	133	135.954	136	113.068	113	1857.2762	1801.24215	1801.24215	Deep
490309	4629843	99002775	2091	n	2012.02	4.6733	134.708	0.41223	0.7245	130.169	130	132.987	133	110.578	110	2078.09896	1786.91129	1786.91129	Deep
490609	4629843	99002776	2092	n	2022.17	8.2596	246.538	0.238525	0.163434	111.065	110	117.779	116	93.6658	92	1911.6596	1820.09614	1820.09614	Deep
490909	4629843	99002777	2093	n	2073.66	11.6238	286.257	0.452705	0.093758	101.434	99	107.813	105	84.4568	81	1759.39779	1759.39779	1759.39779	Deep
491209	4629843	99002778	2094	n	2072.22	14.1103	127.144	0.481677	0.839028	136.857	136	139.661	140	117.777	118	1648.18649	1648.18649	1648.18649	Deep
491509	4629843	99002779	2095	n	2019.28	13.7476	106.665	0.578488	0.803405	140.848	140	145.044	144	122.757	122	1586.68107	1586.68107	1586.68107	Deep
491809	4629843	99002780	2096	n	1980.77	7.8666	102.659	0.638691	0.921928	139.246	138	142.185	141	120.008	119	1580.69445	1497.31555	1497.31555	Deep
492109	4629843	99002781	2097	n	1953.79	5.2129	100.259	0.645947	0.903179	136.913	136	137.656	137	115.969	115	1630.83815	1409.84801	1409.84801	Deep
492409	4629843	99002782	2098	n	1937.76	4.4401	132.248	0.407039	0.76764	147.693	148	148.801	149	126.607	127	1732.24455	1299.48073	1299.48073	Deep
492709	4629843	99002783	2099	n	1926.07	3.8611	94.2671	0.662258	0.861578	155.115	155	154.664	155	133.004	133	1876.62178	1181.76491	1181.76491	Deep
493009	4629843	99002784	2100	n	1910.15	4.1946	116.457	0.521096	0.846548	156.336	158	155.657	157	134.032	135	2054.93247	1133.35185	1133.35185	Deep
493309	4629843	99002785	2101	n	1900.21	1.6676	131.34	0.406322	0.855069	164.025	164	127.585	130	123.628	123	2259.15594	1162.92929	1162.92929	Deep
475609	4629643	99002794	2102	n	2081.56	9.6281	121.398	0.825819	0.731329	132.529	133	118.489	119	96.8124	97	2215.83268	457.9059	457.9059	Medium
475909	4629643	99002795	2103	n	2073.62	14.5918	204.439	0.747416	0.504475	134.198	134	117.508	119	96.6126	97	1921.58432	259.11151	259.11151	Medium
476209	4629643	99002796	2104	n	2074.72	23.3755	225.993	0.776227	0.405588	130.196	130	111.432	112	89.8063	90	1629.43492	182.16528	182.16528	Shallow
476509	4629643	99002797	2105	n	2065.24	20.0859	74.5492	0.891774	0.691346	132.398	129	98.216	98	80.0049	76	1340.75725	87.11037	87.11037	Shallow
476809	4629643	99002798	2106	n	2049.92	18.2591	165.271	0.394608	0.380762	139.284	140	122.625	120	105.625	101	1058.39589	37.6624	37.6624	Shallow
477109	4629643	99002799	2107	n	2095.92	19.0017	222.596	0.073734	0.189305	140.787	141	137.291	139	116.892	118	789.16014	298.0588	298.0588	Shallow
477409	4629643	99002800	2108	n	2131.42	15.4917	198.833	0.10625	0.36963	132.892	133	125.449	126	104.374	105	552.58083	596.72202	552.58083	Shallow
477709	4629643	99002801	2109	n	2160.52	17.6209	199.058	0.11269	0.364999	137.94	138	133.209	133	110.733	110	409.77729	896.27858	409.77729	Shallow
478009	4629643	99002802	2110	n	2198.9	16.5942	213.687	0.137206	0.290994	137.383	137	134.934	138	110.514	113	458.79111	1196.05745	458.79111	Shallow
478309	4629643	99002803	2111	n	2205.54	11.5719	178.679	0.22633	0.534227	132.028	132	118.277	123	99.4405	102	658.07381	1495.92498	658.07381	Shallow
478609	4629643	99002804	2112	n	2214.47	9.2575	227.727	0.169373	0.235773	126.941	126	117.567	118	96.0396	95	914.12964	1795.83676	914.12964	Shallow
478909	4629643	99002805	2113	n	2229.43	2.5263	219.196	0.084085	0.214099	121.004	119	106.127	104	84.5588	81	1190.88406	2095.77379	1190.88406	Medium
479209	4629643	99002806	2114	n	2228.84	6.2391	109.736	0.680173	0.571199	122.276	121	85.9729	95	71.4133	75	1476.74531	2395.7266	1476.74531	Medium
479509	4629643	99002807	2115	n	2218.02	9.0671	116.288	0.939944	0.602258	113.003	112	84.4801	82	68.3337	67	1767.29979	2695.6899	1767.29979	Medium
479809	4629643	99002808	2116	n	2205.82	6.8844	163.809	0.783438	0.680407	115.973	116	95.4495	98	76.393	78	2060.56313	2597.45675	2060.56313	Shallow
480109	4629643	99002809	2117	n	2181.1	8.9595	104.628	0.594666	0.900176	118.964	119	97.1815	96	80.7185	80	2081.60299	2453.88665	2081.60299	Shallow
480409	4629643	99002810	2118	n	2152.87	5.582	121.305	0.54153	0.667787	114.615	114	94.6916	93	77.0629	75	1816.66979	2340.15765	1816.66979	Medium
480709	4629643	99002811	2119	n	2145.76	7.6263	117.315	0.641559	0.652288	111.834	111	93.8455	93	74.473	73	1564.4511	2260.77773	1564.4511	Medium
481009	4629643	99002812	2120	n	2140.82	7.5046	263.227	0.723295	0.434325	114.847	114	100.231	100	79.7648	80	1332.18819	2219.43553	1332.18819	Medium
481309	4629643	99002813	2121	n	2136.76	5.8189	109.801	0.85971	0.721311	114.468	114	97.4285	96	79.2033	78	1132.22944	2218.25882	1132.22944	Medium
481609	4629643	99002814	2122	n	2131.52	2.6142	188.426	0.128297	0.453001	117.578	117	104.061	104	83.2423	83	984.46007	2257.31042	984.46007	Medium
481909	4629643	99002815	2123	n	2128.49	2.4147	154.501	0.253002	0.687232	116.49	116	103.587	103	84.7839	84	914.538	2334.57244	914.538	Medium
482209	4629643	99002816	2124	n	2132.32	3.6245	220.073	0.070851	0.206848	118.729	118	110.141	109	87.5583	86	864.85773	2123.62039	864.85773	Shallow
482509	4629643	99002817	2125	n	2128.21	4.2951	117.9	0.52215	0.887082	113.049	113	102.643	102	84.0844	84	756.06681	1846.3807	756.06681	Shallow
482809	4629643	99002818	2126	n	2118.49	2.3013	149.259	0.284248	0.687604	113.507	113	108.9	109	88.3135	88	758.48213	1577.49162	758.48213	Deep
483109	4629643	99002819	2127	n	2110.13	2.7815	74.2131	0.802076	0.896476	110.821	109	104.111	102	84.6708	83	871.17924	1322.05822	871.17924	Shallow
483409	4629643	99002820	2128	n	2097.89	3.0346	78.7885	0.810457	0.888862	113.963	113	106.269	105	87.0122	86	1059.53358	1089.58527	1059.53358	Deep
483709	4629643	99002821	2129	n	2091.5	2.8018	102.936	0.91643	0.699694	113.614	114	110.004	110	88.2359	88	1161.90987	898.08362	898.08362	Deep
484009	4629643	99002822	2130	n	2084.96	2.7475	63.8402	0.9195	0.881767	111.725	112	107.609	108	86.6712	87	1071.56552	778.40369	778.40369	Shallow
484309	4629643	99002823	2131	n	2077.95	4.9407	102.663	0.95237	0.581234	110.051	109	104.381	104	82.4684	82	1061.35329	765.02969	765.02969	Shallow
484609	4629643	99002824	2132	n	2065.66	6.8614	57.7525	0.895419	0.851147	120.044	119	114.112	113	92.6955	92	1133.44119	800.38326	800.38326	Deep
484909	4629643	99002825	2133	n	2037.05	5.632	70.7491	0.836208	0.913276	124.549	124	118.579	118	95.815	95	1273.93369	736.72297	736.72297	Deep
485209	4629643	99002826	2134	n	2026.52	6.7339	255.16	0.829784	0.436025	114.257	114	109.715	110	85.8809	86	1219.74012	723.26599	723.26599	Deep
485509	4629643	99002827	2135	n	2031.38	4.6584	111.559	0.921264	0.638579	114.734	115	114.379	114	90.1624	90	927.45177	595.14959	595.14959	Shallow
485809	4629643	99002828	2136	n	2013.67	5.627	73.0179	0.83697	0.938053	122.952	123	123.48	123	101.235	101	642.31428	423.17042	423.17042	Deep
486109	4629643	99002829	2137	n	1991.24	3.821	84.8103	0.768684	0.966014	132.501	132	133.544	133	110.961	110	380.74726	225.4272	225.4272	Deep
486409	4629643	99002830	2138	n	1981.44	4.141	213.659	0.552449	0.415755	121.147	122	121.968	122	97.5111	97	239.51894	44.12058	44.12058	Deep
486709	4629643	99002831	2139	n	2008.98	11.5189	238.609	0.271923	0.247209	106.768	108	117.429	117	89.2723	89	387.00151	309.02425	309.02425	Deep
487009	4629643	99002832	2140	n	2033.78	9.4669	228.125	0.083946	0.180455	115.87	116	128.477	129	96.6586	96	649.74688	589.93082	589.93082	Deep
487309	4629643	99002833	2141	n	2051.26	7.921	167.805	0.198637	0.572439	120.631	118	132.193	129	101.76	99	789.24068	789.24068	789.24068	Deep
487609	4629643	99002834	2142	n	2043.6	1.6022	111.436	0.668672	0.873758	109.493	109	121.638	121	94.8064	95	817.58117	817.58117	817.58117	Deep
487909	4629643	99002835	2143	n	2037.54	2.9597	123.285	0.466722	0.826508	121.501	121	133.59	133	107.057	107	945.50362	945.50362	945.50362	Deep
488209	4629643	99002836	2144	n	2027.92	4.2398	164.522	0.300344	0.570783	115.694	115	129.196	128	102.628	102	1139.96282	1139.27786	1139.27786	Deep
488509	4629643	99002837	2145	n	2034.05	4.0471	174.082	0.579877	0.502729	106.26	107	120.949	121	93.8458	94	1372.97245	1274.21836	1274.21836	Deep
488809	4629643	99002838	2146	n	2028.72	2.1174	113.571	0.531243	0.780135	115.06	115	128.185	128	102.069	102	1531.21301	1385.47237	1385.47237	Deep
489109	4629643	99002839	2147	n	2022.41	2.0104	106.099	0.645579	0.846735	117.547	118	128.697	129	103.455	103	1579.12434	1534.98171	1534.98171	Deep
489409	4629643	99002840	2148	n	2012.11	2.5741	110.271	0.575918	0.891605	119.841	120	128.492	129	104.107	104	1680.07562	1705.08112	1680.07562	Deep
489709	4629643	99002841	2149	n	2020.45	6.4699	225.25	0.109496	0.196615	110.902	111	120.693	120	95.4628	95	1825.28751	1890.32281	1825.28751	Deep
490009	4629643	99002842	2150	n	2022.34	8.0356	144.05	0.337786	0.743551	134.709	135	138.558	138	115.431	115	2005.16705	1994.67753	1994.67753	Deep
490309	4629643	99002843	2151	n	2006.99	3.595	135.149	0.432867	0.786129	130.247	131	134.939	135	112.113	112	2211.27007	1986.79481	1986.79481	Deep
490609	4629643	99002844	2152	n	2018.97	10.9142	246.09	0.241301	0.144012	105.834	104	112.393	111	88.4478	87	2079.64999	2017.38732	2017.38732	Deep
490909	4629643	99002845	2153	n	2078.95	11.916	218.458	0.313996	0.343593	110.733	111	116.618	116	94.1284	95	1940.61388	1940.61388	1940.61388	Deep
491209	4629643	99002846	2154	n	2049.47	15.0238	111.609	0.565391	0.871571	139.279	139	141.591	141	119.1	118	1840.38592	1840.38592	1840.38592	Deep
491509	4629643	99002847	2155	n	2009.98	9.5265	121.188	0.49451	0.782418	134.601	134	140.894	141	117.895	117	1785.5135	1785.5135	1785.5135	Deep
491809	4629643	99002848	2156	n	1973.45	8.5459	91.2735	0.685196	0.864423	142.173	140	143.902	142	121.819	120	1780.19566	1683.8217	1683.8217	Deep
492109	4629643	99002849	2157	n	1949.49	4.8846	114.72	0.536121	0.894725	142.808	142	142.959	143	121.418	121	1824.86567	1605.87379	1605.87379	Deep
492409	4629643	99002850	2158	n	1931.96	4.1109	105.376	0.595486	0.874182	144.096	144	143.41	143	121.735	121	1916.03049	1477.07543	1477.07543	Deep
492709	4629643	99002851	2159	n	1919.07	5.5146	115.911	0.505726	0.756914	157.114	156	157.444	155	135.577	133	2047.48894	1374.65267	1374.65267	Deep
493009	4629643	99002852	2160	n	1906.23	3.1028	120.802	0.498316	0.880848	153.977	155	150.475	151	130.185	131	2212.06896	1333.26219	1333.26219	Deep
493309	4629643	99002853	2161	n	1898.29	0.9657	99.3803	0.673625	0.986189	159.889	161	134.915	141	123.95	126	2257.65524	1358.49409	1358.49409	Deep
475609	4629443	99002862	2162	n	2101.27	8.5996	245.43	0.632255	0.32636	138.017	138	125.824	131	104.697	108	2188.39715	593.77787	593.77787	Medium
475909	4629443	99002863	2163	n	2103.84	12.8132	218.438	0.760848	0.446113	133.933	133	113.816	114	93.7102	93	1889.882	442.23686	442.23686	Deep
476209	4629443	99002864	2164	n	2124.16	19.6117	209.228	0.724843	0.372551	135.697	135	114.413	120	94.3148	96	1591.92519	381.68815	381.68815	Shallow
476509	4629443	99002865	2165	n	2116.66	18.7253	161.994	0.882702	0.659287	129.525	127	93.3104	97	73.4926	76	1294.91222	249.38378	249.38378	Shallow
476809	4629443	99002866	2166	n	2096.4	21.9926	137.777	0.775745	0.657954	127.533	126	109.699	108	87.965	84	999.68471	160.32024	160.32024	Shallow
477109	4629443	99002867	2167	n	2063.71	17.7227	171.593	0.461723	0.456503	138.927	140	116.487	122	102.391	103	708.47821	336.06652	336.06652	Shallow
477409	4629443	99002868	2168	n	2084.47	17.837	203.874	0.109062	0.324395	137.714	138	129.108	131	107.766	108	429.55003	616.58643	429.55003	Shallow
477709	4629443	99002869	2169	n	2109.9	17.158	188.609	0.068818	0.42975	141.292	141	127.018	131	108.263	110	216.99098	909.62462	216.99098	Shallow
478009	4629443	99002870	2170	n	2132.5	21.4084	225.695	0.232761	0.354895	137.657	144	118.626	130	100.221	111	299.42769	1206.09083	299.42769	Shallow
478309	4629443	99002871	2171	n	2163.56	18.6046	210.567	0.202532	0.390569	134.607	138	120.999	126	100.308	105	558.77437	1503.95918	558.77437	Shallow
478609	4629443	99002872	2172	n	2192.94	13.9775	218.662	0.072447	0.221063	132.693	134	118.792	122	98.7886	99	845.45884	1802.5347	845.45884	Shallow
478909	4629443	99002873	2173	n	2220.48	5.4609	214.374	0.127434	0.30865	123.463	123	112.332	112	91.0508	88	1139.02261	2101.51599	1139.02261	Shallow
479209	4629443	99002874	2174	n	2226.41	4.0763	187.475	0.052435	0.436132	120.233	119	106.667	107	83.914	83	1435.25063	2400.75146	1435.25063	Medium
479509	4629443	99002875	2175	n	2227.64	2.6418	154.984	0.313818	0.623753	119.749	119	108.221	108	83.4215	83	1732.77702	2700.15661	1732.77702	Medium
479809	4629443	99002876	2176	n	2208.11	9.376	99.2991	0.7634	0.734618	111.48	110	85.9174	85	69.3889	68	2031.03128	2769.88867	2031.03128	Medium
480109	4629443	99002877	2177	n	2193.31	9.5673	25.9998	0.974714	0.69643	115.534	112	82.4672	85	69.5294	69	2176.64252	2635.72786	2176.64252	Shallow
480409	4629443	99002878	2178	n	2171.98	10.4227	96.4111	0.942336	0.553939	107.634	106	79.0702	81	64.3681	65	1924.83526	2530.18566	1924.83526	Medium
480709	4629443	99002879	2179	n	2165.9	9.3906	83.6958	0.938883	0.689782	114.098	112	84.4731	88	69.4804	71	1688.8484	2456.95291	1688.8484	Medium
481009	4629443	99002880	2180	n	2151.4	2.6459	190.495	0.514142	0.384404	118.165	118	103.483	103	82.2623	82	1476.28826	2418.96584	1476.28826	Medium
481309	4629443	99002881	2181	n	2143.36	4.4723	77.3858	0.81485	0.952421	114.077	113	97.604	96	79.9763	79	1298.70904	2417.88624	1298.70904	Medium
481609	4629443	99002882	2182	n	2128.88	2.0881	102.145	0.792232	0.733295	115.755	115	98.3216	97	79.1109	78	1172.11914	2453.76282	1172.11914	Medium
481909	4629443	99002883	2183	n	2123.09	2.2459	131.279	0.412745	0.725204	119.034	118	104.031	103	84.7691	84	920.5555	2351.15016	920.5555	Medium
482209	4629443	99002884	2184	n	2121	5.1648	150.41	0.365467	0.510333	121.824	121	110.854	110	90.223	90	700.7714	2060.88942	700.7714	Medium
482509	4629443	99002885	2185	n	2129.37	5.8603	116.177	0.586035	0.72056	120.17	120	111.264	111	92.4624	92	561.01576	1773.87241	561.01576	Shallow
482809	4629443	99002886	2186	n	2114.6	2.3235	93.7677	0.679531	0.874006	111.557	111	102.766	103	82.8034	83	564.26661	1491.97234	564.26661	Shallow
483109	4629443	99002887	2187	n	2109.73	2.6176	150.378	0.360564	0.641541	114.22	114	108.863	109	87.2942	88	708.55835	1218.74509	708.55835	Deep
483409	4629443	99002888	2188	n	2099.67	2.2451	80.8173	0.788644	0.952245	114.21	114	107.06	107	86.5118	86	930.43702	961.61204	930.43702	Deep
483709	4629443	99002889	2189	n	2093.22	1.2267	108.854	0.588612	0.931122	116.514	115	111.75	110	89.3315	88	983.83749	737.60141	737.60141	Deep
484009	4629443	99002890	2190	n	2086.31	1.907	122.153	0.528778	0.839101	112.508	111	108.987	108	86.6263	86	875.30242	586.01533	586.01533	Shallow
484309	4629443	99002891	2191	n	2082.04	3.7719	168.422	0.226269	0.594629	117.757	117	114.247	113	90.8526	90	862.77022	568.13035	568.13035	Shallow
484609	4629443	99002892	2192	n	2068.65	5.2307	104.848	0.617291	0.912357	124.156	123	120.119	119	98.229	97	950.04767	614.06064	614.06064	Shallow
484909	4629443	99002893	2193	n	2044.61	5.6685	49.5	0.914089	0.823581	123.724	123	116.901	116	94.9312	94	1113.91593	539.93882	539.93882	Deep
485209	4629443	99002894	2194	n	2040.32	4.3842	188.274	0.654408	0.478846	120.976	120	117.832	116	93.7517	92	1274.19	523.27369	523.27369	Deep
485509	4629443	99002895	2195	n	2034.34	4.8109	107.532	0.555633	0.847581	129.038	128	128.427	127	104.938	104	997.97846	408.29486	408.29486	Shallow
485809	4629443	99002896	2196	n	2012.87	6.8283	102.267	0.613294	0.889391	134.99	134	135.175	134	112.032	111	740.51458	286.96207	286.96207	Deep
486109	4629443	99002897	2197	n	1987.96	4.0111	132.687	0.536106	0.876246	135.66	135	134.484	135	111.98	112	529.87044	87.29694	87.29694	Deep
486409	4629443	99002898	2198	n	1993.99	9.5547	285.425	0.733061	0.325274	106.206	105	107.583	107	83.7922	83	439.50373	116.94315	116.94315	Deep
486709	4629443	99002899	2199	n	2011.78	9.9804	204.971	0.630428	0.34828	102.828	104	112.185	113	85.2368	87	534.38223	389.77636	389.77636	Deep
487009	4629443	99002900	2200	n	2024.32	6.8929	205.954	0.61405	0.356782	106.105	105	115.859	114	88.8689	88	746.97069	661.122	661.122	Deep
487309	4629443	99002901	2201	n	2037.83	4.975	254.736	0.377072	0.227676	102.858	102	115.93	115	88.0581	87	988.53553	940.53393	940.53393	Deep
487609	4629443	99002902	2202	n	2040.81	2.3942	129.704	0.422809	0.853291	114.408	112	125.142	123	98.8288	97	1011.3064	1011.3064	1011.3064	Deep
487909	4629443	99002903	2203	n	2027.1	4.5903	140.819	0.337858	0.789628	121.077	120	131.939	131	105.623	105	1117.26396	1117.26396	1117.26396	Deep
488209	4629443	99002904	2204	n	2018.77	2.7176	168.236	0.205268	0.584912	115.444	115	128.523	128	102.018	101	1286.00812	1286.00812	1286.00812	Deep
488509	4629443	99002905	2205	n	2025.1	5.5745	194.462	0.06031	0.38209	108.874	108	124.626	124	97.2654	96	1496.44746	1446.90501	1446.90501	Deep
488809	4629443	99002906	2206	n	2023.75	4.7052	153.723	0.26661	0.664263	115.002	115	128.745	128	102.33	102	1730.84757	1566.68531	1566.68531	Deep
489109	4629443	99002907	2207	n	2023.98	5.5807	146.541	0.532421	0.557094	119.637	119	130.441	130	104.759	104	1773.37355	1705.59975	1705.59975	Deep
489409	4629443	99002908	2208	n	2008.07	3.9462	122.455	0.516012	0.80333	123.749	124	132.198	132	107.488	107	1863.83319	1872.21881	1863.83319	Deep
489709	4629443	99002909	2209	n	2015.31	5.529	179.519	0.509609	0.447057	112.572	116	121.874	124	97.0594	100	1995.71906	2045.40495	1995.71906	Deep
490009	4629443	99002910	2210	n	2004.3	5.6967	124.196	0.457517	0.80076	134.497	134	138.178	137	115.199	114	2161.4613	2178.31129	2161.4613	Deep
490309	4629443	99002911	2211	n	1995.76	5.7741	164.428	0.2189	0.611538	134.412	134	138.455	138	115.427	115	2353.91915	2186.69963	2186.69963	Deep
490609	4629443	99002912	2212	n	2015.79	12.1357	259.681	0.258051	0.083057	105.576	103	112.552	111	87.1233	86	2252.875	2215.16439	2215.16439	Deep
490909	4629443	99002913	2213	n	2068.79	12.2755	178.204	0.397606	0.514656	119.935	128	124.448	130	102.376	110	2125.20208	2125.20208	2125.20208	Deep
491209	4629443	99002914	2214	n	2031.96	13.6224	123.322	0.466881	0.812844	138.486	138	142.615	142	120.041	119	2034.08997	2034.08997	2034.08997	Deep
491509	4629443	99002915	2215	n	1997.79	8.516	133.874	0.407815	0.775342	135.056	134	141.165	140	118.058	117	1984.58059	1984.58059	1984.58059	Deep
491809	4629443	99002916	2216	n	1974.22	5.7682	114.642	0.540651	0.919151	136.554	136	140.53	141	117.697	118	1979.79753	1873.11429	1873.11429	Deep
492109	4629443	99002917	2217	n	1947.43	5.4902	93.5679	0.702321	0.937125	144.487	144	144.708	145	123.145	123	2020.05851	1796.36727	1796.36727	Deep
492409	4629443	99002918	2218	n	1928.67	4.3484	104.084	0.584959	0.80036	153.459	154	151.427	153	130.164	131	2102.77781	1659.77513	1659.77513	Deep
492709	4629443	99002919	2219	n	1915.81	5.0927	108.145	0.572791	0.815852	166.301	169	159.848	161	140.082	142	2223.22123	1569.32202	1569.32202	Deep
493009	4629443	99002920	2220	n	1902.97	1.7093	101.167	0.665744	0.965389	165.696	168	157.25	163	138.085	142	2198.16076	1516.4498	1516.4498	Deep
493309	4629443	99002921	2221	n	1897.71	0.6941	106.628	0.612095	0.965117	160.475	163	122.093	132	118.792	123	2070.38857	1265.10674	1265.10674	Deep
475609	4629243	99002930	2222	n	2101.33	9.4235	205.145	0.1056	0.338064	140.379	141	134.581	136	110.857	112	2179.0479	754.9361	754.9361	Medium
475909	4629243	99002931	2223	n	2114.69	11.7196	234.305	0.339119	0.286045	135.771	136	118.348	120	98.6948	100	1879.04806	634.5666	634.5666	Medium
476209	4629243	99002932	2224	n	2164.63	12.9435	283.98	0.551343	0.174597	133.273	134	119.594	122	96.654	98	1579.04828	581.53891	581.53891	Shallow
476509	4629243	99002933	2225	n	2153.09	13.9993	93.9115	0.797044	0.890652	132.165	131	104.778	108	83.3032	85	1279.0486	429.75403	429.75403	Shallow
476809	4629243	99002934	2226	n	2120.61	14.419	185.207	0.790125	0.573459	130.47	130	102.933	105	82.7203	83	979.04912	360.28355	360.28355	Shallow
477109	4629243	99002935	2227	n	2106.01	21.8912	142.536	0.909473	0.624422	120.289	119	97.104	96	77.8177	76	679.0501	465.87805	465.87805	Shallow
477409	4629243	99002936	2228	n	2078.75	12.1844	172.23	0.826311	0.56645	123.135	120	97.2551	95	80.5797	77	379.05262	695.90264	379.05262	Deep
477709	4629243	99002937	2229	n	2083.04	8.811	181.607	0.532144	0.372094	132.502	133	92.6809	90	84.1961	81	79.07429	965.15212	79.07429	Deep
478009	4629243	99002938	2230	n	2140.72	19.1327	261.211	0.380047	0.137944	126.503	127	106.854	109	85.681	86	220.96289	1248.5018	220.96289	Shallow
478309	4629243	99002939	2231	n	2169.28	11.5927	248.155	0.7653	0.37259	114.766	114	96.636	95	75.6659	73	520.95725	1538.17907	520.95725	Shallow
478609	4629243	99002940	2232	n	2175.63	10.0043	172.253	0.57856	0.393109	116.911	115	90.7505	87	73.1319	70	820.95573	1831.18349	820.95573	Shallow
478909	4629243	99002941	2233	n	2203.57	10.9169	245.72	0.254264	0.249245	126.1	127	114.121	116	93.2531	93	1120.95502	2126.13996	1120.95502	Shallow
479209	4629243	99002942	2234	n	2218.9	4.4425	268.172	0.431237	0.280437	115.693	115	100.773	100	78.1722	77	1420.95462	2422.33549	1420.95462	Medium
479509	4629243	99002943	2235	n	2226.64	2.0077	283.802	0.531243	0.237233	114.319	114	101.597	101	78.4243	78	1720.95435	2719.36525	1720.95435	Medium
479809	4629243	99002944	2236	n	2222.92	3.9569	82.5228	0.719386	0.863577	117.102	115	101.339	100	78.6992	77	2020.95416	2945.80802	2020.95416	Shallow
480109	4629243	99002945	2237	n	2206.59	5.206	99.9751	0.605158	0.832575	117.499	117	97.0494	97	77.1093	77	2285.27336	2820.02891	2285.27336	Medium
480409	4629243	99002946	2238	n	2192.89	3.6992	124.235	0.459848	0.751981	116.717	116	100.36	100	79.4556	79	2046.87382	2721.6431	2046.87382	Shallow
480709	4629243	99002947	2239	n	2181.34	6.6087	86.3903	0.700999	0.843756	117.25	117	92.1199	95	76.2329	77	1826.72126	2653.69917	1826.72126	Shallow
481009	4629243	99002948	2240	n	2154.12	5.7267	77.3624	0.761249	0.793476	114.512	114	86.883	86	72.7914	72	1632.21588	2618.56781	1632.21588	Medium
481309	4629243	99002949	2241	n	2141.75	3.6178	130.847	0.420124	0.805143	117.782	117	101.477	101	83.6755	83	1386.79769	2617.57054	1386.79769	Medium
481609	4629243	99002950	2242	n	2131.83	2.3544	83.9274	0.730089	0.887645	117.639	117	101.631	101	84.1478	84	1098.57451	2608.84086	1098.57451	Medium
481909	4629243	99002951	2243	n	2120.47	3.375	92.3162	0.648857	0.78108	116.329	116	99.9063	99	81.9744	82	818.85535	2312.014	818.85535	Medium
482209	4629243	99002952	2244	n	2115.58	1.8769	136.694	0.392569	0.735131	119.105	118	107.286	106	88.3639	87	560.51959	2016.1267	560.51959	Shallow
482509	4629243	99002953	2245	n	2118.23	7.3504	157.968	0.325085	0.573523	123.38	122	115.209	114	95.8188	94	371.26855	1721.66344	371.26855	Shallow
482809	4629243	99002954	2246	n	2113.02	3.6667	104.454	0.620226	0.924101	114.35	114	107.006	107	86.85	87	376.16281	1429.5045	376.16281	Shallow
483109	4629243	99002955	2247	n	2104.53	5.7196	180.897	0.267695	0.494778	118.399	122	114.618	118	92.896	96	570.22503	1141.42071	570.22503	Deep
483409	4629243	99002956	2248	n	2100.1	2.8807	96.1227	0.684285	0.948037	114.644	114	110.321	110	89.8658	90	829.94862	861.50994	829.94862	Deep
483709	4629243	99002957	2249	n	2089.14	3.1625	122.158	0.466178	0.798986	119.963	119	116.86	116	94.5992	94	815.98889	601.29651	601.29651	Deep
484009	4629243	99002958	2250	n	2082.1	2.7199	149.136	0.382562	0.713809	115.5	115	113.303	112	90.6695	89	681.21655	401.1429	401.1429	Deep
484309	4629243	99002959	2251	n	2074.97	2.8611	82.4831	0.745354	0.871397	114.799	115	111.525	111	89.3565	89	665.03693	373.06786	373.06786	Deep
484609	4629243	99002960	2252	n	2058.02	9.2827	105.918	0.593666	0.791264	130.953	129	123.649	121	102.439	100	774.91434	422.79781	422.79781	Deep
484909	4629243	99002961	2253	n	2045.81	5.7968	187.665	0.254163	0.387368	128.735	129	122.216	122	98.2737	98	968.87066	344.72538	344.72538	Deep
485209	4629243	99002962	2254	n	2044.18	6.3766	112.62	0.508887	0.719612	130.876	129	126.827	125	103.585	102	1207.03293	323.29091	323.29091	Shallow
485509	4629243	99002963	2255	n	2028.05	7.4332	126.798	0.429446	0.807645	138.657	138	137.517	137	113.413	112	1100.79753	235.67929	235.67929	Shallow
485809	4629243	99002964	2256	n	2000.08	7.2891	139.09	0.388574	0.830074	138.747	139	135.966	136	113.824	114	874.16019	107.12103	107.12103	Deep
486109	4629243	99002965	2257	n	1991.94	6.5068	250.125	0.669386	0.424298	116.821	115	113.425	111	91.0643	88	704.66793	59.44626	59.44626	Deep
486409	4629243	99002966	2258	n	2019.4	8.7585	292.8	0.539795	0.205378	102.929	102	109.003	108	82.5083	82	639.49803	225.59573	225.59573	Deep
486709	4629243	99002967	2259	n	2024.19	7.8767	116.789	0.809253	0.546449	107.3	108	114.703	115	88.8602	89	708.06679	476.61331	476.61331	Deep
487009	4629243	99002968	2260	n	2037.23	6.0599	284.854	0.542021	0.219248	98.1935	98	110.573	110	83.2402	83	879.63596	741.62349	741.62349	Deep
487309	4629243	99002969	2261	n	2044.43	1.6197	155.105	0.785072	0.587347	104.353	104	116.832	116	90.3242	90	1107.32121	1018.74535	1018.74535	Deep
487609	4629243	99002970	2262	n	2038.73	4.0528	88.3341	0.785263	0.796711	113.044	113	123.189	123	97.1165	97	1207.08007	1207.08007	1207.08007	Deep
487909	4629243	99002971	2263	n	2023.57	4.6121	87.7764	0.770638	0.751497	115.773	115	125.705	124	99.9897	99	1297.14317	1297.14317	1297.14317	Deep
488209	4629243	99002972	2264	n	2016.1	2.5242	58.9207	0.820442	0.743406	113.258	112	124.438	124	97.9922	97	1445.03236	1445.03236	1445.03236	Deep
488509	4629243	99002973	2265	n	2011.79	3.1559	111.92	0.518992	0.654189	115.041	115	127.869	128	101.431	101	1635.132	1625.86462	1625.86462	Deep
488809	4629243	99002974	2266	n	2010.68	3.8332	175.159	0.218028	0.472757	113.635	114	126.45	127	100.368	100	1854.50662	1750.54406	1750.54406	Deep
489109	4629243	99002975	2267	n	2015.46	4.0351	173.134	0.195638	0.549773	119.24	119	130.766	130	104.97	104	1968.77469	1878.75361	1878.75361	Deep
489409	4629243	99002976	2268	n	2004.44	5.2461	141.544	0.381845	0.711752	123.676	124	132.294	132	106.875	107	2050.63263	2034.26898	2034.26898	Deep
489709	4629243	99002977	2269	n	2016.37	8.769	194.69	0.403813	0.449421	113.883	114	123.608	124	97.7804	98	2171.20119	2204.89979	2171.20119	Deep
490009	4629243	99002978	2270	n	1999.32	4.6943	117.802	0.516811	0.905074	127.69	127	133.614	133	110.138	110	2305.38444	2364.60182	2305.38444	Deep
490309	4629243	99002979	2271	n	1984	4.7186	153.488	0.357242	0.664272	130.36	133	134.354	136	111.848	114	2169.25691	2386.6204	2169.25691	Deep
490609	4629243	99002980	2272	n	2013.8	12.8396	268.781	0.265747	0.048747	102.219	101	111.689	111	86.2026	86	2067.98299	2413.30788	2067.98299	Deep
490909	4629243	99002981	2273	n	2060.77	12.0945	174.825	0.40785	0.57773	122.839	130	128.091	134	105.419	112	2006.84623	2312.35498	2006.84623	Deep
491209	4629243	99002982	2274	n	2014.92	11.4677	123.626	0.472678	0.849835	138.595	138	143.404	143	120.266	120	1989.55018	2228.90638	1989.55018	Deep
491509	4629243	99002983	2275	n	1983.46	7.1852	129.959	0.414677	0.815962	139.297	139	145.415	145	122.1	121	2017.22285	2166.97501	2017.22285	Deep
491809	4629243	99002984	2276	n	1964.65	4.9479	124.978	0.464928	0.87842	138.053	138	141.602	142	118.913	119	2088.07714	2064.42699	2064.42699	Deep
492109	4629243	99002985	2277	n	1943.46	4.2311	120.497	0.495971	0.882534	147.52	148	146.968	149	125.612	127	2197.94092	1969.78096	1969.78096	Deep
492409	4629243	99002986	2278	n	1930.27	3.7928	98.936	0.639577	0.851713	152.079	152	150.534	150	129.317	129	2291.76268	1846.06477	1846.06477	Deep
492709	4629243	99002987	2279	n	1914.38	3.9584	89.7346	0.706327	0.920025	163.883	163	157.437	158	137.598	138	2197.0012	1700.26988	1700.26988	Deep
493009	4629243	99002988	2280	n	1901.76	1.5863	112.69	0.562461	0.955139	167.529	172	115.998	119	120.601	117	2025.19441	1423.99245	1423.99245	Deep
493309	4629243	99002989	2281	n	1897.08	0.5321	108.779	0.606228	0.885018	164.453	169	112.453	108	116.616	115	1885.73872	1156.53785	1156.53785	Deep
475609	4629043	99002998	2282	n	2078.06	15.4805	244.177	0.499449	0.333247	137.823	136	125.487	123	104.753	102	2188.01678	929.8747	929.8747	Shallow
475909	4629043	99002999	2283	n	2138.94	18.2515	267.244	0.441446	0.177901	137.859	137	127.978	130	106.734	106	1889.44152	826.95522	826.95522	Shallow
476209	4629043	99003000	2284	n	2178.55	8.013	214.901	0.304883	0.364909	133.722	133	118.844	122	96.4118	98	1591.40225	747.68674	747.68674	Shallow
476509	4629043	99003001	2285	n	2162.62	10.573	111.535	0.762134	0.779909	132.619	131	112.418	112	89.5918	88	1294.26928	616.6595	616.6595	Shallow
476809	4629043	99003002	2286	n	2149.76	8.4045	220.535	0.784564	0.410208	128.207	128	111.215	113	87.8558	88	998.85176	560.27305	560.27305	Shallow
477109	4629043	99003003	2287	n	2148.17	12.0789	154.633	0.805561	0.695896	124.449	124	110.145	110	88.224	88	707.3024	633.35931	633.35931	Shallow
477409	4629043	99003004	2288	n	2108.2	15.6027	221.309	0.761005	0.539395	118.763	119	93.247	97	74.3835	75	427.60793	817.54642	427.60793	Deep
477709	4629043	99003005	2289	n	2110.72	11.0341	102.787	0.929232	0.708548	114.367	112	94.8301	93	74.4372	72	213.12062	1056.22927	213.12062	Medium
478009	4629043	99003006	2290	n	2121.25	17.8942	210.091	0.211044	0.195744	136.352	136	116.399	121	97.8801	99	296.63489	1320.17362	296.63489	Shallow
478309	4629043	99003007	2291	n	2176.29	9.9129	222.113	0.243495	0.258991	135.291	136	127.757	130	103.17	105	557.28279	1596.90216	557.28279	Shallow
478609	4629043	99003008	2292	n	2191.76	5.745	219.801	0.497978	0.287839	118.263	118	100.006	101	79.2083	79	844.47378	1880.78033	844.47378	Shallow
478909	4629043	99003009	2293	n	2204.93	5.5825	277.738	0.392281	0.14994	115.954	115	99.2825	99	77.1477	75	1138.29162	2169.00271	1138.29162	Medium
479209	4629043	99003010	2294	n	2220.08	2.5415	241.254	0.154482	0.155744	117.038	117	102.935	103	79.151	79	1434.67058	2460.04286	1434.67058	Medium
479509	4629043	99003011	2295	n	2226.49	2.2797	195.888	0.185464	0.4032	118.602	118	105.955	106	83.1789	82	1732.29661	2753.00727	1732.29661	Medium
479809	4629043	99003012	2296	n	2219.33	4.1871	117.774	0.492022	0.802934	120.958	121	108.15	110	85.1778	86	2030.62143	3047.341	2030.62143	Medium
480109	4629043	99003013	2297	n	2203.8	6.5495	79.2051	0.673236	0.747418	111.908	112	92.4045	91	73.1268	73	2329.37658	3006.33742	2329.37658	Medium
480409	4629043	99003014	2298	n	2188.58	5.4114	128.704	0.512478	0.639329	111.953	112	90.1927	87	72.1178	71	2180.45731	2914.24824	2180.45731	Medium
480709	4629043	99003015	2299	n	2184.32	1.7348	130.795	0.448593	0.788111	116.49	116	105.292	105	81.9766	81	1949.10062	2850.89827	1949.10062	Shallow
481009	4629043	99003016	2300	n	2165.93	7.2213	74.101	0.822805	0.921808	117.663	117	91.4988	92	76.8629	76	1650.04587	2818.22623	1650.04587	Medium
481309	4629043	99003017	2301	n	2138.23	5.1116	75.8539	0.787578	0.842475	116.092	115	93.9519	92	78.2755	77	1351.41019	2817.29963	1351.41019	Medium
481609	4629043	98590002	2302	y	2128.88	3.5842	134.353	0.418861	0.682803	121.027	121	105.037	105	87.1685	87	1053.55001	2589.12191	1053.55001	Medium
481909	4629043	99003019	2303	n	2124.11	2.5828	106.113	0.59217	0.810554	118.047	118	104.985	104	86.6703	86	757.38084	2289.74025	757.38084	Medium
482209	4629043	99003020	2304	n	2112.45	3.9524	104.579	0.624194	0.830535	116.523	115	101.579	100	84.3444	83	466.13718	1990.54478	466.13718	Medium
482509	4629043	99003021	2305	n	2105.38	7.0572	146.886	0.391373	0.643419	121.427	120	112.959	111	94.1709	92	202.34128	1691.63431	202.34128	Medium
482809	4629043	99003022	2306	n	2106.36	10.9075	132.499	0.454038	0.690128	128.493	127	124.225	121	100.275	98	211.1874	1393.1923	211.1874	Shallow
483109	4629043	99003023	2307	n	2090.94	15.0395	146.513	0.369902	0.589877	124.038	126	117.378	117	96.4641	97	477.76379	1095.60162	477.76379	Shallow
483409	4629043	99003024	2308	n	2087.11	12.6174	157.757	0.232329	0.660605	138.831	141	136.517	140	113.34	116	769.36101	799.81312	769.36101	Shallow
483709	4629043	99003025	2309	n	2080.95	10.344	142.821	0.323255	0.707407	136.201	135	135.017	136	112.088	112	666.13776	508.97854	508.97854	Shallow
484009	4629043	99003026	2310	n	2069.95	14.4319	166.173	0.317942	0.583132	126.484	135	125.807	135	103.134	111	491.8919	241.69667	241.69667	Deep
484309	4629043	99003027	2311	n	2066.63	12.1361	167.125	0.216603	0.57765	126.203	123	124.647	122	100.269	97	469.22891	173.38218	173.38218	Deep
484609	4629043	99003028	2312	n	2056.6	10.6083	123.219	0.499038	0.825501	134.686	134	131.031	130	107.23	106	615.1373	223.29274	223.29274	Deep
484909	4629043	99003029	2313	n	2026.56	8.7513	151.618	0.300619	0.683841	136.465	135	128.082	127	105.537	105	846.5294	150.3877	150.3877	Deep
485209	4629043	99003030	2314	n	2016.12	8.3676	165.589	0.154777	0.620992	139.063	139	131.517	131	108.7	109	1111.22911	123.36396	123.36396	Deep
485509	4629043	99003031	2315	n	2004.19	6.6357	169.542	0.386906	0.675765	133.568	134	124.596	126	104.234	105	1227.82304	63.79539	63.79539	Deep
485809	4629043	99003032	2316	n	2002.26	8.654	247.108	0.776712	0.471105	114.741	113	109.881	109	89.0452	88	1029.53885	44.3996	44.3996	Deep
486109	4629043	99003033	2317	n	2013.35	9.4097	215.411	0.748581	0.390998	108.264	110	108.658	110	85.1733	86	890.14105	194.53912	194.53912	Deep
486409	4629043	99003034	2318	n	2026.29	9.0402	218.752	0.640276	0.338829	104.818	105	109.295	109	83.8734	84	839.49505	393.77009	393.77009	Deep
486709	4629043	99003035	2319	n	2036.91	4.2158	198.052	0.603967	0.358108	106.316	107	115.566	116	89.5345	90	892.83413	582.76343	582.76343	Deep
487009	4629043	99003036	2320	n	2045.02	2.1378	304.409	0.596466	0.150541	98.7825	98	111.251	110	84.5447	84	1034.19226	834.14629	834.14629	Deep
487309	4629043	99003037	2321	n	2046.14	0.9924	113.909	0.739354	0.78326	104.24	104	117.756	117	91.1068	91	1233.67519	1099.12928	1099.12928	Deep
487609	4629043	99003038	2322	n	2041.53	2.151	112.176	0.586338	0.83425	109.586	107	121.268	119	94.4353	93	1404.04556	1372.10178	1372.10178	Deep
487909	4629043	99003039	2323	n	2027.98	3.2825	139.653	0.580362	0.648228	111.364	111	123.714	123	96.2982	96	1482.18827	1482.18827	1482.18827	Deep
488209	4629043	99003040	2324	n	2023.08	2.3516	56.995	0.92985	0.80641	111.907	112	125.382	125	98.746	98	1613.20184	1613.20184	1613.20184	Deep
488509	4629043	99003041	2325	n	2013.46	2.4874	74.527	0.819434	0.92341	115.016	115	128.266	128	101.952	101	1785.48546	1739.16695	1739.16695	Deep
488809	4629043	99003042	2326	n	2008.86	2.9297	159.593	0.60769	0.467982	115.059	115	127.394	127	101.385	101	1988.34012	1795.96769	1795.96769	Deep
489109	4629043	99003043	2327	n	2005.32	6.2648	126.831	0.449049	0.671253	121.842	122	131.596	132	106.77	106	2165.01589	1897.84597	1897.84597	Deep
489409	4629043	99003044	2328	n	1993.55	4.114	128.395	0.424146	0.728275	125.727	125	133.152	133	107.976	107	2239.71298	2029.64963	2029.64963	Deep
489709	4629043	99003045	2329	n	2004.66	8.9554	176.212	0.30198	0.520142	116.26	117	125.687	126	100.678	102	2312.62209	2134.951	2134.951	Deep
490009	4629043	99003046	2330	n	1991.6	5.4088	118.965	0.514483	0.896881	130.822	130	136.351	135	112.73	112	2135.20469	2183.39308	2135.20469	Deep
490309	4629043	99003047	2331	n	1977.29	5.2752	158.109	0.375408	0.63967	125.253	129	131.179	133	108.042	110	1987.45495	2250.13692	1987.45495	Deep
490609	4629043	99003048	2332	n	2014.44	13.0845	264.571	0.22925	0.028395	95.4558	94	108.511	107	83.2025	82	1876.39423	2317.45858	1876.39423	Deep
490909	4629043	99003049	2333	n	2047.47	11.8331	151.947	0.405403	0.725158	133.62	138	139.018	142	116.791	120	1808.79336	2420.35378	1808.79336	Deep
491209	4629043	99003050	2334	n	2000.52	10.3008	118.889	0.515878	0.852815	137.717	138	143.069	143	120.31	120	1789.58419	2424.56704	1789.58419	Deep
491509	4629043	99003051	2335	n	1969.26	6.1169	124.223	0.464056	0.867919	134.981	134	141.136	140	117.748	117	1820.29934	2351.40008	1820.29934	Deep
491809	4629043	99003052	2336	n	1954.68	4.0872	143.025	0.320888	0.77545	136.33	136	140.333	140	117.36	117	1898.51727	2257.24621	1898.51727	Deep
492109	4629043	99003053	2337	n	1937.74	4.3412	103.62	0.624126	0.914989	144.754	145	145.326	146	123.588	124	2018.72384	2147.82184	2018.72384	Deep
492409	4629043	99003054	2338	n	1922.42	4.4001	135.019	0.394232	0.7621	156.782	156	155.949	156	134.372	134	2173.96505	1919.72223	1919.72223	Deep
492709	4629043	99003055	2339	n	1910.58	3.2957	115.713	0.535741	0.908768	159.978	158	142.173	153	129.288	132	2043.60366	1631.55295	1631.55295	Deep
493009	4629043	99003056	2340	n	1899.78	1.2966	111.652	0.60475	0.942339	172.017	171	93.6671	82	112.894	109	1857.6636	1347.39866	1347.39866	Deep
493309	4629043	99003057	2341	n	1896.62	0.3012	132.511	0.538879	0.793106	159.71	166	97.9302	97	107.629	109	1704.55629	1068.9688	1068.9688	Deep
475609	4628843	99003066	2342	n	2126.19	18.8502	288.579	0.732985	0.286828	135.373	136	126.487	128	103.821	105	2215.08128	1110.82865	1110.82865	Shallow
475909	4628843	99003067	2343	n	2139.79	19.8404	155.18	0.612309	0.434637	138.275	136	125.613	125	105.72	101	1920.71782	1018.01601	1018.01601	Medium
476209	4628843	99003068	2344	n	2165.83	10.291	234.175	0.470637	0.355953	133.908	134	116.442	117	94.2035	94	1628.41296	919.90169	919.90169	Shallow
476509	4628843	99003069	2345	n	2170.91	3.409	194.922	0.42701	0.455906	133.424	133	120.7	119	96.8559	95	1339.51508	807.44696	807.44696	Shallow
476809	4628843	99003070	2346	n	2171.85	4.2491	213.735	0.854325	0.487295	129.441	127	119.445	118	93.2736	91	1056.82188	760.26808	760.26808	Shallow
477109	4628843	99003071	2347	n	2151.21	13.3877	96.6315	0.735319	0.822628	130.925	131	105.932	109	88.2049	90	787.04787	815.62594	787.04787	Medium
477409	4628843	99003072	2348	n	2141.62	13.7139	209.328	0.678337	0.376917	117.815	118	110.046	112	85.3736	86	549.56001	965.65201	549.56001	Shallow
477709	4628843	99003073	2349	n	2138.22	12.1992	158.623	0.842341	0.624912	114.297	113	96.6089	97	75.5099	75	405.69454	1174.61565	405.69454	Medium
478009	4628843	99003074	2350	n	2117.58	13.4913	105.52	0.709798	0.644761	127.746	122	105.347	99	88.0764	80	455.14823	1416.67217	455.14823	Deep
478309	4628843	99003075	2351	n	2142.2	15.4547	224.371	0.059978	0.184233	134.608	135	122.757	124	100.409	101	655.53929	1677.5572	655.53929	Shallow
478609	4628843	99003076	2352	n	2187.93	7.0904	242.256	0.129789	0.109277	127.136	127	116.968	118	94.2226	94	912.30676	1949.72724	912.30676	Shallow
478909	4628843	99003077	2353	n	2195.62	8.2674	192.467	0.094191	0.400626	124.149	123	108.061	106	87.1538	85	1189.48538	2229.05236	1189.48538	Medium
479209	4628843	40026576	2354	y	2208.6	6.4789	203.865	0.033036	0.310704	124.861	124	113.593	112	90.1641	87	1475.61761	2513.14794	1475.61761	Shallow
479509	4628843	99003079	2355	n	2216.16	4.867	177.645	0.155344	0.505489	122.057	121	107.767	106	85.7884	84	1766.3576	2800.56256	1766.3576	Medium
479809	4628843	99003080	2356	n	2206.67	5.8066	163.465	0.168471	0.636186	120.463	120	105.772	106	84.185	84	2059.75509	3090.37033	2059.75509	Medium
480109	4628843	99003081	2357	n	2199.33	5.1029	158.869	0.196681	0.667273	120.226	120	105.881	107	84.9922	85	2231.7848	3194.30217	2231.7848	Medium
480409	4628843	99003082	2358	n	2185.84	5.2423	121.849	0.514141	0.854105	114.579	114	94.55	93	77.2353	76	2061.16818	3094.9279	2061.16818	Medium
480709	4628843	99003083	2359	n	2174.13	6.9845	144.761	0.306053	0.66869	123.938	123	112.602	115	92.6113	93	1922.48931	2922.66263	1922.48931	Shallow
481009	4628843	99003084	2360	n	2162.56	8.9048	142.69	0.309376	0.658764	128.338	127	115.049	117	95.7584	96	1644.91733	2772.24367	1644.91733	Shallow
481309	4628843	99003085	2361	n	2143.37	8.0803	110.998	0.535259	0.785101	130.309	128	115.558	116	100.251	98	1345.14354	2647.39742	1345.14354	Shallow
481609	4628843	99003086	2362	n	2121.99	5.0873	111.017	0.567877	0.774394	119.62	119	98.4651	97	82.0305	81	1045.49953	2551.87994	1045.49953	Medium
481909	4628843	40026578	2363	y	2115.44	6.9595	132.827	0.357496	0.546499	120.898	120	107.128	107	88.961	89	746.14168	2284.82211	746.14168	Shallow
482209	4628843	99003088	2364	n	2106.87	9.4664	195.708	0.573047	0.607431	117.777	118	103.159	104	85.1068	86	447.64442	1984.88543	447.64442	Medium
482509	4628843	99003089	2365	n	2099.81	10.0438	99.9627	0.774133	0.600688	114.148	109	95.2544	92	79.6535	75	155.06015	1684.97131	155.06015	Medium
482809	4628843	99003090	2366	n	2092.13	11.6192	108.935	0.832711	0.578931	107.749	104	87.9386	85	72.9631	70	166.4385	1385.09438	166.4385	Medium
483109	4628843	99003091	2367	n	2083.92	12.0555	103.595	0.843372	0.576973	110.875	105	95.2472	92	78.5867	75	459.73895	1085.28548	459.73895	Medium
483409	4628843	99003092	2368	n	2076.02	11.1925	61.3602	0.927745	0.624809	111.12	110	97.1502	97	80.3652	80	758.29943	785.62248	758.29943	Medium
483709	4628843	99003093	2369	n	2061.84	14.0744	48.7628	0.802819	0.606002	122.778	118	103.908	103	88.3678	86	549.2187	486.37518	486.37518	Medium
484009	4628843	99003094	2370	n	2050.37	13.0438	61.8519	0.805	0.632815	124.788	119	98.0995	101	86.3544	86	316.00522	189.52292	189.52292	Medium
484309	4628843	99003095	2371	n	2033.74	12.0803	79.6174	0.672108	0.649421	124.859	122	107.059	108	90.4292	90	279.42338	26.21164	26.21164	Medium
484609	4628843	99003096	2372	n	2022.34	10.6381	171.029	0.41736	0.617897	134.068	136	120.135	121	99.6968	101	486.10241	28.73703	28.73703	Deep
484909	4628843	99003097	2373	n	2021.6	12.9113	220.433	0.711666	0.524834	118.381	117	101.69	100	84.0686	83	757.9668	42.84826	42.84826	Deep
485209	4628843	99003098	2374	n	2015.75	9.7554	111.03	0.877287	0.594542	120.488	120	106.378	106	87.3926	87	1045.33813	73.86371	73.86371	Deep
485509	4628843	99003099	2375	n	2012.15	8.4767	199.118	0.763159	0.513036	117.117	117	111.701	111	89.3026	89	1338.26377	119.16316	119.16316	Deep
485809	4628843	99003100	2376	n	2028.2	7.8046	210.932	0.565684	0.304719	110.219	110	110.507	110	85.2536	85	1198.22554	231.5553	231.5553	Deep
486109	4628843	99003101	2377	n	2031.35	5.8744	135.027	0.883093	0.568301	110.429	111	110.413	111	87.3621	88	1080.80771	366.48716	366.48716	Deep
486409	4628843	99003102	2378	n	2035.78	3.7839	255.893	0.53642	0.24232	104.595	105	110.037	110	85.5632	86	1039.49321	544.7468	544.7468	Deep
486709	4628843	99003103	2379	n	2040.37	1.612	267.336	0.404579	0.213863	106.045	105	115.531	115	89.8471	89	1083.02677	724.51009	724.51009	Deep
487009	4628843	40026582	2380	y	2046.69	1.43	240.482	0.280735	0.181666	105.121	105	117.309	117	91.0445	91	1202.2262	942.51419	942.51419	Deep
487309	4628843	99003105	2381	n	2045.69	1.6916	110.962	0.578014	0.781979	108.582	108	121.605	121	94.7284	94	1377.58799	1193.49898	1193.49898	Deep
487609	4628843	99003106	2382	n	2036.85	5.7883	102.117	0.592572	0.7917	121.347	119	131.334	129	104.303	102	1590.64437	1457.12497	1457.12497	Deep
487909	4628843	99003107	2383	n	2021.85	4.4422	168.881	0.322719	0.513778	111.022	112	123.259	123	95.7283	96	1670.68361	1530.78587	1530.78587	Deep
488209	4628843	99003108	2384	n	2021.62	3.1373	142.313	0.336475	0.756524	114.604	114	128.639	128	101.576	101	1787.93788	1517.85202	1517.85202	Deep
488509	4628843	99003109	2385	n	2012.99	2.8805	124.206	0.468551	0.831885	117.028	117	130.656	130	103.994	103	1944.80333	1540.58539	1540.58539	Deep
488809	4628843	99003110	2386	n	2007.53	3.3984	188.507	0.220635	0.42893	116.656	116	129.654	129	103.161	102	2132.5567	1604.24487	1604.24487	Deep
489109	4628843	99003111	2387	n	2005.07	4.1361	106.331	0.572935	0.823801	123.192	122	134.461	133	109.047	108	2343.78673	1716.89283	1716.89283	Deep
489409	4628843	40026584	2388	y	1993.15	5.0024	113.975	0.510254	0.682443	123.753	123	134.709	134	109.908	109	2375.21461	1838.90709	1838.90709	Deep
489709	4628843	99003113	2389	n	1989.65	8.6231	158.259	0.35175	0.586507	121.771	121	129.658	129	105.24	105	2161.60186	1947.09755	1947.09755	Deep
490009	4628843	99003114	2390	n	1979.54	6.298	143.856	0.307759	0.775416	134.291	133	140.577	139	115.747	114	1970.6346	1987.38698	1970.6346	Deep
490309	4628843	99003115	2391	n	1969.85	3.5297	148.636	0.34898	0.676871	129.08	130	134.049	135	110.767	111	1809.49685	2053.00214	1809.49685	Deep
490609	4628843	99003116	2392	n	2001.65	15.3071	244.87	0.129604	0.080901	106.434	105	115.907	115	89.4862	89	1686.75931	2126.57375	1686.75931	Deep
490909	4628843	99003117	2393	n	2026.41	11.2779	134.57	0.408918	0.796187	137.69	138	142.716	143	120.235	120	1611.22161	2238.26139	1611.22161	Deep
491209	4628843	99003118	2394	n	1984.92	8.5757	131.975	0.414562	0.818704	139.547	140	145.801	146	122.586	123	1589.62675	2382.7111	1589.62675	Deep
491509	4628843	99003119	2395	n	1960.91	6.0063	115.503	0.530333	0.890954	138.301	138	144.527	145	121.243	121	1624.12787	2538.18518	1624.12787	Deep
491809	4628843	40026586	2396	y	1943.43	4.1098	151.441	0.263876	0.710235	136.842	136	139.797	140	116.868	116	1711.33558	2451.21646	1711.33558	Deep
492109	4628843	99003121	2397	n	1935.54	4.3268	131.419	0.408583	0.779288	149.553	149	146.27	149	126.071	127	1843.78621	2174.17912	1843.78621	Deep
492409	4628843	99003122	2398	n	1919.41	3.733	95.3186	0.667538	0.89026	156.289	154	146.858	149	128.601	128	2012.56695	1877.72072	1877.72072	Deep
492709	4628843	99003123	2399	n	1906.77	2.5437	115.424	0.532275	0.861316	166.667	170	115.711	130	120.644	118	1898.89904	1582.26206	1582.26206	Deep
493009	4628843	99003124	2400	n	1898.59	1.3546	118.699	0.576472	0.910108	165.815	168	90.4755	86	107.589	107	1697.17875	1288.90316	1288.90316	Deep
493309	4628843	99003125	2401	n	1895.9	0.3251	166.138	0.278924	0.540213	150.555	157	74.5655	68	89.5647	91	1528.0752	999.39621	999.39621	Deep
475609	4628643	99003134	2402	n	2162.7	15.0688	273.602	0.616375	0.210722	138.762	139	129.973	135	108.307	111	2259.59127	1296.55002	1296.55002	Shallow
475909	4628643	99003135	2403	n	2175.36	12.0578	144.605	0.836657	0.577037	131.652	132	117.108	115	95.3802	93	1971.88351	1211.96463	1211.96463	Medium
476209	4628643	99003136	2404	n	2180.16	5.7989	207.383	0.623832	0.355271	133.116	132	116.513	118	93.9799	95	1688.45978	1099.33521	1099.33521	Medium
476509	4628643	99003137	2405	n	2178.15	5.1859	173.444	0.828283	0.520262	134.256	134	121.569	120	97.6334	95	1411.90237	1001.83444	1001.83444	Medium
476809	4628643	99003138	2406	n	2178.76	2.0621	71.4058	0.966174	0.723144	142.494	147	133.969	139	109.733	116	1147.18793	960.26518	960.26518	Medium
477109	4628643	99003139	2407	n	2165.86	7.8498	68.9405	0.839524	0.866872	129.19	129	114.622	116	90.9673	92	904.7718	1004.6628	904.7718	Medium
477409	4628643	99003140	2408	n	2154.36	12.657	253.192	0.62835	0.330472	120.029	119	109.09	108	84.8807	83	707.9434	1129.86081	707.9434	Shallow
477709	4628643	99003141	2409	n	2163.08	7.5998	110.052	0.893417	0.722376	118.367	117	106.108	106	82.2529	81	603.12164	1312.94462	603.12164	Shallow
478009	4628643	99003142	2410	n	2125.88	11.3708	127.359	0.765737	0.807755	125.545	124	108.509	106	89.1395	86	637.43829	1533.31722	637.43829	Deep
478309	4628643	99003143	2411	n	2126.09	11.9135	206.897	0.530902	0.300841	121.878	120	103.998	99	84.1475	79	793.03179	1777.16061	793.03179	Medium
478609	4628643	99003144	2412	n	2166.04	13.3225	213.803	0.074391	0.2591	132.678	133	121.277	124	98.1314	99	1015.61374	2036.05942	1015.61374	Shallow
478909	4628643	99003145	2413	n	2172.92	7.381	214.163	0.149395	0.317492	121.963	120	108.096	107	86.5222	83	1270.44997	2304.946	1270.44997	Shallow
479209	4628643	99003146	2414	n	2189.65	5.8539	221.675	0.037806	0.185226	119.732	119	105.879	104	85.782	83	1541.62738	2580.70033	1541.62738	Shallow
479509	4628643	99003147	2415	n	2200.28	6.8215	175.252	0.111067	0.537139	127.415	127	116.34	117	95.7607	95	1821.86356	2861.33751	1821.86356	Shallow
479809	4628643	99003148	2416	n	2187.64	7.3721	158.058	0.217747	0.667708	124.839	124	106.275	104	89.1275	87	2107.54803	3145.5509	2107.54803	Shallow
480109	4628643	99003149	2417	n	2181.65	6.4432	180.197	0.100179	0.503079	122.666	123	110.197	111	88.9329	89	2077.58841	3138.64656	2077.58841	Medium
480409	4628643	99003150	2418	n	2184.79	3.367	123.478	0.55537	0.635373	117.527	117	101.924	103	80.792	80	1893.12558	2938.44863	1893.12558	Medium
480709	4628643	99003151	2419	n	2174.29	5.2376	98.1046	0.870264	0.681514	114.085	114	96.8861	98	75.7092	76	1741.11324	2756.42132	1741.11324	Shallow
481009	4628643	99003152	2420	n	2163.34	6.3758	42.612	0.911556	0.763716	113.382	113	93.3177	93	74.0236	73	1630.65208	2596.38915	1630.65208	Shallow
481309	4628643	99003153	2421	n	2138.99	7.6729	74.5109	0.746935	0.825133	118.277	117	95.3274	93	79.863	78	1368.3979	2462.64385	1368.3979	Shallow
481609	4628643	99003154	2422	n	2124.54	4.2769	140.963	0.422174	0.650196	120.866	120	103.655	102	86.0073	84	1075.25389	2359.65948	1075.25389	Medium
481909	4628643	99003155	2423	n	2120.43	3.4481	121.312	0.475038	0.644356	119.762	119	105.84	105	86.9193	86	787.29223	2291.587	787.29223	Medium
482209	4628643	99003156	2424	n	2115.47	2.7807	172.271	0.487438	0.523376	120.149	119	107.642	106	89.3678	87	513.31003	1999.31784	513.31003	Medium
482509	4628643	99003157	2425	n	2115.24	2.4281	97.8841	0.70784	0.707714	113.299	113	101.098	100	80.344	80	295.20384	1701.94887	295.20384	Medium
482809	4628643	99003158	2426	n	2113.81	4.0362	174.003	0.505679	0.498704	116.947	115	110.792	109	89.3453	88	301.33608	1405.69844	301.33608	Medium
483109	4628643	99003159	2427	n	2099.57	7.1752	121.646	0.498267	0.807348	126.889	122	121.672	118	100.412	96	523.89079	1111.4613	523.89079	Medium
483409	4628643	99003160	2428	n	2084.41	10.2861	120.685	0.466785	0.701802	135.27	136	128.549	132	106.971	109	788.24153	821.40389	788.24153	Shallow
483709	4628643	99003161	2429	n	2072.4	13.0548	120.989	0.547313	0.664976	132.899	129	125.7	124	104.525	102	489.43113	542.27527	489.43113	Shallow
484009	4628643	99003162	2430	n	2058.22	14.9278	103.316	0.566017	0.664056	129.227	122	120.604	115	100.422	94	194.32179	305.64783	194.32179	Shallow
484309	4628643	40026580	2431	y	2039.34	14.1995	159.057	0.574306	0.672072	126.804	131	109.43	114	92.5442	96	126.4084	41.35158	41.35158	Shallow
484609	4628643	99003164	2432	n	2046.35	13.7283	302.803	0.794261	0.387154	98.4725	96	89.3436	89	69.1638	68	417.36939	95.65552	95.65552	Deep
484909	4628643	99003165	2433	n	2059.74	6.6608	150.757	0.837297	0.64616	112.927	114	106.297	107	84.4818	86	715.83192	227.97582	227.97582	Deep
485209	4628643	99003166	2434	n	2044.43	7.0658	75.4479	0.873376	0.865482	122.324	123	115.654	115	94.5493	95	1015.20119	271.99069	271.99069	Deep
485509	4628643	99003167	2435	n	2022.1	7.205	132.834	0.745222	0.64109	120.366	120	115.23	115	92.6997	93	1314.85801	300.73442	300.73442	Deep
485809	4628643	99003168	2436	n	2026.04	6.5711	241.745	0.517731	0.28004	116.255	116	113.815	113	89.0969	89	1375.3322	426.75463	426.75463	Deep
486109	4628643	99003169	2437	n	2038.95	1.2601	176.621	0.680898	0.429345	116.371	116	116.452	116	92.8026	93	1274.33885	542.61659	542.61659	Deep
486409	4628643	99003170	2438	n	2038.13	1.4923	167.825	0.479726	0.643956	113.889	114	118.794	118	94.7802	94	1239.49197	694.53135	694.53135	Deep
486709	4628643	99003171	2439	n	2037.15	3.2643	203.319	0.215578	0.366952	102.253	103	111.952	111	86.2074	86	1276.22145	888.94124	888.94124	Deep
487009	4628643	99003172	2440	n	2045.05	1.3082	186.092	0.360661	0.490233	106.48	106	118.48	118	92.1151	92	1378.81907	1074.07386	1074.07386	Deep
487309	4628643	99003173	2441	n	2039.38	5.4134	172.524	0.337071	0.515336	106.704	107	119.886	119	92.6321	92	1534.1261	1302.70978	1302.70978	Deep
487609	4628643	99003174	2442	n	2031.46	6.9939	111.03	0.56055	0.89673	121.736	122	131.752	131	105.217	105	1727.98835	1355.16502	1355.16502	Deep
487909	4628643	99003175	2443	n	2014.86	4.1653	164.978	0.422424	0.500878	117.124	118	127.757	128	99.9752	100	1861.58142	1331.09243	1331.09243	Deep
488209	4628643	99003176	2444	n	2010.99	6.3674	129.827	0.426715	0.722435	121.163	120	132.167	132	105.966	105	1967.49168	1317.95336	1317.95336	Deep
488509	4628643	99003177	2445	n	2002.98	5.3146	164.562	0.204966	0.6102	119.491	119	132.12	131	105.437	104	2111.05699	1342.3059	1342.3059	Deep
488809	4628643	99003178	2446	n	1999.92	3.9768	181.32	0.255296	0.496211	114.777	116	127.497	128	100.967	102	2285.1914	1414.81563	1414.81563	Deep
489109	4628643	99003179	2447	n	1995.48	5.9708	147.417	0.307681	0.728624	124.84	124	136.353	136	110.722	110	2483.47295	1540.65657	1540.65657	Deep
489409	4628643	99003180	2448	n	1981.32	3.5139	189.184	0.107559	0.425626	122.995	122	134.357	133	107.861	106	2246.31835	1650.35782	1650.35782	Deep
489709	4628643	99003181	2449	n	1981.75	4.5908	117.397	0.684459	0.632661	126.432	125	134.215	133	110.016	108	2019.11472	1747.4812	1747.4812	Deep
490009	4628643	99003182	2450	n	1971.05	4.6342	63.8888	0.774783	0.732206	128.414	128	132.327	132	108.817	108	1813.20224	1792.26356	1792.26356	Deep
490309	4628643	99003183	2451	n	1963.26	3.7677	142.79	0.375571	0.632224	133.357	133	137.842	137	114.433	113	1636.63695	1856.4804	1636.63695	Deep
490609	4628643	99003184	2452	n	1976.45	12.3376	207.812	0.161257	0.316658	125.61	126	132.152	132	106.376	107	1499.81953	1937.52873	1499.81953	Deep
490909	4628643	99003185	2453	n	2000.54	12.6639	162.277	0.291039	0.629618	136.214	138	143.286	145	119.649	121	1414.33262	2059.49404	1414.33262	Deep
491209	4628643	99003186	2454	n	1969.35	6.0065	138.624	0.349033	0.815068	136.842	136	143.937	144	120.172	120	1389.68157	2215.62944	1389.68157	Deep
491509	4628643	99003187	2455	n	1953.52	4.4338	131.112	0.405151	0.802382	140.452	140	147.539	148	123.948	124	1429.01819	2399.27322	1429.01819	Deep
491809	4628643	99003188	2456	n	1939.86	4.6872	90.0528	0.681516	0.835434	143.392	143	144.09	145	121.909	122	1527.40667	2439.39095	1527.40667	Deep
492109	4628643	99003189	2457	n	1925.65	3.8519	126.644	0.434184	0.780972	164.614	171	105.429	86	116.794	114	1674.46984	2154.28793	1674.46984	Deep
492409	4628643	99003190	2458	n	1915.45	2.6952	129.169	0.420613	0.838459	174.398	174	80.9368	78	110.018	109	1858.68969	1854.78695	1854.78695	Deep
492709	4628643	99003191	2459	n	1904.98	2.075	101.329	0.657927	0.939109	167.137	171	79.3639	60	101.292	95	1765.02669	1555.4783	1555.4783	Deep
493009	4628643	99003192	2460	n	1897.91	1.1089	108.88	0.681388	0.898672	161.8	167	81.5719	78	99.2147	101	1545.93575	1256.49945	1256.49945	Deep
493309	4628643	99003193	2461	n	1895.57	0.0434	119.087	0.622317	0.513264	147.665	146	54.8613	53	72.5856	70	1358.1294	958.15917	958.15917	Deep
475609	4628443	99003202	2462	n	2195.84	13.5974	292.497	0.456796	0.087116	143.566	144	142.37	144	118.1	118	2320.54312	1269.27305	1269.27305	Shallow
475909	4628443	99003203	2463	n	2205.8	14.9876	84.205	0.901568	0.709673	137.619	135	130.101	128	107.448	103	2041.44367	1407.60787	1407.60787	Shallow
476209	4628443	99003204	2464	n	2189.69	7.0877	175.162	0.731229	0.476439	130.935	131	116.67	117	93.2429	94	1769.19872	1284.10096	1284.10096	Medium
476509	4628443	99003205	2465	n	2189.86	4.9136	194.08	0.823631	0.513113	141.539	146	133.811	141	110.292	118	1507.52643	1198.07091	1198.07091	Medium
476809	4628443	99003206	2466	n	2184.3	3.3321	134.508	0.88443	0.659764	140.776	141	131.025	129	105.808	100	1263.01536	1160.26327	1160.26327	Medium
477109	4628443	99003207	2467	n	2176.9	9.2203	94.1936	0.928538	0.719001	124.335	124	108.766	109	84.1073	84	1047.74981	1197.2673	1047.74981	Shallow
477409	4628443	99003208	2468	n	2180.8	9.3025	227.204	0.738398	0.374687	118.611	118	111.409	112	84.6171	85	883.37507	1304.10395	883.37507	Shallow
477709	4628443	99003209	2469	n	2168.63	9.1273	91.1921	0.760188	0.925884	122.551	121	107.11	106	85.0844	83	801.82502	1465.58017	801.82502	Shallow
478009	4628443	99003210	2470	n	2145.48	11.5029	188.926	0.838118	0.569992	113.218	113	96.4963	97	73.5104	73	827.94639	1665.88216	827.94639	Shallow
478309	4628443	99003211	2471	n	2146.32	12.3066	185.527	0.702415	0.438197	118.39	118	98.2819	96	75.4605	74	952.92554	1892.7233	952.92554	Shallow
478609	4628443	99003212	2472	n	2152.81	5.7576	265.961	0.638812	0.233572	115.171	113	97.8047	94	75.0943	71	1144.8314	2137.67154	1144.8314	Shallow
478909	4628443	99003213	2473	n	2170.66	3.8667	279.698	0.391753	0.154891	122.258	120	109.193	108	84.4621	82	1375.93997	2395.17802	1375.93997	Shallow
479209	4628443	99003214	2474	n	2176.94	3.8901	182.189	0.107558	0.481378	130.657	128	121.573	120	100.166	96	1629.65722	2661.60025	1629.65722	Shallow
479509	4628443	99003215	2475	n	2178.9	5.2632	182.33	0.096817	0.477869	123.502	122	110.621	110	87.2963	87	1896.93292	2934.51086	1896.93292	Shallow
479809	4628443	99003216	2476	n	2170.74	4.6862	144.837	0.312501	0.759217	116.425	116	98.8767	98	79.2557	79	2155.07144	3212.25655	2155.07144	Medium
480109	4628443	99003217	2477	n	2166.14	4.5459	195.398	0.125072	0.401357	115.525	115	100.214	100	78.6522	78	1931.80842	2997.8332	1931.80842	Medium
480409	4628443	99003218	2478	n	2181.01	3.802	212.828	0.065528	0.246854	118.227	118	107.215	107	82.6282	82	1731.8876	2787.5405	1731.8876	Medium
480709	4628443	99003219	2479	n	2178.88	4.7846	98.5912	0.632738	0.717975	112.569	112	91.9562	90	73.0012	72	1564.28435	2594.94897	1564.28435	Medium
481009	4628443	99003220	2480	n	2167.03	7.4922	68.2493	0.711916	0.670984	114.684	113	94.9123	94	75.3269	74	1440.3251	2424.28098	1440.3251	Medium
481309	4628443	99003221	2481	n	2148.61	7.7064	61.4481	0.830649	0.76792	119.129	119	96.1537	97	79.5474	78	1371.89186	2280.46407	1371.89186	Medium
481609	4628443	99003222	2482	n	2128.4	6.3395	59.7272	0.857917	0.81059	120.342	120	97.5058	97	82.8193	81	1139.85639	2168.84636	1139.85639	Shallow
481909	4628443	99003223	2483	n	2114.22	3.4312	121.309	0.483682	0.702167	122.92	123	106.411	107	88.3124	88	873.45905	2094.58173	873.45905	Medium
482209	4628443	99003224	2484	n	2110.64	2.3052	147.552	0.308103	0.681712	120.754	120	108.622	108	90.4943	90	637.64319	2033.41425	637.64319	Medium
482509	4628443	99003225	2485	n	2108.99	3.9194	166.768	0.173477	0.591269	118.927	119	108.281	108	87.1157	87	479.84056	1741.87589	479.84056	Medium
482809	4628443	99003226	2486	n	2101.06	10.9236	213.555	0.433828	0.570653	120.862	119	111.732	110	91.2794	89	483.63735	1453.78463	483.63735	Medium
483109	4628443	99003227	2487	n	2097.49	11.1012	177.088	0.81164	0.613776	116.544	113	107.073	104	87.0602	84	646.19131	1171.68591	646.19131	Medium
483409	4628443	99003228	2488	n	2087.13	7.9247	94.3372	0.902596	0.697369	113.842	114	104.891	104	84.9516	85	799.51633	901.22472	799.51633	Medium
483709	4628443	99003229	2489	n	2079.99	6.1015	98.0697	0.742847	0.781592	118.541	118	114.533	113	92.5766	91	507.38988	634.40793	507.38988	Medium
484009	4628443	99003230	2490	n	2065.94	8.7349	94.3204	0.661397	0.835336	121.242	120	116.38	116	95.1644	94	235.92926	352.49333	235.92926	Deep
484309	4628443	99003231	2491	n	2059.57	13.6827	243.618	0.676693	0.415833	98.3656	101	94.1723	95	71.3624	73	184.06722	161.33713	161.33713	Deep
484609	4628443	99003232	2492	n	2071.29	3.0821	108.07	0.757968	0.857092	111.909	112	106.697	106	85.0203	85	438.29085	269.14157	269.14157	Deep
484909	4628443	99003233	2493	n	2063.06	1.9276	115.832	0.530701	0.908084	120.973	121	114.385	114	92.3969	92	728.22867	410.68015	410.68015	Deep
485209	4628443	99003234	2494	n	2049.45	5.2744	109.75	0.726088	0.845401	125.083	125	117.869	117	96.76	97	1023.98004	470.60949	470.60949	Deep
485509	4628443	99003235	2495	n	2036.65	7.2497	145.083	0.877712	0.582995	115.688	116	110.577	110	88.5628	88	1321.64793	493.29793	493.29793	Deep
485809	4628443	99003236	2496	n	2036.61	4.434	206.402	0.807031	0.400988	113.86	114	111.417	112	89.0483	89	1483.56301	602.04345	602.04345	Deep
486109	4628443	99003237	2497	n	2041.19	0.9871	258.724	0.615744	0.283629	118.952	119	118.66	118	95.0111	95	1469.60325	714.93665	714.93665	Shallow
486409	4628443	99003238	2498	n	2035.92	3.1502	90.9219	0.704715	0.880475	117.023	117	120.632	120	97.1675	97	1439.49107	859.94663	859.94663	Deep
486709	4628443	99003239	2499	n	2030.78	4.9488	183.788	0.256687	0.392542	107.502	109	116.605	117	90.246	91	1471.23601	1039.82979	1039.82979	Deep
487009	4628443	99003240	2500	n	2042.35	5.1071	168.281	0.340278	0.562702	113.904	113	124.979	125	97.9056	98	1561.06894	1212.05843	1212.05843	Deep
487309	4628443	99003241	2501	n	2031.09	8.2848	204.548	0.356075	0.387542	100.627	99	115.757	116	87.5199	87	1699.80501	1206.76981	1206.76981	Deep
487609	4628443	99003242	2502	n	2023.67	8.1402	106.908	0.671532	0.901526	121.934	122	131.201	131	105.367	105	1876.62941	1155.4107	1155.4107	Deep
487909	4628443	99003243	2503	n	2016.7	6.3378	172.514	0.492065	0.4585	106.941	110	120.049	122	92.2503	95	2054.21202	1131.50727	1131.50727	Deep
488209	4628443	99003244	2504	n	2009.25	4.6455	92.1475	0.649563	0.816785	117.204	117	130.932	130	104.307	104	2150.65691	1118.05471	1118.05471	Deep
488509	4628443	99003245	2505	n	1996.06	3.3091	96.9336	0.654184	0.830306	119.332	119	132.166	132	105.814	106	2282.73154	1144.50286	1144.50286	Deep
488809	4628443	99003246	2506	n	1990	3.7584	170.422	0.268201	0.5019	119.334	120	130.935	131	104.896	105	2444.66796	1228.1556	1228.1556	Deep
489109	4628443	99003247	2507	n	1983.61	5.3393	131.98	0.413141	0.8265	124.348	123	136.949	136	110.823	109	2383.14281	1370.71354	1370.71354	Deep
489409	4628443	99003248	2508	n	1973.97	4.0104	216.392	0.197607	0.304635	118.683	119	130.342	130	103.18	103	2128.43787	1464.849	1464.849	Deep
489709	4628443	99003249	2509	n	1989.38	3.4501	159.763	0.780466	0.51783	117.209	118	127.822	128	102.804	103	1887.09457	1547.96389	1547.96389	Deep
490009	4628443	99003250	2510	n	1982.9	3.3033	39.0775	0.981711	0.806746	128.409	128	134.95	134	111.554	111	1664.93364	1598.34612	1598.34612	Deep
490309	4628443	99003251	2511	n	1967.68	4.6044	49.0588	0.964633	0.837971	131.206	131	135.111	135	112.219	112	1470.67405	1660.78931	1470.67405	Deep
490609	4628443	99003252	2512	n	1958.17	8.1358	136.461	0.452198	0.56607	132.606	132	137.526	138	113.096	113	1316.72331	1750.91954	1316.72331	Deep
490909	4628443	99003253	2513	n	1970.99	10.112	181.667	0.14618	0.501039	137.397	138	144.981	145	119.327	120	1218.45739	1884.99798	1218.45739	Deep
491209	4628443	99003254	2514	n	1958.41	4.5208	127.804	0.442381	0.85486	137.844	138	144.438	144	120.682	120	1189.75482	2054.438	1189.75482	Deep
491509	4628443	99003255	2515	n	1944.04	3.9111	133.253	0.398828	0.815175	139.901	140	144.987	146	121.549	122	1235.47345	2251.26933	1235.47345	Deep
491809	4628443	99003256	2516	n	1935.18	4.3739	164.551	0.164255	0.62451	157.501	159	147.271	152	128.878	130	1348.0626	2347.87773	1348.0626	Deep
492109	4628443	99003257	2517	n	1924.76	4.0016	116.027	0.512435	0.855165	170.258	171	106.932	83	120.182	115	1512.66351	2080.0548	1512.66351	Deep
492409	4628443	99003258	2518	n	1912.37	2.4859	99.968	0.630971	0.896072	172.302	174	82.6803	78	110.464	110	1714.35966	1822.28596	1714.35966	Deep
492709	4628443	99003259	2519	n	1903.62	1.5034	111.608	0.569942	0.948011	167.227	170	67.1214	57	95.6023	93	1644.63397	1553.51678	1553.51678	Deep
493009	4628443	99003260	2520	n	1897.41	0.9212	95.4987	0.715009	0.921552	155.821	157	72.5766	56	87.7702	82	1406.91827	1254.07038	1254.07038	Deep
493309	4628443	99003261	2521	n	1895.61	0.1194	103.921	0.681695	0.602955	147.095	151	72.839	75	82.5039	87	1197.50454	954.97154	954.97154	Deep
475609	4628243	99003270	2522	n	2202.64	12.8048	272.097	0.27634	0.028913	140.01	141	136.54	140	112.266	114	2396.68272	1192.29012	1192.29012	Shallow
475909	4628243	99003271	2523	n	2236.12	9.8516	127.989	0.674707	0.609958	147.015	148	145.906	151	123.812	128	2127.59486	1475.66407	1475.66407	Shallow
476209	4628243	99003272	2524	n	2202.59	7.5265	133.077	0.841346	0.622779	129.111	129	116.246	116	92.0977	91	1867.94854	1471.04637	1471.04637	Medium
476509	4628243	99003273	2525	n	2198.26	2.3711	133.051	0.745089	0.673913	146.94	150	141.873	148	118.958	125	1622.28345	1393.94203	1393.94203	Medium
476809	4628243	99003274	2526	n	2195.02	4.0437	232.232	0.506292	0.361016	145.122	151	136.398	144	109.615	117	1397.98979	1360.26193	1360.26193	Medium
477109	4628243	99003275	2527	n	2201.35	6.339	172.417	0.834807	0.490135	124.179	124	112.138	112	85.3469	85	1207.04073	1391.95928	1207.04073	Medium
477409	4628243	99003276	2528	n	2199.94	6.0365	143.207	0.829754	0.663346	121.817	121	112.25	112	86.1142	85	1067.48263	1484.85311	1067.48263	Medium
477709	4628243	99003277	2529	n	2175.05	9.2097	75.8867	0.86952	0.786923	127.432	125	113.89	112	90.383	87	1001.04497	1628.5045	1001.04497	Medium
478009	4628243	99003278	2530	n	2169.76	7.5514	168.198	0.82516	0.526513	116.515	115	103.646	103	77.9977	76	1022.08751	1810.8741	1022.08751	Shallow
478309	4628243	99003279	2531	n	2158.8	11.0148	150.079	0.573361	0.485474	118.759	118	98.9552	95	76.2519	73	1125.71521	2021.51012	1125.71521	Shallow
478609	4628243	99003280	2532	n	2168.23	5.2767	261.499	0.782251	0.362149	110.369	109	92.3672	91	68.1685	67	1292.20996	2252.49668	1292.20996	Shallow
478909	4628243	99003281	2533	n	2171.98	2.3773	185.986	0.447097	0.535127	123.707	119	110.968	107	85.9747	81	1500.79261	2498.19523	1500.79261	Shallow
479209	4628243	99003282	2534	n	2165.51	4.5227	155.65	0.254864	0.680356	121.109	117	105.279	101	83.6886	79	1736.36122	2754.67194	1736.36122	Medium
479509	4628243	99003283	2535	n	2163.97	3.9704	191.78	0.096478	0.405089	118.404	116	106.099	103	82.3669	79	1989.3522	3019.18129	1989.3522	Medium
479809	4628243	99003284	2536	n	2164.35	3.0787	127.031	0.487063	0.763742	116.146	115	100.018	99	78.0798	77	2034.66044	3098.31041	2034.66044	Medium
480109	4628243	99003285	2537	n	2157.35	3.5003	135.969	0.587296	0.626698	114.338	113	95.2428	93	75.8502	74	1796.49491	2864.0715	1796.49491	Medium
480409	4628243	99003286	2538	n	2168.29	6.1576	234.073	0.089425	0.13697	119.231	119	108.036	108	83.3201	83	1579.53944	2643.1579	1579.53944	Shallow
480709	4628243	99003287	2539	n	2183.64	3.8505	181.531	0.291808	0.402421	117.733	117	105.194	104	81.0182	80	1393.73445	2439.19286	1393.73445	Medium
481009	4628243	99003288	2540	n	2179.89	4.7023	110.58	0.50566	0.688559	118.805	119	103.775	104	81.2541	81	1253.015	2256.77645	1253.015	Medium
481309	4628243	99003289	2541	n	2150.9	8.6426	109.922	0.628679	0.872566	124.41	124	98.723	96	84.2541	83	1173.71098	2101.52755	1173.71098	Medium
481609	4628243	99003290	2542	n	2131.84	6.6487	153.905	0.595324	0.652872	124.126	122	108.157	106	90.4153	86	1168.39563	1979.84751	1168.39563	Medium
481909	4628243	99003291	2543	n	2115.41	4.5728	70.6602	0.812754	0.876671	120.653	120	98.4287	99	83.3165	83	992.99163	1898.20291	992.99163	Medium
482209	4628243	99003292	2544	n	2105.62	2.4718	112.308	0.742098	0.669666	119.726	120	103.651	104	85.7345	85	793.5304	1861.86799	793.5304	Medium
482509	4628243	99003293	2545	n	2104.62	4.8966	205.494	0.61449	0.534614	119.124	119	105.211	106	85.0231	85	673.31168	1803.22857	673.31168	Medium
482809	4628243	99003294	2546	n	2105.74	4.19	206.254	0.239672	0.430187	112.243	113	103.182	104	82.3273	83	676.02274	1526.75846	676.02274	Medium
483109	4628243	99003295	2547	n	2105.68	3.6097	142.666	0.325386	0.721497	115.134	114	110.064	109	88.4496	87	800.41544	1261.09061	800.41544	Medium
483409	4628243	99003296	2548	n	2091.99	4.6867	114.591	0.521335	0.847331	119.286	119	113.768	113	92.1959	92	858.5616	982.34258	858.5616	Medium
483709	4628243	99003297	2549	n	2073.01	10.153	157.775	0.470324	0.696261	126.172	128	121.316	123	99.466	101	596.10917	711.88136	596.10917	Deep
484009	4628243	99003298	2550	n	2063.99	12.5378	212.117	0.641852	0.496617	108.413	110	102.473	102	81.216	81	391.87278	478.07238	391.87278	Deep
484309	4628243	99003299	2551	n	2075.36	2.7308	214.457	0.506997	0.51309	109.869	110	106.974	106	83.1002	83	363.01845	361.0143	361.0143	Deep
484609	4628243	99003300	2552	n	2071.87	1.8857	100.987	0.64874	0.942368	114.671	114	110.713	110	89.1189	88	538.51697	435.91482	435.91482	Deep
484909	4628243	99003301	2553	n	2062.1	1.9812	93.0943	0.700012	0.935498	118.459	118	112.561	112	91.0415	90	792.60245	591.41108	591.41108	Deep
485209	4628243	99003302	2554	n	2056.13	2.3385	144.114	0.554911	0.662276	120.729	120	116.386	115	94.1732	93	1070.71788	669.60806	669.60806	Deep
485509	4628243	99003303	2555	n	2054.03	3.4809	133.614	0.517602	0.574571	119.684	119	118.245	117	94.938	94	1292.82742	687.9913	687.9913	Deep
485809	4628243	99003304	2556	n	2049.47	4.2706	86.4274	0.81688	0.713572	118.04	117	117.356	116	94.6231	93	1284.23552	782.54623	782.54623	Deep
486109	4628243	99003305	2557	n	2040.04	1.6877	137.047	0.394447	0.723742	117.768	117	118.253	117	95.3619	95	1344.29126	898.79702	898.79702	Shallow
486409	4628243	99003306	2558	n	2036.58	2.0685	110.425	0.573731	0.789847	116.093	116	119.403	119	96.0857	96	1464.57404	1037.13296	1037.13296	Deep
486709	4628243	99003307	2559	n	2026.48	3.4891	74.8939	0.798751	0.852129	115.084	115	121.929	122	97.1237	97	1631.81961	1073.73357	1073.73357	Deep
487009	4628243	99003308	2560	n	2020.41	7.0571	148.639	0.307716	0.575347	118.566	118	128.261	127	101.641	101	1747.20647	1013.00903	1013.00903	Deep
487309	4628243	99003309	2561	n	2021.62	8.5742	191.195	0.262915	0.404743	103.267	104	118.31	119	90.4311	91	1872.19959	1006.77457	1006.77457	Deep
487609	4628243	99003310	2562	n	2017.15	8.7272	122.058	0.507508	0.859789	121.029	121	131.062	131	104.647	104	2034.09246	955.75915	955.75915	Deep
487909	4628243	99003311	2563	n	2007.56	7.9722	178.598	0.271898	0.513241	109.715	113	122.557	125	95.2778	98	2224.84448	932.09997	932.09997	Deep
488209	4628243	99003312	2564	n	1999.51	4.7482	140.963	0.342611	0.781492	118.903	119	131.91	132	105.386	105	2336.58443	918.15606	918.15606	Deep
488509	4628243	99003313	2565	n	1987.58	4.4759	158.339	0.21959	0.663992	122.187	121	135.564	134	108.51	107	2458.69171	947.62253	947.62253	Deep
488809	4628243	99003314	2566	n	1985.58	5.3748	169.062	0.341474	0.567915	115.467	118	128.937	130	102.001	103	2563.74593	1046.07258	1046.07258	Deep
489109	4628243	99003315	2567	n	1975.48	4.8209	109.989	0.578357	0.913526	125.519	125	137.606	137	111.737	111	2289.9064	1178.70528	1178.70528	Deep
489409	4628243	99003316	2568	n	1968.92	5.6844	202.551	0.292778	0.35672	112.771	114	124.584	125	98.2506	99	2023.49931	1283.69944	1283.69944	Deep
489709	4628243	99003317	2569	n	1988.35	5.4287	185.851	0.245905	0.49632	120.705	120	131.481	130	106.61	105	1767.88788	1348.58958	1348.58958	Deep
490009	4628243	99003318	2570	n	1983.8	4.1556	132.204	0.417438	0.771259	134.572	132	141.499	139	117.854	115	1528.49785	1406.1337	1406.1337	Deep
490309	4628243	99003319	2571	n	1973.26	3.1049	87.8642	0.742547	0.926733	132.508	132	137.656	137	114.29	114	1314.22365	1466.2615	1314.22365	Deep
490609	4628243	99003320	2572	n	1960.54	3.5646	54.6912	0.917	0.869357	132.802	133	137.786	138	114.566	114	1139.32521	1567.61631	1139.32521	Deep
490909	4628243	99003321	2573	n	1949.24	8.9879	101.38	0.58828	0.644561	133.294	134	138.577	139	114.975	116	1024.17775	1716.07664	1024.17775	Deep
491209	4628243	99003322	2574	n	1943.71	8.6921	129.587	0.412392	0.674028	140.007	141	146.092	147	121.76	122	989.85766	1900.63599	989.85766	Deep
491509	4628243	99003323	2575	n	1935.91	5.4946	138.298	0.362903	0.730204	157.205	157	129.578	139	118.506	119	1044.36407	2111.85115	1044.36407	Deep
491809	4628243	99003324	2576	n	1923.83	3.7111	138.211	0.369853	0.719143	171.15	170	101.41	102	114.88	114	1175.40395	2268.87274	1175.40395	Deep
492109	4628243	99003325	2577	n	1917.19	2.8168	137.779	0.349973	0.763577	168.527	168	106.62	107	115.018	113	1361.04833	1992.11687	1361.04833	Deep
492409	4628243	99003326	2578	n	1908.97	2.2557	116.703	0.521407	0.897474	168.631	173	143.579	153	131.637	137	1582.19174	1721.22856	1582.19174	Deep
492709	4628243	99003327	2579	n	1901.04	1.1121	115.44	0.536106	0.919188	168.967	169	68.5672	67	102.619	102	1540.88369	1461.75439	1461.75439	Deep
493009	4628243	99003328	2580	n	1897.38	0.6905	100.053	0.68129	0.930051	158.338	161	71.571	66	92.8541	94	1284.10306	1220.99304	1220.99304	Deep
493309	4628243	99003329	2581	n	1895.49	0.1899	123.059	0.564581	0.678161	150.624	151	57.963	56	76.0191	75	1050.48503	992.36749	992.36749	Deep
475609	4628043	99003338	2582	n	2186.22	15.3804	228.927	0.058938	0.154007	140.486	143	136.001	144	112.205	118	2486.61531	1131.71993	1131.71993	Shallow
475909	4628043	99003339	2583	n	2231.86	9.8655	197.461	0.230404	0.357983	144.458	146	145.696	151	122.184	126	2228.41369	1422.07271	1422.07271	Shallow
476209	4628043	99003340	2584	n	2217.43	7.8463	88.2488	0.72646	0.840458	135.749	134	124.061	121	101.261	98	1982.01902	1660.02382	1660.02382	Medium
476509	4628043	99003341	2585	n	2200.09	3.0142	111.001	0.567727	0.893468	150.345	153	146.992	151	122.641	127	1752.41869	1589.70942	1589.70942	Medium
476809	4628043	99003342	2586	n	2192.97	2.7059	182.568	0.167544	0.474404	145.711	152	138.074	146	111.837	118	1547.10798	1560.26093	1547.10798	Medium
477109	4628043	99003343	2587	n	2200.32	5.6279	183.472	0.109125	0.486617	127.587	127	117.76	117	90.7803	90	1376.99491	1587.97113	1376.99491	Shallow
477409	4628043	99003344	2588	n	2198.19	4.3822	170.504	0.17416	0.568188	126.722	125	119.027	117	92.8301	91	1256.45805	1669.99713	1256.45805	Shallow
477709	4628043	99003345	2589	n	2194.05	4.2009	148.762	0.352597	0.474056	132.043	130	121.097	123	95.254	93	1200.52434	1798.92428	1200.52434	Shallow
478009	4628043	99003346	2590	n	2189.7	6.3411	138.534	0.845552	0.569972	128.898	129	118.386	120	92.8656	90	1218.12583	1965.54488	1218.12583	Medium
478309	4628043	99003347	2591	n	2170.5	8.7824	117.128	0.827049	0.64221	117.28	117	93.9997	91	73.1013	71	1306.29338	2161.15821	1306.29338	Shallow
478609	4628043	99003348	2592	n	2178.6	4.1659	193.969	0.640268	0.442781	119.503	119	108.417	108	81.2896	80	1452.23078	2378.62207	1452.23078	Shallow
478909	4628043	99003349	2593	n	2168.24	4.5224	91.5824	0.695138	0.891755	114.201	113	93.3529	93	71.8321	71	1640.59322	2612.48561	1640.59322	Medium
479209	4628043	99003350	2594	n	2154.05	3.336	138.267	0.419137	0.719653	118.689	116	99.9138	96	78.5823	75	1858.52575	2858.72685	1858.52575	Medium
479509	4628043	99003351	2595	n	2153.83	4.1349	199.751	0.061462	0.347489	120.929	118	109.043	106	86.3918	82	2096.82851	3114.41123	2096.82851	Medium
479809	4628043	99003352	2596	n	2155.16	3.604	163.294	0.209756	0.605741	116.804	115	101.429	99	79.6521	78	1927.52517	2982.52059	1927.52517	Shallow
480109	4628043	99003353	2597	n	2155.64	3.7295	156.309	0.288948	0.626696	116.422	115	101.178	99	79.8924	79	1674.18761	2738.39501	1674.18761	Medium
480409	4628043	99003354	2598	n	2158.69	6.9945	207.344	0.193393	0.285645	120.836	122	110.913	113	87.6948	88	1438.90758	2506.4288	1438.90758	Shallow
480709	4628043	99003355	2599	n	2171.99	3.7818	186.454	0.070654	0.450895	116.844	117	101.942	102	79.2894	79	1232.07382	2290.31951	1232.07382	Medium
481009	4628043	99003356	2600	n	2173.86	3.3613	165.682	0.337722	0.490982	118.888	118	101.961	103	80.5294	80	1070.30686	2094.98009	1070.30686	Medium
481309	4628043	99003357	2601	n	2161.57	7.8276	67.3385	0.909506	0.658095	114.035	113	91.564	91	73.7603	73	976.27232	1926.7381	976.27232	Medium
481609	4628043	99003358	2602	n	2154.99	7.2709	104.413	0.887339	0.637063	118.722	118	101.78	101	80.1031	79	969.87552	1793.23669	969.87552	Medium
481909	4628043	99003359	2603	n	2130.33	8.412	61.8849	0.897504	0.907798	121.281	120	92.9118	93	79.555	79	1052.71525	1702.66731	1052.71525	Medium
482209	4628043	99003360	2604	n	2107.82	3.0101	97.2213	0.646233	0.809516	120.232	120	104.215	104	85.5284	85	965.81166	1662.0632	965.81166	Medium
482509	4628043	99003361	2605	n	2102.48	3.7111	168.471	0.174365	0.586493	127.082	127	116.335	116	93.1003	93	869.7415	1675.06185	869.7415	Medium
482809	4628043	99003362	2606	n	2096.55	3.0664	168.895	0.149479	0.591662	120.707	120	111.51	111	89.3278	89	800.45736	1614.2312	800.45736	Medium
483109	4628043	99003363	2607	n	2091.59	6.5877	165.323	0.313582	0.67657	118.409	120	111.469	113	89.8942	92	825.54836	1336.98186	825.54836	Medium
483409	4628043	99003364	2608	n	2081.27	8.8554	115.201	0.695686	0.69994	121.131	120	113.706	113	92.7016	92	949.90959	1072.05345	949.90959	Deep
483709	4628043	99003365	2609	n	2078.99	4.8916	172.903	0.533684	0.464036	117.678	120	113.866	116	91.164	93	730.23818	831.31025	730.23818	Deep
484009	4628043	99003366	2610	n	2079.21	1.9051	107.651	0.934987	0.665184	117.673	116	115.323	113	92.9968	91	575.73078	642.53783	575.73078	Deep
484309	4628043	99003367	2611	n	2074.61	1.7521	103.549	0.60634	0.824008	115.7	115	111.796	111	89.4893	88	556.49264	560.92155	556.49264	Deep
484609	4628043	99003368	2612	n	2066.94	3.2999	110.471	0.525335	0.772695	118.28	118	113.987	114	91.8943	91	684.03376	619.12273	619.12273	Deep
484909	4628043	99003369	2613	n	2058.01	3.4327	101.796	0.557127	0.765219	124.529	123	119.02	117	96.5657	95	897.84203	765.11396	765.11396	Deep
485209	4628043	99003370	2614	n	2050.14	5.5153	144.877	0.481454	0.657757	126.901	126	120.743	119	98.5693	97	1150.79904	869.06652	869.06652	Deep
485509	4628043	99003371	2615	n	2041.38	10.4277	154.412	0.382355	0.53087	122.403	127	119.145	122	96.074	100	1095.31018	884.89191	884.89191	Deep
485809	4628043	99003372	2616	n	2049.02	3.4802	204.344	0.323409	0.358365	121.931	120	121.658	120	98.3939	97	1085.15553	969.98982	969.98982	Deep
486109	4628043	99003373	2617	n	2032.94	6.0177	141.204	0.38188	0.7336	125.784	126	124.967	124	101.694	101	1155.60402	1085.63466	1085.63466	Deep
486409	4628043	99003374	2618	n	2031.17	4.4393	184.703	0.101313	0.460812	117.645	117	121.534	121	96.8804	96	1293.55277	1019.68	1019.68	Deep
486709	4628043	99003375	2619	n	2026.35	3.088	137.587	0.361066	0.756086	116.051	116	123.995	123	98.8074	98	1480.24893	882.49954	882.49954	Deep
487009	4628043	99003376	2620	n	2017.22	3.5206	89.4295	0.739338	0.905318	116.192	116	126.522	126	100.906	101	1699.70439	814.42554	814.42554	Deep
487309	4628043	99003377	2621	n	2004.89	9.7294	158.273	0.349217	0.557089	109.393	113	118.268	119	92.8673	95	1940.83826	806.78168	806.78168	Deep
487609	4628043	99003378	2622	n	2006.59	7.6046	137.605	0.409777	0.772888	122.319	122	133.502	133	106.517	106	2196.52254	756.29175	756.29175	Deep
487909	4628043	99003379	2623	n	1996.31	8.5286	179.726	0.385695	0.523688	112.364	115	124.804	126	97.944	99	2376.0739	733.0157	733.0157	Deep
488209	4628043	99003380	2624	n	1987.35	6.4095	138.367	0.355914	0.801823	123.153	122	135.162	134	108.534	108	2524.66403	718.2574	718.2574	Deep
488509	4628043	99003381	2625	n	1975.76	3.6654	176.762	0.143631	0.521247	124.789	124	137.353	137	109.537	109	2638.0801	752.3896	752.3896	Deep
488809	4628043	99003382	2626	n	1979.17	4.7113	191.979	0.251379	0.451112	114.977	117	130.526	132	101.933	103	2493.41028	871.877	871.877	Deep
489109	4628043	99003383	2627	n	1973.03	4.7387	102.222	0.648988	0.96602	123.829	124	136.341	136	110.262	110	2210.87606	985.62051	985.62051	Deep
489409	4628043	99003384	2628	n	1964.27	6.3379	190.637	0.339396	0.470567	118.428	120	129.844	130	103.402	104	1933.6109	1106.16416	1106.16416	Deep
489709	4628043	99003385	2629	n	1970.9	7.6559	165.233	0.200646	0.618667	128.761	128	138.861	138	113.942	113	1664.25035	1149.43269	1149.43269	Deep
490009	4628043	99003386	2630	n	1965.68	5.0618	180.67	0.081485	0.49209	131.008	130	138.11	137	113.819	113	1407.34052	1216.43481	1216.43481	Deep
490309	4628043	99003387	2631	n	1966.94	3.7453	171.914	0.139861	0.539809	134.578	133	141.497	140	117.401	116	1171.10438	1273.43018	1171.10438	Deep
490609	4628043	99003388	2632	n	1961.49	3.0601	132.694	0.397656	0.835117	137.337	137	143.529	143	119.739	119	970.75414	1388.92856	970.75414	Deep
490909	4628043	99003389	2633	n	1952.1	2.7456	124.637	0.473013	0.827544	138.293	138	144.908	145	121.024	121	832.61139	1554.54839	832.61139	Deep
491209	4628043	99003390	2634	n	1939.32	3.9704	67.1252	0.849382	0.900258	139.339	139	143.256	144	119.829	120	790.01256	1756.16594	790.01256	Deep
491509	4628043	99003391	2635	n	1924.92	3.7111	88.7582	0.68209	0.784901	171.361	173	105.305	103	117.338	115	857.32023	1982.83054	857.32023	Deep
491809	4628043	99003392	2636	n	1916.8	2.6589	111.574	0.552122	0.745093	173.997	175	80.8723	73	110.893	110	1012.85542	2190.99956	1012.85542	Deep
492109	4628043	99003393	2637	n	1910.83	2.6685	107.339	0.56601	0.745167	174.584	175	76.039	68	109.734	109	1223.41907	1917.98053	1223.41907	Deep
492409	4628043	99003394	2638	n	1905.88	1.786	130.204	0.421548	0.792543	165.647	170	124.74	138	122.862	125	1465.48024	1637.62065	1465.48024	Deep
492709	4628043	99003395	2639	n	1900.68	0.8478	87.946	0.756464	0.983519	170.797	171	64.9241	64	102.59	103	1457.33462	1363.31491	1363.31491	Deep
493009	4628043	99003396	2640	n	1897.04	0.4813	105.407	0.618782	0.959787	157.606	160	66.0023	62	90.7287	91	1182.54908	1101.23824	1101.23824	Deep
493309	4628043	99003397	2641	n	1895.64	0.2386	129.68	0.684771	0.781985	153.955	153	61.6259	57	83.3495	82	923.59106	863.54402	863.54402	Deep
475609	4627843	99003406	2642	n	2181.13	12.878	282.164	0.643925	0.247626	133.023	133	118.266	119	97.2852	97	2588.90389	1091.17343	1091.17343	Shallow
475909	4627843	99003407	2643	n	2227	9.0657	261.633	0.308535	0.080336	136.544	139	130.494	136	107.007	111	2342.00666	1389.3443	1389.3443	Shallow
476209	4627843	99003408	2644	n	2220.94	10.9699	84.0834	0.766421	0.862281	140.759	142	133.137	136	111.488	113	2108.92557	1688.16341	1688.16341	Shallow
476509	4627843	99003409	2645	n	2191.36	4.7506	152.928	0.301755	0.707134	138.102	136	129.443	127	105.809	103	1894.76619	1786.41476	1786.41476	Medium
476809	4627843	99003410	2646	n	2184.71	3.9876	205.982	0.352545	0.484116	144.653	148	138.195	144	112.936	118	1706.66657	1760.26016	1706.66657	Medium
477109	4627843	99003411	2647	n	2188.9	4.9918	253.811	0.537527	0.388827	143.066	145	139.177	143	112.914	116	1554.11796	1784.86805	1554.11796	Medium
477409	4627843	99003412	2648	n	2191.65	2.8663	218.358	0.67437	0.43892	123.575	123	114.193	113	90.1162	90	1448.39721	1858.22283	1448.39721	Medium
477709	4627843	99003413	2649	n	2194.91	1.5383	290.951	0.525673	0.220527	135.782	140	131.896	136	104.979	108	1400.15226	1974.90005	1400.15226	Medium
478009	4627843	99003414	2650	n	2195.79	2.5466	167.127	0.509725	0.658983	149.582	150	149.854	151	120.015	121	1415.27319	2127.78484	1415.27319	Medium
478309	4627843	99003415	2651	n	2181.17	6.7542	156.056	0.573138	0.645546	126.499	126	112.465	112	87.2856	85	1491.83446	2309.69835	1491.83446	Shallow
478609	4627843	99003416	2652	n	2181.43	3.5496	137.97	0.605088	0.760136	124.35	124	110.099	110	84.2253	82	1621.1545	2514.34775	1621.1545	Shallow
478909	4627843	99003417	2653	n	2166.48	5.6949	124.678	0.472378	0.800157	122.573	123	104.769	107	82.152	82	1791.84647	2736.63712	1791.84647	Shallow
479209	4627843	99003418	2654	n	2151.14	2.9914	128.582	0.446707	0.738545	121.815	122	107.292	108	82.7598	83	1993.31022	2972.61179	1993.31022	Medium
479509	4627843	99003419	2655	n	2145	3.0792	133.558	0.467876	0.630266	115.388	113	98.9787	95	78.356	75	2112.65534	3138.14477	2112.65534	Medium
479809	4627843	99003420	2656	n	2145.75	4.2664	165.179	0.222312	0.591457	119.082	117	107.119	105	84.4563	82	1835.99114	2875.99213	1835.99114	Medium
480109	4627843	99003421	2657	n	2144.21	4.0138	178.307	0.149716	0.504511	112.605	112	99.0674	98	76.999	77	1567.93314	2621.9666	1567.93314	Medium
480409	4627843	99003422	2658	n	2145.5	6.1026	202.368	0.121919	0.344266	116.498	114	103.615	99	83.0424	78	1313.75995	2378.67337	1313.75995	Medium
480709	4627843	99003423	2659	n	2160.82	4.3192	209.035	0.145166	0.341243	123.414	123	113.19	113	88.7508	88	1083.28948	2149.75932	1083.28948	Shallow
481009	4627843	99003424	2660	n	2169.17	4.5451	207.71	0.087172	0.279665	122.685	123	109.683	110	85.7819	86	895.02344	1940.3204	895.02344	Medium
481309	4627843	99003425	2661	n	2169.7	3.4443	135.298	0.376677	0.789518	122.679	122	106.825	105	86.3162	85	780.13963	1757.3336	780.13963	Medium
481609	4627843	99003426	2662	n	2157.84	5.1707	101.925	0.564834	0.803544	121.945	122	104.968	106	85.2169	86	772.11963	1609.84455	772.11963	Medium
481909	4627843	99003427	2663	n	2139.66	8.5004	58.6491	0.838506	0.798337	118.123	117	96.0422	94	78.5311	77	873.91052	1508.30289	873.91052	Medium
482209	4627843	99003428	2664	n	2114.05	7.1163	48.8744	0.907248	0.819884	116.736	117	94.7332	95	79.5323	79	905.89038	1462.31178	905.89038	Medium
482509	4627843	99003429	2665	n	2102.11	5.4766	70.5153	0.948905	0.673421	116.596	116	99.155	99	80.1877	80	708.12111	1477.06935	708.12111	Medium
482809	4627843	99003430	2666	n	2093.98	3.6075	95.5523	0.793936	0.68433	121.044	120	107.314	106	85.9559	84	601.85848	1550.32291	601.85848	Medium
483109	4627843	99003431	2667	n	2090.77	3.4341	176.658	0.687846	0.629306	110.353	111	101.155	102	78.9844	79	634.84782	1432.41828	634.84782	Medium
483409	4627843	99003432	2668	n	2088.13	1.9069	80.036	0.762749	0.897847	114.825	115	108.903	109	86.9845	87	789.82902	1188.94923	789.82902	Medium
483709	4627843	99003433	2669	n	2081.61	1.4567	150.186	0.69585	0.573492	115.576	116	110.68	111	88.2422	88	889.46583	977.4346	889.46583	Medium
484009	4627843	99003434	2670	n	2080.95	1.2367	129.102	0.504281	0.747783	113.831	112	111.224	108	89.2729	87	767.7028	822.8952	767.7028	Deep
484309	4627843	99003435	2671	n	2074.27	2.0792	116.287	0.531318	0.872037	113.134	113	110.984	111	88.6262	88	753.38285	760.87755	753.38285	Deep
484609	4627843	99003436	2672	n	2066.01	1.8501	113.374	0.545144	0.884477	115.785	116	112.123	112	90.4176	90	851.94122	808.52072	808.52072	Deep
484909	4627843	99003437	2673	n	2059.73	1.7377	101.668	0.613658	0.869377	119.315	119	113.72	113	91.9988	92	1031.5144	933.40408	933.40408	Deep
485209	4627843	99003438	2674	n	2052.21	2.0015	97.169	0.703908	0.861792	123.859	123	119.338	119	97.1213	96	1005.06116	1068.7274	1005.06116	Deep
485509	4627843	99003439	2675	n	2031.26	11.0114	138.031	0.448603	0.735884	131.961	136	125.843	129	104.159	107	898.89157	1082.92906	898.89157	Deep
485809	4627843	99003440	2676	n	2032.09	12.483	185.535	0.135546	0.474065	138.391	138	138.491	137	112.957	112	886.48981	1155.13027	886.48981	Deep
486109	4627843	99003441	2677	n	2017.3	6.4867	166.147	0.219839	0.614682	128.587	129	128.919	129	104.419	104	971.45371	1089.3075	971.45371	Deep
486409	4627843	99003442	2678	n	2020.41	3.2242	242.685	0.168585	0.150993	116.869	116	120.252	120	95.5596	95	1132.06909	863.50968	863.50968	Deep
486709	4627843	99003443	2679	n	2020.15	3.7015	124.527	0.64339	0.810921	116.504	116	124.205	123	99.3011	98	1341.43153	696.20908	696.20908	Deep
487009	4627843	99003444	2680	n	2012.73	6.6662	136.764	0.467998	0.677888	111.333	112	122.521	123	96.497	97	1580.28373	616.7338	616.7338	Deep
487309	4627843	99003445	2681	n	2004.51	5.3807	74.3625	0.873805	0.793453	110.957	111	122.735	122	96.318	96	1837.15944	606.79349	606.79349	Deep
487609	4627843	99003446	2682	n	1989.95	9.2296	103.072	0.573263	0.642694	118.171	117	126.946	126	100.651	100	2105.47214	557.2063	557.2063	Deep
487909	4627843	99003447	2683	n	1977.65	8.5912	140.06	0.346947	0.654417	121.548	121	130.729	130	105.116	104	2381.35908	534.61545	534.61545	Deep
488209	4627843	99003448	2684	n	1967.7	6.7927	153.737	0.236351	0.644447	127.988	127	138.949	138	111.999	111	2662.46675	518.35875	518.35875	Deep
488509	4627843	99003449	2685	n	1967.28	3.7023	220.146	0.1989	0.304476	117.402	117	132.614	132	104.6	104	2729.56377	560.52812	560.52812	Deep
488809	4627843	99003450	2686	n	1971.99	5.177	170.669	0.286241	0.567167	120.761	121	136.644	137	108.785	109	2437.498	704.80056	704.80056	Deep
489109	4627843	99003451	2687	n	1967.05	6.5305	132.945	0.41301	0.803077	125.509	124	139.22	137	112.943	110	2147.62069	795.95819	795.95819	Deep
489409	4627843	99003452	2688	n	1956.59	6.251	173.26	0.249781	0.566085	125.177	125	136.649	136	109.937	110	1860.9548	919.72865	919.72865	Deep
489709	4627843	99003453	2689	n	1953.95	3.9375	164.537	0.190835	0.616938	126.712	126	136.048	135	110.69	109	1579.2501	950.62988	950.62988	Deep
490009	4627843	99003454	2690	n	1953.61	3.4639	195.453	0.046977	0.374875	131.28	130	138.702	138	114.359	113	1305.72164	1022.15369	1022.15369	Deep
490309	4627843	99003455	2691	n	1956.08	3.7726	169.654	0.178023	0.562181	135.603	134	142.116	141	118.154	117	1046.79851	1083.20178	1046.79851	Deep
490609	4627843	99003456	2692	n	1949.83	5.4286	146.05	0.293921	0.759681	140.917	139	147.623	146	123.601	122	816.49572	1216.89121	816.49572	Deep
490909	4627843	99003457	2693	n	1945.56	3.6373	177.97	0.187233	0.503059	139.992	138	146.961	146	123.983	122	646.17597	1402.96912	646.17597	Deep
491209	4627843	99003458	2694	n	1942.68	3.9091	105.939	0.551659	0.751662	144.863	143	150.552	150	127.181	126	590.2724	1623.52101	590.2724	Deep
491509	4627843	99003459	2695	n	1931.42	3.6672	85.1963	0.713114	0.858456	170.621	171	106.665	109	117.756	118	677.71648	1866.36507	677.71648	Deep
491809	4627843	99003460	2696	n	1920.53	2.2918	74.66	0.808753	0.831952	172.743	173	100.724	100	116.843	116	866.12802	2070.26103	866.12802	Deep
492109	4627843	99003461	2697	n	1913.44	2.2838	92.0437	0.765454	0.823163	170.97	170	96.9549	98	114.119	114	1105.01397	1832.47342	1105.01397	Deep
492409	4627843	99003462	2698	n	1904.6	1.6312	110.605	0.578728	0.887072	164.623	168	131.181	143	124.735	128	1368.18639	1569.10135	1368.18639	Deep
492709	4627843	99003463	2699	n	1899.98	1.0063	114.374	0.548319	0.946651	169.33	170	67.2468	66	102.344	103	1397.61434	1285.67038	1285.67038	Deep
493009	4627843	99003464	2700	n	1896.55	0.3099	115.739	0.536147	0.90996	151.849	153	56.973	54	81.802	81	1108.11731	1007.28427	1007.28427	Deep
493309	4627843	99003465	2701	n	1895.78	0.2089	139.582	0.657841	0.703701	152.741	152	77.048	62	91.7751	87	826.14896	740.76005	740.76005	Deep
475609	4627643	99003474	2702	n	2194.77	8.4631	257.876	0.254735	0.087476	141.715	143	135.863	140	111.923	115	2702.14563	1084.60182	1084.60182	Deep
475909	4627643	99003475	2703	n	2218.53	11.4574	214.045	0.156376	0.299268	140.439	143	134.085	140	109.864	114	2466.60959	1384.18902	1384.18902	Shallow
476209	4627643	99003476	2704	n	2213.42	15.1271	145.033	0.368744	0.746075	148.413	150	149.88	155	125.238	129	2246.49387	1683.92321	1683.92321	Shallow
476509	4627643	99003477	2705	n	2186.77	10.1438	237.116	0.608788	0.433642	130.972	128	118.631	117	96.3484	94	2046.77956	1983.04693	1983.04693	Medium
476809	4627643	99003478	2706	n	2192.23	4.2682	153.467	0.87975	0.526196	131.248	128	116.952	113	95.5671	91	1874.00065	1960.25955	1874.00065	Medium
477109	4627643	99003479	2707	n	2200.9	5.2969	241.585	0.748927	0.337852	127.876	124	112.791	110	89.9469	86	1736.21723	1982.38634	1736.21723	Medium
477409	4627643	99003480	2708	n	2198.58	3.3318	126.747	0.893041	0.656702	121.234	121	109.685	111	86.2746	87	1642.26129	2048.68098	1642.26129	Medium
477709	4627643	99003481	2709	n	2197.26	1.5302	219.042	0.614821	0.354812	131.505	130	125.245	126	98.7741	99	1599.87312	2155.0712	1599.87312	Shallow
478009	4627643	99003482	2710	n	2195.35	2.9499	55.0003	0.896925	0.851414	147.908	148	146.236	146	117.477	118	1613.12301	2295.98998	1613.12301	Shallow
478309	4627643	99003483	2711	n	2186.25	3.4023	124.501	0.840252	0.705135	132.137	133	125.125	126	97.0086	96	1680.6956	2465.5239	1680.6956	Shallow
478609	4627643	99003484	2712	n	2175.88	6.2714	112.07	0.553265	0.854848	125.126	124	106.165	107	82.5778	82	1796.47142	2658.20357	1796.47142	Shallow
478909	4627643	99003485	2713	n	2159.18	4.8758	157.948	0.340551	0.611465	121.483	122	107.166	107	83.243	82	1951.89175	2869.37003	1951.89175	Shallow
479209	4627643	99003486	2714	n	2147.26	2.3566	135.728	0.496574	0.627946	117.731	118	104.388	106	80.6704	81	2138.32955	3095.24191	2138.32955	Medium
479509	4627643	99003487	2715	n	2143.31	1.5855	88.634	0.708507	0.846228	116.117	115	99.9114	98	78.3201	76	2049.10292	3050.222	2049.10292	Medium
479809	4627643	99003488	2716	n	2139.74	1.6692	137.361	0.685073	0.647945	120.664	118	108.607	105	86.3238	82	1762.49075	2779.78999	1762.49075	Medium
480109	4627643	99003489	2717	n	2138.08	3.203	155.976	0.549506	0.545159	111.668	112	97.8791	97	75.6592	75	1481.19024	2516.07045	1481.19024	Medium
480409	4627643	99003490	2718	n	2135.78	3.907	145.125	0.387588	0.47963	114.427	114	98.8619	99	78.3165	78	1208.91497	2261.41298	1208.91497	Medium
480709	4627643	99003491	2719	n	2140.95	10.6897	197.138	0.294817	0.464336	126.055	127	111.832	112	92.39	92	953.4287	2019.24906	953.4287	Shallow
481009	4627643	99003492	2720	n	2152.93	7.1218	216.47	0.064652	0.247296	127.843	128	118.253	118	95.4385	94	732.51427	1794.64339	732.51427	Shallow
481309	4627643	99003493	2721	n	2157.4	4.3581	173.376	0.143831	0.550924	124.554	125	110.547	111	89.5081	89	586.62427	1595.03073	586.62427	Medium
481609	4627643	99003494	2722	n	2151.98	5.0887	160.156	0.201368	0.656276	128.362	128	115.218	115	92.9974	93	575.91571	1430.9092	575.91571	Medium
481909	4627643	99003495	2723	n	2146.31	5.4303	145.063	0.302703	0.660756	130.746	131	119.738	121	95.9313	96	706.56194	1315.62885	706.56194	Medium
482209	4627643	99003496	2724	n	2135.83	7.1	100.942	0.538753	0.668849	126.889	127	114.625	115	91.3606	92	788.75791	1262.63906	788.75791	Shallow
482509	4627643	99003497	2725	n	2127.77	7.8012	85.5179	0.66773	0.66022	121.324	121	107.297	107	85.0041	85	550.39728	1279.70134	550.39728	Shallow
482809	4627643	99003498	2726	n	2111.53	7.1695	44.9967	0.924625	0.794873	115.269	114	98.9242	97	78.8188	78	404.64218	1361.25045	404.64218	Medium
483109	4627643	99003499	2727	n	2095.47	4.0336	85.6345	0.729475	0.748329	113.657	114	102.195	102	81.2026	81	452.25371	1490.72535	452.25371	Medium
483409	4627643	99003500	2728	n	2088.24	1.5499	109.555	0.559331	0.841429	114.05	114	109.814	110	86.955	87	652.17447	1325.85894	652.17447	Medium
483709	4627643	99003501	2729	n	2081.79	1.9994	109.362	0.60663	0.815381	113.57	113	109.293	109	86.1699	86	908.91675	1140.03511	908.91675	Deep
484009	4627643	99003502	2730	n	2076.86	2.9605	88.044	0.669212	0.6792	115.246	114	111.336	110	88.5674	87	962.9482	1010.67214	962.9482	Deep
484309	4627643	99003503	2731	n	2069.03	4.0766	96.2116	0.605651	0.716175	121.832	121	118.78	117	95.5117	94	951.571	960.85186	951.571	Deep
484609	4627643	99003504	2732	n	2060.41	5.6494	108.152	0.517422	0.676097	121.673	121	116.923	115	94.3347	93	1031.36099	1000.50572	1000.50572	Deep
484909	4627643	99003505	2733	n	2051.67	8.802	111.945	0.479331	0.640873	127.547	126	120.647	119	98.4135	96	1039.51501	1106.59154	1039.51501	Shallow
485209	4627643	99003506	2734	n	2042.84	10.4429	136.307	0.377397	0.628753	132.741	132	126.57	126	104.496	103	835.73296	1259.70241	835.73296	Deep
485509	4627643	99003507	2735	n	2022.68	12.8567	107.476	0.559415	0.809714	138.7	137	132.661	131	110.267	108	704.4911	1281.02746	704.4911	Shallow
485809	4627643	99003508	2736	n	1998.15	6.5777	162.276	0.19896	0.567067	132.953	133	128.719	128	105.594	105	688.59701	1262.3131	688.59701	Deep
486109	4627643	99003509	2737	n	2002.12	8.2736	215.659	0.182307	0.330333	124.053	124	124.527	124	101.328	101	794.99935	986.15034	794.99935	Deep
486409	4627643	99003510	2738	n	2015.6	4.5225	221.358	0.172451	0.274703	115.271	116	119.88	120	96.3689	97	984.82592	729.07518	729.07518	Deep
486709	4627643	99003511	2739	n	2012.8	8.3291	150.396	0.316824	0.719748	123.196	122	131.258	130	105.561	105	1219.72957	520.20068	520.20068	Deep
487009	4627643	99003512	2740	n	1991.12	9.4344	168.38	0.203346	0.576502	119.238	121	129.874	131	102.476	104	1478.37693	420.56485	420.56485	Deep
487309	4627643	99003513	2741	n	1994.72	10.0757	186.352	0.156361	0.462824	113.515	114	127.486	127	98.7637	99	1750.27325	406.81691	406.81691	Deep
487609	4627643	99003514	2742	n	1996.49	8.3923	133.841	0.458488	0.606351	113.9	113	126.889	126	99.9367	99	2030.10211	358.98463	358.98463	Deep
487909	4627643	99003515	2743	n	1983.63	9.1197	91.0669	0.615763	0.713084	120.203	119	131.862	131	105.357	104	2314.98871	338.1055	338.1055	Deep
488209	4627643	99003516	2744	n	1962.84	5.9765	105.632	0.572756	0.832154	124.728	124	139.104	138	112.044	111	2603.2731	318.46443	318.46443	Deep
488509	4627643	99003517	2745	n	1963.45	6.0147	214.806	0.255166	0.327511	113.196	115	132.533	133	103.745	105	2693.47731	375.25284	375.25284	Deep
488809	4627643	99003518	2746	n	1968.85	4.0989	109.282	0.729757	0.702474	118.778	119	134.838	134	107.839	107	2397.0186	516.62764	516.62764	Deep
489109	4627643	99003519	2747	n	1956.16	4.1493	81.8379	0.730756	0.819995	124.177	124	136.59	136	110.581	110	2101.5652	612.90383	612.90383	Deep
489409	4627643	99003520	2748	n	1945.84	3.8863	137.798	0.409536	0.623417	125.082	124	134.94	134	109.333	108	1807.61014	736.51437	736.51437	Deep
489709	4627643	99003521	2749	n	1944.3	3.5107	180.946	0.161814	0.516236	126.351	126	136.221	135	110.898	110	1516.02524	752.46184	752.46184	Deep
490009	4627643	99003522	2750	n	1944.13	3.5004	188.045	0.154918	0.441191	129.022	128	136.325	135	112.462	111	1228.49935	822.96693	822.96693	Deep
490309	4627643	99003523	2751	n	1949.62	2.9509	136.054	0.456496	0.718169	133.16	133	139.815	139	115.902	115	948.73009	897.23338	897.23338	Deep
490609	4627643	99003524	2752	n	1937.59	4.2819	116.937	0.528234	0.803312	139.196	138	144.109	144	120.724	120	686.27029	1054.76342	686.27029	Deep
490909	4627643	99003525	2753	n	1933.02	5.9174	173.759	0.194888	0.511124	139.628	138	146.736	145	123.458	121	471.00428	1264.92055	471.00428	Deep
491209	4627643	99003526	2754	n	1929.72	3.7995	172.804	0.158392	0.563739	139.736	139	146.509	146	122.528	122	390.79811	1505.82938	390.79811	Deep
491509	4627643	99003527	2755	n	1929.25	3.5324	148.708	0.622385	0.648585	162.927	170	112.251	112	117.05	116	513.42116	1764.942	513.42116	Deep
491809	4627643	99003528	2756	n	1915.36	3.7498	139.43	0.366084	0.710865	174.334	174	87.7451	79	113.761	112	744.63374	1961.73323	744.63374	Deep
492109	4627643	99003529	2757	n	1911.66	3.2162	136.005	0.385186	0.759035	168.695	168	98.893	101	113.236	113	1012.5994	1709.813	1012.5994	Deep
492409	4627643	99003530	2758	n	1903.24	1.403	119.482	0.572643	0.807617	161.037	166	134.105	144	124.729	128	1294.6952	1474.93682	1294.6952	Deep
492709	4627643	99003531	2759	n	1898.65	0.8084	109.298	0.585879	0.941478	162.173	164	88.9537	75	105.08	104	1364.85439	1224.12948	1224.12948	Deep
493009	4627643	99003532	2760	n	1896.29	0.2573	95.4729	0.702896	0.975188	152.654	152	61.6519	58	83.5566	84	1066.50159	936.64873	936.64873	Deep
493309	4627643	99003533	2761	n	1895.44	0.4311	159.134	0.47313	0.597018	150.575	152	80.0194	68	90.955	86	769.4308	653.43638	653.43638	Deep
475609	4627443	99003542	2762	n	2176.17	17.5691	185.696	0.225577	0.491556	142.715	147	135.055	144	112.564	119	2825.02366	1076.36537	1076.36537	Shallow
475909	4627443	99003543	2763	n	2178.46	16.1067	204.186	0.142156	0.39344	141.635	145	137.449	145	113.795	119	2600.64041	1376.26325	1376.26325	Shallow
476209	4627443	99003544	2764	n	2188.89	18.6261	237.665	0.458818	0.386232	134.125	131	128.613	126	104.936	101	2392.88578	1676.19768	1676.19768	Shallow
476509	4627443	99003545	2765	n	2211.08	8.702	189.583	0.861881	0.472779	128.839	127	111.952	108	91.3773	88	2206.46193	1976.15201	1976.15201	Shallow
476809	4627443	99003546	2766	n	2202.48	5.2261	143.547	0.807744	0.674422	127.86	125	110.344	106	89.8906	86	2047.20446	2160.25905	2047.20446	Deep
477109	4627443	99003547	2767	n	2210.1	5.6554	275.063	0.422251	0.113497	123.163	123	112.67	113	86.5536	86	1921.87875	2180.35714	1921.87875	Medium
477409	4627443	99003548	2768	n	2208.18	4.6031	102.934	0.832437	0.784768	126.431	124	103.468	108	83.6694	84	1837.4411	2240.8024	1837.4411	Medium
477709	4627443	99003549	2769	n	2204.3	2.9003	178.813	0.879121	0.559288	124.9	122	118.866	118	92.1806	89	1799.65598	2338.4682	1799.65598	Medium
478009	4627443	99003550	2770	n	2200.86	1.9996	47.3994	0.936691	0.831586	139.534	144	136.144	143	107.62	114	1811.44514	2468.9414	1811.44514	Medium
478309	4627443	99003551	2771	n	2184.94	4.3293	153.691	0.299566	0.66536	123.788	124	107.43	109	83.4594	84	1871.87215	2627.33892	1871.87215	Shallow
478609	4627443	99003552	2772	n	2171.36	7.6516	101.944	0.645203	0.922462	123.37	122	101.216	103	79.3643	78	1976.48102	2808.94071	1976.48102	Shallow
478909	4627443	99003553	2773	n	2153.42	6.4852	153.642	0.433427	0.542625	127.12	127	114.967	117	90.0108	90	2118.73761	3009.54914	2118.73761	Shallow
479209	4627443	99003554	2774	n	2154.74	6.9376	110.044	0.628683	0.591899	121.744	123	107.603	111	84.1915	86	2291.64154	3225.61996	2291.64154	Medium
479509	4627443	99003555	2775	n	2145.56	4.3205	103.453	0.651881	0.791068	121.709	121	107.945	108	84.2397	84	2003.58004	2973.1727	2003.58004	Medium
479809	4627443	99003556	2776	n	2139.67	2.801	168.673	0.351806	0.550247	116.784	116	101.448	100	79.9641	79	1709.35188	2695.02023	1709.35188	Medium
480109	4627443	99003557	2777	n	2133.84	5.8204	171.934	0.200671	0.545088	123.615	120	112.829	109	91.1131	86	1417.54532	2422.08839	1417.54532	Medium
480409	4627443	99003558	2778	n	2136.24	4.8807	181.202	0.314229	0.474834	118.248	117	107.557	106	82.3282	81	1130.03787	2156.36043	1130.03787	Medium
480709	4627443	99003559	2779	n	2136.84	7.3157	174.28	0.372005	0.477085	122.159	121	107.545	107	86.4737	86	851.19708	1900.85992	851.19708	Shallow
481009	4627443	99003560	2780	n	2133.82	11.5431	135.497	0.416013	0.512786	123.77	123	107.685	107	90.2871	89	593.36949	1660.3152	593.36949	Medium
481309	4627443	99003561	2781	n	2139.45	10.8301	183.673	0.166703	0.46329	134.514	136	124.421	126	106.501	108	399.54752	1442.22907	399.54752	Shallow
481609	4627443	99003562	2782	n	2132.19	11.1355	166.135	0.20462	0.592106	139.853	141	129.263	131	110.211	111	383.65231	1258.33334	383.65231	Shallow
481909	4627443	99003563	2783	n	2119.28	11.1848	159.107	0.206331	0.606401	136.446	137	125.869	128	105.656	105	561.01691	1125.51363	561.01691	Shallow
482209	4627443	99003564	2784	n	2113.59	11.3675	173.36	0.135342	0.511268	137.173	137	128.701	129	108.595	107	709.67647	1063.08939	709.67647	Shallow
482509	4627443	99003565	2785	n	2116.49	7.044	178.35	0.083246	0.51383	130.261	130	123.354	122	99.0633	96	429.46341	1083.29921	429.46341	Shallow
482809	4627443	99003566	2786	n	2111.73	6.6484	158.925	0.205163	0.657625	129.974	129	124.211	122	97.5031	95	212.6898	1175.79949	212.6898	Shallow
483109	4627443	99003567	2787	n	2106.25	5.8752	133.377	0.376326	0.598772	124.793	125	119.284	119	92.635	92	293.31736	1320.89505	293.31736	Shallow
483409	4627443	99003568	2788	n	2098.66	6.4888	86.8336	0.663774	0.643989	118.484	118	109.626	109	86.2566	85	553.92526	1477.22834	553.92526	Shallow
483709	4627443	99003569	2789	n	2091.74	5.0838	108.216	0.897047	0.636228	112.467	111	107.937	106	83.6728	82	841.20825	1313.00484	841.20825	Medium
484009	4627443	99003570	2790	n	2085.45	4.3806	76.9522	0.838587	0.812479	113.874	113	111.54	110	87.8728	87	1135.09006	1202.39753	1135.09006	Shallow
484309	4627443	99003571	2791	n	2070.96	2.4723	94.9578	0.686908	0.940262	116.602	116	114.856	114	92.137	91	1150.38647	1160.83503	1150.38647	Deep
484609	4627443	99003572	2792	n	2062.37	2.6453	121.143	0.484203	0.771995	119.374	118	117.369	116	94.6	93	1187.86994	1195.03697	1187.86994	Deep
484909	4627443	99003573	2793	n	2057.51	2.6968	92.3344	0.673005	0.780611	124.478	123	121.274	119	98.8556	97	921.35396	1287.57387	921.35396	Deep
485209	4627443	99003574	2794	n	2044.45	8.6415	67.601	0.79321	0.730175	126.546	126	120.36	119	99.2676	98	683.19195	1432.64253	683.19195	Deep
485509	4627443	99003575	2795	n	2021.9	10.3584	69.963	0.820471	0.794931	127.631	127	123.782	124	101.454	101	514.40195	1479.09872	514.40195	Deep
485809	4627443	99003576	2796	n	1998.57	6.3089	83.6903	0.744379	0.780009	125.351	125	124.348	124	102.316	102	492.40988	1208.02981	492.40988	Deep
486109	4627443	99003577	2797	n	1985.07	6.4382	164.364	0.263239	0.518365	125.132	126	123.958	124	100.663	101	632.7129	915.63866	632.7129	Deep
486409	4627443	99003578	2798	n	1996.72	10.9571	186.918	0.122323	0.445917	131.194	131	136.402	136	112.498	112	859.1762	630.43816	630.43816	Deep
486709	4627443	99003579	2799	n	1986.22	8.6522	153.61	0.235825	0.712023	129.306	128	136.758	136	110.778	110	1120.73274	369.47314	369.47314	Deep
487009	4627443	99003580	2800	n	1971.48	5.0834	161.473	0.188662	0.648654	125.78	125	133.042	132	107.592	107	1397.81973	227.38066	227.38066	Deep
487309	4627443	99003581	2801	n	1969.81	7.2805	182.748	0.105236	0.48566	123.241	124	133.967	134	106.576	107	1682.78285	206.88561	206.88561	Deep
487609	4627443	99003582	2802	n	1968.16	8.9444	174.338	0.119644	0.547066	127.104	128	137.829	138	111.627	112	1972.211	164.2304	164.2304	Deep
487909	4627443	99003583	2803	n	1961.92	8.5616	170.45	0.156656	0.576244	134.129	134	144.532	144	118.823	119	2264.39272	151.05294	151.05294	Deep
488209	4627443	99003584	2804	n	1952.79	5.1714	154.511	0.248952	0.685954	129.896	129	143.334	143	117.156	117	2558.38474	118.73288	118.73288	Deep
488509	4627443	99003585	2805	n	1952.4	7.1583	195.016	0.181825	0.387316	121.968	122	138.037	137	109.952	109	2671.91349	211.25241	211.25241	Deep
488809	4627443	99003586	2806	n	1964.56	5.6879	166.49	0.246501	0.603995	129.36	128	144.537	144	117.71	117	2372.76206	331.42601	331.42601	Deep
489109	4627443	99003587	2807	n	1958.38	2.2888	130.653	0.470273	0.776644	128.193	129	141.998	142	115.672	116	2073.85582	444.69401	444.69401	Deep
489409	4627443	99003588	2808	n	1945.47	3.0987	82.8887	0.77812	0.942172	134.806	134	144.886	144	119.737	119	1775.31858	558.68723	558.68723	Deep
489709	4627443	99003589	2809	n	1935.18	3.205	129.603	0.463554	0.702217	134.812	134	141.676	141	117.224	116	1477.37409	555.60821	555.60821	Deep
490009	4627443	99003590	2810	n	1934.92	3.7679	195.432	0.145126	0.39642	139.205	138	146.86	146	123.118	122	1180.47123	623.88403	623.88403	Deep
490309	4627443	99003591	2811	n	1941.72	3.4483	181.639	0.14778	0.492618	140.091	140	147.002	147	123.041	123	885.6582	718.83893	718.83893	Deep
490609	4627443	99003592	2812	n	1933.34	3.2315	138.607	0.374562	0.783789	144.815	144	149.972	150	126.374	126	596.0441	907.86978	596.0441	Deep
490909	4627443	99003593	2813	n	1923.73	2.8297	103.285	0.628756	0.885291	140.188	140	144.38	145	121.178	121	325.80161	1145.30592	325.80161	Deep
491209	4627443	99003594	2814	n	1921.88	4.5505	213.046	0.235032	0.307552	135.648	135	141.782	141	117.858	117	192.41834	1406.84888	192.41834	Deep
491509	4627443	99003595	2815	n	1935.34	7.6044	163.802	0.539958	0.65119	148.743	152	141.662	145	123.635	125	384.58152	1681.28579	384.58152	Deep
491809	4627443	99003596	2816	n	1917.89	3.8171	66.1865	0.831516	0.776562	174.385	175	96.2343	91	116.788	115	662.40552	1867.05621	662.40552	Deep
492109	4627443	99003597	2817	n	1905.33	2.3107	114.593	0.541213	0.886966	169.447	174	93.3385	88	112.883	113	953.76055	1601.7169	953.76055	Deep
492409	4627443	99003598	2818	n	1902	1.6708	173.69	0.325764	0.563747	163.682	166	131.458	136	123.055	125	1249.21468	1349.42221	1249.21468	Deep
492709	4627443	99003599	2819	n	1898.22	0.7355	105.054	0.630666	0.898842	152.441	157	85.8978	77	95.5015	91	1361.003	1119.33838	1119.33838	Deep
493009	4627443	99003600	2820	n	1896.45	0.3801	71.937	0.828714	0.8282	147.41	147	56.6519	52	74.9778	73	1061.56832	888.064	888.064	Deep
493309	4627443	99003601	2821	n	1895.59	0.433	152.948	0.659381	0.568255	153.096	153	65.1551	62	84.9866	84	762.57814	594.16446	594.16446	Deep
475609	4627243	99003610	2822	n	2142.69	26.9917	257.538	0.557378	0.337262	131.536	133	115.787	121	95.2166	99	2956.33664	1098.30415	1098.30415	Shallow
475909	4627243	99003611	2823	n	2167.13	19.0447	215.911	0.496013	0.349282	136.199	138	126.632	130	104.836	107	2742.7173	1394.2276	1394.2276	Shallow
476209	4627243	99003612	2824	n	2212.03	10.7229	256.696	0.352702	0.22764	132.181	132	123.152	127	98.4345	100	2546.58007	1691.20925	1691.20925	Shallow
476509	4627243	99003613	2825	n	2227.1	3.3947	203.755	0.713112	0.35423	127.576	127	107.477	107	88.2292	87	2372.26514	1989.09699	1989.09699	Deep
476809	4627243	99003614	2826	n	2220.67	8.9612	134.171	0.905191	0.58799	122.002	121	100.104	97	81.2571	79	2224.90758	2287.53688	2224.90758	Deep
477109	4627243	99003615	2827	n	2219.23	6.5166	177.544	0.703667	0.430991	125.538	124	117.821	118	92.1366	90	2110.16246	2378.66747	2110.16246	Medium
477409	4627243	99003616	2828	n	2212.39	3.8534	155.554	0.739385	0.63193	126.829	124	109.506	110	87.1018	84	2033.55783	2434.19331	2033.55783	Medium
477709	4627243	99003617	2829	n	2209.56	1.2872	130.245	0.888317	0.626781	134.401	137	130.588	133	105.453	106	1999.48226	2524.38808	1999.48226	Medium
478009	4627243	99003618	2830	n	2204.38	4.2663	58.726	0.834563	0.796314	140.744	142	132.056	140	105.417	109	2010.09979	2645.70847	2010.09979	Medium
478309	4627243	99003619	2831	n	2178.69	4.0217	106.245	0.62628	0.892717	121.739	122	106.117	107	81.8249	82	2064.72105	2794.10297	2064.72105	Shallow
478609	4627243	99003620	2832	n	2163.95	9.0819	122.415	0.449878	0.757969	125.844	128	104.337	108	82.773	83	2160.01039	2965.51	2160.01039	Shallow
478909	4627243	99003621	2833	n	2138.88	6.1391	111.794	0.530532	0.692847	121.152	122	102.314	103	79.8669	80	2290.89867	3156.18245	2290.89867	Medium
479209	4627243	99003622	2834	n	2136.31	6.6313	173.847	0.121381	0.547795	128.908	129	115.196	116	89.9573	90	2276.46487	3195.66573	2276.46487	Shallow
479509	4627243	99003623	2835	n	2133.56	5.1051	159.897	0.218065	0.652342	127.868	129	114.961	118	90.4566	92	1977.33233	2907.86134	1977.33233	Medium
479809	4627243	99003624	2836	n	2129.39	6.3821	177.563	0.215204	0.528457	123.705	123	109.806	109	86.7656	86	1678.50947	2622.79159	1678.50947	Medium
480109	4627243	99003625	2837	n	2117.01	4.6547	153.913	0.271546	0.682495	113.353	113	98.6567	98	77.6828	77	1380.19742	2341.4555	1380.19742	Medium
480409	4627243	99003626	2838	n	2116.84	5.7752	185.735	0.065349	0.452496	126.275	123	118.124	114	94.3762	89	1082.81845	2065.37937	1082.81845	Medium
480709	4627243	99003627	2839	n	2118.77	5.6718	181.547	0.128268	0.478649	120.996	119	110.01	108	88.7404	86	787.43042	1796.98917	787.43042	Medium
481009	4627243	99003628	2840	n	2129.56	8.6575	156.855	0.244184	0.506	124.737	126	113.4	117	93.1298	96	497.59174	1540.30783	497.59174	Shallow
481309	4627243	99003629	2841	n	2118.61	10.4512	119.467	0.460961	0.702101	127.274	126	110.614	111	93.3757	94	234.83699	1302.27737	234.83699	Medium
481609	4627243	99003630	2842	n	2115.24	9.5474	230.876	0.432718	0.389622	126.836	126	110.648	111	92.4061	92	206.63806	1095.1276	206.63806	Shallow
481909	4627243	99003631	2843	n	2121.2	7.9019	148.797	0.792168	0.556031	119.704	119	103.723	103	84.6672	84	458.53044	939.51189	458.53044	Shallow
482209	4627243	99003632	2844	n	2105.95	11.6401	49.7354	0.887415	0.732711	116.31	114	93.1298	89	78.4271	75	682.01346	863.74806	682.01346	Medium
482509	4627243	99003633	2845	n	2090.43	16.4605	130.479	0.555496	0.553007	123.845	118	109.691	102	91.6569	83	382.02157	888.50371	382.02157	Medium
482809	4627243	99003634	2846	n	2080.22	17.5123	115.409	0.568609	0.582964	126.991	121	111.685	105	93.1416	86	82.08901	995.99503	82.08901	Medium
483109	4627243	99003635	2847	n	2071.28	15.9949	138.522	0.351828	0.541315	130.98	131	121.297	121	100.124	99	218.0292	1160.71762	218.0292	Medium
483409	4627243	99003636	2848	n	2085.72	12.7539	188.306	0.053849	0.428104	131.418	132	129.505	130	103.171	103	518.01048	1354.10002	518.01048	Shallow
483709	4627243	99003637	2849	n	2091.61	6.6196	168.478	0.187098	0.591124	123.201	121	122.149	120	94.8244	93	818.00549	1492.74357	818.00549	Shallow
484009	4627243	99003638	2850	n	2082.13	7.2853	140.86	0.337967	0.699237	127.532	126	126.123	124	99.0699	96	1118.00318	1396.44602	1118.00318	Shallow
484309	4627243	99003639	2851	n	2069.36	4.9231	124.185	0.465083	0.759479	120.979	119	119.64	117	95.515	93	1349.55203	1360.82314	1349.55203	Shallow
484609	4627243	99003640	2852	n	2060.67	4.093	93.9337	0.654797	0.810862	124.599	125	122.531	122	99.5467	99	1122.2017	1390.54584	1122.2017	Deep
484909	4627243	99003641	2853	n	2044.57	13.0359	138.354	0.398945	0.604411	134.323	134	128.206	129	106.084	107	834.9819	1473.48164	834.9819	Shallow
485209	4627243	99003642	2854	n	2036.16	11.3991	165.618	0.188339	0.592612	136.898	136	135.109	135	111.053	111	561.29573	1601.80094	561.29573	Shallow
485509	4627243	99003643	2855	n	2016.97	10.3093	138.567	0.358475	0.801164	138.661	137	138.036	137	114.141	113	336.02236	1485.32137	336.02236	Shallow
485809	4627243	99003644	2856	n	1997.69	4.7714	151.251	0.298412	0.658372	130.966	130	131.753	131	108.415	107	301.27919	1185.42722	301.27919	Deep
486109	4627243	99003645	2857	n	1981.76	3.9961	92.2715	0.708453	0.907251	128.344	128	128.508	128	106.052	105	498.62539	885.60477	498.62539	Deep
486409	4627243	99003646	2858	n	1972.86	3.7376	160.389	0.248264	0.613231	131.248	131	130.579	130	107.687	107	765.82335	585.96411	585.96411	Deep
486709	4627243	99003647	2859	n	1967.48	4.3267	134.695	0.404626	0.664871	126.776	127	128.683	129	105.733	105	1050.8775	287.07501	287.07501	Deep
487009	4627243	99003648	2860	n	1961.38	3.7543	135.341	0.569385	0.681635	121.586	119	117.35	117	97.5533	96	1342.46104	38.34301	38.34301	Deep
487309	4627243	99003649	2861	n	1957.41	3.7964	134.842	0.520815	0.632128	116.905	116	115.653	115	94.0856	93	1637.08881	9.2874	9.2874	Deep
487609	4627243	99003650	2862	n	1954.03	3.9805	144.921	0.610282	0.623635	120.536	119	119.532	119	98.6246	98	1933.36957	3.46174	3.46174	Deep
487909	4627243	99003651	2863	n	1951.6	5.2736	136.711	0.729434	0.575723	122.369	121	125.853	125	103.646	102	2230.64476	34.20356	34.20356	Deep
488209	4627243	99003652	2864	n	1947.24	4.3693	68.2016	0.865583	0.66183	129.092	129	136.769	137	113.798	113	2528.56365	80.92601	80.92601	Deep
488509	4627243	99003653	2865	n	1941.13	3.8237	128.488	0.449694	0.607781	128.171	128	134.306	136	111.285	111	2665.22482	52.58574	52.58574	Deep
488809	4627243	99003654	2866	n	1947.12	8.0059	198.809	0.134384	0.376514	124.224	125	137.513	139	111.908	113	2365.22757	135.73587	135.73587	Deep
489109	4627243	99003655	2867	n	1950.2	4.7675	156.435	0.251665	0.677801	133.677	133	147.234	146	120.753	119	2065.23112	252.72048	252.72048	Deep
489409	4627243	99003656	2868	n	1944.9	3.4816	134.634	0.427671	0.732173	132.553	132	144.489	144	118.846	118	1765.23588	358.93324	358.93324	Deep
489709	4627243	99003657	2869	n	1933.96	2.477	92.8704	0.710532	0.948684	135.814	135	142.912	143	118.793	119	1465.24259	362.21836	362.21836	Deep
490009	4627243	99003658	2870	n	1926.9	3.2687	151.787	0.364495	0.53793	137.993	138	142.371	144	120.149	121	1165.25275	425.36212	425.36212	Deep
490309	4627243	99003659	2871	n	1931.02	3.9594	187.828	0.098852	0.440821	149.468	149	154.296	155	130.706	131	865.26996	555.3657	555.3657	Deep
490609	4627243	99003660	2872	n	1926.04	3.3082	125.457	0.470951	0.814374	152.9	151	153.901	153	131.649	130	565.30543	784.81156	565.30543	Deep
490909	4627243	99003661	2873	n	1919.64	2.7232	157.507	0.229892	0.666699	154.522	151	155.432	154	133.063	131	265.42108	1050.44148	265.42108	Deep
491209	4627243	99003662	2874	n	1916.11	3.5219	173.987	0.281496	0.489729	141.805	141	141.953	143	120.167	120	36.42079	1330.76122	36.42079	Deep
491509	4627243	99003663	2875	n	1921.24	4.5525	171.011	0.142201	0.571687	165.944	169	115.062	109	119.243	117	334.96955	1618.15437	334.96955	Deep
491809	4627243	99003664	2876	n	1914.17	3.9124	143.016	0.325139	0.768822	174.514	175	99.2005	98	117.568	117	634.88796	1788.36993	634.88796	Deep
492109	4627243	99003665	2877	n	1902.77	1.7405	112.374	0.562713	0.947685	168.54	173	93.7004	84	112.329	111	934.85873	1510.95953	934.85873	Deep
492409	4627243	99003666	2878	n	1898.64	0.5227	132.138	0.39836	0.860104	161.479	162	109.494	114	111.312	113	1234.8437	1242.01321	1234.8437	Deep
492709	4627243	99003667	2879	n	1897.34	0.2503	153.638	0.386179	0.666919	152.491	155	63.4035	58	84.1224	84	1386.30113	989.15119	989.15119	Deep
493009	4627243	99003668	2880	n	1896.96	0.239	139.853	0.442363	0.607129	154.816	156	65.1569	59	85.4239	84	1093.81395	767.18873	767.18873	Deep
493309	4627243	99003669	2881	n	1896.25	0.4346	127.621	0.658746	0.761027	155.957	157	86.3688	86	99.3031	100	806.86249	568.02302	568.02302	Deep
475609	4627043	99003678	2882	n	2189.37	9.0709	223.455	0.662635	0.301706	139.717	141	129.067	135	106.939	110	3095.01114	1140.77599	1140.77599	Shallow
475909	4627043	99003679	2883	n	2177.78	10.9432	108.144	0.791292	0.682334	138.965	140	130.401	133	107.949	109	2891.65452	1432.49013	1432.49013	Shallow
476209	4627043	99003680	2884	n	2206.41	12.7608	296.484	0.52489	0.19743	128.59	127	109.121	108	88.8528	87	2706.33289	1725.14128	1725.14128	Deep
476509	4627043	99003681	2885	n	2234.63	5.4565	280.272	0.586366	0.179667	126.549	127	112.209	115	90.8165	91	2542.99224	2019.27476	2019.27476	Shallow
476809	4627043	99003682	2886	n	2239.46	4.0452	123.821	0.838092	0.714193	122.552	122	104.487	103	83.6124	83	2406.11334	2314.85563	2314.85563	Shallow
477109	4627043	99003683	2887	n	2231.76	3.2863	129.547	0.546959	0.7228	124.954	124	115.093	114	92.7654	90	2300.42458	2577.23895	2300.42458	Medium
477409	4627043	99003684	2888	n	2216.83	4.2668	132.278	0.771691	0.787444	142.376	145	122.143	135	103.611	111	2230.36434	2628.57351	2230.36434	Medium
477709	4627043	99003685	2889	n	2209.57	2.04	140.43	0.375566	0.758864	149.163	150	145.516	147	125.385	126	2199.34012	2712.31208	2199.34012	Medium
478009	4627043	99003686	2890	n	2201.09	4.4623	117.577	0.514679	0.888779	124.483	122	111.994	108	87.5663	84	2208.99724	2825.57516	2208.99724	Shallow
478309	4627043	99003687	2891	n	2179.24	3.5918	82.199	0.782145	0.931493	119.305	120	103.121	103	79.3541	79	2258.814	2964.98113	2258.814	Shallow
478609	4627043	99003688	2892	n	2163	8.3629	120.154	0.656634	0.735536	120.118	120	99.3559	101	76.9846	76	2346.23369	3127.03553	2346.23369	Shallow
478909	4627043	99003689	2893	n	2140.73	5.7835	72.5205	0.772816	0.800084	115.501	115	96.8214	98	73.155	73	2467.26253	3308.41191	2467.26253	Medium
479209	4627043	99003690	2894	n	2129.22	3.9182	84.3282	0.759928	0.758184	116.749	116	102.859	105	78.3406	78	2271.07958	3147.72634	2271.07958	Medium
479509	4627043	99003691	2895	n	2122.55	3.5639	158.61	0.272224	0.55927	124.077	126	113.101	116	87.1107	89	1971.12997	2855.09356	1971.12997	Medium
479809	4627043	99003692	2896	n	2116.75	3.4609	141.01	0.373931	0.732159	123.402	123	109.44	109	85.8515	85	1671.19844	2564.16407	1671.19844	Medium
480109	4627043	99003693	2897	n	2110.02	2.7514	120.526	0.508793	0.815144	114.904	112	102.04	98	80.4893	77	1371.29687	2275.59124	1371.29687	Medium
480409	4627043	99003694	2898	n	2102.41	3.3335	162.861	0.205226	0.59136	113.862	113	103.311	102	79.8787	79	1071.45041	1990.40037	1071.45041	Medium
480709	4627043	99003695	2899	n	2103.58	4.8773	180.397	0.10113	0.491764	123.049	120	114.726	111	91.7205	86	771.7233	1710.28411	771.7233	Medium
481009	4627043	99003696	2900	n	2102.02	7.0174	172.824	0.111219	0.559912	124.883	123	115.132	113	92.3349	90	472.34281	1438.21065	472.34281	Medium
481309	4627043	99003697	2901	n	2096.6	6.9003	163.019	0.178354	0.628066	130.486	130	117.274	117	94.9501	94	175.09598	1179.7576	175.09598	Medium
481609	4627043	99003698	2902	n	2097.57	9.5361	199.427	0.072896	0.342268	135.532	135	126.196	126	101.96	102	134.94249	946.15333	134.94249	Shallow
481909	4627043	99003699	2903	n	2114.03	8.9688	196.269	0.03402	0.360835	129.685	130	124.315	125	101.16	101	430.99925	760.64725	430.99925	Shallow
482209	4627043	99003700	2904	n	2118.31	5.8492	129.103	0.42538	0.642528	128.1	126	118.235	117	96.9713	95	541.79692	664.8025	541.79692	Shallow
482509	4627043	99003701	2905	n	2114.56	4.102	55.9716	0.836755	0.749471	118.081	117	107.963	107	87.2688	87	432.94588	696.66383	432.94588	Medium
482809	4627043	99003702	2906	n	2101.52	5.6238	69.6783	0.898964	0.832369	115.808	116	107.013	107	86.5462	86	219.63666	821.83266	219.63666	Medium
483109	4627043	99003703	2907	n	2073.5	9.3453	47.4034	0.923383	0.815559	116.107	116	105.25	104	86.5205	86	298.39301	1011.86254	298.39301	Medium
483409	4627043	99003704	2908	n	2051.54	11.1586	91.6568	0.649581	0.644794	117.611	116	106.468	105	88.6699	87	556.6296	1201.68166	556.6296	Medium
483709	4627043	99003705	2909	n	2051.92	14.8555	155.509	0.248329	0.558044	136.208	139	131.076	136	108.654	112	842.99148	1406.16706	842.99148	Shallow
484009	4627043	99003706	2910	n	2043.38	14.2616	156.875	0.224699	0.545503	134.079	137	128.782	132	107.862	110	1136.41223	1580.11111	1136.41223	Shallow
484309	4627043	99003707	2911	n	2036.92	14.7083	164.411	0.237652	0.558873	135.539	140	127.841	132	107.38	111	1389.16528	1560.8143	1389.16528	Shallow
484609	4627043	99003708	2912	n	2033.07	15.305	163.436	0.187901	0.580346	140.128	142	133.899	138	111.558	114	1089.78819	1586.79532	1089.78819	Shallow
484909	4627043	99003709	2913	n	2022.18	13.3529	156.187	0.230822	0.657859	145.936	147	140.308	142	117.591	118	790.88333	1661.95979	790.88333	Shallow
485209	4627043	99003710	2914	n	2004.09	7.67	162.549	0.199661	0.628108	133.632	134	126.313	127	104.217	105	493.3098	1777.3767	493.3098	Shallow
485509	4627043	99003711	2915	n	1992.99	6.0468	133.635	0.339597	0.691147	135.96	135	128.515	128	107.283	106	203.00907	1494.01513	203.00907	Shallow
485809	4627043	99003712	2916	n	1984.54	4.3209	135.15	0.399103	0.660631	132.544	133	123.485	125	104.613	105	138.0971	1196.30236	138.0971	Deep
486109	4627043	99003713	2917	n	1977.8	4.9217	165.894	0.669098	0.640784	127.288	125	123.377	120	102.571	99	420.62921	900.1097	420.62921	Deep
486409	4627043	99003714	2918	n	1979.78	8.3549	234.376	0.788379	0.419496	113.674	114	114.569	114	91.1506	91	717.48663	607.66405	607.66405	Deep
486709	4627043	99003715	2919	n	1981.76	9.3565	118.805	0.925718	0.549054	109.811	111	116.184	117	91.6344	93	1016.19151	329.1105	329.1105	Deep
487009	4627043	99003716	2920	n	1978.9	7.7329	121.879	0.907699	0.537752	107.137	108	118.36	119	92.2749	93	1315.48596	156.53644	156.53644	Deep
487309	4627043	99003717	2921	n	1979.11	8.185	172.822	0.905524	0.521582	105.91	106	119.019	119	91.7688	92	1615.04224	180.03129	180.03129	Deep
487609	4627043	99003718	2922	n	1970.38	8.6056	207.489	0.802766	0.515286	107.883	107	119.535	119	93.367	93	1914.73746	188.76755	188.76755	Deep
487909	4627043	99003719	2923	n	1972.75	7.14	76.3973	0.965698	0.631635	116.593	117	127.947	128	101.68	101	2214.51523	232.99072	232.99072	Deep
488209	4627043	99003720	2924	n	1963.68	5.0942	132.694	0.89716	0.661551	122.498	122	137.022	136	110.302	109	2514.346	276.153	276.153	Deep
488509	4627043	99003721	2925	n	1952.06	6.8543	41.1315	0.967343	0.707546	125.091	125	138.373	138	112.676	112	2673.52296	136.76475	136.76475	Deep
488809	4627043	99003722	2926	n	1939.01	5.5365	78.1838	0.733308	0.689446	132.059	131	130.507	133	111.637	112	2374.57431	38.9097	38.9097	Deep
489109	4627043	99003723	2927	n	1935.13	4.6626	161.111	0.206174	0.541774	140.023	139	140.268	140	120.14	119	2075.92901	69.24098	69.24098	Deep
489409	4627043	99003724	2928	n	1934.81	4.1499	182.161	0.088408	0.481032	136.212	135	146.601	146	121.325	120	1777.73996	159.48176	159.48176	Deep
489709	4627043	99003725	2929	n	1930.1	3.5293	152.396	0.267896	0.707043	138.685	139	146.538	147	121.978	122	1480.28291	176.03948	176.03948	Deep
490009	4627043	99003726	2930	n	1925.31	2.077	123.712	0.472718	0.753805	142.788	142	148.207	148	124.473	124	1184.10964	229.4223	229.4223	Deep
490309	4627043	99003727	2931	n	1921.25	3.3292	181.965	0.234318	0.42553	146.054	146	148.558	149	124.897	125	890.50197	424.42045	424.42045	Deep
490609	4627043	99003728	2932	n	1924.57	3.0303	120.402	0.562034	0.755603	156.018	151	156.061	154	133.871	131	603.21794	698.30569	603.21794	Deep
490909	4627043	99003729	2933	n	1914.86	1.5564	117.086	0.503195	0.778782	172.455	177	160.239	170	143.494	149	338.7477	987.48619	338.7477	Deep
491209	4627043	99003730	2934	n	1910.27	1.815	141.765	0.399357	0.67009	168.34	171	155.127	169	139.662	147	213.60742	1281.65014	213.60742	Deep
491509	4627043	99003731	2935	n	1912.3	2.4113	215.428	0.149909	0.254338	167.341	167	89.4109	88	109.249	108	395.60872	1578.01306	395.60872	Deep
491809	4627043	99003732	2936	n	1909.49	2.9312	110.74	0.573921	0.918275	171.963	176	87.3054	88	112.428	114	668.86798	1725.61071	668.86798	Deep
492109	4627043	99003733	2937	n	1900.6	1.0789	119.769	0.501336	0.904361	166.842	168	102.938	111	113.797	113	958.26015	1438.47504	958.26015	Deep
492409	4627043	99003734	2938	n	1897.83	0.29	127.681	0.43887	0.858972	158.004	158	91.7375	102	101.5	105	1252.65344	1156.70434	1156.70434	Deep
492709	4627043	99003735	2939	n	1897.18	0.0533	129.812	0.603022	0.599499	151.816	154	60.57	56	82.4567	82	1439.21245	883.0043	883.0043	Deep
493009	4627043	99003736	2940	n	1896.82	0.176	119.787	0.620693	0.808064	153.031	157	58.9407	55	80.5019	83	1160.14249	629.20573	629.20573	Deep
493309	4627043	99003737	2941	n	1896.25	0.262	137.971	0.690879	0.725133	160.97	162	96.1273	99	107.727	111	894.72271	420.31464	420.31464	Deep
475609	4626843	99003746	2942	n	2199.72	4.3117	293.25	0.615482	0.173752	137.139	137	132.072	134	106.807	108	3240.1021	1156.15631	1156.15631	Shallow
475909	4626843	99003747	2943	n	2189.15	10.427	117.795	0.762125	0.714444	136.331	134	119.416	118	99.5736	97	3046.44604	1454.74243	1454.74243	Deep
476209	4626843	99003748	2944	n	2224.38	10.734	280.404	0.381494	0.070974	128.032	128	119.477	123	94.9966	96	2871.13311	1753.81118	1753.81118	Shallow
476509	4626843	99003749	2945	n	2246.38	3.4304	197.395	0.675764	0.497514	125.053	125	103.153	104	83.9515	84	2717.71544	2053.1484	2053.1484	Shallow
476809	4626843	99003750	2946	n	2239.36	3.6892	119.195	0.512407	0.90662	122.17	122	105.572	105	83.2172	83	2590.08669	2352.58808	2352.58808	Medium
477109	4626843	99003751	2947	n	2223.5	4.8703	156.083	0.310519	0.613264	124.61	123	113.507	111	89.0807	87	2492.21205	2647.09057	2492.21205	Medium
477409	4626843	99003752	2948	n	2218.79	4.1247	100.082	0.653889	0.78161	139.703	142	116.687	131	98.7042	105	2427.69289	2823.73872	2427.69289	Deep
477709	4626843	99003753	2949	n	2202.04	3.7822	127.097	0.444919	0.822433	149.493	150	143.838	145	122.357	123	2399.22167	2901.85087	2399.22167	Medium
478009	4626843	99003754	2950	n	2201.14	4.2902	199.212	0.418839	0.31737	120.154	116	114.959	112	86.175	82	2408.07734	3007.98548	2408.07734	Shallow
478309	4626843	99003755	2951	n	2190.54	8.1623	46.6054	0.910488	0.757536	120.259	120	100.491	102	77.7262	77	2453.85581	3139.30163	2453.85581	Shallow
478609	4626843	99003756	2952	n	2173.05	6.1403	108.398	0.723051	0.825632	121.784	122	104.892	107	80.2688	80	2534.5572	3292.78801	2534.5572	Shallow
478909	4626843	99003757	2953	n	2150.21	7.63	102.933	0.744758	0.794207	120.422	120	101.944	102	78.601	77	2581.81366	3408.91547	2581.81366	Shallow
479209	4626843	99003758	2954	n	2131.43	4.7236	87.1647	0.667199	0.784573	114.98	115	102.971	103	77.1065	77	2283.26798	3111.92589	2283.26798	Medium
479509	4626843	99003759	2955	n	2118.56	4.1635	100.686	0.672009	0.754368	118.485	117	108.7	108	83.3176	82	1985.16084	2815.5747	1985.16084	Medium
479809	4626843	99003760	2956	n	2110.22	4.413	114.949	0.525061	0.690641	123.738	124	112.854	113	89.0546	89	1685.87215	2520.08711	1685.87215	Medium
480109	4626843	99003761	2957	n	2105.14	4.4889	139.464	0.382971	0.632143	127.241	130	120.134	124	95.9073	98	1386.76349	2225.80708	1386.76349	Medium
480409	4626843	99003762	2958	n	2096.47	3.641	117.31	0.496923	0.798001	114.084	111	105.051	101	82.6893	79	1088.1457	1933.28613	1088.1457	Medium
480709	4626843	99003763	2959	n	2090.41	4.1433	159.988	0.220287	0.611534	116.248	115	108.602	107	83.3475	81	790.5752	1643.46384	790.5752	Medium
481009	4626843	99003764	2960	n	2083.44	5.1152	157.346	0.217085	0.668546	121.26	120	112.295	111	88.1146	87	495.94074	1358.06904	495.94074	Medium
481309	4626843	99003765	2961	n	2076.98	5.6936	168.721	0.140169	0.585962	129.276	127	119.616	118	96.1608	93	216.57632	1080.6154	216.57632	Medium
481609	4626843	99003766	2962	n	2075.04	7.0528	182.975	0.107196	0.470379	130.933	132	121.468	121	98.3784	98	166.89332	819.21168	166.89332	Shallow
481909	4626843	99003767	2963	n	2084.83	9.2799	203.919	0.027462	0.306657	135.12	135	127.636	128	102.457	103	434.5129	595.38718	434.5129	Shallow
482209	4626843	99003768	2964	n	2100.93	5.5026	203.039	0.080476	0.32663	126.729	127	116.185	116	95.3083	95	342.16348	466.75906	342.16348	Shallow
482509	4626843	99003769	2965	n	2111.14	4.133	188.423	0.094293	0.43455	124.271	123	117.207	116	95.3683	95	471.91953	506.86417	471.91953	Shallow
482809	4626843	99003770	2966	n	2109.26	3.06	107.482	0.611677	0.695087	112.928	113	105.832	106	85.8957	86	411.99748	661.74812	411.99748	Medium
483109	4626843	99003771	2967	n	2095.85	5.8575	34.5928	0.98471	0.754134	115.343	115	109.281	109	88.3729	88	458.84643	854.81697	458.84643	Medium
483409	4626843	99003772	2968	n	2077.91	9.8549	34.1427	0.952625	0.736641	120.356	118	111.78	109	91.2922	89	656.76341	1051.69831	656.76341	Medium
483709	4626843	99003773	2969	n	2055.08	13.8174	156.612	0.821916	0.578967	115.105	113	106.331	104	86.5139	85	912.21505	1264.01728	912.21505	Deep
484009	4626843	99003774	2970	n	2049.86	11.7388	100.568	0.913261	0.6314	117.477	116	111.095	109	90.5458	88	1188.66918	1390.05495	1188.66918	Deep
484309	4626843	99003775	2971	n	2036.73	12.9372	133.644	0.920052	0.582676	113.453	114	103.674	104	84.5142	85	1392.15008	1516.27534	1392.15008	Deep
484609	4626843	99003776	2972	n	2029.49	12.94	120.233	0.933017	0.548289	115.111	116	103.996	105	85.2916	86	1093.5904	1683.14743	1093.5904	Deep
484909	4626843	99003777	2973	n	2018.57	12.3761	135.831	0.891445	0.561197	120.067	120	105.913	106	87.9437	88	796.11437	1852.49657	796.11437	Deep
485209	4626843	99003778	2974	n	2014.83	12.964	145.577	0.930153	0.525916	116.692	117	106.231	107	86.9636	87	501.65348	1821.79163	501.65348	Deep
485509	4626843	99003779	2975	n	2008.79	12.0327	88.7125	0.942535	0.692644	125.374	124	119.06	118	97.5875	96	222.51818	1529.04639	222.51818	Deep
485809	4626843	99003780	2976	n	1994.94	8.0045	187.747	0.867927	0.489297	113.963	115	110.649	111	89.0163	90	165.44626	1239.77458	165.44626	Deep
486109	4626843	99003781	2977	n	2002.07	11.463	238.452	0.878359	0.447062	112.364	112	111.914	112	89.2091	89	430.38424	957.13067	430.38424	Deep
486409	4626843	99003782	2978	n	2006.65	9.8361	184.619	0.78412	0.437652	108.563	108	111.681	112	88.3628	89	723.24872	689.31651	689.31651	Deep
486709	4626843	99003783	2979	n	2007.5	8.2722	148.782	0.799338	0.567387	110.597	112	118.653	120	94.231	95	1020.26802	459.74688	459.74688	Deep
487009	4626843	99003784	2980	n	2001.65	7.3637	153.723	0.864366	0.524634	108.337	109	119.775	120	94.0863	94	1318.63754	356.37805	356.37805	Deep
487309	4626843	99003785	2981	n	1993.12	5.9127	147.731	0.7845	0.687627	112.214	111	123.986	123	98.046	97	1617.6103	374.91027	374.91027	Deep
487609	4626843	99003786	2982	n	1988.06	7.5719	195.113	0.732134	0.419336	103.818	105	117.399	118	90.3279	91	1916.90407	387.73038	387.73038	Deep
487909	4626843	99003787	2983	n	1989.35	4.1651	71.5046	0.844808	0.913253	124.667	124	136.519	136	110.425	109	2216.38881	432.88143	432.88143	Deep
488209	4626843	99003788	2984	n	1973.61	3.9071	94.5192	0.794871	0.761401	126.443	126	139.088	138	113.517	113	2515.99632	442.29848	442.29848	Deep
488509	4626843	99003789	2985	n	1966.28	3.8531	128.211	0.540134	0.712245	127.528	127	144.007	143	117.15	116	2696.66955	324.32709	324.32709	Deep
488809	4626843	99003790	2986	n	1955.22	6.0854	83.5743	0.683838	0.728347	133.493	133	146.546	146	120.207	120	2400.60509	199.32957	199.32957	Deep
489109	4626843	99003791	2987	n	1939.23	6.4001	42.5122	0.932101	0.752221	136.842	136	140.223	141	119.06	119	2105.65498	101.69001	101.69001	Deep
489409	4626843	99003792	2988	n	1926.99	3.8324	80.1855	0.691966	0.736396	139.018	139	139.897	141	120.825	121	1812.36338	32.1449	32.1449	Deep
489709	4626843	99003793	2989	n	1921.63	2.2452	117.956	0.482746	0.728393	146.794	146	146.327	148	128.5	129	1521.68958	6.28933	6.28933	Deep
490009	4626843	99003794	2990	n	1918.63	2.3647	129.496	0.425365	0.680851	146.295	146	144.967	145	125.766	125	1235.48261	65.85021	65.85021	Deep
490309	4626843	99003795	2991	n	1915.3	2.2575	144.016	0.342464	0.676473	145.83	145	142.327	142	122.341	122	957.7554	363.09004	363.09004	Deep
490609	4626843	99003796	2992	n	1915.17	4.2682	168.993	0.160619	0.578056	171.467	177	148.894	158	137.604	139	698.69417	662.82162	662.82162	Deep
490909	4626843	99003797	2993	n	1910.16	1.9644	164.785	0.169298	0.609861	179.84	180	144.471	162	138.531	143	488.9291	962.72043	488.9291	Deep
491209	4626843	99003798	2994	n	1908.25	1.1423	139.713	0.338885	0.743483	175.289	176	144.767	161	136.219	142	412.22541	1262.66732	412.22541	Deep
491509	4626843	99003799	2995	n	1906.95	1.9613	176.63	0.154069	0.527586	170.19	171	82.1914	77	109.689	108	529.91312	1562.63459	529.91312	Deep
491809	4626843	99003800	2996	n	1904.62	2.027	126.27	0.446567	0.817181	170.383	177	81.6459	68	110.177	109	756.09923	1683.8153	756.09923	Deep
492109	4626843	99003801	2997	n	1900.33	1.057	117.134	0.787508	0.788548	169.311	170	125.781	130	124.026	125	1021.06031	1388.06056	1021.06031	Deep
492409	4626843	99003802	2998	n	1897.63	0.2972	107.428	0.760665	0.817751	154.48	154	68.7128	61	87.039	83	1301.32328	1094.61876	1094.61876	Deep
492709	4626843	99003803	2999	n	1897.14	0.0691	145.576	0.598387	0.621387	155.235	158	68.9459	56	89.9766	85	1516.85007	806.02007	806.02007	Deep
493009	4626843	99003804	3000	n	1896.75	0.1452	131.565	0.578646	0.714273	150.402	153	58.2333	56	78.0014	80	1255.16225	526.11442	526.11442	Deep
493309	4626843	99003805	3001	n	1896.35	0.3528	127.213	0.56862	0.785557	160.371	161	108.655	115	113.855	117	1014.90413	270.88676	270.88676	Deep
475609	4626643	99003814	3002	n	2205.13	5.202	240.91	0.280155	0.2531	136.922	136	131.213	132	105.932	106	3390.78594	1194.57066	1194.57066	Shallow
475909	4626643	99003815	3003	n	2200.83	8.3449	129.001	0.668895	0.682301	132.012	132	108.386	109	90.8672	91	3206.24409	1485.45521	1485.45521	Deep
476209	4626643	99003816	3004	n	2226.84	10.1219	241.065	0.232418	0.193631	128.916	128	119.866	119	96.0328	94	3040.16003	1779.36936	1779.36936	Shallow
476509	4626643	99003817	3005	n	2237.16	6.8188	181.446	0.113434	0.486204	131.481	131	120.683	119	97.594	96	2895.71146	2075.02613	2075.02613	Shallow
476809	4626643	99003818	3006	n	2232.36	3.1876	139.984	0.505118	0.75188	122.246	122	107.808	106	84.9682	84	2776.27749	2371.77393	2371.77393	Medium
477109	4626643	99003819	3007	n	2216.58	5.7241	116.7	0.567883	0.827657	117.497	116	103.562	100	79.4055	78	2685.19805	2669.2489	2669.2489	Medium
477409	4626643	99003820	3008	n	2218.95	5.4544	170.486	0.406436	0.522807	130.598	130	122.401	125	96.6392	96	2625.42576	2967.23235	2625.42576	Medium
477709	4626643	99003821	3009	n	2201.33	4.7162	73.4366	0.815924	0.906715	141.185	144	130.378	136	108.657	113	2599.12144	3092.70758	2599.12144	Medium
478009	4626643	99003822	3010	n	2193.98	6.5881	192.122	0.178611	0.350443	129.152	126	122.067	121	95.9486	93	2607.29824	3192.50345	2607.29824	Shallow
478309	4626643	99003823	3011	n	2199.69	5.4415	136.623	0.409916	0.738856	125.27	125	114.203	117	89.5026	90	2649.63695	3316.52173	2649.63695	Shallow
478609	4626643	99003824	3012	n	2166.13	6.9091	134.805	0.424906	0.730066	126.512	127	105.433	108	83.7695	84	2724.54544	3462.16038	2724.54544	Medium
478909	4626643	99003825	3013	n	2153.01	5.4335	137.384	0.462619	0.804447	125.255	126	109.749	112	85.0098	86	2583.06223	3387.71402	2583.06223	Shallow
479209	4626643	99003826	3014	n	2135.43	3.3416	124.493	0.483288	0.723281	123.397	124	114.922	115	86.5963	87	2283.23423	3088.68652	2283.23423	Medium
479509	4626643	99003827	3015	n	2127.08	4.0095	70.2446	0.808472	0.788857	119.116	119	109.173	109	82.251	81	1983.45825	2789.86784	1983.45825	Medium
479809	4626643	99003828	3016	n	2115.92	3.7566	69.475	0.929004	0.743984	122.188	123	109.932	110	84.3581	84	1683.76207	2491.33311	1683.76207	Medium
480109	4626643	99003829	3017	n	2109.7	4.2441	58.4193	0.973735	0.655034	117.855	119	107.213	108	83.0134	83	1384.19752	2193.19831	1384.19752	Medium
480409	4626643	40027376	3018	y	2100.13	3.7858	42.168	0.967818	0.751511	116.452	117	107.328	107	83.2389	82	1084.87366	1895.65211	1084.87366	Medium
480709	4626643	99003831	3019	n	2090.75	3.524	44.1321	0.969406	0.789459	106.863	107	95.9872	96	72.8844	73	786.06548	1599.02316	786.06548	Medium
481009	4626643	99003832	3020	n	2081.69	4.2489	93.2567	0.882792	0.674483	112.584	111	99.5125	99	76.9007	75	488.71977	1303.93757	488.71977	Medium
481309	4626643	99003833	3021	n	2078.25	6.3316	88.5279	0.910984	0.606913	111.796	111	96.2525	96	75.5467	75	199.48707	1011.74666	199.48707	Medium
481609	4626643	99003834	3022	n	2065.28	5.844	72.2351	0.760938	0.698273	117.879	115	100.193	98	81.457	79	144.02489	725.95415	144.02489	Medium
481909	4626643	99003835	3023	n	2060.66	7.5427	135.595	0.36393	0.492142	125.262	122	112.127	109	91.1763	88	308.18112	458.68023	308.18112	Shallow
482209	4626643	99003836	3024	n	2075.38	12.1581	209.178	0.069822	0.3005	130.619	132	124.147	126	100.023	101	143.55417	271.59838	143.55417	Shallow
482509	4626643	99003837	3025	n	2099.57	5.7443	239.292	0.167259	0.159367	123.913	123	117.365	116	95.1315	94	355.30268	325.6595	325.6595	Shallow
482809	4626643	99003838	3026	n	2109.04	1.8302	172.675	0.291506	0.603277	121.204	121	113.39	113	92.9697	93	609.29761	512.00683	512.00683	Medium
483109	4626643	40027378	3027	y	2101.12	3.175	86.7183	0.696284	0.858967	118.573	118	112.234	111	91.6119	91	641.90475	701.92877	641.90475	Deep
483409	4626643	99003840	3028	n	2087.49	8.3075	148.983	0.747772	0.646376	123.456	121	115.891	114	94.9307	92	795.51231	911.82473	795.51231	Deep
483709	4626643	99003841	3029	n	2079.97	6.424	79.0709	0.948302	0.661932	120.733	121	113.339	114	91.8614	92	1016.67987	1103.82995	1016.67987	Deep
484009	4626643	99003842	3030	n	2067.03	7.4969	151.794	0.802642	0.663093	118.435	120	113.769	115	91.9094	93	1270.60461	1203.22668	1203.22668	Deep
484309	4626643	99003843	3031	n	2069.92	8.0536	133.099	0.820418	0.512962	112.584	113	108.274	108	86.0637	86	1423.51098	1346.79204	1346.79204	Deep
484609	4626643	99003844	3032	n	2064.16	6.2815	83.9209	0.939523	0.566707	115.063	115	108.049	108	85.8058	86	1133.24385	1529.40737	1133.24385	Deep
484909	4626643	99003845	3033	n	2055.16	6.1743	51.3302	0.895764	0.713426	120.939	121	113.189	113	91.2741	91	849.76453	1734.31197	849.76453	Deep
485209	4626643	99003846	3034	n	2043.93	6.2539	97.0021	0.768579	0.713455	126.893	125	122.785	120	100.175	98	583.05906	1794.00386	583.05906	Deep
485509	4626643	40027380	3035	y	2023.45	11.9365	98.3603	0.752823	0.740725	130.874	128	125.166	122	103.336	100	371.23577	1588.67383	371.23577	Deep
485809	4626643	99003848	3036	n	2024.34	11.6333	219.4	0.705659	0.31833	105.485	108	103.25	105	81.067	84	340.10899	1312.6091	340.10899	Deep
486109	4626643	99003849	3037	n	2039.59	10.3542	177.858	0.861858	0.506703	114.935	114	113.821	114	91.681	91	523.00311	1049.76225	523.00311	Deep
486409	4626643	99003850	3038	n	2036.99	10.3058	234.899	0.882032	0.46617	109.749	110	113.733	114	89.8481	90	781.91456	811.31419	781.91456	Deep
486709	4626643	99003851	3039	n	2020.33	6.5887	120.079	0.849704	0.709259	114.944	115	122.145	122	97.6885	97	1062.66105	627.58971	627.58971	Deep
487009	4626643	99003852	3040	n	2016.22	3.5287	147.929	0.879896	0.582621	118.635	118	127.722	128	102.528	103	1351.70508	556.33351	556.33351	Deep
487309	4626643	99003853	3041	n	2002.94	4.8257	81.6205	0.87119	0.828486	123.141	124	131.833	133	106.316	108	1644.6777	573.2882	573.2882	Deep
487609	4626643	99003854	3042	n	1998.52	3.9319	203.964	0.602857	0.548154	116.143	115	127.682	127	100.875	100	1939.7997	587.29354	587.29354	Deep
487909	4626643	40027382	3043	y	1989.68	3.5974	115.416	0.650551	0.909625	128.205	126	137.299	136	112.187	111	2236.22025	632.06527	632.06527	Deep
488209	4626643	99003856	3044	n	1980.71	5.1652	119.463	0.850985	0.672719	129.846	131	139.366	140	114.022	115	2533.48359	612.5887	612.5887	Deep
488509	4626643	99003857	3045	n	1964.82	3.8747	89.5204	0.725746	0.844673	136.155	137	146.649	147	120.517	121	2734.28753	506.69579	506.69579	Deep
488809	4626643	99003858	3046	n	1956.58	2.525	93.2465	0.678941	0.767395	134.154	136	147.168	148	120.624	121	2442.78661	374.70059	374.70059	Deep
489109	4626643	99003859	3047	n	1947.28	4.9902	81.1434	0.712376	0.751479	132.217	130	143.997	143	118.905	117	2153.62127	279.43147	279.43147	Deep
489409	4626643	99003860	3048	n	1934.6	4.6574	68.7524	0.774906	0.727172	153.308	157	159.818	162	136.063	138	1867.87652	224.46163	224.46163	Deep
489709	4626643	99003861	3049	n	1927.03	4.3248	39.9566	0.895693	0.646166	155.5	159	159.544	162	136.375	139	1587.40065	177.81628	177.81628	Deep
490009	4626643	99003862	3050	n	1923.14	3.7394	101.144	0.950193	0.635216	159.588	160	163.026	164	139.994	141	1315.56792	189.83653	189.83653	Deep
490309	4626643	99003863	3051	n	1916.33	2.6782	54.8238	0.90932	0.713936	157.014	158	156.933	159	135.42	137	1059.0548	404.39589	404.39589	Deep
490609	4626643	99003864	3052	n	1911.1	1.9759	79.43	0.791911	0.747184	178.943	181	142.13	156	137.339	140	832.15095	686.31928	686.31928	Deep
490909	4626643	99003865	3053	n	1906.92	1.2961	97.2834	0.636174	0.784278	182.172	182	128.378	142	133.032	135	665.84782	979.04662	665.84782	Deep
491209	4626643	99003866	3054	n	1904.72	0.9772	166.748	0.183592	0.557554	176.213	177	139.869	154	133.904	138	611.74459	1275.15897	611.74459	Deep
491509	4626643	99003867	3055	n	1903.98	0.3466	131.386	0.445281	0.78572	163.902	166	114.815	116	118.597	116	696.49808	1572.74554	696.49808	Deep
491809	4626643	99003868	3056	n	1902.49	1.1156	170.124	0.502993	0.582011	163.455	167	115.156	121	118.864	118	880.90164	1665.15334	880.90164	Deep
492109	4626643	99003869	3057	n	1900.24	1.6383	133.887	0.511731	0.818128	165.444	163	128.913	130	122.814	121	1116.63146	1365.36214	1116.63146	Deep
492409	4626643	99003870	3058	n	1897.78	0.2019	89.134	0.74771	0.936811	152.879	153	76.6767	64	89.921	88	1377.58628	1065.68846	1065.68846	Deep
492709	4626643	99003871	3059	n	1897.21	0.1569	160.704	0.479527	0.654777	151.66	154	92.8186	102	98.6358	102	1615.65336	766.2702	766.2702	Deep
493009	4626643	99003872	3060	n	1896.87	0.1896	154.388	0.676735	0.656237	151.212	152	58.418	55	79.8079	80	1372.92896	467.59827	467.59827	Deep
493309	4626643	99003873	3061	n	1896.27	0.2676	87.7063	0.776981	0.901229	155.075	155	106.692	114	108.199	109	1157.38155	173.56919	173.56919	Deep
475609	4626443	99003882	3062	n	2185.84	9.6399	208.928	0.102813	0.287203	141.028	142	138.241	143	113.403	117	3546.34981	1254.84864	1254.84864	Shallow
475909	4626443	99003883	3063	n	2203.93	6.2119	166.571	0.419476	0.416964	135.191	135	126.826	130	103.05	104	3370.3366	1541.35111	1541.35111	Shallow
476209	4626443	99003884	3064	n	2213.49	11.5618	253.687	0.428572	0.3191	132.455	133	123.563	125	100.65	101	3212.74659	1826.5971	1826.5971	Shallow
476509	4626443	99003885	3065	n	2229.17	3.9564	229.825	0.751582	0.402435	125.69	125	109.616	110	88.1124	88	3076.41228	2115.66422	2115.66422	Shallow
476809	4626443	99003886	3066	n	2233.4	1.1941	226.773	0.703786	0.39649	123.567	124	110.661	112	86.1054	86	2964.26793	2407.40799	2407.40799	Shallow
477109	4626443	99003887	3067	n	2215.16	8.889	116.256	0.600936	0.803605	122.01	121	100.284	98	79.855	78	2879.14158	2700.96119	2700.96119	Deep
477409	4626443	99003888	3068	n	2216.39	6.4483	183.595	0.298198	0.518773	126.597	126	122.346	123	95.679	96	2823.47801	2995.79196	2823.47801	Medium
477709	4626443	99003889	3069	n	2204.5	4.2565	96.747	0.676793	0.929972	141.672	143	135.766	138	111.034	113	2799.03554	3284.65246	2799.03554	Medium
478009	4626443	99003890	3070	n	2183.74	7.2692	101.843	0.66989	0.763853	131.083	132	117.996	121	96.2618	98	2806.62997	3378.7838	2806.62997	Medium
478309	4626443	99003891	3071	n	2186.39	8.688	170.412	0.187511	0.533411	123.847	123	110.927	110	86.3695	86	2846.00486	3496.20052	2846.00486	Shallow
478609	4626443	99003892	3072	n	2161.65	8.2104	115.717	0.540583	0.879052	120.569	120	97.242	97	77.643	77	2895.54005	3634.64664	2895.54005	Medium
478909	4626443	99003893	3073	n	2142.47	5.4491	132.787	0.480642	0.771947	126.961	127	110.152	110	86.7678	85	2597.13308	3378.24037	2597.13308	Shallow
479209	4626443	99003894	3074	n	2125.13	4.1821	154.676	0.241431	0.694669	120.576	120	108.574	109	82.9527	83	2299.14078	3078.29272	2299.14078	Medium
479509	4626443	99003895	3075	n	2121.29	4.5888	171.985	0.121841	0.565824	130.588	132	121.386	122	94.3409	95	2001.74834	2778.35639	2001.74834	Medium
479809	4626443	99003896	3076	n	2117.22	4.3228	157.158	0.215829	0.62079	133.89	134	124.729	124	97.076	96	1705.26962	2478.43546	1705.26962	Medium
480109	4626443	99003897	3077	n	2117.63	6.2175	160.74	0.324022	0.467669	138.017	139	130.443	133	103.887	105	1410.28102	2178.53631	1410.28102	Medium
480409	4626443	99003898	3078	n	2106.77	5.8217	109.907	0.551291	0.769894	131.477	132	121.312	121	95.2886	95	1117.96272	1878.66937	1117.96272	Medium
480709	4626443	99003899	3079	n	2095.36	3.3884	114.324	0.537252	0.726652	127.333	132	115.993	121	89.4375	94	831.13701	1578.85297	831.13701	Medium
481009	4626443	99003900	3080	n	2090.97	2.1731	145.533	0.77459	0.554804	109.894	109	97.7534	97	73.8196	73	558.33395	1279.12268	558.33395	Medium
481309	4626443	99003901	3081	n	2091.78	2.1927	188.329	0.670053	0.508421	110.198	110	100.559	100	77.4371	77	335.68569	979.55753	335.68569	Medium
481609	4626443	99003902	3082	n	2082.08	5.6665	52.624	0.874825	0.78192	112.282	112	97.6051	98	78.3387	78	305.99503	680.3757	305.99503	Medium
481909	4626443	99003903	3083	n	2068.42	5.2312	41.4225	0.917306	0.742681	114.057	114	100.508	100	79.0684	79	280.19199	382.47773	280.19199	Medium
482209	4626443	99003904	3084	n	2055.41	10.0547	117.315	0.562257	0.574964	116.766	115	100.178	99	81.3821	79	64.34086	98.32263	64.34086	Deep
482509	4626443	99003905	3085	n	2079.33	13.3355	213.288	0.064145	0.255677	129.732	129	125.491	126	102.989	103	331.31849	168.98452	168.98452	Deep
482809	4626443	99003906	3086	n	2101.38	3.8164	200.194	0.039687	0.335422	118.183	119	113.484	114	92.176	92	628.81168	356.40566	356.40566	Medium
483109	4626443	99003907	3087	n	2104.6	1.3995	119.451	0.546962	0.559176	115.558	115	110.535	110	89.5787	90	832.79251	559.22672	559.22672	Deep
483409	4626443	99003908	3088	n	2099.12	2.8682	57.8526	0.949556	0.722711	117.831	118	111.322	111	90.9983	91	956.21205	771.62397	771.62397	Deep
483709	4626443	99003909	3089	n	2091.21	2.5953	55.0116	0.928319	0.886655	121.807	122	116.688	117	95.057	95	1146.79537	918.33665	918.33665	Deep
484009	4626443	99003910	3090	n	2079.83	5.5991	225.268	0.810391	0.525152	111.745	111	107.063	107	85.5733	85	1376.93055	1021.39908	1021.39908	Deep
484309	4626443	99003911	3091	n	2082.7	2.8551	144.831	0.927874	0.55098	109.769	110	104.072	104	82.0412	82	1481.44698	1183.19502	1183.19502	Deep
484609	4626443	99003912	3092	n	2077.64	3.2058	57.9791	0.951805	0.804798	113.032	113	105.358	105	83.8192	84	1205.21503	1387.51165	1205.21503	Deep
484909	4626443	99003913	3093	n	2062.96	4.1078	50.5102	0.908038	0.823798	120.768	121	111.807	111	90.1934	90	943.61083	1537.5759	943.61083	Deep
485209	4626443	99003914	3094	n	2053.19	4.0214	45.5119	0.972014	0.671011	122.653	122	116.845	115	95.3793	94	712.92323	1596.29305	712.92323	Deep
485509	4626443	99003915	3095	n	2045.1	6.7965	52.4795	0.925272	0.746298	129.183	127	125.278	124	103.266	102	553.279	1670.26531	553.279	Deep
485809	4626443	99003916	3096	n	2042.68	7.4505	277.148	0.533636	0.174405	107.623	109	106.731	108	84.5969	86	532.89378	1410.26392	532.89378	Shallow
486109	4626443	99003917	3097	n	2055.83	2.0713	253.855	0.726935	0.303039	121.553	121	123.347	123	100.557	100	664.70588	1168.37248	664.70588	Shallow
486409	4626443	99003918	3098	n	2053.62	4.8347	171.172	0.654355	0.696069	127.521	128	130.139	130	106.512	107	883.00172	959.54801	883.00172	Deep
486709	4626443	99003919	3099	n	2029.14	5.5685	102.236	0.673568	0.825825	128.458	129	133.101	134	108.694	110	1139.10059	810.16696	810.16696	Deep
487009	4626443	99003920	3100	n	2022.77	3.213	187.046	0.573354	0.549987	121.264	123	129.488	130	104.213	105	1412.58921	756.31252	756.31252	Deep
487309	4626443	99003921	3101	n	2009.29	4.6585	99.9402	0.666633	0.829426	129.081	130	135.674	136	110.761	111	1695.07121	772.50309	772.50309	Deep
487609	4626443	99003922	3102	n	1999.23	3.3512	149.418	0.611357	0.773297	123.388	124	132.961	132	106.934	107	1982.70637	786.91333	786.91333	Deep
487909	4626443	99003923	3103	n	1989.95	2.7001	208.061	0.528992	0.46064	126.183	126	134.376	134	108.916	108	2273.53968	830.5469	830.5469	Deep
488209	4626443	99003924	3104	n	1982.97	4.7802	120.679	0.60006	0.880073	140.009	142	147.222	148	122.513	123	2566.48413	793.95628	793.95628	Deep
488509	4626443	99003925	3105	n	1960.31	4.2432	124.88	0.458306	0.873566	130.085	130	143.727	144	116.765	117	2785.79073	693.57154	693.57154	Deep
488809	4626443	99003926	3106	n	1954.59	2.893	166.775	0.239283	0.553043	129.582	130	145.513	145	118.307	118	2500.3016	566.30574	566.30574	Deep
489109	4626443	99003927	3107	n	1952.4	2.1594	73.4358	0.757811	0.709441	131.387	130	144.782	144	119.386	118	2218.64513	461.93463	461.93463	Deep
489409	4626443	99003928	3108	n	1946.11	4.224	25.4954	0.97088	0.60747	158.104	158	165.544	165	140.95	141	1942.48922	419.86269	419.86269	Deep
489709	4626443	99003929	3109	n	1942.09	3.8327	32.2557	0.969936	0.625558	160.026	160	165.819	166	141.558	141	1674.5574	366.91363	366.91363	Deep
490009	4626443	99003930	3110	n	1934.11	3.97	44.7968	0.951179	0.789334	161.768	161	165.154	165	142.013	142	1419.51421	380.40122	380.40122	Deep
490309	4626443	99003931	3111	n	1925.73	2.9026	114.161	0.929148	0.551385	160.563	161	164.483	165	141.294	141	1185.706	524.631	524.631	Deep
490609	4626443	99003932	3112	n	1919.05	3.848	39.9899	0.986123	0.817091	176.454	178	169.29	171	148.827	150	988.32022	763.37135	763.37135	Deep
490909	4626443	99003933	3113	n	1909.2	1.7366	51.9363	0.93937	0.871849	180.477	181	144.822	161	137.891	143	853.02695	1034.52112	853.02695	Deep
491209	4626443	99003934	3114	n	1904.07	1.071	127.458	0.532113	0.670465	175.341	178	87.4626	73	114.878	112	811.50053	1318.23066	811.50053	Deep
491509	4626443	99003935	3115	n	1903.06	0.6845	147.304	0.418125	0.654451	170.898	175	79.9828	64	109.682	106	877.16089	1607.8651	877.16089	Deep
491809	4626443	99003936	3116	n	1901.25	1.2953	157.287	0.34103	0.714346	165.727	167	118.865	128	119.399	119	1029.70353	1668.05232	1029.70353	Deep
492109	4626443	99003937	3117	n	1898.86	0.5136	118.466	0.717013	0.791728	156.213	157	115.276	118	111.328	112	1237.40352	1368.89615	1237.40352	Deep
492409	4626443	99003938	3118	n	1898.04	0.2529	63.5625	0.916139	0.857592	152.682	151	87.8583	86	97.3691	97	1477.17487	1070.2125	1070.2125	Deep
492709	4626443	99003939	3119	n	1897.14	0.1457	113.467	0.756835	0.736327	147.306	150	58.6489	52	77.0897	76	1732.00388	772.54962	772.54962	Deep
493009	4626443	99003940	3120	n	1897.09	0.105	116.332	0.769162	0.531147	152.335	152	64.2119	56	83.9079	80	1508.1232	477.81905	477.81905	Deep
493309	4626443	99003941	3121	n	1896.52	0.226	75.5233	0.849265	0.929826	158.197	156	122.955	123	117.751	116	1314.92726	192.83505	192.83505	Deep
475609	4626243	99003950	3122	n	2175.93	9.5737	252.013	0.268309	0.151947	138.611	139	135.036	138	110.045	112	3706.17925	1329.08304	1329.08304	Shallow
475909	4626243	99003951	3123	n	2198.17	7.6397	212.253	0.119425	0.306391	138.286	139	132.652	137	107.972	110	3538.12612	1606.4448	1606.4448	Shallow
476209	4626243	99003952	3124	n	2218.28	9.606	228.415	0.123819	0.238967	138.998	139	133.8	137	108.989	111	3388.34891	1887.26867	1887.26867	Shallow
476509	4626243	99003953	3125	n	2231.31	3.8507	168.539	0.228171	0.523227	128.045	128	112.884	113	90.8794	91	3259.36806	2173.22368	2173.22368	Medium
476809	4626243	99003954	3126	n	2233.28	1.1034	192.253	0.223266	0.381051	126.357	126	116.024	118	91.3661	92	3153.7362	2458.84422	2458.84422	Shallow
477109	4626243	99003955	3127	n	2207.7	12.2386	123.605	0.57603	0.815623	126.343	124	93.751	95	77.6083	76	3073.8614	2746.90608	2746.90608	Medium
477409	4626243	99003956	3128	n	2202.89	6.9038	174.344	0.220079	0.527991	129.759	130	121.959	125	95.4938	97	3021.78684	3037.28022	3021.78684	Medium
477709	4626243	99003957	3129	n	2195.23	4.8264	169.677	0.13476	0.576467	137.363	141	133.171	138	106.079	110	2998.96109	3329.36169	2998.96109	Medium
478009	4626243	99003958	3130	n	2189.01	4.7099	104.45	0.595056	0.779154	130.515	129	120.003	120	95.5482	94	3006.05047	3566.55038	3006.05047	Medium
478309	4626243	99003959	3131	n	2169.61	8.8285	110.57	0.618701	0.722178	121.146	119	103.03	99	81.2879	78	3042.84592	3677.97767	3042.84592	Medium
478609	4626243	99003960	3132	n	2151.17	7.5263	129.587	0.4362	0.826458	121.666	121	104.738	103	81.6891	80	2921.82169	3680.35752	2921.82169	Shallow
478909	4626243	99003961	3133	n	2133.06	5.2449	90.5413	0.684043	0.843099	114.361	112	95.115	92	73.6203	71	2626.40249	3380.59309	2626.40249	Shallow
479209	4626243	99003962	3134	n	2117.37	3.2924	98.4145	0.670947	0.849485	112.76	111	97.2857	95	74.7311	73	2332.15311	3080.87451	2332.15311	Medium
479509	4626243	99003963	3135	n	2110.01	3.4467	154.852	0.26199	0.620927	114.365	114	102.691	102	79.1862	78	2039.57991	2781.21662	2039.57991	Medium
479809	4626243	99003964	3136	n	2104.87	3.1048	153.922	0.243374	0.698641	126.587	128	115.616	117	91.6241	93	1749.52402	2481.64139	1749.52402	Medium
480109	4626243	99003965	3137	n	2101.46	4.0301	177.47	0.117067	0.519705	131.714	134	123.618	125	97.7198	98	1463.48295	2182.18288	1463.48295	Medium
480409	4626243	99003966	3138	n	2094.76	4.1106	141.434	0.335144	0.781248	130.023	130	119.586	120	96.6889	97	1184.36921	1882.89677	1184.36921	Medium
480709	4626243	99003967	3139	n	2085.93	3.3144	168.52	0.167348	0.57906	125.846	127	115.389	117	91.1954	92	918.51974	1583.88079	918.51974	Medium
481009	4626243	99003968	3140	n	2086.73	3.8459	186.469	0.089945	0.455675	118.747	117	110.707	108	84.8324	83	681.63524	1285.3235	681.63524	Medium
481309	4626243	99003969	3141	n	2087.12	3.5727	175.544	0.126863	0.537471	117.206	116	109.173	107	84.7317	83	515.33938	987.64094	515.33938	Medium
481609	4626243	99003970	3142	n	2078.23	5.3489	140.678	0.335463	0.793316	118.471	118	108.617	108	85.4956	85	496.51058	691.96297	496.51058	Medium
481909	4626243	99003971	3143	n	2065.08	5.1509	146.935	0.289757	0.749178	120.039	119	110.772	109	86.2036	85	376.88128	402.72928	376.88128	Medium
482209	4626243	99003972	3144	n	2055.78	4.3739	134.098	0.391217	0.693242	120.723	120	110.333	109	86.1596	85	260.13784	157.51015	157.51015	Medium
482509	4626243	99003973	3145	n	2047.47	10.564	152.757	0.349427	0.494166	119.551	121	108.027	108	86.5014	87	416.29784	12.44655	12.44655	Deep
482809	4626243	99003974	3146	n	2085.88	9.6523	224.707	0.054195	0.17328	107.843	111	106.316	109	84.7903	88	677.44821	203.34583	203.34583	Shallow
483109	4626243	99003975	3147	n	2100.7	2.7137	198.59	0.039686	0.350907	117.562	118	113.256	113	91.1793	91	961.54474	415.55793	415.55793	Medium
483409	4626243	99003976	3148	n	2099.84	2.6035	150.398	0.266384	0.715003	120.075	120	115.327	115	93.4685	94	1129.53227	639.07314	639.07314	Medium
483709	4626243	99003977	3149	n	2094.3	1.9435	101.636	0.591496	0.757495	119.726	119	115.188	115	93.2321	93	1294.85183	729.3282	729.3282	Deep
484009	4626243	99003978	3150	n	2090.2	2.3234	109.239	0.737981	0.710141	110.029	110	106.314	106	83.7974	84	1502.47775	847.79582	847.79582	Deep
484309	4626243	99003979	3151	n	2086.97	1.5965	103.386	0.592718	0.758259	111.635	111	107.205	107	84.9345	84	1563.0057	1032.49799	1032.49799	Deep
484609	4626243	99003980	3152	n	2079.45	2.732	128.559	0.425819	0.808849	114.459	114	109.228	109	86.8575	86	1304.16446	1261.46353	1261.46353	Deep
484909	4626243	99003981	3153	n	2071.11	2.6364	84.8237	0.698041	0.815776	117.615	117	110.626	110	88.5004	88	1067.10031	1341.80525	1067.10031	Deep
485209	4626243	99003982	3154	n	2064.51	3.292	50.5525	0.860967	0.690679	119.021	118	112.612	112	90.6391	90	869.80526	1399.23306	869.80526	Deep
485509	4626243	99003983	3155	n	2053.52	3.7547	47.8202	0.948768	0.811204	122.482	121	117.569	116	96.9107	95	744.59339	1483.5873	744.59339	Deep
485809	4626243	99003984	3156	n	2052.27	3.2805	267.95	0.671782	0.257328	118.049	118	117.402	118	95.1016	95	729.57346	1527.07491	729.57346	Shallow
486109	4626243	99003985	3157	n	2056.47	1.7531	201.848	0.234363	0.436679	132.309	134	131.391	132	109.32	110	830.74398	1306.75013	830.74398	Deep
486409	4626243	99003986	3158	n	2041.2	8.3524	132.382	0.395742	0.837523	137.953	138	135.869	136	112.88	113	1013.90024	1123.93685	1013.90024	Deep
486709	4626243	99003987	3159	n	2020.69	3.3459	147.213	0.284071	0.749262	136.308	137	137.637	139	114.158	115	1243.32289	999.43592	999.43592	Deep
487009	4626243	99003988	3160	n	2011.34	5.954	151.469	0.284722	0.702199	128.93	129	135.314	134	110.904	110	1497.90185	956.30031	956.30031	Deep
487309	4626243	99003989	3161	n	2003.24	2.4547	168.378	0.243568	0.607759	126.727	128	134.772	135	108.595	109	1766.79599	972.04047	972.04047	Deep
487609	4626243	99003990	3162	n	1990.97	5.4756	139.013	0.392112	0.803314	130.72	132	137.94	138	111.885	112	2044.36449	985.71018	985.71018	Deep
487909	4626243	99003991	3163	n	1989.86	3.4639	237.394	0.334967	0.220111	116.611	114	127.544	126	101.163	99	2327.50603	1029.61634	1029.61634	Deep
488209	4626243	99003992	3164	n	1977.41	6.0184	112.62	0.686737	0.906104	141.942	144	147.086	148	123.106	124	2614.41053	982.58243	982.58243	Deep
488509	4626243	99003993	3165	n	1956.51	4.6563	85.3958	0.716376	0.859935	126.696	124	140.385	140	113.792	112	2850.42657	866.07489	866.07489	Deep
488809	4626243	99003994	3166	n	1943.47	4.3367	131.687	0.417868	0.72426	125.269	124	140.626	139	113.917	112	2572.12165	762.23608	762.23608	Deep
489109	4626243	99003995	3167	n	1941.38	6.4768	178.556	0.084324	0.511641	141.967	144	156.031	158	131.915	134	2299.27986	648.76262	648.76262	Deep
489409	4626243	99003996	3168	n	1943.15	7.0717	167.782	0.20605	0.476215	138.441	136	148.801	147	126.13	124	2034.10079	618.21221	618.21221	Deep
489709	4626243	99003997	3169	n	1941.28	5.0151	163.744	0.205682	0.584041	141.835	140	149.125	147	126.068	124	1780.0124	560.67778	560.67778	Deep
490009	4626243	99003998	3170	n	1939.84	3.876	122.909	0.450334	0.658232	155.188	159	159.351	163	136.325	140	1542.50519	571.32018	571.32018	Deep
490309	4626243	99003999	3171	n	1934.46	3.8523	101.148	0.705868	0.686189	158.113	159	161.262	163	138.565	140	1330.48878	683.3296	683.3296	Deep
490609	4626243	99004000	3172	n	1924.58	3.1937	87.7538	0.71233	0.86872	171.478	171	166.548	168	146.105	147	1158.04944	880.02129	880.02129	Deep
490909	4626243	99004001	3173	n	1911.78	3.1827	74.3354	0.790161	0.888155	176.768	179	155.495	167	142.71	147	1044.96729	1123.35907	1044.96729	Deep
491209	4626243	99004002	3174	n	1903.04	0.9435	164.264	0.380015	0.631468	164.869	175	100.013	89	115.91	114	1011.35294	1389.04058	1011.35294	Deep
491509	4626243	99004003	3175	n	1901.7	0.7835	142.125	0.348545	0.764924	167.067	174	109.84	92	119.579	112	1064.75954	1666.41287	1064.75954	Deep
491809	4626243	99004004	3176	n	1899.58	0.3934	127.723	0.434846	0.881092	165.464	166	83.915	70	103.591	101	1193.56232	1693.42853	1193.56232	Deep
492109	4626243	99004005	3177	n	1898.69	0.0656	68.5233	0.793137	0.54453	161.288	162	84.2332	72	101.74	98	1376.76038	1399.70651	1376.76038	Deep
492409	4626243	99004006	3178	n	1898.39	0.2536	54.0706	0.825692	0.777023	157.278	162	100.611	99	106.727	105	1595.72782	1109.34397	1109.34397	water
492709	4626243	99004007	3179	n	1897.22	0.1134	103.381	0.678678	0.649013	147.85	151	54.3983	54	75.8905	78	1837.72288	823.80711	823.80711	Deep
493009	4626243	99004008	3180	n	1897.16	0.0093	4.1967	0.922585	0.521939	149.785	150	66.3271	53	81.9978	77	1656.48339	549.50522	549.50522	Deep
493309	4626243	99004009	3181	n	1896.84	0.168	51.969	0.94566	0.812581	156.182	154	117.761	118	114.344	112	1482.74589	302.51374	302.51374	Deep
475609	4626043	99004018	3182	n	2165.83	13.6968	274.045	0.455638	0.316853	134.904	133	127.985	127	103.288	101	3869.74576	1409.42511	1409.42511	Shallow
475909	4626043	99004019	3183	n	2185.23	8.9679	261.09	0.553951	0.302194	132.849	132	124.107	123	100.04	98	3709.11096	1685.26261	1685.26261	Shallow
476209	4626043	99004020	3184	n	2208.47	7.8335	283.227	0.402705	0.158997	127.396	127	115.635	114	90.4194	88	3566.52155	1959.74479	1959.74479	Deep
476509	4626043	99004021	3185	n	2223.79	3.4101	267.347	0.38171	0.224262	126.831	127	112.487	112	87.3249	87	3444.21948	2237.81206	2237.81206	Medium
476809	4626043	99004022	3186	n	2230.75	2.6709	188.343	0.201345	0.421928	129.071	129	123.208	125	97.6267	98	3344.43114	2519.70652	2519.70652	Shallow
477109	4626043	99004023	3187	n	2201.39	11.5358	106.537	0.618369	0.932416	123.563	120	93.8942	95	77.0992	76	3269.2188	2805.35899	2805.35899	Shallow
477409	4626043	99004024	3188	n	2184.59	6.6256	192.515	0.14155	0.408885	119.129	118	110.684	109	84.7344	83	3220.30486	3091.1766	3091.1766	Medium
477709	4626043	99004025	3189	n	2182.55	3.5808	166.214	0.184976	0.599051	114.199	114	107.382	108	82.1294	82	3198.89594	3378.60192	3198.89594	Shallow
478009	4626043	99004026	3190	n	2181.32	2.8943	167.42	0.173039	0.592209	117.372	115	111.733	108	86.178	82	3205.54318	3668.04158	3205.54318	Shallow
478309	4626043	99004027	3191	n	2170.91	5.2569	110.946	0.554499	0.790922	120.983	120	108.489	111	84.1172	84	3240.07391	3861.55686	3240.07391	Shallow
478609	4626043	99004028	3192	n	2150.45	8.9065	71.6619	0.795471	0.787227	116.95	116	93.6869	91	74.0136	72	2961.40706	3693.36339	2961.40706	Medium
478909	4626043	99004029	3193	n	2132.73	4.729	146.137	0.337244	0.623501	113.777	113	100.654	99	75.4774	74	2670.37073	3394.7476	2670.37073	Shallow
479209	4626043	99004030	3194	n	2119.09	4.0805	83.289	0.769857	0.933746	108.405	108	93.3526	93	71.4304	71	2381.55997	3096.39943	2381.55997	Medium
479509	4626043	99004031	3195	n	2105.73	3.5014	78.2394	0.74402	0.785715	112.626	112	101.388	100	79.2315	78	2095.89503	2798.40446	2095.89503	Medium
479809	4626043	99004032	3196	n	2095.89	5.3246	104.969	0.54977	0.715843	119.725	120	108.764	109	87.0771	87	1814.862	2500.88897	1814.862	Medium
480109	4626043	99004033	3197	n	2088.34	5.7314	138.868	0.337696	0.613138	126.011	125	116.237	115	94.0964	92	1540.99713	2204.04714	1540.99713	Medium
480409	4626043	99004034	3198	n	2081.74	6.7248	156.383	0.22545	0.611988	134.788	135	127.107	127	104.569	104	1278.91369	1908.19336	1278.91369	Shallow
480709	4626043	99004035	3199	n	2076.48	5.18	176.494	0.189255	0.519041	131.036	131	122.804	121	99.9693	99	1037.5781	1613.87113	1037.5781	Medium
481009	4626043	99004036	3200	n	2075.53	3.0278	165.781	0.188867	0.612617	118.453	117	109.729	108	86.3852	84	835.17446	1322.10368	835.17446	Medium
481309	4626043	99004037	3201	n	2076.94	3.2434	197.277	0.097466	0.36486	121.539	119	113.296	110	88.3468	85	706.02016	1035.05376	706.02016	Medium
481609	4626043	99004038	3202	n	2076.47	3.8443	92.015	0.800367	0.650255	114.684	113	103.627	102	80.834	79	692.39623	758.0992	692.39623	Medium
481909	4626043	99004039	3203	n	2064.83	5.0286	57.5953	0.936989	0.735782	108.843	109	95.7274	95	73.6361	73	534.38886	508.02808	508.02808	Medium
482209	4626043	99004040	3204	n	2061.25	5.3655	206.886	0.900563	0.524243	108.931	108	98.537	98	75.2147	75	459.56898	315.61851	315.61851	Medium
482509	4626043	99004041	3205	n	2049.53	6.4968	50.6769	0.95708	0.765292	115.287	114	102.674	102	80.9156	80	562.88173	130.24982	130.24982	Medium
482809	4626043	99004042	3206	n	2052.32	16.5174	183.364	0.227354	0.329807	105.668	110	97.3104	99	77.5386	79	776.18814	64.70312	64.70312	Deep
483109	4626043	99004043	3207	n	2084.85	10.4516	188.21	0.129241	0.428244	127.425	129	125.729	128	100.848	103	1033.48934	282.25268	282.25268	Shallow
483409	4626043	99004044	3208	n	2082.8	11.6477	187.532	0.185965	0.468005	123.217	127	120.713	124	96.6465	100	1309.09603	442.39816	442.39816	Shallow
483709	4626043	99004045	3209	n	2090.23	2.6771	189.004	0.159404	0.455452	123.167	123	119.442	119	96.7414	97	1455.38412	536.11685	536.11685	Deep
484009	4626043	99004046	3210	n	2084.68	4.3492	162.615	0.190836	0.635459	123.112	122	120.517	119	96.8091	96	1642.84541	683.31225	683.31225	Shallow
484309	4626043	99004047	3211	n	2080.3	4.2131	152.662	0.266047	0.689786	124.46	124	121.366	120	96.6637	96	1664.71874	901.19574	901.19574	Shallow
484609	4626043	99004048	3212	n	2072.82	3.3517	139.228	0.362765	0.782689	123.125	122	118.261	117	94.3142	94	1424.48117	1094.9723	1094.9723	Deep
484909	4626043	99004049	3213	n	2063.89	4.6772	168.291	0.151476	0.588875	125.052	124	118.95	118	96.0859	95	1211.1997	1147.49422	1147.49422	Shallow
485209	4626043	99004050	3214	n	2065.31	2.7084	196.585	0.080527	0.327062	121.488	121	118.143	118	95.4527	95	1041.56749	1203.14372	1041.56749	Deep
485509	4626043	99004051	3215	n	2062.65	3.242	75.744	0.78897	0.811414	122.795	121	118.935	118	97.4437	96	939.53231	1300.28187	939.53231	Deep
485809	4626043	99004052	3216	n	2056.32	1.5302	176.696	0.517798	0.552264	130.564	133	127.473	129	106.115	108	927.67402	1432.60103	927.67402	Shallow
486109	4626043	99004053	3217	n	2048.31	4.8567	136.778	0.358992	0.834273	138.66	139	135.345	135	114.092	114	1009.17651	1459.48538	1009.17651	Deep
486409	4626043	99004054	3218	n	2026.67	4.8682	119.016	0.504376	0.890655	139.961	141	137.325	138	115.707	116	1164.60094	1298.35885	1164.60094	Deep
486709	4626043	99004055	3219	n	2012.62	4.324	119.876	0.50756	0.74787	133.705	135	134.721	136	112.001	113	1368.99725	1192.21383	1192.21383	Deep
487009	4626043	99004056	3220	n	1998.35	6.3723	122.709	0.497786	0.729772	132.142	133	136.356	136	112.207	112	1603.74923	1156.29233	1156.29233	Deep
487309	4626043	99004057	3221	n	1993.97	8.3395	161.391	0.322	0.576577	127.611	127	136.62	134	111.286	109	1857.38249	1171.73561	1171.73561	Deep
487609	4626043	99004058	3222	n	1979.88	7.1022	171.571	0.353304	0.605373	128.071	131	136.116	138	109.682	112	2123.14103	1184.53628	1184.53628	Deep
487909	4626043	99004059	3223	n	1990.77	3.8819	204.923	0.580524	0.405397	117.702	115	128.265	127	102.349	101	2396.9952	1228.98799	1228.98799	Deep
488209	4626043	99004060	3224	n	1981.72	4.8507	100.358	0.829292	0.846729	133.347	134	141.056	142	116.477	117	2676.46111	1174.97655	1174.97655	Deep
488509	4626043	99004061	3225	n	1958.24	4.6229	91.5215	0.719153	0.964025	135.431	137	144.137	145	119.337	120	2927.32528	1044.21616	1044.21616	Deep
488809	4626043	99004062	3226	n	1943.16	3.122	73.4539	0.824979	0.866268	134.119	135	145.022	146	119.231	120	2657.08702	948.09086	948.09086	Deep
489109	4626043	99004063	3227	n	1932.29	3.0938	74.2252	0.785017	0.833349	134.753	136	142.494	144	118.382	119	2393.94853	840.94862	840.94862	Deep
489409	4626043	99004064	3228	n	1924.92	3.685	138.008	0.408674	0.621068	131.405	131	140.035	140	117.096	117	2140.52976	817.3665	817.3665	Deep
489709	4626043	99004065	3229	n	1928.13	2.9654	206.392	0.084427	0.317873	132.238	131	141.517	141	118.374	117	1900.72244	757.66829	757.66829	Deep
490009	4626043	99004066	3230	n	1928.55	3.5095	154.895	0.239831	0.689774	141.937	141	145.681	145	123.188	123	1680.36422	766.88226	766.88226	Deep
490309	4626043	99004067	3231	n	1923.45	4.7685	185.449	0.117256	0.474126	141.841	142	145.214	145	123.046	123	1488.1203	859.44226	859.44226	Deep
490609	4626043	99004068	3232	n	1925.07	2.8754	165.919	0.353246	0.504261	158.538	160	157.737	159	136.407	137	1336.18119	1022.80943	1022.80943	Deep
490909	4626043	99004069	3233	n	1911.72	4.3768	120.517	0.486465	0.87483	165.052	168	130.447	151	127.666	131	1239.45887	1238.40109	1238.40109	Deep
491209	4626043	99004070	3234	n	1901.59	0.7317	137.438	0.364593	0.790446	168.61	172	109.877	109	117.862	118	1211.25407	1483.62238	1211.25407	Deep
491509	4626043	99004071	3235	n	1900.34	0.3853	125.298	0.453277	0.867916	167.13	168	125.823	135	121.752	124	1256.19049	1746.03365	1256.19049	Deep
491809	4626043	99004072	3236	n	1898.96	0.2105	108.718	0.566812	0.778595	161.482	162	98.9863	98	107.564	107	1367.07449	1741.33438	1367.07449	Deep
492109	4626043	99004073	3237	n	1898.72	0.0634	164.273	0.643658	0.526428	172.501	173	78.716	73	107.747	107	1529.63093	1455.98199	1455.98199	Deep
492409	4626043	99004074	3238	n	1898.31	0.2336	103.712	0.616673	0.828875	155.548	158	88.4938	83	99.7978	98	1729.34928	1177.68575	1177.68575	water
492709	4626043	99004075	3239	n	1897.34	0.1614	89.0562	0.852734	0.687888	146.53	150	53.389	52	74.7645	76	1954.87264	909.04319	909.04319	Deep
493009	4626043	99004076	3240	n	1897.16	0.0159	22.9953	0.903228	0.496198	148.406	148	57.5486	52	76.1027	74	1814.78343	662.07543	662.07543	Deep
493309	4626043	99004077	3241	n	1897.19	0.1153	109.684	0.854108	0.594263	155.67	155	114.878	118	113.244	113	1657.72043	376.04056	376.04056	Deep
475609	4625843	99004086	3242	n	2198.38	9.9085	324.958	0.819081	0.337414	125.967	127	100.765	102	81.3301	82	4036.59509	1484.82064	1484.82064	Medium
475909	4625843	99004087	3243	n	2208.81	7.5359	249.882	0.8898	0.483499	124.608	125	101.958	103	81.7502	83	3882.86901	1765.89181	1765.89181	Medium
476209	4625843	99004088	3244	n	2208.21	7.0574	206.222	0.41728	0.351553	126.517	126	113.167	113	89.4318	89	3746.89787	2039.42567	2039.42567	Deep
476509	4625843	99004089	3245	n	2213.48	9.2893	193.604	0.161028	0.42853	132.478	132	118.124	117	95.1253	94	3630.677	2313.96184	2313.96184	Medium
476809	4625843	99004090	3246	n	2223.64	3.1392	186.017	0.276398	0.485095	129.97	130	123.126	126	98.1048	99	3536.15431	2591.10451	2591.10451	Shallow
477109	4625843	99004091	3247	n	2191.68	10.6959	114.254	0.564624	0.88926	125.447	121	93.8624	94	77.4324	76	3465.10594	2869.65864	2869.65864	Medium
477409	4625843	99004092	3248	n	2172.81	6.6219	181.146	0.229012	0.450623	119.01	119	115.135	116	88.8859	88	3418.99562	3152.15146	3152.15146	Shallow
477709	4625843	99004093	3249	n	2173.36	3.1122	202.146	0.357891	0.545883	113.806	113	112.969	113	85.5898	84	3398.83846	3437.6121	3398.83846	Shallow
478009	4625843	99004094	3250	n	2176.34	2.2519	192.494	0.547749	0.543101	116.548	114	115.898	117	87.3345	86	3405.09541	3723.55082	3405.09541	Shallow
478309	4625843	99004095	3251	n	2168	4.0341	97.7019	0.67893	0.931898	121.952	120	112.369	114	88.0795	88	3301.79852	4010.53722	3301.79852	Shallow
478609	4625843	99004096	3252	n	2149.39	7.755	144.021	0.367327	0.735213	127.951	128	113.425	113	89.6312	88	3013.77198	3717.10032	3013.77198	Shallow
478909	4625843	99004097	3253	n	2126.46	5.9631	137.789	0.444874	0.713768	121.259	119	107.013	104	82.9471	79	2728.32726	3420.5574	2728.32726	Medium
479209	4625843	99004098	3254	n	2121.42	3.27	127.552	0.46931	0.752299	120.273	120	111.267	111	84.1842	83	2446.36827	3124.67455	2446.36827	Medium
479509	4625843	99004099	3255	n	2112.23	3.2082	93.7364	0.633631	0.756807	119.617	118	110.86	110	85.6538	84	2169.25466	2829.65885	2169.25466	Medium
479809	4625843	99004100	3256	n	2103.16	4.6165	55.9605	0.874888	0.717619	118.499	118	106.603	106	82.3706	82	1899.1087	2535.81295	1899.1087	Medium
480109	4625843	99004101	3257	n	2090.51	3.4196	52.74	0.907609	0.800838	120.945	121	111.136	111	88.7862	89	1639.37852	2243.59654	1639.37852	Medium
480409	4625843	99004102	3258	n	2079.63	4.4539	68.1264	0.803999	0.835523	113.841	113	102.546	102	82.96	82	1395.8904	1953.74091	1395.8904	Medium
480709	4625843	99004103	3259	n	2064.86	6.2238	91.2187	0.677042	0.730152	115.129	111	103.645	99	83.6141	79	1178.75277	1667.47764	1178.75277	Medium
481009	4625843	99004104	3260	n	2064.68	5.5321	173.021	0.233688	0.511149	120.893	117	114.198	109	90.894	86	1005.18962	1387.03274	1005.18962	Medium
481309	4625843	99004105	3261	n	2067.36	3.5905	202.295	0.081744	0.332065	117.522	115	110.139	107	85.7302	82	900.75205	1116.79807	900.75205	Medium
481609	4625843	99004106	3262	n	2074.82	4.5388	187.315	0.137947	0.454873	121.152	119	113.498	111	88.9998	87	873.76839	866.38101	866.38101	Medium
481909	4625843	99004107	3263	n	2078.72	5.066	228.906	0.520471	0.297582	114.013	113	107.603	106	83.1992	81	713.51482	657.50638	657.50638	Medium
482209	4625843	99004108	3264	n	2078.64	5.8127	128.686	0.717006	0.766224	111.71	111	103.339	102	82.655	81	659.34482	480.13793	480.13793	Deep
482509	4625843	99004109	3265	n	2063.17	4.2839	99.4665	0.880682	0.802938	112.558	112	102.576	102	81.092	81	735.09713	282.33635	282.33635	Deep
482809	4625843	99004110	3266	n	2043.56	10.123	81.1592	0.782163	0.75751	112.507	113	101.475	102	81.4587	82	908.84541	73.19914	73.19914	Medium
483109	4625843	99004111	3267	n	2051.58	17.2297	193.668	0.183292	0.387537	119.76	129	119.712	130	97.8721	106	1136.49997	147.46222	147.46222	Shallow
483409	4625843	99004112	3268	n	2062.18	12.6355	203.928	0.302059	0.394288	119.394	126	118.532	126	95.1253	102	1391.85645	249.65788	249.65788	Shallow
483709	4625843	99004113	3269	n	2077.56	8.2852	176.585	0.20769	0.541678	124.602	127	122.973	125	99.016	101	1624.6983	350.60367	350.60367	Shallow
484009	4625843	99004114	3270	n	2069.42	4.5023	170.434	0.244833	0.578746	121.747	122	119.351	119	96.2681	96	1794.5592	541.31072	541.31072	Shallow
484309	4625843	99004115	3271	n	2065.22	3.7598	176.574	0.135446	0.524069	119.553	119	116.659	116	94.0122	94	1783.14052	788.34466	788.34466	Shallow
484609	4625843	99004116	3272	n	2061.61	3.9635	134.347	0.409004	0.749402	122.505	120	117.86	115	96.2886	94	1561.23293	905.60853	905.60853	Shallow
484909	4625843	99004117	3273	n	2049.18	5.7692	150.565	0.327837	0.668877	124.511	124	117.832	117	96.6501	96	1369.41826	955.53369	955.53369	Shallow
485209	4625843	99004118	3274	n	2057.71	4.2917	230.775	0.114657	0.166263	118.083	118	114.512	114	91.6775	91	1221.9511	1008.59133	1008.59133	Shallow
485509	4625843	99004119	3275	n	2060.34	2.9449	126.948	0.456049	0.825838	132.23	134	125.85	127	104.847	106	1136.23177	1120.58433	1120.58433	Deep
485809	4625843	99004120	3276	n	2047.11	6.4926	142.525	0.338869	0.741195	139.818	140	133.605	134	112.404	113	1126.44607	1263.50598	1126.44607	Deep
486109	4625843	99004121	3277	n	2029.59	7.2084	154.859	0.222625	0.704239	139.068	139	135.191	135	113.382	113	1194.46175	1454.9669	1194.46175	Deep
486409	4625843	99004122	3278	n	2016.33	4.7179	159.733	0.228567	0.658298	133.399	136	132.6	134	110.907	112	1328.38135	1479.26919	1328.38135	Deep
486709	4625843	99004123	3279	n	2010.77	6.258	129.407	0.430169	0.707775	136.17	136	139.274	138	115.609	115	1510.77964	1387.03838	1387.03838	Deep
487009	4625843	99004124	3280	n	1996.22	5.6296	116.124	0.499609	0.765018	131.992	132	138.998	139	114.843	115	1726.35838	1356.2867	1356.2867	Deep
487309	4625843	99004125	3281	n	1980.87	5.1522	108.865	0.558195	0.813169	133.934	136	141.585	143	116.838	118	1964.22284	1371.51959	1371.51959	Deep
487609	4625843	99004126	3282	n	1968.46	5.4165	159.233	0.314622	0.597448	129.953	133	136.023	137	110.821	113	2217.2121	1383.70079	1383.70079	Deep
487909	4625843	99004127	3283	n	1984.34	9.8495	181.954	0.193602	0.464444	126.07	125	136.263	135	110.473	109	2480.70305	1424.90044	1424.90044	Deep
488209	4625843	99004128	3284	n	1977.94	6.9661	143.416	0.389701	0.758676	132.345	131	142.831	142	117.591	116	2751.68053	1361.05442	1361.05442	Deep
488509	4625843	99004129	3285	n	1957.12	5.0854	144.102	0.513645	0.690837	120.797	123	133.046	134	107.13	109	3015.54886	1229.10091	1229.10091	Deep
488809	4625843	99004130	3286	n	1942.63	4.8953	126.675	0.450523	0.840482	138.346	139	147.59	148	122.482	123	2753.98131	1129.99578	1129.99578	Deep
489109	4625843	99004131	3287	n	1933.71	2.0707	121.57	0.498067	0.859099	139.28	140	146.919	147	122.313	122	2501.05802	1036.09664	1036.09664	Deep
489409	4625843	99004132	3288	n	1924.73	2.4346	86.9181	0.74187	0.891521	129.158	129	136.779	137	113.129	113	2259.68346	1016.85282	1016.85282	Deep
489709	4625843	99004133	3289	n	1920.74	3.3558	195.337	0.115135	0.349447	132.53	133	140.197	141	116.608	117	2033.97332	955.90946	955.90946	Deep
490009	4625843	99004134	3290	n	1921.91	2.6524	143.731	0.320261	0.751966	146.137	145	149.407	149	126.822	126	1829.73374	964.26659	964.26659	Deep
490309	4625843	99004135	3291	n	1915.91	2.3124	162.659	0.348511	0.520875	140.583	140	143.279	143	120.932	121	1654.93314	1044.19474	1044.19474	Deep
490609	4625843	99004136	3292	n	1916.62	3.5002	153.233	0.280668	0.701716	159.427	162	161.419	164	138.474	140	1519.76374	1182.30317	1182.30317	Deep
490909	4625843	99004137	3293	n	1904.59	2.1562	111.823	0.593886	0.871952	169.923	174	103.162	93	116.527	116	1435.46506	1373.07644	1373.07644	Deep
491209	4625843	99004138	3294	n	1900.48	0.3923	135.858	0.373679	0.807885	164.527	165	82.8677	70	101.327	97	1411.18322	1597.76001	1411.18322	Deep
491509	4625843	99004139	3295	n	1899.53	0.3327	135.634	0.365295	0.819184	160.718	161	90.4643	76	101.022	96	1449.93662	1843.99977	1449.93662	Deep
491809	4625843	99004140	3296	n	1898.74	0.1083	134.8	0.64973	0.463512	161.666	162	90.8594	89	103.531	107	1546.99526	1701.23909	1546.99526	Deep
492109	4625843	99004141	3297	n	1898.72	0.0846	149.45	0.562579	0.667587	162.182	162	80.7891	73	101.256	103	1692.35707	1422.85048	1422.85048	Deep
492409	4625843	99004142	3298	n	1898.23	0.1246	130.327	0.613001	0.785141	153.182	157	79.319	74	93.6773	94	1874.82014	1154.56312	1154.56312	water
492709	4625843	99004143	3299	n	1897.58	0.1553	104.733	0.776567	0.801701	144.302	148	51.631	50	70.4857	71	2084.66513	899.07519	899.07519	Deep
493009	4625843	99004144	3300	n	1897.37	0.151	192.892	0.757264	0.406279	154.373	155	67.538	60	85.9047	83	1980.64145	670.89877	670.89877	water
493309	4625843	99004145	3301	n	1897.47	0.1019	135.768	0.719969	0.639758	161.088	166	103.247	113	109.971	116	1837.80812	384.57762	384.57762	water
475609	4625643	99004154	3302	n	2214.82	3.0521	268.377	0.288522	0.103413	130.338	130	116.568	119	94.0479	95	4206.3366	1570.41204	1570.41204	Medium
475909	4625643	99004155	3303	n	2220.35	2.1507	181.173	0.290763	0.506945	127.82	128	112.746	113	90.4561	91	4059.04415	1839.24227	1839.24227	Medium
476209	4625643	99004156	3304	n	2206.65	9.0463	111.999	0.539995	0.828541	128.89	129	113.958	113	90.6805	90	3929.17438	2116.46645	2116.46645	Medium
476509	4625643	99004157	3305	n	2191.72	12.1152	219.569	0.268481	0.284584	130.849	131	119.211	118	94.5018	93	3818.50535	2394.2842	2394.2842	Medium
476809	4625643	99004158	3306	n	2219.28	6.042	174.231	0.350245	0.537524	134.81	134	116.727	127	96.2596	101	3728.74711	2669.87625	2669.87625	Shallow
477109	4625643	99004159	3307	n	2181.99	10.8318	121.782	0.486352	0.857811	121.873	121	105.625	104	83.7269	82	3661.43781	2944.24138	2944.24138	Medium
477409	4625643	99004160	3308	n	2162.16	7.6159	229.984	0.416754	0.432731	112.962	113	105.661	103	81.3315	79	3617.83066	3221.9498	3221.9498	Medium
477709	4625643	99004161	3309	n	2176.61	4.4346	305.648	0.58772	0.184009	108.437	107	110.516	109	80.9659	79	3598.78737	3501.72509	3501.72509	Shallow
478009	4625643	99004162	3310	n	2179.91	3.047	75.0812	0.823322	0.837076	114.116	112	105.938	103	81.2818	78	3604.69727	3784.59994	3604.69727	Medium
478309	4625643	99004163	3311	n	2160.94	7.8007	125.633	0.532159	0.830708	121.163	120	108.415	108	86.1577	86	3360.76825	4045.90637	3360.76825	Medium
478609	4625643	99004164	3312	n	2136.71	8.7674	105.239	0.61544	0.734247	115.841	114	96.9569	95	75.8003	74	3078.26434	3751.36461	3078.26434	Medium
478909	4625643	99004165	3313	n	2117.63	5.0716	117.468	0.503302	0.817416	119.029	118	100.064	99	80.1511	79	2799.4034	3457.7615	2799.4034	Medium
479209	4625643	99004166	3314	n	2109.83	4.9612	172.784	0.149756	0.552683	124.748	124	114.895	115	89.9508	89	2525.39254	3165.35823	2525.39254	Shallow
479509	4625643	99004167	3315	n	2104.78	3.9914	167.215	0.175913	0.600325	125.551	126	117.374	118	93.4393	94	2257.99813	2874.52098	2257.99813	Medium
479809	4625643	99004168	3316	n	2105.07	3.8786	176.785	0.139118	0.496778	129.3	129	120.512	121	93.52	93	1999.87591	2585.77821	1999.87591	Medium
480109	4625643	99004169	3317	n	2091.95	4.66	116.937	0.510167	0.873656	120.816	122	109.964	111	87.0735	87	1755.12157	2299.91893	1755.12157	Medium
480409	4625643	99004170	3318	n	2079.77	2.1278	129.451	0.423301	0.850984	112.07	110	105.448	104	83.8089	82	1530.16333	2018.16878	1530.16333	Medium
480709	4625643	99004171	3319	n	2072.28	3.0382	88.1091	0.712286	0.84069	107.135	107	101.508	101	79.9309	80	1335.04602	1742.52212	1335.04602	Medium
481009	4625643	99004172	3320	n	2055.35	6.934	110.493	0.61176	0.73902	118.711	114	109.478	104	88.1381	83	1184.60794	1476.40153	1184.60794	Medium
481309	4625643	99004173	3321	n	2058.89	4.3107	185.46	0.183531	0.446364	124.883	123	118.844	116	95.1231	92	1097.38054	1226.02593	1097.38054	Medium
481609	4625643	99004174	3322	n	2060.71	4.246	192.494	0.127567	0.427901	118.859	117	111.226	109	85.6927	84	1032.95845	1003.25357	1003.25357	Medium
481909	4625643	99004175	3323	n	2083.92	8.5937	254.971	0.449781	0.217431	127.862	122	123.113	117	104.912	96	901.46289	815.40189	815.40189	Deep
482209	4625643	99004176	3324	n	2075	3.126	132.356	0.55906	0.856278	117.63	118	110.077	111	88.5174	89	859.22496	629.69056	629.69056	Deep
482509	4625643	99004177	3325	n	2071.24	2.1624	127.102	0.918915	0.617188	109.916	110	102.645	103	82.0965	82	918.64015	425.27857	425.27857	Deep
482809	4625643	99004178	3326	n	2056.9	6.4434	52.3615	0.930147	0.865274	108.093	107	102.323	102	81.8511	81	1062.7944	204.00915	204.00915	Deep
483109	4625643	99004179	3327	n	2030.16	11.8695	83.2058	0.703716	0.673858	119.619	119	106.085	105	89.3517	88	1262.99807	16.89431	16.89431	Deep
483409	4625643	99004180	3328	n	2026.88	15.9925	172.041	0.208986	0.43917	123.337	129	114.439	117	95.9353	99	1496.92896	75.53635	75.53635	Deep
483709	4625643	99004181	3329	n	2053.52	14.6892	203.124	0.198366	0.399102	126.159	130	124.223	130	102.5	107	1751.12207	184.06744	184.06744	Shallow
484009	4625643	99004182	3330	n	2064.91	3.5526	178.691	0.347909	0.49302	120.684	122	118.612	119	96.9168	98	1954.97938	433.1455	433.1455	Shallow
484309	4625643	99004183	3331	n	2055.63	6.5132	165.937	0.313084	0.529232	119.225	120	115.796	116	94.6325	95	1915.17409	644.48905	644.48905	Deep
484609	4625643	99004184	3332	n	2058.02	2.2925	154.248	0.372725	0.60781	115.334	114	111.277	110	90.3293	89	1710.48236	709.27298	709.27298	Shallow
484909	4625643	99004185	3333	n	2042.91	6.3562	95.281	0.709439	0.898762	121.028	121	113.133	113	93.4622	93	1537.40302	767.23613	767.23613	Shallow
485209	4625643	99004186	3334	n	2041.09	10.996	208.886	0.081773	0.269143	123.92	125	119.498	121	96.8653	98	1407.64561	816.67505	816.67505	Shallow
485509	4625643	99004187	3335	n	2058.4	3.0034	124.069	0.515537	0.694802	134.818	136	128.475	129	107.425	108	1333.91315	937.98236	937.98236	Deep
485809	4625643	99004188	3336	n	2044.36	5.6761	55.7345	0.925303	0.886581	137.709	140	127.877	129	108.815	110	1325.58757	1104.78461	1104.78461	Deep
486109	4625643	99004189	3337	n	2024.04	6.0828	71.4499	0.903174	0.738905	133.183	135	125.262	126	105.455	107	1383.8499	1305.82995	1305.82995	Deep
486409	4625643	99004190	3338	n	2011.84	4.9189	59.446	0.821215	0.710302	130.419	132	129.317	131	107.488	109	1500.96591	1521.92014	1500.96591	Deep
486709	4625643	99004191	3339	n	2000.55	6.5246	52.9162	0.853233	0.732857	127.412	126	129.713	129	106.56	106	1664.55904	1569.40661	1569.40661	Deep
487009	4625643	99004192	3340	n	1986.99	5.9561	100.915	0.671963	0.732046	123.53	124	129.054	129	105.624	106	1862.42179	1531.01118	1531.01118	Deep
487309	4625643	99004193	3341	n	1974.19	5.0625	108.52	0.721699	0.739043	130.911	131	136.371	136	112.245	112	2084.81966	1541.65219	1541.65219	Deep
487609	4625643	99004194	3342	n	1969.27	5.5942	112.246	0.877908	0.623706	119.474	118	124.43	124	100.553	100	2324.72174	1576.06248	1576.06248	Deep
487909	4625643	99004195	3343	n	1959.16	6.8099	82.8519	0.687643	0.666201	127.198	127	133.406	134	109.157	109	2577.24451	1575.81565	1575.81565	Deep
488209	4625643	99004196	3344	n	1955.82	9.4601	151.425	0.305447	0.587417	131.555	131	140.142	140	115.366	115	2839.02226	1524.44577	1524.44577	Deep
488509	4625643	99004197	3345	n	1944.5	7.4192	135.594	0.372632	0.675499	126.732	127	136.123	136	111.216	111	3107.71709	1385.39719	1385.39719	Deep
488809	4625643	99004198	3346	n	1933.64	5.0244	116.67	0.479385	0.746976	136.217	137	141.089	144	117.74	119	2861.59304	1247.21429	1247.21429	Deep
489109	4625643	99004199	3347	n	1926.7	3.6488	138.015	0.340056	0.650928	137.389	139	142.703	144	119.003	120	2619.08245	1171.22227	1171.22227	Deep
489409	4625643	99004200	3348	n	1921.5	3.1154	132.416	0.388305	0.696271	133.101	133	139.986	140	116.105	116	2389.65918	1169.60666	1169.60666	Deep
489709	4625643	99004201	3349	n	1914.77	2.1431	123.47	0.485603	0.733176	138.214	138	143.798	144	120.609	120	2177.46392	1154.75735	1154.75735	Deep
490009	4625643	99004202	3350	n	1913.73	2.608	170.033	0.176062	0.555684	158.187	158	157.616	159	136.628	138	1988.02093	1162.54536	1162.54536	Deep
490309	4625643	99004203	3351	n	1912.27	2.5239	148.953	0.383694	0.620358	148.71	146	150.971	149	128.771	126	1828.41608	1233.7116	1233.7116	Deep
490609	4625643	99004204	3352	n	1907.85	2.6631	159.386	0.211823	0.657629	162.899	162	143.796	161	132.427	138	1707.03939	1352.6058	1352.6058	Deep
490909	4625643	99004205	3353	n	1904.08	1.0264	107.81	0.58439	0.890078	174.116	175	95.9123	88	114.51	112	1632.44038	1522.18283	1522.18283	Deep
491209	4625643	99004206	3354	n	1900.05	0.4335	111.401	0.57933	0.943498	157.61	158	68.6291	69	89.8914	91	1611.12995	1727.58175	1611.12995	Deep
491509	4625643	99004207	3355	n	1899	0.1739	85.067	0.669313	0.85603	153.125	153	69.5549	70	85.3048	86	1645.18019	1930.05358	1645.18019	Deep
491809	4625643	99004208	3356	n	1898.79	0.085	149.554	0.648017	0.37075	162.576	161	96.8195	97	108.687	111	1731.32781	1639.46701	1639.46701	Deep
492109	4625643	99004209	3357	n	1898.69	0.0865	132.713	0.622714	0.696318	158.091	158	97.6385	102	105.402	107	1862.35714	1351.51391	1351.51391	Deep
492409	4625643	99004210	3358	n	1898.22	0.1153	131.46	0.659824	0.73295	157.236	159	78.8131	76	96.3977	97	2029.5941	1069.38403	1069.38403	Deep
492709	4625643	99004211	3359	n	1897.74	0.1179	126.154	0.69485	0.722138	145.053	150	51.0838	50	71.5419	74	2224.88884	795.41272	795.41272	water
493009	4625643	99004212	3360	n	1897.54	0.1297	176.882	0.39508	0.546721	154.456	154	70.4971	67	87.3286	86	2152.3109	539.08809	539.08809	water
493309	4625643	99004213	3361	n	1897.42	0.1633	170.724	0.404313	0.587819	160.223	162	81.8623	78	98.1433	98	2021.64298	323.73592	323.73592	water
475609	4625443	99004222	3362	n	2209.45	3.4895	212.55	0.061722	0.262238	133.125	132	121.767	122	98.618	98	4378.63395	1675.61799	1675.61799	Shallow
475909	4625443	99004223	3363	n	2210.1	5.5723	171.843	0.202332	0.565595	132.028	132	122.42	123	99.1804	98	4237.3349	1929.84812	1929.84812	Shallow
476209	4625443	99004224	3364	n	2194.46	12.0675	139.677	0.358655	0.749353	132.885	134	116.578	115	94.4462	94	4113.09846	2195.66206	2195.66206	Shallow
476509	4625443	99004225	3365	n	2185.31	12.2538	227.715	0.300235	0.277807	130.704	131	119.408	120	95.2402	95	4007.5118	2469.32177	2469.32177	Medium
476809	4625443	99004226	3366	n	2200.64	14.0465	167.63	0.196482	0.59082	138.463	138	126.106	127	104.223	103	3922.08142	2748.4847	2748.4847	Shallow
477109	4625443	99004227	3367	n	2162.01	13.6432	180.5	0.450242	0.638683	117.104	118	107.209	108	82.9639	84	3858.14651	3024.13207	3024.13207	Medium
477409	4625443	99004228	3368	n	2175.56	10.0341	281.723	0.728395	0.294252	105.749	106	102.757	104	75.5351	76	3816.78744	3298.84481	3298.84481	Shallow
477709	4625443	99004229	3369	n	2189.2	4.3259	271.912	0.699757	0.328914	105.808	105	104.035	103	77.7424	76	3798.74166	3575.28953	3575.28953	Medium
478009	4625443	99004230	3370	n	2183.84	6.7526	165.869	0.781098	0.722829	112.97	110	107.211	105	84.1591	81	3710.35106	3853.32303	3710.35106	Medium
478309	4625443	99004231	3371	n	2177.84	10.4497	174.044	0.918962	0.567607	111.927	111	103.208	105	81.442	81	3430.4013	4087.20687	3430.4013	Medium
478609	4625443	99004232	3372	n	2149.89	9.9552	74.6234	0.829787	0.891735	114.561	114	91.3575	91	73.4434	72	3154.14032	3795.87119	3154.14032	Medium
478909	4625443	99004233	3373	n	2120.07	4.9653	59.3891	0.875329	0.826186	111.304	111	94.7997	95	73.3317	73	2882.62887	3505.99718	2882.62887	Medium
479209	4625443	99004234	3374	n	2106.19	5.3931	58.4825	0.878217	0.771463	111.902	111	98.5632	98	75.9889	75	2617.34547	3217.97986	2617.34547	Medium
479509	4625443	99004235	3375	n	2092.97	8.0406	111.896	0.532066	0.629299	121.375	118	109.38	106	88.5418	84	2360.39093	2932.36637	2360.39093	Medium
479809	4625443	99004236	3376	n	2087.84	8.2895	160.576	0.198673	0.573268	128.748	130	119.642	121	96.4083	96	2114.80341	2649.93408	2114.80341	Medium
480109	4625443	99004237	3377	n	2085.13	5.0982	142.536	0.337729	0.673336	118.609	115	112.997	109	89.2601	85	1885.03091	2371.81971	1885.03091	Medium
480409	4625443	99004238	3378	n	2078.37	3.0023	103.052	0.573336	0.752481	107.777	108	102.385	102	79.63	79	1677.58445	2099.73972	1677.58445	Medium
480709	4625443	99004239	3379	n	2069.49	5.3759	98.2309	0.586362	0.704657	112.89	111	107.355	105	84.8467	83	1501.74488	1836.37823	1501.74488	Medium
481009	4625443	99004240	3380	n	2056.12	7.2492	71.2501	0.756976	0.779672	113.325	112	104.235	103	82.4736	81	1369.7393	1586.08421	1369.7393	Medium
481309	4625443	99004241	3381	n	2046.67	7.3499	149.147	0.35765	0.5343	127.497	122	119.898	114	96.6936	91	1295.04202	1356.11255	1295.04202	Shallow
481609	4625443	99004242	3382	n	2053.15	5.7728	203.198	0.248554	0.369218	122.53	120	116.046	113	91.3048	88	1204.38163	1157.50586	1157.50586	Medium
481909	4625443	99004243	3383	n	2083.58	9.6193	194.06	0.350029	0.453798	128.487	125	122.249	118	105.74	100	1093.69433	975.37364	975.37364	Shallow
482209	4625443	99004244	3384	n	2072.5	1.8803	187.994	0.361227	0.538734	114.622	114	107.617	107	84.9251	84	1059.15036	780.0246	780.0246	Deep
482509	4625443	99004245	3385	n	2072.97	2.4919	180.387	0.457969	0.613664	112.479	112	105.791	105	85.6058	85	1107.89516	556.92395	556.92395	Deep
482809	4625443	99004246	3386	n	2061.5	3.6172	123.081	0.476068	0.861877	110.474	110	107.285	107	86.6172	86	1230.06661	351.03794	351.03794	Deep
483109	4625443	99004247	3387	n	2046.85	4.1333	80.9018	0.766517	0.906695	113.032	113	110.77	110	90.3246	90	1406.66132	189.14398	189.14398	Deep
483409	4625443	99004248	3388	n	2024.07	8.093	60.0704	0.897471	0.886768	120.774	120	111.801	112	93.4488	93	1619.97786	97.5654	97.5654	Deep
483709	4625443	99004249	3389	n	2023.86	15.6607	204.273	0.27229	0.3179	94.5242	107	86.0822	94	69.0411	78	1857.40692	86.12654	86.12654	Deep
484009	4625443	99004250	3390	n	2063.02	2.6689	182.057	0.297623	0.502773	121.26	120	119.023	118	97.4445	96	2083.17931	317.1632	317.1632	Shallow
484309	4625443	99004251	3391	n	2048.81	8.9117	104.539	0.673699	0.827289	120.044	121	115.601	117	95.7692	97	2058.20151	444.82715	444.82715	Shallow
484609	4625443	99004252	3392	n	2052.22	6.5975	179.089	0.27687	0.492033	117.226	117	114.491	114	92.7512	92	1869.23823	509.28364	509.28364	Shallow
484909	4625443	99004253	3393	n	2043.1	8.0378	112.438	0.548624	0.864099	128.978	128	124.372	125	103.194	103	1712.28201	574.24119	574.24119	Shallow
485209	4625443	99004254	3394	n	2020.24	12.2793	177.161	0.375966	0.471553	115.284	120	110.061	112	87.6405	91	1596.79924	629.80933	629.80933	Shallow
485509	4625443	99004255	3395	n	2055.87	4.9758	226.707	0.464129	0.213536	126.361	129	122.687	125	101.022	103	1532.19644	764.14171	764.14171	Shallow
485809	4625443	99004256	3396	n	2054	4.5123	45.7258	0.966838	0.805266	132.875	135	125.142	126	104.965	106	1524.95379	960.49952	960.49952	Deep
486109	4625443	99004257	3397	n	2036.15	5.9103	74.3523	0.868954	0.85332	136.458	137	132.135	132	111.12	111	1575.86236	1164.46208	1164.46208	Deep
486409	4625443	99004258	3398	n	2016.28	3.7197	89.6012	0.734667	0.786754	136.159	136	133.074	133	111.481	111	1679.64291	1364.76158	1364.76158	Deep
486709	4625443	99004259	3399	n	2002.84	6.5506	102.61	0.60106	0.808234	133.647	134	136.86	137	113.279	113	1827.30907	1373.63744	1373.63744	Deep
487009	4625443	99004260	3400	n	1987.23	4.1974	133.473	0.402015	0.76398	128.522	125	136.656	134	111.77	109	2009.20794	1331.12618	1331.12618	Shallow
487309	4625443	99004261	3401	n	1976.68	3.0968	164.469	0.410134	0.614029	147.612	162	151.488	156	126.85	135	2216.92911	1342.38338	1342.38338	Shallow
487609	4625443	99004262	3402	n	1981.87	2.8008	170.444	0.619554	0.417221	114.554	114	125.5	124	100.103	99	2443.89706	1377.27071	1377.27071	Deep
487909	4625443	99004263	3403	n	1969.99	4.8395	51.6685	0.925135	0.854835	133.947	136	140.059	141	115.604	117	2685.23573	1382.06245	1382.06245	Deep
488209	4625443	99004264	3404	n	1955.08	5.0908	37.6097	0.946311	0.740845	131.897	133	140.431	141	115.337	116	2937.40516	1325.68343	1325.68343	Deep
488509	4625443	99004265	3405	n	1946.69	4.6288	41.9017	0.873871	0.640677	130.501	132	139.691	141	114.211	115	3197.84415	1222.71297	1222.71297	Deep
488809	4625443	99004266	3406	n	1937.56	3.7845	59.7384	0.806128	0.779312	140.347	141	146.472	147	121.769	123	2978.76088	1063.60009	1063.60009	Deep
489109	4625443	99004267	3407	n	1927.43	2.8593	72.8024	0.812072	0.84646	143.33	144	147.016	148	123.19	124	2746.6151	973.37725	973.37725	Deep
489409	4625443	99004268	3408	n	1919.98	2.2776	104.525	0.568159	0.741941	135.313	134	141.009	140	117.478	117	2528.78877	971.43265	971.43265	Deep
489709	4625443	99004269	3409	n	1914.28	1.4679	98.7717	0.623441	0.813293	140.946	140	144.445	144	121.827	121	2329.30263	1058.25305	1058.25305	Deep
490009	4625443	99004270	3410	n	1909.38	0.77	126.345	0.473196	0.833365	161.387	164	155.364	156	135.434	137	2153.26006	1214.95582	1214.95582	Deep
490309	4625443	99004271	3411	n	1907.26	1.8997	150.092	0.338241	0.690791	162.472	163	162.812	164	140.674	141	2006.84006	1418.56821	1418.56821	Deep
490609	4625443	99004272	3412	n	1903.07	0.9716	133.679	0.459932	0.670204	167.654	173	107.969	91	118.854	116	1896.91464	1530.11245	1530.11245	Deep
490909	4625443	99004273	3413	n	1901.42	0.9746	129.06	0.445743	0.798984	165.81	166	76.0144	70	99.7738	97	1830.07193	1681.88651	1681.88651	Deep
491209	4625443	99004274	3414	n	1899.73	0.2116	98.5177	0.682897	0.919247	154.052	154	67.099	67	86.4389	86	1811.08845	1869.82361	1811.08845	Deep
491509	4625443	99004275	3415	n	1898.92	0.126	92.5364	0.67492	0.834069	149.561	149	67.2713	67	81.0047	82	1841.44495	1894.25671	1841.44495	Deep
491809	4625443	99004276	3416	n	1898.89	0.1509	186.375	0.553437	0.512917	159.282	159	105.859	110	109.706	111	1918.80109	1597.18083	1597.18083	Deep
492109	4625443	99004277	3417	n	1898.66	0.1001	152.356	0.554891	0.636498	158.817	158	87.8235	90	99.5661	102	2037.81151	1301.44717	1301.44717	water
492409	4625443	99004278	3418	n	1898.26	0.1364	124.602	0.617888	0.805784	159.826	160	68.9628	62	91.2327	88	2191.70114	1008.2375	1008.2375	Deep
492709	4625443	99004279	3419	n	1897.72	0.1184	141.061	0.549845	0.755582	145.503	149	53.5972	52	73.4934	74	2373.69586	719.11596	719.11596	Deep
493009	4625443	99004280	3420	n	1897.2	0.3997	157.581	0.434907	0.675916	151.334	150	66.9758	65	83.8579	82	2328.50679	437.97395	437.97395	Deep
493309	4625443	99004281	3421	n	1896.71	1.1703	178.042	0.449619	0.537495	153.155	153	90.4349	83	98.2751	94	2208.28938	180.33156	180.33156	Deep
475609	4625243	99004290	3422	n	2177.93	17.5275	170.899	0.163805	0.551757	135.878	136	126.205	126	101.586	102	4329.40693	1795.33178	1795.33178	Medium
475909	4625243	99004291	3423	n	2175.2	18.9675	179.247	0.135341	0.507169	140.251	140	136.274	140	111.055	112	4417.48512	2036.12756	2036.12756	Medium
476209	4625243	99004292	3424	n	2160.47	17.1199	178.239	0.300229	0.564711	137.204	138	130.637	132	106.323	106	4298.45863	2289.63612	2289.63612	Shallow
476509	4625243	99004293	3425	n	2166.91	15.9853	195.018	0.219453	0.485832	135.971	137	123.794	127	100.645	103	4197.53719	2553.24336	2553.24336	Medium
476809	4625243	99004294	3426	n	2150.77	13.711	183.649	0.154119	0.517377	135.767	136	125.431	126	101.516	101	4116.05276	2824.12284	2824.12284	Medium
477109	4625243	99004295	3427	n	2165.62	16.932	248.88	0.372273	0.239256	118.925	118	115.072	113	89.8395	88	4055.1772	3100.369	3100.369	Shallow
477409	4625243	99004296	3428	n	2201.42	6.2503	123.975	0.743804	0.749462	113.321	113	106.065	104	82.5389	80	4015.84786	3379.15885	3379.15885	Medium
477709	4625243	99004297	3429	n	2191.3	3.4385	181.477	0.216045	0.474397	113.069	114	110.395	109	87.4945	86	3998.70052	3654.6131	3654.6131	Shallow
478009	4625243	99004298	3430	n	2194.63	2.6164	223.068	0.627513	0.398376	116.987	114	116.099	114	91.9302	88	3784.12404	3928.93306	3784.12404	Medium
478309	4625243	99004299	3431	n	2193.88	2.7957	135.318	0.553844	0.775185	122.962	120	120.877	119	98.5516	95	3510.06308	4137.77255	3510.06308	Shallow
478609	4625243	99004300	3432	n	2161.68	10.9277	76.4712	0.82416	0.956672	121.327	119	98.0926	91	83.088	76	3240.60039	3850.2649	3240.60039	Medium
478909	4625243	99004301	3433	n	2123.05	4.425	112.363	0.561017	0.883361	112.42	112	97.2552	97	75.5229	75	2976.98488	3564.81667	2976.98488	Medium
479209	4625243	99004302	3434	n	2108.41	3.6926	128.533	0.44375	0.834226	114.878	114	103.985	103	80.7545	80	2720.91659	3281.96527	2720.91659	Medium
479509	4625243	99004303	3435	n	2098.27	3.31	114.751	0.519873	0.841949	117.311	116	107.922	106	86.3124	85	2474.73941	3002.4447	2474.73941	Medium
479809	4625243	99004304	3436	n	2083.53	6.641	87.2152	0.674832	0.794407	117.067	116	106.138	104	85.9529	85	2241.71435	2727.27928	2241.71435	Medium
480109	4625243	99004305	3437	n	2068.64	8.6904	127.187	0.472097	0.664999	123.247	119	114.436	109	93.8628	89	2026.3838	2457.93214	2026.3838	Medium
480409	4625243	99004306	3438	n	2069.62	8.4803	172.928	0.134872	0.548167	127.921	122	124.398	117	100.57	94	1834.98757	2196.54468	1834.98757	Shallow
480709	4625243	99004307	3439	n	2068.68	3.7916	139.993	0.358531	0.723788	116.067	112	112.923	108	89.8806	85	1675.74684	1946.32645	1675.74684	Medium
481009	4625243	99004308	3440	n	2061.64	3.7717	122.507	0.468861	0.786539	115.234	113	110.737	109	88.1984	86	1558.54918	1712.18129	1558.54918	Medium
481309	4625243	99004309	3441	n	2046.63	5.4561	85.1546	0.769633	0.818564	113.986	112	105.316	103	84.5715	83	1493.32636	1501.64673	1493.32636	Medium
481609	4625243	99004310	3442	n	2045.63	9.2248	215.135	0.303306	0.27754	126.608	123	119.776	116	96.4276	93	1383.49812	1315.34992	1315.34992	Deep
481909	4625243	99004311	3443	n	2075.9	6.0055	181.716	0.440642	0.554204	118.735	117	110.952	109	90.4082	88	1247.15308	1129.62622	1129.62622	Deep
482209	4625243	99004312	3444	n	2069.74	4.0157	173.243	0.622639	0.688926	110.188	110	102.57	101	80.9187	80	1158.56331	911.4138	911.4138	Deep
482509	4625243	99004313	3445	n	2063.95	7.5486	88.2583	0.602548	0.651761	116.234	115	105.992	104	87.1094	85	1144.17965	699.32886	699.32886	Deep
482809	4625243	99004314	3446	n	2051.47	7.3147	93.9771	0.647273	0.68009	111.621	110	104.241	102	84.7855	83	1206.65869	510.78718	510.78718	Deep
483109	4625243	99004315	3447	n	2037.2	8.9087	97.6073	0.572252	0.695046	120.821	119	113.599	111	93.0335	91	1335.25403	382.98447	382.98447	Deep
483409	4625243	99004316	3448	n	2022.05	9.0655	114.731	0.508793	0.742466	126.592	125	120.818	120	99.6789	99	1513.20238	268.75038	268.75038	Deep
483709	4625243	99004317	3449	n	2003.66	9.7927	129.14	0.510412	0.648155	116.703	122	106.854	113	89.2738	94	1725.29985	27.21726	27.21726	Deep
484009	4625243	99004318	3450	n	2036.17	18.3338	197.265	0.090922	0.364598	128.054	131	126.966	129	104.92	106	1960.49425	174.46758	174.46758	Deep
484309	4625243	99004319	3451	n	2037.83	13.0491	148.195	0.316239	0.702895	142.992	143	141.738	142	118.718	118	2210.08939	245.70887	245.70887	Shallow
484609	4625243	99004320	3452	n	2024.13	14.1669	166.84	0.250726	0.515098	135.419	138	132.454	135	109.541	112	2035.27719	309.30806	309.30806	Deep
484909	4625243	99004321	3453	n	2019.31	8.4604	173.501	0.175558	0.551212	133.359	134	129.358	130	107.445	108	1892.14464	376.61714	376.61714	Shallow
485209	4625243	99004322	3454	n	2008.65	12.8348	172.941	0.390872	0.547034	109.349	121	103.523	112	81.9398	93	1788.3147	453.57262	453.57262	Shallow
485509	4625243	99004323	3455	n	2049.3	8.8133	243.362	0.217807	0.194434	123.754	127	123.888	127	100.133	103	1730.87481	606.62782	606.62782	Shallow
485809	4625243	99004324	3456	n	2060.53	2.5187	170.09	0.413772	0.490808	126.589	129	121.556	124	101.119	103	1724.46679	808.96047	808.96047	Shallow
486109	4625243	99004325	3457	n	2045.68	4.7478	75.5758	0.810378	0.925246	135.246	136	131.757	132	110.638	111	1769.64512	1036.5932	1036.5932	Shallow
486409	4625243	99004326	3458	n	2025.51	5.4669	58.2017	0.92189	0.839947	134.104	136	131.664	132	110.369	111	1862.65992	1165.02181	1165.02181	Deep
486709	4625243	99004327	3459	n	2001.39	5.8419	91.8842	0.693629	0.913757	135.097	136	137.452	138	114.77	115	1996.83752	1173.70417	1173.70417	Shallow
487009	4625243	99004328	3460	n	1980.12	4.5827	104.861	0.613325	0.887384	140.466	136	145.067	143	121.306	119	2164.53649	1131.28182	1131.28182	Shallow
487309	4625243	99004329	3461	n	1969.72	3.5191	193.035	0.239028	0.442988	137.829	138	142.828	140	118.05	118	2358.61747	1143.36993	1143.36993	Shallow
487609	4625243	99004330	3462	n	1979.73	2.7141	199.547	0.114291	0.343986	114.947	114	126.272	125	100.683	100	2573.11766	1178.88772	1178.88772	Deep
487909	4625243	99004331	3463	n	1973.44	3.896	121.993	0.477115	0.822026	135.631	137	143.092	144	118.373	119	2803.35381	1190.37737	1190.37737	Deep
488209	4625243	99004332	3464	n	1958.24	5.6608	116.484	0.516083	0.859155	140.783	140	147.95	148	123.443	123	3045.75947	1127.35895	1127.35895	Deep
488509	4625243	99004333	3465	n	1948.72	4.0114	158.243	0.392829	0.576162	128.881	128	137.796	137	112.632	112	3297.65202	1072.72022	1072.72022	Deep
488809	4625243	99004334	3466	n	1940.98	2.2702	84.6147	0.771413	0.862737	143.545	145	148.597	149	124.306	125	3104.40301	887.10022	887.10022	Deep
489109	4625243	99004335	3467	n	1932.34	2.6182	73.9691	0.817826	0.910538	145.227	146	149.198	150	125.447	126	2882.39417	776.63693	776.63693	Deep
489409	4625243	99004336	3468	n	1919.7	2.5145	71.0738	0.857757	0.925212	133.717	130	132.543	135	112.633	112	2675.64465	774.19833	774.19833	Deep
489709	4625243	99004337	3469	n	1912.03	1.3827	120.528	0.494429	0.855055	168.37	171	102.957	98	118.458	116	2487.9615	880.68222	880.68222	Deep
490009	4625243	99004338	3470	n	1909.29	0.6477	158.901	0.524351	0.508898	168.604	170	134.653	155	131.172	134	2323.96871	1063.86996	1063.86996	Deep
490309	4625243	99004339	3471	n	1906.47	1.4315	70.4003	0.82561	0.883875	166.906	168	155.564	158	136.845	138	2188.99718	1291.52523	1291.52523	Deep
490609	4625243	99004340	3472	n	1902.3	0.5288	123.86	0.465465	0.888205	165.115	166	83.397	78	104.675	105	2088.68064	1544.10348	1544.10348	Deep
490909	4625243	99004341	3473	n	1900.73	0.2417	92.1718	0.725176	0.962828	155.319	156	66.3567	66	87.8354	88	2028.16787	1811.20779	1811.20779	Deep
491209	4625243	99004342	3474	n	1899.72	0.2415	113.243	0.616949	0.902174	156.356	156	62.3134	62	86.2396	86	2011.05521	2021.86597	2011.05521	Deep
491509	4625243	99004343	3475	n	1898.8	0.1069	90.6344	0.630851	0.708671	153.718	154	71.5132	69	86.8276	86	2038.43596	1879.17805	1879.17805	Deep
491809	4625243	99004344	3476	n	1898.86	0.2128	157.655	0.495977	0.622924	165.012	165	94.6565	98	108.514	110	2108.57755	1579.26827	1579.26827	Deep
492109	4625243	99004345	3477	n	1898.57	0.1056	167.283	0.431111	0.578863	164.67	164	82.4307	76	99.9165	96	2217.42585	1279.4008	1279.4008	water
492409	4625243	99004346	3478	n	1898.13	0.161	121.835	0.574238	0.856266	158.52	159	62.7841	60	87.8604	87	2359.63038	979.61447	979.61447	Deep
492709	4625243	99004347	3479	n	1897.54	0.1142	154.703	0.404087	0.731825	145.795	148	56.048	55	73.671	74	2529.57184	680.01665	680.01665	Deep
493009	4625243	99004348	3480	n	1897.1	0.4303	165.284	0.495355	0.619135	155.906	156	70.6023	69	88.7965	89	2508.27541	381.05219	381.05219	Deep
493309	4625243	99004349	3481	n	1896.54	0.9739	155.786	0.523024	0.677887	141.62	148	85.3794	78	90.8871	88	2397.09066	87.11285	87.11285	water
475609	4625043	99004358	3482	n	2125.62	18.171	188.75	0.347114	0.562816	138.143	138	131.178	133	107.225	107	4225.1232	1917.42479	1917.42479	Shallow
475909	4625043	99004359	3483	n	2128.2	17.4185	247.71	0.441021	0.406898	138.643	138	134.288	136	113.217	114	4486.75207	2155.76369	2155.76369	Shallow
476209	4625043	99004360	3484	n	2135.76	16.8183	175.043	0.530249	0.43072	135.429	135	127.285	130	105.254	106	4485.07684	2396.65083	2396.65083	Shallow
476509	4625043	99004361	3485	n	2143	14.3781	283.392	0.647855	0.427774	123.921	120	115.044	112	88.4691	84	4388.44917	2649.63268	2649.63268	Shallow
476809	4625043	99004362	3486	n	2149.85	8.7008	157.015	0.930391	0.588732	116.609	116	105.185	105	77.1423	77	4310.57513	2911.55825	2911.55825	Medium
477109	4625043	99004363	3487	n	2153.69	13.7335	184.33	0.310771	0.3159	127.014	128	123.608	124	98.8109	100	4252.48513	3180.21848	3180.21848	Medium
477409	4625043	99004364	3488	n	2183.83	12.9429	184.153	0.169376	0.50375	127.004	128	124.483	123	102.193	101	4214.99723	3454.04223	3454.04223	Shallow
477709	4625043	99004365	3489	n	2186.71	2.2617	270.11	0.310595	0.098921	115.272	115	118.397	119	93.8062	93	4139.02603	3731.89306	3731.89306	Shallow
478009	4625043	99004366	3490	n	2195.2	1.464	196.736	0.287392	0.400692	117.547	117	111.999	109	90.5815	87	3866.84426	4008.92659	3866.84426	Shallow
478309	4625043	99004367	3491	n	2190.34	2.3243	105.274	0.604218	0.918902	125.503	123	122.695	123	101.186	100	3599.08775	4197.26855	3599.08775	Shallow
478609	4625043	99004368	3492	n	2167.44	10.6193	102.196	0.708651	0.837162	122.05	120	104.025	97	86.9972	79	3336.82195	3914.13355	3336.82195	Medium
478909	4625043	99004369	3493	n	2132.16	9.8491	56.7716	0.939626	0.729966	106.767	106	84.0527	84	67.1759	67	3081.44914	3629.1199	3081.44914	Shallow
479209	4625043	99004370	3494	n	2111.41	7.0266	45.3699	0.929233	0.774884	106.949	106	91.65	91	71.1899	70	2834.83278	3340.26786	2834.83278	Medium
479509	4625043	99004371	3495	n	2097.43	4.3774	68.4532	0.791549	0.765207	109.038	109	98.2124	98	76.7594	77	2599.46628	3053.56635	2599.46628	Medium
479809	4625043	99004372	3496	n	2087.71	4.864	64.6004	0.786705	0.780029	104.836	105	95.104	95	75.3929	75	2378.69145	2769.6833	2378.69145	Medium
480109	4625043	99004373	3497	n	2076.37	6.1818	66.9599	0.74115	0.716882	107.53	107	99.0491	99	78.7573	78	2176.95225	2489.58304	2176.95225	Shallow
480409	4625043	99004374	3498	n	2064.7	7.7492	56.069	0.801905	0.713877	110.643	109	99.9419	100	79.483	79	2000.0173	2214.7013	2000.0173	Shallow
480709	4625043	99004375	3499	n	2052.38	11.2014	133.62	0.43307	0.595235	125.087	120	116.59	110	95.8564	89	1854.99791	1947.24933	1854.99791	Shallow
481009	4625043	99004376	3500	n	2050.1	7.9489	137.638	0.361836	0.687582	130.971	127	125.09	120	100.493	95	1690.75666	1690.75666	1690.75666	Medium
481309	4625043	99004377	3501	n	2043.74	5.2472	149.459	0.290538	0.673353	127.829	124	122.204	117	97.6066	92	1451.04659	1451.04659	1451.04659	Shallow
481609	4625043	99004378	3502	n	2045.43	11.4663	212.182	0.380301	0.338688	123.657	123	118.106	117	95.8877	95	1237.90724	1237.90724	1237.90724	Medium
481909	4625043	99004379	3503	n	2078.21	5.5993	151.843	0.623847	0.61273	126.993	123	117.571	112	99.3171	91	1067.37644	1067.37644	1067.37644	Deep
482209	4625043	99004380	3504	n	2077.67	2.5596	260.234	0.515621	0.233998	113.089	113	107.635	108	86.1164	86	962.37757	962.37757	962.37757	Deep
482509	4625043	99004381	3505	n	2076.59	3.4546	68.2841	0.913007	0.81436	112.887	113	104.642	105	85.461	85	945.01255	850.17017	850.17017	Deep
482809	4625043	99004382	3506	n	2063.01	4.431	45.4726	0.960029	0.83489	107.086	106	101.181	100	82.568	82	1019.76803	683.29339	683.29339	Deep
483109	4625043	99004383	3507	n	2046.96	5.379	54.4936	0.875365	0.797786	111.384	111	105.247	104	86.5589	86	1169.10435	581.01528	581.01528	Deep
483409	4625043	99004384	3508	n	2028.4	7.527	35.6519	0.938447	0.739198	112.369	111	103.709	103	85.4948	84	1368.82544	374.27009	374.27009	Deep
483709	4625043	99004385	3509	n	2010.67	7.0661	34.5777	0.976305	0.764938	115.197	115	108.786	109	89.8846	90	1600.17537	165.24796	165.24796	Deep
484009	4625043	99004386	3510	n	1995.99	7.7014	99.8024	0.581235	0.613758	118.145	118	110.001	110	91.0714	91	1851.33448	3.96428	3.96428	Deep
484309	4625043	99004387	3511	n	1994.45	10.3834	153.847	0.24491	0.535018	131.582	134	125.746	127	105.878	106	2115.25825	51.30304	51.30304	Deep
484609	4625043	99004388	3512	n	1993.7	11.8479	164.818	0.210537	0.550543	134.576	135	130.517	131	107.067	107	2206.95602	109.42183	109.42183	Deep
484909	4625043	99004389	3513	n	1993.92	10.6725	190.488	0.108544	0.421278	133.106	134	127.549	128	104.508	105	2075.69579	177.60103	177.60103	Deep
485209	4625043	99004390	3514	n	1997.52	13.235	216.271	0.343078	0.399309	107.447	107	103.823	101	80.4863	77	1981.50729	267.16615	267.16615	Shallow
485509	4625043	99004391	3515	n	2044.66	9.2868	276.565	0.359544	0.131048	114.343	116	113.731	114	90.3565	91	1929.82622	460.52635	460.52635	Shallow
485809	4625043	99004392	3516	n	2059.58	2.5008	183.824	0.431142	0.535262	135.01	137	131.034	132	109.599	111	1924.08092	677.01476	677.01476	Shallow
486109	4625043	99004393	3517	n	2044.08	4.9062	123.064	0.509618	0.81503	133.232	133	131.468	131	110.195	110	1964.6744	923.34537	923.34537	Shallow
486409	4625043	99004394	3518	n	2033.67	5.4103	99.0253	0.645808	0.79788	135.644	135	137.194	136	113.969	113	2048.85422	965.3898	965.3898	Deep
486709	4625043	99004395	3519	n	2000.95	6.6151	109.574	0.594716	0.872076	136.841	138	140.548	141	116.746	117	2171.55745	973.7983	973.7983	Shallow
487009	4625043	99004396	3520	n	1975.75	6.2878	120.897	0.497011	0.857226	138.633	139	143.227	143	119.696	119	2326.6972	931.50428	931.50428	Deep
487309	4625043	99004397	3521	n	1966.99	4.8599	223.106	0.405627	0.364309	115.232	114	124.603	123	99.2558	98	2508.26195	944.77322	944.77322	Shallow
487609	4625043	99004398	3522	n	1976.55	2.49	169.302	0.70375	0.590291	124.906	123	133.715	132	108.541	107	2710.94746	981.16152	981.16152	Deep
487909	4625043	99004399	3523	n	1964.48	4.5235	120.332	0.471215	0.817333	136.69	138	144.122	145	119.451	120	2930.37442	1001.73053	1001.73053	Deep
488209	4625043	99004400	3524	n	1949	5.0323	115.877	0.51352	0.833874	133.508	133	140.498	140	116.354	116	3163.0606	929.75258	929.75258	Deep
488509	4625043	99004401	3525	n	1939.76	3.5277	179.479	0.150111	0.490983	129.103	128	137.455	137	113.138	113	3406.28984	910.15997	910.15997	Deep
488809	4625043	99004402	3526	n	1938.79	2.0781	143.188	0.314685	0.774984	143.188	144	149.416	150	125.059	126	3237.53297	722.9443	722.9443	Deep
489109	4625043	99004403	3527	n	1931.45	1.9719	128.42	0.454565	0.830366	142.112	144	147.318	148	123.529	125	3025.30954	582.12248	582.12248	Deep
489409	4625043	99004404	3528	n	1921.97	2.7751	82.9441	0.770736	0.932856	134.709	130	130.064	134	112.701	112	2829.02385	578.86502	578.86502	Deep
489709	4625043	99004405	3529	n	1911.12	1.7031	101.526	0.631531	0.824137	183.897	185	59.5955	58	111.913	112	2652.21682	715.05443	715.05443	Deep
490009	4625043	99004406	3530	n	1908.73	1.0899	182.099	0.220604	0.440311	176.346	178	99.8737	66	121.366	115	2499.02625	931.40805	931.40805	Deep
490309	4625043	99004407	3531	n	1906.27	2.0108	121.923	0.481914	0.842651	163.667	169	141.434	150	127.273	132	2374.02829	1184.79495	1184.79495	Deep
490609	4625043	99004408	3532	n	1901.33	0.2865	130.375	0.423451	0.852019	159.4	160	70.0633	68	91.5524	91	2281.86074	1456.00728	1456.00728	Deep
490909	4625043	99004409	3533	n	1900.58	0.1922	120.18	0.533564	0.886079	151.109	151	63.5353	63	83.6774	84	2226.60427	1736.71395	1736.71395	Deep
491209	4625043	99004410	3534	n	1899.39	0.2971	109.114	0.573332	0.930508	152.958	153	62.4864	60	83.7049	83	2211.02797	2022.9665	2022.9665	Deep
491509	4625043	99004411	3535	n	1898.69	0.0829	72.9373	0.81338	0.49463	157.389	157	75.9398	68	92.0654	87	2235.96128	1884.80387	1884.80387	Deep
491809	4625043	99004412	3536	n	1898.76	0.2389	166.086	0.554295	0.619854	162.405	162	81.4346	70	99.7462	96	2300.08716	1585.61778	1585.61778	water
492109	4625043	99004413	3537	n	1898.4	0.0681	138.014	0.581936	0.582022	162.238	162	67.8928	64	92.1321	90	2400.26646	1286.81074	1286.81074	Deep
492409	4625043	99004414	3538	n	1898.04	0.197	105.928	0.682108	0.8475	155.013	158	56.9847	56	83.1978	84	2532.22377	988.72645	988.72645	Deep
492709	4625043	99004415	3539	n	1897.22	0.2079	154.931	0.429909	0.726615	150.575	152	61.9712	56	81.4081	79	2691.28879	692.29915	692.29915	Deep
493009	4625043	99004416	3540	n	1897.16	0.3623	248.09	0.594453	0.437378	152.615	152	80.4581	73	92.4121	91	2690.90081	399.50267	399.50267	Deep
493309	4625043	99004417	3541	n	1896.78	0.5809	109.162	0.710045	0.723735	143.882	146	87.4207	81	92.2682	89	2587.57518	117.61682	117.61682	water
475609	4624843	99004426	3542	n	2144.19	17.847	200.412	0.868284	0.498716	130.388	129	112.419	113	90.6036	89	4127.90113	2051.78447	2051.78447	Shallow
475909	4624843	99004427	3543	n	2157.91	14.6251	248.869	0.687462	0.295304	133.907	133	127.947	133	105.438	109	4395.3209	2276.12338	2276.12338	Shallow
476209	4624843	99004428	3544	n	2170.28	12.2163	240.174	0.777398	0.399297	129.641	128	118.8	122	95.3887	96	4666.70376	2515.04212	2515.04212	Shallow
476509	4624843	99004429	3545	n	2176.46	7.0105	147.421	0.901461	0.685183	121.26	121	105.767	106	79.8136	79	4580.13687	2757.18244	2757.18244	Medium
476809	4624843	99004430	3546	n	2162.56	3.3912	87.0316	0.739232	0.860744	122.612	123	111.89	112	84.8129	85	4505.57717	3009.76297	3009.76297	Medium
477109	4624843	99004431	3547	n	2146.59	6.4618	134.625	0.637565	0.627777	120.842	120	114.079	113	88.9617	88	4450.03342	3270.36561	3270.36561	Medium
477409	4624843	99004432	3548	n	2161.38	8.6463	244.574	0.256168	0.222528	116.74	116	112.741	111	88.5032	87	4414.22353	3537.21774	3537.21774	Shallow
477709	4624843	99004433	3549	n	2181.89	7.4923	208.699	0.300644	0.346875	117.244	119	115.661	119	93.0361	95	4224.26636	3809.0061	3809.0061	Medium
478009	4624843	99004434	3550	n	2190.15	3.1851	215.966	0.253215	0.328646	115.992	116	112.334	112	89.9453	88	3957.95078	4084.74548	3957.95078	Shallow
478309	4624843	99004435	3551	n	2190.62	1.2942	67.3662	0.858785	0.910229	122.715	121	119.564	119	97.6899	96	3696.79894	4171.40943	3696.79894	Shallow
478609	4624843	99004436	3552	n	2182.73	5.4478	66.1229	0.875017	0.794757	117.108	117	105.337	108	84.2727	85	3441.98642	3876.53644	3441.98642	Shallow
478909	4624843	99004437	3553	n	2159.49	7.9154	68.2913	0.837415	0.860177	114.904	115	97.8112	98	79.6196	79	3195.03029	3582.51488	3195.03029	Shallow
479209	4624843	99004438	3554	n	2127.07	8.759	71.2813	0.823712	0.90017	112.969	112	94.7133	93	77.5562	76	2957.89903	3289.57307	2957.89903	Medium
479509	4624843	99004439	3555	n	2099.03	3.8342	106.653	0.60113	0.927661	113.27	113	104.625	104	82.5631	82	2733.15106	2998.02754	2733.15106	Medium
479809	4624843	99004440	3556	n	2086.37	4.6556	114.05	0.530353	0.744156	115.083	114	107.953	108	85.5155	85	2524.09644	2708.32924	2524.09644	Medium
480109	4624843	99004441	3557	n	2075.55	4.631	138.297	0.564023	0.692519	114.569	113	108.09	106	85.5554	84	2334.95415	2421.14134	2334.95415	Shallow
480409	4624843	99004442	3558	n	2067.16	6.4621	81.8527	0.671385	0.650139	113.028	110	107.375	104	82.5957	79	2137.47597	2137.47597	2137.47597	Shallow
480709	4624843	99004443	3559	n	2057.99	8.1188	63.864	0.880769	0.644045	105.984	104	99.2103	97	75.8099	73	1858.94638	1858.94638	1858.94638	Shallow
481009	4624843	99004444	3560	n	2048.1	7.1458	23.982	0.967308	0.674096	109.686	108	99.0183	99	77.5973	77	1588.25683	1588.25683	1588.25683	Shallow
481309	4624843	99004445	3561	n	2036.7	8.0846	65.5456	0.762176	0.696783	122.517	118	109.005	106	90.1456	87	1330.20219	1330.20219	1330.20219	Deep
481609	4624843	99004446	3562	n	2032.39	10.197	164.538	0.331421	0.401065	134.515	133	121.196	115	101.52	97	1093.76231	1093.76231	1093.76231	Deep
481909	4624843	99004447	3563	n	2066.61	12.9639	208.187	0.334679	0.321433	143.657	145	139.448	142	117.156	118	896.21098	896.21098	896.21098	Shallow
482209	4624843	99004448	3564	n	2081.57	1.9367	187.348	0.659568	0.547295	120.346	120	113.234	113	91.9131	92	768.16161	768.16161	768.16161	Deep
482509	4624843	99004449	3565	n	2080.52	1.2292	106.079	0.634957	0.811132	117.55	117	111.197	111	90.0944	90	746.29108	746.29108	746.29108	Deep
482809	4624843	99004450	3566	n	2071.45	3.5287	66.3334	0.887436	0.830442	109.728	110	104.297	104	84.9035	85	838.94487	838.94487	838.94487	Deep
483109	4624843	99004451	3567	n	2060.82	5.1788	23.8469	0.993732	0.700801	110.778	110	104.496	104	85.0225	84	1015.23723	733.97659	733.97659	Deep
483409	4624843	99004452	3568	n	2047.09	5.6801	33.4229	0.991468	0.771305	110.293	110	103.55	103	84.8148	84	1239.99385	499.70299	499.70299	Deep
483709	4624843	99004453	3569	n	2028.77	7.0606	47.16	0.929926	0.775265	116.598	116	111.078	111	91.4884	91	1491.46333	319.33117	319.33117	Deep
484009	4624843	99004454	3570	n	2012.01	6.8694	29.6581	0.982988	0.687299	111.021	111	104.824	105	84.2634	84	1758.22098	193.59344	193.59344	Deep
484309	4624843	99004455	3571	n	1998.27	7.6339	29.3611	0.984218	0.679632	114.439	114	109.908	110	87.9048	88	2034.26132	124.91188	124.91188	Deep
484609	4624843	99004456	3572	n	1986.37	7.5222	76.9242	0.865995	0.60813	113.289	113	103.958	105	84.858	85	2316.26796	71.1092	71.1092	Deep
484909	4624843	99004457	3573	n	1976.61	7.0504	92.5224	0.631012	0.660802	118.173	116	105.595	105	88.1794	87	2262.03772	18.7395	18.7395	Deep
485209	4624843	99004458	3574	n	1982.85	12.3224	211.075	0.114425	0.24721	106.233	109	98.6558	99	77.0489	78	2175.93033	120.54878	120.54878	Deep
485509	4624843	99004459	3575	n	2038.32	12.7953	241.296	0.182885	0.191006	121.42	125	121.752	126	97.3398	101	2128.97415	318.42294	318.42294	Deep
485809	4624843	99004460	3576	n	2055.13	2.6015	156.873	0.305173	0.671921	133.609	136	130.425	132	109.38	111	2123.76765	563.76432	563.76432	Shallow
486109	4624843	99004461	3577	n	2038.63	6.0225	102.886	0.637314	0.925421	142.141	143	137.743	138	117.14	117	2160.61268	817.47759	817.47759	Shallow
486409	4624843	99004462	3578	n	2016.53	10.099	130.801	0.393098	0.668321	140.934	139	139.925	139	117.546	116	2237.43274	765.94982	765.94982	Deep
486709	4624843	99004463	3579	n	1990.3	10.413	91.391	0.643787	0.752222	134.957	134	138.233	137	114.666	113	2350.31134	773.94108	773.94108	Deep
487009	4624843	99004464	3580	n	1964.52	7.4836	100.285	0.601288	0.816858	134.975	135	138.79	139	115.32	116	2494.35794	731.84826	731.84826	Deep
487309	4624843	99004465	3581	n	1971.35	7.1075	273.208	0.37484	0.149758	104.18	104	117.047	117	90.4379	90	2664.52241	746.92577	746.92577	Deep
487609	4624843	99004466	3582	n	1970.72	6.9514	139.35	0.406073	0.799382	128.899	128	136.518	135	111.256	110	2856.14037	784.5888	784.5888	Deep
487909	4624843	99004467	3583	n	1954.8	3.8939	142.94	0.31958	0.775399	137.99	140	143.509	144	119.307	120	3065.19101	805.30076	805.30076	Deep
488209	4624843	99004468	3584	n	1942.08	3.682	118.866	0.504994	0.880697	144.557	145	148.198	149	124.812	125	3288.35126	733.44497	733.44497	Deep
488509	4624843	99004469	3585	n	1930.85	3.1947	161.721	0.327248	0.583519	129.391	128	137.822	137	113.441	112	3522.94084	710.69883	710.69883	Deep
488809	4624843	99004470	3586	n	1932.65	2.2691	157.299	0.253688	0.632692	141.601	142	147.407	148	123.247	124	3377.26537	581.6787	581.6787	Deep
489109	4624843	99004471	3587	n	1926.5	2.4324	155.415	0.293499	0.598644	139.14	141	145.126	146	121.251	122	3174.3975	393.15168	393.15168	Deep
489409	4624843	99004472	3588	n	1922.71	2.0677	115.371	0.535815	0.893949	130.92	130	135.551	136	113.234	113	2987.92196	388.3122	388.3122	Deep
489709	4624843	99004473	3589	n	1910.93	2.6628	103.513	0.672635	0.906796	180.803	185	70.8093	62	113.473	114	2821.09123	571.84306	571.84306	Deep
490009	4624843	99004474	3590	n	1905	0.8746	119.442	0.506699	0.852863	174.446	178	95.1671	78	117.912	114	2677.57985	826.57281	826.57281	Deep
490309	4624843	99004475	3591	n	1902.74	0.7735	112.317	0.557092	0.892287	160.865	165	120.813	137	117.538	125	2561.3106	1104.28291	1104.28291	Deep
490609	4624843	99004476	3592	n	1901.12	0.1715	100.481	0.70958	0.804783	156.831	158	62.1477	61	84.1457	83	2476.12401	1391.27958	1391.27958	Deep
490909	4624843	99004477	3593	n	1900.34	0.2135	132.92	0.531968	0.770198	154.108	154	62.7228	60	84.3085	83	2425.29756	1682.81817	1682.81817	Deep
491209	4624843	99004478	3594	n	1899.09	0.3055	76.9034	0.690537	0.79506	148.816	149	58.7884	58	78.4847	79	2411.00526	1976.89026	1976.89026	Deep
491509	4624843	99004479	3595	n	1898.95	0.3026	173.661	0.580952	0.523622	160.881	162	96.6695	99	107.774	110	2433.89081	1854.83914	1854.83914	Deep
491809	4624843	99004480	3596	n	1898.67	0.0918	147.883	0.609971	0.587355	154.679	157	73.3182	65	90.9945	88	2492.93053	1558.79645	1558.79645	Deep
492109	4624843	99004481	3597	n	1898.57	0.0989	160.272	0.692837	0.508373	156.747	159	68.9501	61	90.7153	88	2585.649	1264.31395	1264.31395	Deep
492409	4624843	99004482	3598	n	1898.19	0.2498	103.965	0.728145	0.823486	144.14	149	63.8537	57	79.3608	79	2708.58983	971.47807	971.47807	Deep
492709	4624843	99004483	3599	n	1897.47	0.2458	190.959	0.799078	0.529028	149.98	152	97.2394	104	98.5742	102	2857.85531	684.39034	684.39034	Deep
493009	4624843	99004484	3600	n	1897.3	0.2789	170.161	0.497966	0.640373	154.818	157	105.382	109	106.496	108	2875.83881	407.23432	407.23432	Deep
493309	4624843	99004485	3601	n	1896.5	0.4658	152.344	0.279229	0.724495	159.324	160	95.826	97	104.149	104	2779.39687	133.53143	133.53143	water
