"","Age","Status"
"1","15To19","FullTime"
"2","15To19","FullTime"
"3","15To19","FullTime"
"4","15To19","FullTime"
"5","15To19","FullTime"
"6","15To19","FullTime"
"7","15To19","FullTime"
"8","15To19","FullTime"
"9","15To19","FullTime"
"10","15To19","FullTime"
"11","15To19","FullTime"
"12","15To19","FullTime"
"13","15To19","FullTime"
"14","15To19","FullTime"
"15","15To19","FullTime"
"16","15To19","FullTime"
"17","15To19","FullTime"
"18","15To19","FullTime"
"19","15To19","FullTime"
"20","15To19","FullTime"
"21","15To19","FullTime"
"22","15To19","FullTime"
"23","15To19","FullTime"
"24","15To19","FullTime"
"25","15To19","FullTime"
"26","15To19","FullTime"
"27","15To19","FullTime"
"28","15To19","FullTime"
"29","15To19","FullTime"
"30","15To19","FullTime"
"31","15To19","FullTime"
"32","15To19","FullTime"
"33","15To19","FullTime"
"34","15To19","FullTime"
"35","15To19","FullTime"
"36","15To19","FullTime"
"37","15To19","FullTime"
"38","15To19","FullTime"
"39","15To19","FullTime"
"40","15To19","FullTime"
"41","15To19","FullTime"
"42","15To19","FullTime"
"43","15To19","FullTime"
"44","15To19","FullTime"
"45","15To19","FullTime"
"46","15To19","FullTime"
"47","15To19","FullTime"
"48","15To19","FullTime"
"49","15To19","FullTime"
"50","15To19","FullTime"
"51","15To19","FullTime"
"52","15To19","FullTime"
"53","15To19","FullTime"
"54","15To19","FullTime"
"55","15To19","FullTime"
"56","15To19","FullTime"
"57","15To19","FullTime"
"58","15To19","FullTime"
"59","15To19","FullTime"
"60","15To19","FullTime"
"61","15To19","FullTime"
"62","15To19","FullTime"
"63","15To19","FullTime"
"64","15To19","FullTime"
"65","15To19","FullTime"
"66","15To19","FullTime"
"67","15To19","FullTime"
"68","15To19","FullTime"
"69","15To19","FullTime"
"70","15To19","FullTime"
"71","15To19","FullTime"
"72","15To19","FullTime"
"73","15To19","FullTime"
"74","15To19","FullTime"
"75","15To19","FullTime"
"76","15To19","FullTime"
"77","15To19","FullTime"
"78","15To19","FullTime"
"79","15To19","FullTime"
"80","15To19","FullTime"
"81","15To19","FullTime"
"82","15To19","FullTime"
"83","15To19","FullTime"
"84","15To19","FullTime"
"85","15To19","FullTime"
"86","15To19","FullTime"
"87","15To19","FullTime"
"88","15To19","FullTime"
"89","15To19","FullTime"
"90","15To19","FullTime"
"91","15To19","FullTime"
"92","15To19","FullTime"
"93","15To19","FullTime"
"94","15To19","FullTime"
"95","15To19","FullTime"
"96","15To19","FullTime"
"97","15To19","FullTime"
"98","15To19","FullTime"
"99","15To19","FullTime"
"100","15To19","FullTime"
"101","15To19","FullTime"
"102","15To19","FullTime"
"103","15To19","FullTime"
"104","15To19","FullTime"
"105","15To19","FullTime"
"106","15To19","FullTime"
"107","15To19","FullTime"
"108","15To19","FullTime"
"109","15To19","FullTime"
"110","15To19","FullTime"
"111","15To19","FullTime"
"112","15To19","FullTime"
"113","15To19","FullTime"
"114","15To19","FullTime"
"115","15To19","FullTime"
"116","15To19","FullTime"
"117","15To19","FullTime"
"118","15To19","FullTime"
"119","15To19","FullTime"
"120","15To19","FullTime"
"121","15To19","FullTime"
"122","15To19","FullTime"
"123","15To19","FullTime"
"124","15To19","FullTime"
"125","15To19","FullTime"
"126","15To19","FullTime"
"127","15To19","FullTime"
"128","15To19","FullTime"
"129","15To19","FullTime"
"130","15To19","FullTime"
"131","15To19","FullTime"
"132","15To19","FullTime"
"133","15To19","FullTime"
"134","15To19","FullTime"
"135","15To19","FullTime"
"136","15To19","FullTime"
"137","15To19","FullTime"
"138","15To19","FullTime"
"139","15To19","FullTime"
"140","15To19","FullTime"
"141","15To19","FullTime"
"142","15To19","FullTime"
"143","15To19","FullTime"
"144","15To19","FullTime"
"145","15To19","FullTime"
"146","15To19","FullTime"
"147","15To19","FullTime"
"148","15To19","FullTime"
"149","15To19","FullTime"
"150","15To19","FullTime"
"151","15To19","FullTime"
"152","15To19","FullTime"
"153","15To19","FullTime"
"154","15To19","FullTime"
"155","15To19","FullTime"
"156","15To19","FullTime"
"157","15To19","FullTime"
"158","15To19","FullTime"
"159","15To19","FullTime"
"160","15To19","FullTime"
"161","15To19","FullTime"
"162","15To19","FullTime"
"163","15To19","FullTime"
"164","15To19","FullTime"
"165","15To19","FullTime"
"166","15To19","FullTime"
"167","15To19","FullTime"
"168","15To19","FullTime"
"169","15To19","FullTime"
"170","15To19","FullTime"
"171","15To19","FullTime"
"172","15To19","FullTime"
"173","15To19","FullTime"
"174","15To19","FullTime"
"175","15To19","FullTime"
"176","15To19","FullTime"
"177","15To19","FullTime"
"178","15To19","FullTime"
"179","15To19","FullTime"
"180","15To19","FullTime"
"181","15To19","FullTime"
"182","15To19","FullTime"
"183","15To19","FullTime"
"184","15To19","FullTime"
"185","15To19","FullTime"
"186","15To19","FullTime"
"187","15To19","FullTime"
"188","15To19","FullTime"
"189","15To19","FullTime"
"190","15To19","FullTime"
"191","15To19","FullTime"
"192","15To19","FullTime"
"193","15To19","FullTime"
"194","15To19","FullTime"
"195","15To19","FullTime"
"196","15To19","FullTime"
"197","15To19","FullTime"
"198","15To19","FullTime"
"199","15To19","FullTime"
"200","15To19","FullTime"
"201","15To19","FullTime"
"202","15To19","FullTime"
"203","15To19","FullTime"
"204","15To19","FullTime"
"205","15To19","FullTime"
"206","15To19","FullTime"
"207","15To19","FullTime"
"208","15To19","FullTime"
"209","15To19","FullTime"
"210","15To19","FullTime"
"211","15To19","FullTime"
"212","15To19","FullTime"
"213","15To19","FullTime"
"214","15To19","FullTime"
"215","15To19","FullTime"
"216","15To19","FullTime"
"217","15To19","FullTime"
"218","15To19","FullTime"
"219","15To19","FullTime"
"220","15To19","FullTime"
"221","15To19","FullTime"
"222","15To19","FullTime"
"223","15To19","FullTime"
"224","15To19","FullTime"
"225","15To19","FullTime"
"226","15To19","FullTime"
"227","15To19","FullTime"
"228","15To19","FullTime"
"229","15To19","FullTime"
"230","15To19","FullTime"
"231","15To19","FullTime"
"232","15To19","FullTime"
"233","15To19","FullTime"
"234","15To19","FullTime"
"235","15To19","FullTime"
"236","15To19","FullTime"
"237","15To19","FullTime"
"238","15To19","FullTime"
"239","15To19","FullTime"
"240","15To19","FullTime"
"241","15To19","FullTime"
"242","15To19","FullTime"
"243","15To19","FullTime"
"244","15To19","FullTime"
"245","15To19","FullTime"
"246","15To19","FullTime"
"247","15To19","FullTime"
"248","15To19","FullTime"
"249","15To19","FullTime"
"250","15To19","FullTime"
"251","15To19","FullTime"
"252","15To19","FullTime"
"253","15To19","FullTime"
"254","15To19","FullTime"
"255","15To19","FullTime"
"256","15To19","FullTime"
"257","15To19","FullTime"
"258","15To19","FullTime"
"259","15To19","FullTime"
"260","15To19","FullTime"
"261","15To19","FullTime"
"262","15To19","FullTime"
"263","15To19","FullTime"
"264","15To19","FullTime"
"265","15To19","FullTime"
"266","15To19","FullTime"
"267","15To19","FullTime"
"268","15To19","FullTime"
"269","15To19","FullTime"
"270","15To19","FullTime"
"271","15To19","FullTime"
"272","15To19","FullTime"
"273","15To19","FullTime"
"274","15To19","FullTime"
"275","15To19","FullTime"
"276","15To19","FullTime"
"277","15To19","FullTime"
"278","15To19","FullTime"
"279","15To19","FullTime"
"280","15To19","FullTime"
"281","15To19","FullTime"
"282","15To19","FullTime"
"283","15To19","FullTime"
"284","15To19","FullTime"
"285","15To19","FullTime"
"286","15To19","FullTime"
"287","15To19","FullTime"
"288","15To19","FullTime"
"289","15To19","FullTime"
"290","15To19","FullTime"
"291","15To19","FullTime"
"292","15To19","FullTime"
"293","15To19","FullTime"
"294","15To19","FullTime"
"295","15To19","FullTime"
"296","15To19","FullTime"
"297","15To19","FullTime"
"298","15To19","FullTime"
"299","15To19","FullTime"
"300","15To19","FullTime"
"301","15To19","FullTime"
"302","15To19","FullTime"
"303","15To19","FullTime"
"304","15To19","FullTime"
"305","15To19","FullTime"
"306","15To19","FullTime"
"307","15To19","FullTime"
"308","15To19","FullTime"
"309","15To19","FullTime"
"310","15To19","FullTime"
"311","15To19","FullTime"
"312","15To19","FullTime"
"313","15To19","FullTime"
"314","15To19","FullTime"
"315","15To19","FullTime"
"316","15To19","FullTime"
"317","15To19","FullTime"
"318","15To19","FullTime"
"319","15To19","FullTime"
"320","15To19","FullTime"
"321","15To19","FullTime"
"322","15To19","FullTime"
"323","15To19","FullTime"
"324","15To19","FullTime"
"325","15To19","FullTime"
"326","15To19","FullTime"
"327","15To19","FullTime"
"328","15To19","FullTime"
"329","15To19","FullTime"
"330","15To19","FullTime"
"331","15To19","FullTime"
"332","15To19","FullTime"
"333","15To19","FullTime"
"334","15To19","FullTime"
"335","15To19","FullTime"
"336","15To19","FullTime"
"337","15To19","FullTime"
"338","15To19","FullTime"
"339","15To19","FullTime"
"340","15To19","FullTime"
"341","15To19","FullTime"
"342","15To19","FullTime"
"343","15To19","FullTime"
"344","15To19","FullTime"
"345","15To19","FullTime"
"346","15To19","FullTime"
"347","15To19","FullTime"
"348","15To19","FullTime"
"349","15To19","FullTime"
"350","15To19","FullTime"
"351","15To19","FullTime"
"352","15To19","FullTime"
"353","15To19","FullTime"
"354","15To19","FullTime"
"355","15To19","FullTime"
"356","15To19","FullTime"
"357","15To19","FullTime"
"358","15To19","FullTime"
"359","15To19","FullTime"
"360","15To19","FullTime"
"361","15To19","FullTime"
"362","15To19","FullTime"
"363","15To19","FullTime"
"364","15To19","FullTime"
"365","15To19","FullTime"
"366","15To19","FullTime"
"367","15To19","FullTime"
"368","15To19","FullTime"
"369","15To19","FullTime"
"370","15To19","FullTime"
"371","15To19","FullTime"
"372","15To19","FullTime"
"373","15To19","FullTime"
"374","15To19","FullTime"
"375","15To19","FullTime"
"376","15To19","FullTime"
"377","15To19","FullTime"
"378","15To19","FullTime"
"379","15To19","FullTime"
"380","15To19","FullTime"
"381","15To19","FullTime"
"382","15To19","FullTime"
"383","15To19","FullTime"
"384","15To19","FullTime"
"385","15To19","FullTime"
"386","15To19","FullTime"
"387","15To19","FullTime"
"388","15To19","FullTime"
"389","15To19","FullTime"
"390","15To19","FullTime"
"391","15To19","FullTime"
"392","15To19","FullTime"
"393","15To19","FullTime"
"394","15To19","FullTime"
"395","15To19","FullTime"
"396","15To19","FullTime"
"397","15To19","FullTime"
"398","15To19","FullTime"
"399","15To19","FullTime"
"400","15To19","FullTime"
"401","15To19","FullTime"
"402","15To19","FullTime"
"403","15To19","FullTime"
"404","15To19","FullTime"
"405","15To19","FullTime"
"406","15To19","FullTime"
"407","15To19","FullTime"
"408","15To19","FullTime"
"409","15To19","FullTime"
"410","15To19","FullTime"
"411","15To19","FullTime"
"412","15To19","FullTime"
"413","15To19","FullTime"
"414","15To19","FullTime"
"415","15To19","FullTime"
"416","15To19","FullTime"
"417","15To19","FullTime"
"418","15To19","FullTime"
"419","15To19","FullTime"
"420","15To19","FullTime"
"421","15To19","FullTime"
"422","15To19","FullTime"
"423","15To19","FullTime"
"424","15To19","FullTime"
"425","15To19","FullTime"
"426","15To19","FullTime"
"427","15To19","FullTime"
"428","15To19","FullTime"
"429","15To19","FullTime"
"430","15To19","FullTime"
"431","15To19","FullTime"
"432","15To19","FullTime"
"433","15To19","FullTime"
"434","15To19","FullTime"
"435","15To19","FullTime"
"436","15To19","FullTime"
"437","15To19","FullTime"
"438","15To19","FullTime"
"439","15To19","FullTime"
"440","15To19","FullTime"
"441","15To19","FullTime"
"442","15To19","FullTime"
"443","15To19","FullTime"
"444","15To19","FullTime"
"445","15To19","FullTime"
"446","15To19","FullTime"
"447","15To19","FullTime"
"448","15To19","FullTime"
"449","15To19","FullTime"
"450","15To19","FullTime"
"451","15To19","FullTime"
"452","15To19","FullTime"
"453","15To19","FullTime"
"454","15To19","FullTime"
"455","15To19","FullTime"
"456","15To19","FullTime"
"457","15To19","FullTime"
"458","15To19","FullTime"
"459","15To19","FullTime"
"460","15To19","FullTime"
"461","15To19","FullTime"
"462","15To19","FullTime"
"463","15To19","FullTime"
"464","15To19","FullTime"
"465","15To19","FullTime"
"466","15To19","FullTime"
"467","15To19","FullTime"
"468","15To19","FullTime"
"469","15To19","FullTime"
"470","15To19","FullTime"
"471","15To19","FullTime"
"472","15To19","FullTime"
"473","15To19","FullTime"
"474","15To19","FullTime"
"475","15To19","FullTime"
"476","15To19","FullTime"
"477","15To19","FullTime"
"478","15To19","FullTime"
"479","15To19","FullTime"
"480","15To19","FullTime"
"481","15To19","FullTime"
"482","15To19","FullTime"
"483","15To19","FullTime"
"484","15To19","FullTime"
"485","15To19","FullTime"
"486","15To19","FullTime"
"487","15To19","FullTime"
"488","15To19","FullTime"
"489","15To19","FullTime"
"490","15To19","FullTime"
"491","15To19","FullTime"
"492","15To19","FullTime"
"493","15To19","FullTime"
"494","15To19","FullTime"
"495","15To19","FullTime"
"496","15To19","FullTime"
"497","15To19","FullTime"
"498","15To19","FullTime"
"499","15To19","FullTime"
"500","15To19","FullTime"
"501","15To19","FullTime"
"502","15To19","FullTime"
"503","15To19","FullTime"
"504","15To19","FullTime"
"505","15To19","FullTime"
"506","15To19","FullTime"
"507","15To19","FullTime"
"508","15To19","FullTime"
"509","15To19","FullTime"
"510","15To19","FullTime"
"511","15To19","FullTime"
"512","15To19","FullTime"
"513","15To19","FullTime"
"514","15To19","FullTime"
"515","15To19","FullTime"
"516","15To19","FullTime"
"517","15To19","FullTime"
"518","15To19","FullTime"
"519","15To19","FullTime"
"520","15To19","FullTime"
"521","15To19","FullTime"
"522","15To19","FullTime"
"523","15To19","FullTime"
"524","15To19","FullTime"
"525","15To19","FullTime"
"526","15To19","FullTime"
"527","15To19","FullTime"
"528","15To19","FullTime"
"529","15To19","FullTime"
"530","15To19","FullTime"
"531","15To19","FullTime"
"532","15To19","FullTime"
"533","15To19","FullTime"
"534","15To19","FullTime"
"535","15To19","FullTime"
"536","15To19","FullTime"
"537","15To19","FullTime"
"538","15To19","FullTime"
"539","15To19","FullTime"
"540","15To19","FullTime"
"541","15To19","FullTime"
"542","15To19","FullTime"
"543","15To19","FullTime"
"544","15To19","FullTime"
"545","15To19","FullTime"
"546","15To19","FullTime"
"547","15To19","FullTime"
"548","15To19","FullTime"
"549","15To19","FullTime"
"550","15To19","FullTime"
"551","15To19","FullTime"
"552","15To19","FullTime"
"553","15To19","FullTime"
"554","15To19","FullTime"
"555","15To19","FullTime"
"556","15To19","FullTime"
"557","15To19","FullTime"
"558","15To19","FullTime"
"559","15To19","FullTime"
"560","15To19","FullTime"
"561","15To19","FullTime"
"562","15To19","FullTime"
"563","15To19","FullTime"
"564","15To19","FullTime"
"565","15To19","FullTime"
"566","15To19","FullTime"
"567","15To19","FullTime"
"568","15To19","FullTime"
"569","15To19","FullTime"
"570","15To19","FullTime"
"571","15To19","FullTime"
"572","15To19","FullTime"
"573","15To19","FullTime"
"574","15To19","FullTime"
"575","15To19","FullTime"
"576","15To19","FullTime"
"577","15To19","FullTime"
"578","15To19","FullTime"
"579","15To19","FullTime"
"580","15To19","FullTime"
"581","15To19","FullTime"
"582","15To19","FullTime"
"583","15To19","FullTime"
"584","15To19","FullTime"
"585","15To19","FullTime"
"586","15To19","FullTime"
"587","15To19","FullTime"
"588","15To19","FullTime"
"589","15To19","FullTime"
"590","15To19","FullTime"
"591","15To19","FullTime"
"592","15To19","FullTime"
"593","15To19","FullTime"
"594","15To19","FullTime"
"595","15To19","FullTime"
"596","15To19","FullTime"
"597","15To19","FullTime"
"598","15To19","FullTime"
"599","15To19","FullTime"
"600","15To19","FullTime"
"601","15To19","FullTime"
"602","15To19","FullTime"
"603","15To19","FullTime"
"604","15To19","FullTime"
"605","15To19","FullTime"
"606","15To19","FullTime"
"607","15To19","FullTime"
"608","15To19","FullTime"
"609","15To19","FullTime"
"610","15To19","FullTime"
"611","15To19","FullTime"
"612","15To19","FullTime"
"613","15To19","FullTime"
"614","15To19","FullTime"
"615","15To19","FullTime"
"616","15To19","FullTime"
"617","15To19","FullTime"
"618","15To19","FullTime"
"619","15To19","FullTime"
"620","15To19","FullTime"
"621","15To19","FullTime"
"622","15To19","FullTime"
"623","15To19","FullTime"
"624","15To19","FullTime"
"625","15To19","FullTime"
"626","15To19","FullTime"
"627","15To19","FullTime"
"628","15To19","FullTime"
"629","15To19","FullTime"
"630","15To19","FullTime"
"631","15To19","FullTime"
"632","15To19","FullTime"
"633","15To19","FullTime"
"634","15To19","FullTime"
"635","15To19","FullTime"
"636","15To19","FullTime"
"637","15To19","FullTime"
"638","15To19","FullTime"
"639","15To19","FullTime"
"640","15To19","FullTime"
"641","15To19","FullTime"
"642","15To19","FullTime"
"643","15To19","FullTime"
"644","15To19","FullTime"
"645","15To19","FullTime"
"646","15To19","FullTime"
"647","15To19","FullTime"
"648","15To19","FullTime"
"649","15To19","FullTime"
"650","15To19","FullTime"
"651","15To19","FullTime"
"652","15To19","FullTime"
"653","15To19","FullTime"
"654","15To19","FullTime"
"655","15To19","FullTime"
"656","15To19","FullTime"
"657","15To19","FullTime"
"658","15To19","FullTime"
"659","15To19","FullTime"
"660","15To19","FullTime"
"661","15To19","FullTime"
"662","15To19","FullTime"
"663","15To19","FullTime"
"664","15To19","FullTime"
"665","15To19","FullTime"
"666","15To19","FullTime"
"667","15To19","FullTime"
"668","15To19","FullTime"
"669","15To19","FullTime"
"670","15To19","FullTime"
"671","15To19","FullTime"
"672","15To19","FullTime"
"673","15To19","FullTime"
"674","15To19","FullTime"
"675","15To19","FullTime"
"676","15To19","FullTime"
"677","15To19","FullTime"
"678","15To19","FullTime"
"679","15To19","FullTime"
"680","15To19","FullTime"
"681","15To19","FullTime"
"682","15To19","FullTime"
"683","15To19","FullTime"
"684","15To19","FullTime"
"685","15To19","FullTime"
"686","15To19","FullTime"
"687","15To19","FullTime"
"688","15To19","FullTime"
"689","15To19","FullTime"
"690","15To19","FullTime"
"691","15To19","FullTime"
"692","15To19","FullTime"
"693","15To19","FullTime"
"694","15To19","FullTime"
"695","15To19","FullTime"
"696","15To19","FullTime"
"697","15To19","FullTime"
"698","15To19","FullTime"
"699","15To19","FullTime"
"700","15To19","FullTime"
"701","15To19","FullTime"
"702","15To19","FullTime"
"703","15To19","FullTime"
"704","15To19","FullTime"
"705","15To19","FullTime"
"706","15To19","FullTime"
"707","15To19","FullTime"
"708","15To19","FullTime"
"709","15To19","FullTime"
"710","15To19","FullTime"
"711","15To19","FullTime"
"712","15To19","FullTime"
"713","15To19","FullTime"
"714","15To19","FullTime"
"715","15To19","FullTime"
"716","15To19","FullTime"
"717","15To19","FullTime"
"718","15To19","FullTime"
"719","15To19","FullTime"
"720","15To19","FullTime"
"721","15To19","FullTime"
"722","15To19","FullTime"
"723","15To19","FullTime"
"724","15To19","FullTime"
"725","15To19","FullTime"
"726","15To19","FullTime"
"727","15To19","FullTime"
"728","15To19","FullTime"
"729","15To19","FullTime"
"730","15To19","FullTime"
"731","15To19","FullTime"
"732","15To19","FullTime"
"733","15To19","FullTime"
"734","15To19","FullTime"
"735","15To19","FullTime"
"736","15To19","FullTime"
"737","15To19","FullTime"
"738","15To19","FullTime"
"739","15To19","FullTime"
"740","15To19","FullTime"
"741","15To19","FullTime"
"742","15To19","FullTime"
"743","15To19","FullTime"
"744","15To19","FullTime"
"745","15To19","FullTime"
"746","15To19","FullTime"
"747","15To19","FullTime"
"748","15To19","FullTime"
"749","15To19","FullTime"
"750","15To19","FullTime"
"751","15To19","FullTime"
"752","15To19","FullTime"
"753","15To19","FullTime"
"754","15To19","FullTime"
"755","15To19","FullTime"
"756","15To19","FullTime"
"757","15To19","FullTime"
"758","15To19","FullTime"
"759","15To19","FullTime"
"760","15To19","FullTime"
"761","15To19","FullTime"
"762","15To19","FullTime"
"763","15To19","FullTime"
"764","15To19","FullTime"
"765","15To19","FullTime"
"766","15To19","FullTime"
"767","15To19","FullTime"
"768","15To19","FullTime"
"769","15To19","FullTime"
"770","15To19","FullTime"
"771","15To19","FullTime"
"772","15To19","FullTime"
"773","15To19","FullTime"
"774","15To19","FullTime"
"775","15To19","FullTime"
"776","15To19","FullTime"
"777","15To19","FullTime"
"778","15To19","FullTime"
"779","15To19","FullTime"
"780","15To19","FullTime"
"781","15To19","FullTime"
"782","15To19","FullTime"
"783","15To19","FullTime"
"784","15To19","FullTime"
"785","15To19","FullTime"
"786","15To19","FullTime"
"787","15To19","FullTime"
"788","15To19","FullTime"
"789","15To19","FullTime"
"790","15To19","FullTime"
"791","15To19","FullTime"
"792","15To19","FullTime"
"793","15To19","FullTime"
"794","15To19","FullTime"
"795","15To19","FullTime"
"796","15To19","FullTime"
"797","15To19","FullTime"
"798","15To19","FullTime"
"799","15To19","FullTime"
"800","15To19","FullTime"
"801","15To19","FullTime"
"802","15To19","FullTime"
"803","15To19","FullTime"
"804","15To19","FullTime"
"805","15To19","FullTime"
"806","15To19","FullTime"
"807","15To19","FullTime"
"808","15To19","FullTime"
"809","15To19","FullTime"
"810","15To19","FullTime"
"811","15To19","FullTime"
"812","15To19","FullTime"
"813","15To19","FullTime"
"814","15To19","FullTime"
"815","15To19","FullTime"
"816","15To19","FullTime"
"817","15To19","FullTime"
"818","15To19","FullTime"
"819","15To19","FullTime"
"820","15To19","FullTime"
"821","15To19","FullTime"
"822","15To19","FullTime"
"823","15To19","FullTime"
"824","15To19","FullTime"
"825","15To19","FullTime"
"826","15To19","FullTime"
"827","15To19","FullTime"
"828","15To19","FullTime"
"829","15To19","FullTime"
"830","15To19","FullTime"
"831","15To19","FullTime"
"832","15To19","FullTime"
"833","15To19","FullTime"
"834","15To19","FullTime"
"835","15To19","FullTime"
"836","15To19","FullTime"
"837","15To19","FullTime"
"838","15To19","FullTime"
"839","15To19","FullTime"
"840","15To19","FullTime"
"841","15To19","FullTime"
"842","15To19","FullTime"
"843","15To19","FullTime"
"844","15To19","FullTime"
"845","15To19","FullTime"
"846","15To19","FullTime"
"847","15To19","FullTime"
"848","15To19","FullTime"
"849","15To19","FullTime"
"850","15To19","FullTime"
"851","15To19","FullTime"
"852","15To19","FullTime"
"853","15To19","FullTime"
"854","15To19","FullTime"
"855","15To19","FullTime"
"856","15To19","FullTime"
"857","15To19","FullTime"
"858","15To19","FullTime"
"859","15To19","FullTime"
"860","15To19","FullTime"
"861","15To19","FullTime"
"862","15To19","FullTime"
"863","15To19","FullTime"
"864","15To19","FullTime"
"865","15To19","FullTime"
"866","15To19","FullTime"
"867","15To19","FullTime"
"868","15To19","FullTime"
"869","15To19","FullTime"
"870","15To19","FullTime"
"871","15To19","FullTime"
"872","15To19","FullTime"
"873","15To19","FullTime"
"874","15To19","FullTime"
"875","15To19","FullTime"
"876","15To19","FullTime"
"877","15To19","FullTime"
"878","15To19","FullTime"
"879","15To19","FullTime"
"880","15To19","FullTime"
"881","15To19","FullTime"
"882","15To19","FullTime"
"883","15To19","FullTime"
"884","15To19","FullTime"
"885","15To19","FullTime"
"886","15To19","FullTime"
"887","15To19","FullTime"
"888","15To19","FullTime"
"889","15To19","FullTime"
"890","15To19","FullTime"
"891","15To19","FullTime"
"892","15To19","FullTime"
"893","15To19","FullTime"
"894","15To19","FullTime"
"895","15To19","FullTime"
"896","15To19","FullTime"
"897","15To19","FullTime"
"898","15To19","FullTime"
"899","15To19","FullTime"
"900","15To19","FullTime"
"901","15To19","FullTime"
"902","15To19","FullTime"
"903","15To19","FullTime"
"904","15To19","FullTime"
"905","15To19","FullTime"
"906","15To19","FullTime"
"907","15To19","FullTime"
"908","15To19","FullTime"
"909","15To19","FullTime"
"910","15To19","FullTime"
"911","15To19","FullTime"
"912","15To19","FullTime"
"913","15To19","FullTime"
"914","15To19","FullTime"
"915","15To19","FullTime"
"916","15To19","FullTime"
"917","15To19","FullTime"
"918","15To19","FullTime"
"919","15To19","FullTime"
"920","15To19","FullTime"
"921","15To19","FullTime"
"922","15To19","FullTime"
"923","15To19","FullTime"
"924","15To19","FullTime"
"925","15To19","FullTime"
"926","15To19","FullTime"
"927","15To19","FullTime"
"928","15To19","FullTime"
"929","15To19","FullTime"
"930","15To19","FullTime"
"931","15To19","FullTime"
"932","15To19","FullTime"
"933","15To19","FullTime"
"934","15To19","FullTime"
"935","15To19","FullTime"
"936","15To19","FullTime"
"937","15To19","FullTime"
"938","15To19","FullTime"
"939","15To19","FullTime"
"940","15To19","FullTime"
"941","15To19","FullTime"
"942","15To19","FullTime"
"943","15To19","FullTime"
"944","15To19","FullTime"
"945","15To19","FullTime"
"946","15To19","FullTime"
"947","15To19","FullTime"
"948","15To19","FullTime"
"949","15To19","FullTime"
"950","15To19","FullTime"
"951","15To19","FullTime"
"952","15To19","FullTime"
"953","15To19","FullTime"
"954","15To19","FullTime"
"955","15To19","FullTime"
"956","15To19","FullTime"
"957","15To19","FullTime"
"958","15To19","FullTime"
"959","15To19","FullTime"
"960","15To19","FullTime"
"961","15To19","FullTime"
"962","15To19","FullTime"
"963","15To19","FullTime"
"964","15To19","FullTime"
"965","15To19","FullTime"
"966","15To19","FullTime"
"967","15To19","FullTime"
"968","15To19","FullTime"
"969","15To19","FullTime"
"970","15To19","FullTime"
"971","15To19","FullTime"
"972","15To19","FullTime"
"973","15To19","FullTime"
"974","15To19","FullTime"
"975","15To19","FullTime"
"976","15To19","FullTime"
"977","15To19","FullTime"
"978","15To19","FullTime"
"979","15To19","FullTime"
"980","15To19","FullTime"
"981","15To19","FullTime"
"982","15To19","FullTime"
"983","15To19","FullTime"
"984","15To19","FullTime"
"985","15To19","FullTime"
"986","15To19","FullTime"
"987","15To19","FullTime"
"988","15To19","FullTime"
"989","15To19","FullTime"
"990","15To19","FullTime"
"991","15To19","FullTime"
"992","15To19","FullTime"
"993","15To19","FullTime"
"994","15To19","FullTime"
"995","15To19","FullTime"
"996","15To19","FullTime"
"997","15To19","FullTime"
"998","15To19","FullTime"
"999","15To19","FullTime"
"1000","15To19","FullTime"
"1001","15To19","FullTime"
"1002","15To19","FullTime"
"1003","15To19","FullTime"
"1004","15To19","FullTime"
"1005","15To19","FullTime"
"1006","15To19","FullTime"
"1007","15To19","FullTime"
"1008","15To19","FullTime"
"1009","15To19","FullTime"
"1010","15To19","FullTime"
"1011","15To19","FullTime"
"1012","15To19","FullTime"
"1013","15To19","FullTime"
"1014","15To19","FullTime"
"1015","15To19","FullTime"
"1016","15To19","FullTime"
"1017","15To19","FullTime"
"1018","15To19","FullTime"
"1019","15To19","FullTime"
"1020","15To19","FullTime"
"1021","15To19","FullTime"
"1022","15To19","FullTime"
"1023","15To19","FullTime"
"1024","15To19","FullTime"
"1025","15To19","FullTime"
"1026","15To19","FullTime"
"1027","15To19","FullTime"
"1028","15To19","FullTime"
"1029","15To19","FullTime"
"1030","15To19","FullTime"
"1031","15To19","FullTime"
"1032","15To19","FullTime"
"1033","15To19","FullTime"
"1034","15To19","FullTime"
"1035","15To19","FullTime"
"1036","15To19","FullTime"
"1037","15To19","FullTime"
"1038","15To19","FullTime"
"1039","15To19","FullTime"
"1040","15To19","FullTime"
"1041","15To19","FullTime"
"1042","15To19","FullTime"
"1043","15To19","FullTime"
"1044","15To19","FullTime"
"1045","15To19","FullTime"
"1046","15To19","FullTime"
"1047","15To19","FullTime"
"1048","15To19","FullTime"
"1049","15To19","FullTime"
"1050","15To19","FullTime"
"1051","15To19","FullTime"
"1052","15To19","FullTime"
"1053","15To19","FullTime"
"1054","15To19","FullTime"
"1055","15To19","FullTime"
"1056","15To19","FullTime"
"1057","15To19","FullTime"
"1058","15To19","FullTime"
"1059","15To19","FullTime"
"1060","15To19","FullTime"
"1061","15To19","FullTime"
"1062","15To19","FullTime"
"1063","15To19","FullTime"
"1064","15To19","FullTime"
"1065","15To19","FullTime"
"1066","15To19","FullTime"
"1067","15To19","FullTime"
"1068","15To19","FullTime"
"1069","15To19","FullTime"
"1070","15To19","FullTime"
"1071","15To19","FullTime"
"1072","15To19","FullTime"
"1073","15To19","FullTime"
"1074","15To19","FullTime"
"1075","15To19","FullTime"
"1076","15To19","FullTime"
"1077","15To19","FullTime"
"1078","15To19","FullTime"
"1079","15To19","FullTime"
"1080","15To19","FullTime"
"1081","15To19","FullTime"
"1082","15To19","FullTime"
"1083","15To19","FullTime"
"1084","15To19","FullTime"
"1085","15To19","FullTime"
"1086","15To19","FullTime"
"1087","15To19","FullTime"
"1088","15To19","FullTime"
"1089","15To19","FullTime"
"1090","15To19","FullTime"
"1091","15To19","FullTime"
"1092","15To19","FullTime"
"1093","15To19","FullTime"
"1094","15To19","FullTime"
"1095","15To19","FullTime"
"1096","15To19","FullTime"
"1097","15To19","FullTime"
"1098","15To19","FullTime"
"1099","15To19","FullTime"
"1100","15To19","FullTime"
"1101","15To19","FullTime"
"1102","15To19","FullTime"
"1103","15To19","FullTime"
"1104","15To19","FullTime"
"1105","15To19","FullTime"
"1106","15To19","FullTime"
"1107","15To19","FullTime"
"1108","15To19","FullTime"
"1109","15To19","FullTime"
"1110","15To19","FullTime"
"1111","15To19","FullTime"
"1112","15To19","FullTime"
"1113","15To19","FullTime"
"1114","15To19","FullTime"
"1115","15To19","FullTime"
"1116","15To19","FullTime"
"1117","15To19","FullTime"
"1118","15To19","FullTime"
"1119","15To19","FullTime"
"1120","15To19","FullTime"
"1121","15To19","FullTime"
"1122","15To19","FullTime"
"1123","15To19","FullTime"
"1124","15To19","FullTime"
"1125","15To19","FullTime"
"1126","15To19","FullTime"
"1127","15To19","FullTime"
"1128","15To19","FullTime"
"1129","15To19","FullTime"
"1130","15To19","FullTime"
"1131","15To19","FullTime"
"1132","15To19","FullTime"
"1133","15To19","FullTime"
"1134","15To19","FullTime"
"1135","15To19","FullTime"
"1136","15To19","FullTime"
"1137","15To19","FullTime"
"1138","15To19","FullTime"
"1139","15To19","FullTime"
"1140","15To19","FullTime"
"1141","15To19","FullTime"
"1142","15To19","FullTime"
"1143","15To19","FullTime"
"1144","15To19","FullTime"
"1145","15To19","FullTime"
"1146","15To19","FullTime"
"1147","15To19","FullTime"
"1148","15To19","FullTime"
"1149","15To19","FullTime"
"1150","15To19","FullTime"
"1151","15To19","FullTime"
"1152","15To19","FullTime"
"1153","15To19","FullTime"
"1154","15To19","FullTime"
"1155","15To19","FullTime"
"1156","15To19","FullTime"
"1157","15To19","FullTime"
"1158","15To19","FullTime"
"1159","15To19","FullTime"
"1160","15To19","FullTime"
"1161","15To19","FullTime"
"1162","15To19","FullTime"
"1163","15To19","FullTime"
"1164","15To19","FullTime"
"1165","15To19","FullTime"
"1166","15To19","FullTime"
"1167","15To19","FullTime"
"1168","15To19","FullTime"
"1169","15To19","FullTime"
"1170","15To19","FullTime"
"1171","15To19","FullTime"
"1172","15To19","FullTime"
"1173","15To19","FullTime"
"1174","15To19","FullTime"
"1175","15To19","FullTime"
"1176","15To19","FullTime"
"1177","15To19","FullTime"
"1178","15To19","FullTime"
"1179","15To19","FullTime"
"1180","15To19","FullTime"
"1181","15To19","FullTime"
"1182","15To19","FullTime"
"1183","15To19","FullTime"
"1184","15To19","FullTime"
"1185","15To19","FullTime"
"1186","15To19","FullTime"
"1187","15To19","FullTime"
"1188","15To19","FullTime"
"1189","15To19","FullTime"
"1190","15To19","FullTime"
"1191","15To19","FullTime"
"1192","15To19","FullTime"
"1193","15To19","FullTime"
"1194","15To19","FullTime"
"1195","15To19","FullTime"
"1196","15To19","FullTime"
"1197","15To19","FullTime"
"1198","15To19","FullTime"
"1199","15To19","FullTime"
"1200","15To19","FullTime"
"1201","15To19","FullTime"
"1202","15To19","FullTime"
"1203","15To19","FullTime"
"1204","15To19","FullTime"
"1205","15To19","FullTime"
"1206","15To19","FullTime"
"1207","15To19","FullTime"
"1208","15To19","FullTime"
"1209","15To19","FullTime"
"1210","15To19","FullTime"
"1211","15To19","FullTime"
"1212","15To19","FullTime"
"1213","15To19","FullTime"
"1214","15To19","FullTime"
"1215","15To19","FullTime"
"1216","15To19","FullTime"
"1217","15To19","FullTime"
"1218","15To19","FullTime"
"1219","15To19","FullTime"
"1220","15To19","FullTime"
"1221","15To19","FullTime"
"1222","15To19","FullTime"
"1223","15To19","FullTime"
"1224","15To19","FullTime"
"1225","15To19","FullTime"
"1226","15To19","FullTime"
"1227","15To19","FullTime"
"1228","15To19","FullTime"
"1229","15To19","FullTime"
"1230","15To19","FullTime"
"1231","15To19","FullTime"
"1232","15To19","FullTime"
"1233","15To19","FullTime"
"1234","15To19","FullTime"
"1235","15To19","FullTime"
"1236","15To19","FullTime"
"1237","15To19","FullTime"
"1238","15To19","FullTime"
"1239","15To19","FullTime"
"1240","15To19","FullTime"
"1241","15To19","FullTime"
"1242","15To19","FullTime"
"1243","15To19","FullTime"
"1244","15To19","FullTime"
"1245","15To19","FullTime"
"1246","15To19","FullTime"
"1247","15To19","FullTime"
"1248","15To19","FullTime"
"1249","15To19","FullTime"
"1250","15To19","FullTime"
"1251","15To19","FullTime"
"1252","15To19","FullTime"
"1253","15To19","FullTime"
"1254","15To19","FullTime"
"1255","15To19","FullTime"
"1256","15To19","FullTime"
"1257","15To19","FullTime"
"1258","15To19","FullTime"
"1259","15To19","FullTime"
"1260","15To19","FullTime"
"1261","15To19","FullTime"
"1262","15To19","FullTime"
"1263","15To19","FullTime"
"1264","15To19","FullTime"
"1265","15To19","FullTime"
"1266","15To19","FullTime"
"1267","15To19","FullTime"
"1268","15To19","FullTime"
"1269","15To19","FullTime"
"1270","15To19","FullTime"
"1271","15To19","FullTime"
"1272","15To19","FullTime"
"1273","15To19","FullTime"
"1274","15To19","FullTime"
"1275","15To19","FullTime"
"1276","15To19","FullTime"
"1277","15To19","FullTime"
"1278","15To19","FullTime"
"1279","15To19","FullTime"
"1280","15To19","FullTime"
"1281","15To19","FullTime"
"1282","15To19","FullTime"
"1283","15To19","FullTime"
"1284","15To19","FullTime"
"1285","15To19","FullTime"
"1286","15To19","FullTime"
"1287","15To19","FullTime"
"1288","15To19","FullTime"
"1289","15To19","FullTime"
"1290","15To19","FullTime"
"1291","15To19","FullTime"
"1292","15To19","FullTime"
"1293","15To19","FullTime"
"1294","15To19","FullTime"
"1295","15To19","FullTime"
"1296","15To19","FullTime"
"1297","15To19","FullTime"
"1298","15To19","FullTime"
"1299","15To19","FullTime"
"1300","15To19","FullTime"
"1301","15To19","FullTime"
"1302","15To19","FullTime"
"1303","15To19","FullTime"
"1304","15To19","FullTime"
"1305","15To19","FullTime"
"1306","15To19","FullTime"
"1307","15To19","FullTime"
"1308","15To19","FullTime"
"1309","15To19","FullTime"
"1310","15To19","FullTime"
"1311","15To19","FullTime"
"1312","15To19","FullTime"
"1313","15To19","FullTime"
"1314","15To19","FullTime"
"1315","15To19","FullTime"
"1316","15To19","FullTime"
"1317","15To19","FullTime"
"1318","15To19","FullTime"
"1319","15To19","FullTime"
"1320","15To19","FullTime"
"1321","15To19","FullTime"
"1322","15To19","FullTime"
"1323","15To19","FullTime"
"1324","15To19","FullTime"
"1325","15To19","FullTime"
"1326","15To19","FullTime"
"1327","15To19","FullTime"
"1328","15To19","FullTime"
"1329","15To19","FullTime"
"1330","15To19","FullTime"
"1331","15To19","FullTime"
"1332","15To19","FullTime"
"1333","15To19","FullTime"
"1334","15To19","FullTime"
"1335","15To19","FullTime"
"1336","15To19","FullTime"
"1337","15To19","FullTime"
"1338","15To19","FullTime"
"1339","15To19","FullTime"
"1340","15To19","FullTime"
"1341","15To19","FullTime"
"1342","15To19","FullTime"
"1343","15To19","FullTime"
"1344","15To19","FullTime"
"1345","15To19","FullTime"
"1346","15To19","FullTime"
"1347","15To19","FullTime"
"1348","15To19","FullTime"
"1349","15To19","FullTime"
"1350","15To19","FullTime"
"1351","15To19","FullTime"
"1352","15To19","FullTime"
"1353","15To19","FullTime"
"1354","15To19","FullTime"
"1355","15To19","FullTime"
"1356","15To19","FullTime"
"1357","15To19","FullTime"
"1358","15To19","FullTime"
"1359","15To19","FullTime"
"1360","15To19","FullTime"
"1361","15To19","FullTime"
"1362","15To19","FullTime"
"1363","15To19","FullTime"
"1364","15To19","FullTime"
"1365","15To19","FullTime"
"1366","15To19","FullTime"
"1367","15To19","FullTime"
"1368","15To19","FullTime"
"1369","15To19","FullTime"
"1370","15To19","FullTime"
"1371","15To19","FullTime"
"1372","15To19","FullTime"
"1373","15To19","FullTime"
"1374","15To19","FullTime"
"1375","15To19","FullTime"
"1376","15To19","FullTime"
"1377","15To19","FullTime"
"1378","15To19","FullTime"
"1379","15To19","FullTime"
"1380","15To19","FullTime"
"1381","15To19","FullTime"
"1382","15To19","FullTime"
"1383","15To19","FullTime"
"1384","15To19","FullTime"
"1385","15To19","FullTime"
"1386","15To19","FullTime"
"1387","15To19","FullTime"
"1388","15To19","FullTime"
"1389","15To19","FullTime"
"1390","15To19","FullTime"
"1391","15To19","FullTime"
"1392","15To19","FullTime"
"1393","15To19","FullTime"
"1394","15To19","FullTime"
"1395","15To19","FullTime"
"1396","15To19","FullTime"
"1397","15To19","FullTime"
"1398","15To19","FullTime"
"1399","15To19","FullTime"
"1400","15To19","FullTime"
"1401","15To19","FullTime"
"1402","15To19","FullTime"
"1403","15To19","FullTime"
"1404","15To19","FullTime"
"1405","15To19","FullTime"
"1406","15To19","FullTime"
"1407","15To19","FullTime"
"1408","15To19","FullTime"
"1409","15To19","FullTime"
"1410","15To19","FullTime"
"1411","15To19","FullTime"
"1412","15To19","FullTime"
"1413","15To19","FullTime"
"1414","15To19","FullTime"
"1415","15To19","FullTime"
"1416","15To19","FullTime"
"1417","15To19","FullTime"
"1418","15To19","FullTime"
"1419","15To19","FullTime"
"1420","15To19","FullTime"
"1421","15To19","FullTime"
"1422","15To19","FullTime"
"1423","15To19","FullTime"
"1424","15To19","FullTime"
"1425","15To19","FullTime"
"1426","15To19","FullTime"
"1427","15To19","FullTime"
"1428","15To19","FullTime"
"1429","15To19","FullTime"
"1430","15To19","FullTime"
"1431","15To19","FullTime"
"1432","15To19","FullTime"
"1433","15To19","FullTime"
"1434","15To19","FullTime"
"1435","15To19","FullTime"
"1436","15To19","FullTime"
"1437","15To19","FullTime"
"1438","15To19","FullTime"
"1439","15To19","FullTime"
"1440","15To19","FullTime"
"1441","15To19","FullTime"
"1442","15To19","FullTime"
"1443","15To19","FullTime"
"1444","15To19","FullTime"
"1445","15To19","FullTime"
"1446","15To19","FullTime"
"1447","15To19","FullTime"
"1448","15To19","FullTime"
"1449","15To19","FullTime"
"1450","15To19","FullTime"
"1451","15To19","FullTime"
"1452","15To19","FullTime"
"1453","15To19","FullTime"
"1454","15To19","FullTime"
"1455","15To19","FullTime"
"1456","15To19","FullTime"
"1457","15To19","FullTime"
"1458","15To19","FullTime"
"1459","15To19","FullTime"
"1460","15To19","FullTime"
"1461","15To19","FullTime"
"1462","15To19","FullTime"
"1463","15To19","FullTime"
"1464","15To19","FullTime"
"1465","15To19","FullTime"
"1466","15To19","FullTime"
"1467","15To19","FullTime"
"1468","15To19","FullTime"
"1469","15To19","FullTime"
"1470","15To19","FullTime"
"1471","15To19","FullTime"
"1472","15To19","FullTime"
"1473","15To19","FullTime"
"1474","15To19","FullTime"
"1475","15To19","FullTime"
"1476","15To19","FullTime"
"1477","15To19","FullTime"
"1478","15To19","FullTime"
"1479","15To19","FullTime"
"1480","15To19","FullTime"
"1481","15To19","FullTime"
"1482","15To19","FullTime"
"1483","15To19","FullTime"
"1484","15To19","FullTime"
"1485","15To19","FullTime"
"1486","15To19","FullTime"
"1487","15To19","FullTime"
"1488","15To19","FullTime"
"1489","15To19","FullTime"
"1490","15To19","FullTime"
"1491","15To19","FullTime"
"1492","15To19","FullTime"
"1493","15To19","FullTime"
"1494","15To19","FullTime"
"1495","15To19","FullTime"
"1496","15To19","FullTime"
"1497","15To19","FullTime"
"1498","15To19","FullTime"
"1499","15To19","FullTime"
"1500","15To19","FullTime"
"1501","15To19","FullTime"
"1502","15To19","FullTime"
"1503","15To19","FullTime"
"1504","15To19","FullTime"
"1505","15To19","FullTime"
"1506","15To19","FullTime"
"1507","15To19","FullTime"
"1508","15To19","FullTime"
"1509","15To19","FullTime"
"1510","15To19","FullTime"
"1511","15To19","FullTime"
"1512","15To19","FullTime"
"1513","15To19","FullTime"
"1514","15To19","FullTime"
"1515","15To19","FullTime"
"1516","15To19","FullTime"
"1517","15To19","FullTime"
"1518","15To19","FullTime"
"1519","15To19","FullTime"
"1520","15To19","FullTime"
"1521","15To19","FullTime"
"1522","15To19","FullTime"
"1523","15To19","FullTime"
"1524","15To19","FullTime"
"1525","15To19","FullTime"
"1526","15To19","FullTime"
"1527","15To19","FullTime"
"1528","15To19","FullTime"
"1529","15To19","FullTime"
"1530","15To19","FullTime"
"1531","15To19","FullTime"
"1532","15To19","FullTime"
"1533","15To19","FullTime"
"1534","15To19","FullTime"
"1535","15To19","FullTime"
"1536","15To19","FullTime"
"1537","15To19","FullTime"
"1538","15To19","FullTime"
"1539","15To19","FullTime"
"1540","15To19","FullTime"
"1541","15To19","FullTime"
"1542","15To19","FullTime"
"1543","15To19","FullTime"
"1544","15To19","FullTime"
"1545","15To19","FullTime"
"1546","15To19","FullTime"
"1547","15To19","FullTime"
"1548","15To19","FullTime"
"1549","15To19","FullTime"
"1550","15To19","FullTime"
"1551","15To19","FullTime"
"1552","15To19","FullTime"
"1553","15To19","FullTime"
"1554","15To19","FullTime"
"1555","15To19","FullTime"
"1556","15To19","FullTime"
"1557","15To19","FullTime"
"1558","15To19","FullTime"
"1559","15To19","FullTime"
"1560","15To19","FullTime"
"1561","15To19","FullTime"
"1562","15To19","FullTime"
"1563","15To19","FullTime"
"1564","15To19","FullTime"
"1565","15To19","FullTime"
"1566","15To19","FullTime"
"1567","15To19","FullTime"
"1568","15To19","FullTime"
"1569","15To19","FullTime"
"1570","15To19","FullTime"
"1571","15To19","FullTime"
"1572","15To19","FullTime"
"1573","15To19","FullTime"
"1574","15To19","FullTime"
"1575","15To19","FullTime"
"1576","15To19","FullTime"
"1577","15To19","FullTime"
"1578","15To19","FullTime"
"1579","15To19","FullTime"
"1580","15To19","FullTime"
"1581","15To19","FullTime"
"1582","15To19","FullTime"
"1583","15To19","FullTime"
"1584","15To19","FullTime"
"1585","15To19","FullTime"
"1586","15To19","FullTime"
"1587","15To19","FullTime"
"1588","15To19","FullTime"
"1589","15To19","FullTime"
"1590","15To19","FullTime"
"1591","15To19","FullTime"
"1592","15To19","FullTime"
"1593","15To19","FullTime"
"1594","15To19","FullTime"
"1595","15To19","FullTime"
"1596","15To19","FullTime"
"1597","15To19","FullTime"
"1598","15To19","FullTime"
"1599","15To19","FullTime"
"1600","15To19","FullTime"
"1601","15To19","FullTime"
"1602","15To19","FullTime"
"1603","15To19","FullTime"
"1604","15To19","FullTime"
"1605","15To19","FullTime"
"1606","15To19","FullTime"
"1607","15To19","FullTime"
"1608","15To19","FullTime"
"1609","15To19","FullTime"
"1610","15To19","FullTime"
"1611","15To19","FullTime"
"1612","15To19","FullTime"
"1613","15To19","FullTime"
"1614","15To19","FullTime"
"1615","15To19","FullTime"
"1616","15To19","FullTime"
"1617","15To19","FullTime"
"1618","15To19","FullTime"
"1619","15To19","FullTime"
"1620","15To19","FullTime"
"1621","15To19","FullTime"
"1622","15To19","FullTime"
"1623","15To19","FullTime"
"1624","15To19","FullTime"
"1625","15To19","FullTime"
"1626","15To19","FullTime"
"1627","15To19","FullTime"
"1628","15To19","FullTime"
"1629","15To19","FullTime"
"1630","15To19","FullTime"
"1631","15To19","FullTime"
"1632","15To19","FullTime"
"1633","15To19","FullTime"
"1634","15To19","FullTime"
"1635","15To19","FullTime"
"1636","15To19","FullTime"
"1637","15To19","FullTime"
"1638","15To19","FullTime"
"1639","15To19","FullTime"
"1640","15To19","FullTime"
"1641","15To19","FullTime"
"1642","15To19","FullTime"
"1643","15To19","FullTime"
"1644","15To19","FullTime"
"1645","15To19","FullTime"
"1646","15To19","FullTime"
"1647","15To19","FullTime"
"1648","15To19","FullTime"
"1649","15To19","FullTime"
"1650","15To19","FullTime"
"1651","15To19","FullTime"
"1652","15To19","FullTime"
"1653","15To19","FullTime"
"1654","15To19","FullTime"
"1655","15To19","FullTime"
"1656","15To19","FullTime"
"1657","15To19","FullTime"
"1658","15To19","FullTime"
"1659","15To19","FullTime"
"1660","15To19","FullTime"
"1661","15To19","FullTime"
"1662","15To19","FullTime"
"1663","15To19","FullTime"
"1664","15To19","FullTime"
"1665","15To19","FullTime"
"1666","15To19","FullTime"
"1667","15To19","FullTime"
"1668","15To19","FullTime"
"1669","15To19","FullTime"
"1670","15To19","FullTime"
"1671","15To19","FullTime"
"1672","15To19","FullTime"
"1673","15To19","FullTime"
"1674","15To19","FullTime"
"1675","15To19","FullTime"
"1676","15To19","FullTime"
"1677","15To19","FullTime"
"1678","15To19","FullTime"
"1679","15To19","FullTime"
"1680","15To19","FullTime"
"1681","15To19","FullTime"
"1682","15To19","FullTime"
"1683","15To19","FullTime"
"1684","15To19","FullTime"
"1685","15To19","FullTime"
"1686","15To19","FullTime"
"1687","15To19","FullTime"
"1688","15To19","FullTime"
"1689","15To19","FullTime"
"1690","15To19","FullTime"
"1691","15To19","FullTime"
"1692","15To19","FullTime"
"1693","15To19","FullTime"
"1694","15To19","FullTime"
"1695","15To19","FullTime"
"1696","15To19","FullTime"
"1697","15To19","FullTime"
"1698","15To19","FullTime"
"1699","15To19","FullTime"
"1700","15To19","FullTime"
"1701","15To19","FullTime"
"1702","15To19","FullTime"
"1703","15To19","FullTime"
"1704","15To19","FullTime"
"1705","15To19","FullTime"
"1706","15To19","FullTime"
"1707","15To19","FullTime"
"1708","15To19","FullTime"
"1709","15To19","FullTime"
"1710","15To19","FullTime"
"1711","15To19","FullTime"
"1712","15To19","FullTime"
"1713","15To19","FullTime"
"1714","15To19","FullTime"
"1715","15To19","FullTime"
"1716","15To19","FullTime"
"1717","15To19","FullTime"
"1718","15To19","FullTime"
"1719","15To19","FullTime"
"1720","15To19","FullTime"
"1721","15To19","FullTime"
"1722","15To19","FullTime"
"1723","15To19","FullTime"
"1724","15To19","FullTime"
"1725","15To19","FullTime"
"1726","15To19","FullTime"
"1727","15To19","FullTime"
"1728","15To19","FullTime"
"1729","15To19","FullTime"
"1730","15To19","FullTime"
"1731","15To19","FullTime"
"1732","15To19","FullTime"
"1733","15To19","FullTime"
"1734","15To19","FullTime"
"1735","15To19","FullTime"
"1736","15To19","FullTime"
"1737","15To19","FullTime"
"1738","15To19","FullTime"
"1739","15To19","FullTime"
"1740","15To19","FullTime"
"1741","15To19","FullTime"
"1742","15To19","FullTime"
"1743","15To19","FullTime"
"1744","15To19","FullTime"
"1745","15To19","FullTime"
"1746","15To19","FullTime"
"1747","15To19","FullTime"
"1748","15To19","FullTime"
"1749","15To19","FullTime"
"1750","15To19","FullTime"
"1751","15To19","FullTime"
"1752","15To19","FullTime"
"1753","15To19","FullTime"
"1754","15To19","FullTime"
"1755","15To19","FullTime"
"1756","15To19","FullTime"
"1757","15To19","FullTime"
"1758","15To19","FullTime"
"1759","15To19","FullTime"
"1760","15To19","FullTime"
"1761","15To19","FullTime"
"1762","15To19","FullTime"
"1763","15To19","FullTime"
"1764","15To19","FullTime"
"1765","15To19","FullTime"
"1766","15To19","FullTime"
"1767","15To19","FullTime"
"1768","15To19","FullTime"
"1769","15To19","FullTime"
"1770","15To19","FullTime"
"1771","15To19","FullTime"
"1772","15To19","FullTime"
"1773","15To19","FullTime"
"1774","15To19","FullTime"
"1775","15To19","FullTime"
"1776","15To19","FullTime"
"1777","15To19","FullTime"
"1778","15To19","FullTime"
"1779","15To19","FullTime"
"1780","15To19","FullTime"
"1781","15To19","FullTime"
"1782","15To19","FullTime"
"1783","15To19","FullTime"
"1784","15To19","FullTime"
"1785","15To19","FullTime"
"1786","15To19","FullTime"
"1787","15To19","FullTime"
"1788","15To19","FullTime"
"1789","15To19","FullTime"
"1790","15To19","FullTime"
"1791","15To19","FullTime"
"1792","15To19","FullTime"
"1793","15To19","FullTime"
"1794","15To19","FullTime"
"1795","15To19","FullTime"
"1796","15To19","FullTime"
"1797","15To19","FullTime"
"1798","15To19","FullTime"
"1799","15To19","FullTime"
"1800","15To19","FullTime"
"1801","15To19","FullTime"
"1802","15To19","FullTime"
"1803","15To19","FullTime"
"1804","15To19","FullTime"
"1805","15To19","FullTime"
"1806","15To19","FullTime"
"1807","15To19","FullTime"
"1808","15To19","FullTime"
"1809","15To19","FullTime"
"1810","15To19","FullTime"
"1811","15To19","FullTime"
"1812","15To19","FullTime"
"1813","15To19","FullTime"
"1814","15To19","FullTime"
"1815","15To19","FullTime"
"1816","15To19","FullTime"
"1817","15To19","FullTime"
"1818","15To19","FullTime"
"1819","15To19","FullTime"
"1820","15To19","FullTime"
"1821","15To19","FullTime"
"1822","15To19","FullTime"
"1823","15To19","FullTime"
"1824","15To19","FullTime"
"1825","15To19","FullTime"
"1826","15To19","FullTime"
"1827","15To19","FullTime"
"1828","15To19","FullTime"
"1829","15To19","FullTime"
"1830","15To19","FullTime"
"1831","15To19","FullTime"
"1832","15To19","FullTime"
"1833","15To19","FullTime"
"1834","15To19","FullTime"
"1835","15To19","FullTime"
"1836","15To19","FullTime"
"1837","15To19","FullTime"
"1838","15To19","FullTime"
"1839","15To19","FullTime"
"1840","15To19","FullTime"
"1841","15To19","FullTime"
"1842","15To19","FullTime"
"1843","15To19","FullTime"
"1844","15To19","FullTime"
"1845","15To19","FullTime"
"1846","15To19","FullTime"
"1847","15To19","FullTime"
"1848","15To19","FullTime"
"1849","15To19","FullTime"
"1850","15To19","FullTime"
"1851","15To19","FullTime"
"1852","15To19","FullTime"
"1853","15To19","FullTime"
"1854","15To19","FullTime"
"1855","15To19","FullTime"
"1856","15To19","FullTime"
"1857","15To19","FullTime"
"1858","15To19","FullTime"
"1859","15To19","FullTime"
"1860","15To19","FullTime"
"1861","15To19","FullTime"
"1862","15To19","FullTime"
"1863","15To19","FullTime"
"1864","15To19","FullTime"
"1865","15To19","FullTime"
"1866","15To19","FullTime"
"1867","15To19","FullTime"
"1868","15To19","FullTime"
"1869","15To19","FullTime"
"1870","15To19","FullTime"
"1871","15To19","FullTime"
"1872","15To19","FullTime"
"1873","15To19","FullTime"
"1874","15To19","FullTime"
"1875","15To19","FullTime"
"1876","15To19","FullTime"
"1877","15To19","FullTime"
"1878","15To19","FullTime"
"1879","15To19","FullTime"
"1880","15To19","FullTime"
"1881","15To19","FullTime"
"1882","15To19","FullTime"
"1883","15To19","FullTime"
"1884","15To19","FullTime"
"1885","15To19","FullTime"
"1886","15To19","FullTime"
"1887","15To19","FullTime"
"1888","15To19","FullTime"
"1889","15To19","FullTime"
"1890","15To19","FullTime"
"1891","15To19","FullTime"
"1892","15To19","FullTime"
"1893","15To19","FullTime"
"1894","15To19","FullTime"
"1895","15To19","FullTime"
"1896","15To19","FullTime"
"1897","15To19","FullTime"
"1898","15To19","FullTime"
"1899","15To19","FullTime"
"1900","15To19","FullTime"
"1901","15To19","FullTime"
"1902","15To19","FullTime"
"1903","15To19","FullTime"
"1904","15To19","FullTime"
"1905","15To19","FullTime"
"1906","15To19","FullTime"
"1907","15To19","FullTime"
"1908","15To19","FullTime"
"1909","15To19","FullTime"
"1910","15To19","FullTime"
"1911","15To19","FullTime"
"1912","15To19","FullTime"
"1913","15To19","FullTime"
"1914","15To19","FullTime"
"1915","15To19","FullTime"
"1916","15To19","FullTime"
"1917","15To19","FullTime"
"1918","15To19","FullTime"
"1919","15To19","FullTime"
"1920","15To19","FullTime"
"1921","15To19","FullTime"
"1922","15To19","FullTime"
"1923","15To19","FullTime"
"1924","15To19","FullTime"
"1925","15To19","FullTime"
"1926","15To19","FullTime"
"1927","15To19","FullTime"
"1928","15To19","FullTime"
"1929","15To19","FullTime"
"1930","15To19","FullTime"
"1931","15To19","FullTime"
"1932","15To19","FullTime"
"1933","15To19","FullTime"
"1934","15To19","FullTime"
"1935","15To19","FullTime"
"1936","15To19","FullTime"
"1937","15To19","FullTime"
"1938","15To19","FullTime"
"1939","15To19","FullTime"
"1940","15To19","FullTime"
"1941","15To19","FullTime"
"1942","15To19","FullTime"
"1943","15To19","FullTime"
"1944","15To19","FullTime"
"1945","15To19","FullTime"
"1946","15To19","FullTime"
"1947","15To19","FullTime"
"1948","15To19","FullTime"
"1949","15To19","FullTime"
"1950","15To19","FullTime"
"1951","15To19","FullTime"
"1952","15To19","FullTime"
"1953","15To19","FullTime"
"1954","15To19","FullTime"
"1955","15To19","FullTime"
"1956","15To19","FullTime"
"1957","15To19","FullTime"
"1958","15To19","FullTime"
"1959","15To19","FullTime"
"1960","15To19","FullTime"
"1961","15To19","FullTime"
"1962","15To19","FullTime"
"1963","15To19","FullTime"
"1964","15To19","FullTime"
"1965","15To19","FullTime"
"1966","15To19","FullTime"
"1967","15To19","FullTime"
"1968","15To19","FullTime"
"1969","15To19","FullTime"
"1970","15To19","FullTime"
"1971","15To19","FullTime"
"1972","15To19","FullTime"
"1973","15To19","FullTime"
"1974","15To19","FullTime"
"1975","15To19","FullTime"
"1976","15To19","FullTime"
"1977","15To19","FullTime"
"1978","15To19","FullTime"
"1979","15To19","FullTime"
"1980","15To19","FullTime"
"1981","15To19","FullTime"
"1982","15To19","FullTime"
"1983","15To19","FullTime"
"1984","15To19","FullTime"
"1985","15To19","FullTime"
"1986","15To19","FullTime"
"1987","15To19","FullTime"
"1988","15To19","FullTime"
"1989","15To19","FullTime"
"1990","15To19","FullTime"
"1991","15To19","FullTime"
"1992","15To19","FullTime"
"1993","15To19","FullTime"
"1994","15To19","FullTime"
"1995","15To19","FullTime"
"1996","15To19","FullTime"
"1997","15To19","FullTime"
"1998","15To19","FullTime"
"1999","15To19","FullTime"
"2000","15To19","FullTime"
"2001","15To19","FullTime"
"2002","15To19","FullTime"
"2003","15To19","FullTime"
"2004","15To19","FullTime"
"2005","15To19","FullTime"
"2006","15To19","FullTime"
"2007","15To19","FullTime"
"2008","15To19","FullTime"
"2009","15To19","FullTime"
"2010","15To19","FullTime"
"2011","15To19","FullTime"
"2012","15To19","FullTime"
"2013","15To19","FullTime"
"2014","15To19","FullTime"
"2015","15To19","FullTime"
"2016","15To19","FullTime"
"2017","15To19","FullTime"
"2018","15To19","FullTime"
"2019","15To19","FullTime"
"2020","15To19","FullTime"
"2021","15To19","FullTime"
"2022","15To19","FullTime"
"2023","15To19","FullTime"
"2024","15To19","FullTime"
"2025","15To19","FullTime"
"2026","15To19","FullTime"
"2027","15To19","FullTime"
"2028","15To19","FullTime"
"2029","15To19","FullTime"
"2030","15To19","FullTime"
"2031","15To19","FullTime"
"2032","15To19","FullTime"
"2033","15To19","FullTime"
"2034","15To19","FullTime"
"2035","15To19","FullTime"
"2036","15To19","FullTime"
"2037","15To19","FullTime"
"2038","15To19","FullTime"
"2039","15To19","FullTime"
"2040","15To19","FullTime"
"2041","15To19","FullTime"
"2042","15To19","FullTime"
"2043","15To19","FullTime"
"2044","15To19","FullTime"
"2045","15To19","FullTime"
"2046","15To19","FullTime"
"2047","15To19","FullTime"
"2048","15To19","FullTime"
"2049","15To19","FullTime"
"2050","15To19","FullTime"
"2051","15To19","FullTime"
"2052","15To19","FullTime"
"2053","15To19","FullTime"
"2054","15To19","FullTime"
"2055","15To19","FullTime"
"2056","15To19","FullTime"
"2057","15To19","FullTime"
"2058","15To19","FullTime"
"2059","15To19","FullTime"
"2060","15To19","FullTime"
"2061","15To19","FullTime"
"2062","15To19","FullTime"
"2063","15To19","FullTime"
"2064","15To19","FullTime"
"2065","15To19","FullTime"
"2066","15To19","FullTime"
"2067","15To19","FullTime"
"2068","15To19","FullTime"
"2069","15To19","FullTime"
"2070","15To19","FullTime"
"2071","15To19","FullTime"
"2072","15To19","FullTime"
"2073","15To19","FullTime"
"2074","15To19","FullTime"
"2075","15To19","FullTime"
"2076","15To19","FullTime"
"2077","15To19","FullTime"
"2078","15To19","FullTime"
"2079","15To19","FullTime"
"2080","15To19","FullTime"
"2081","15To19","FullTime"
"2082","15To19","FullTime"
"2083","15To19","FullTime"
"2084","15To19","FullTime"
"2085","15To19","FullTime"
"2086","15To19","FullTime"
"2087","15To19","FullTime"
"2088","15To19","FullTime"
"2089","15To19","FullTime"
"2090","15To19","FullTime"
"2091","15To19","FullTime"
"2092","15To19","FullTime"
"2093","15To19","FullTime"
"2094","15To19","FullTime"
"2095","15To19","FullTime"
"2096","15To19","FullTime"
"2097","15To19","FullTime"
"2098","15To19","FullTime"
"2099","15To19","FullTime"
"2100","15To19","FullTime"
"2101","15To19","FullTime"
"2102","15To19","FullTime"
"2103","15To19","FullTime"
"2104","15To19","FullTime"
"2105","15To19","FullTime"
"2106","15To19","FullTime"
"2107","15To19","FullTime"
"2108","15To19","FullTime"
"2109","15To19","FullTime"
"2110","15To19","FullTime"
"2111","15To19","FullTime"
"2112","15To19","FullTime"
"2113","15To19","FullTime"
"2114","15To19","FullTime"
"2115","15To19","FullTime"
"2116","15To19","FullTime"
"2117","15To19","FullTime"
"2118","15To19","FullTime"
"2119","15To19","FullTime"
"2120","15To19","FullTime"
"2121","15To19","FullTime"
"2122","15To19","FullTime"
"2123","15To19","FullTime"
"2124","15To19","FullTime"
"2125","15To19","FullTime"
"2126","15To19","FullTime"
"2127","15To19","FullTime"
"2128","15To19","FullTime"
"2129","15To19","FullTime"
"2130","15To19","FullTime"
"2131","15To19","FullTime"
"2132","15To19","FullTime"
"2133","15To19","FullTime"
"2134","15To19","FullTime"
"2135","15To19","FullTime"
"2136","15To19","FullTime"
"2137","15To19","FullTime"
"2138","15To19","FullTime"
"2139","15To19","FullTime"
"2140","15To19","FullTime"
"2141","15To19","FullTime"
"2142","15To19","FullTime"
"2143","15To19","FullTime"
"2144","15To19","FullTime"
"2145","15To19","FullTime"
"2146","15To19","FullTime"
"2147","15To19","FullTime"
"2148","15To19","FullTime"
"2149","15To19","FullTime"
"2150","15To19","FullTime"
"2151","15To19","FullTime"
"2152","15To19","FullTime"
"2153","15To19","FullTime"
"2154","15To19","FullTime"
"2155","15To19","FullTime"
"2156","15To19","FullTime"
"2157","15To19","FullTime"
"2158","15To19","FullTime"
"2159","15To19","FullTime"
"2160","15To19","FullTime"
"2161","15To19","FullTime"
"2162","15To19","FullTime"
"2163","15To19","FullTime"
"2164","15To19","FullTime"
"2165","15To19","FullTime"
"2166","15To19","FullTime"
"2167","15To19","FullTime"
"2168","15To19","FullTime"
"2169","15To19","FullTime"
"2170","15To19","FullTime"
"2171","15To19","FullTime"
"2172","15To19","FullTime"
"2173","15To19","FullTime"
"2174","15To19","FullTime"
"2175","15To19","FullTime"
"2176","15To19","FullTime"
"2177","15To19","FullTime"
"2178","15To19","FullTime"
"2179","15To19","FullTime"
"2180","15To19","FullTime"
"2181","15To19","FullTime"
"2182","15To19","FullTime"
"2183","15To19","FullTime"
"2184","15To19","FullTime"
"2185","15To19","FullTime"
"2186","15To19","FullTime"
"2187","15To19","FullTime"
"2188","15To19","FullTime"
"2189","15To19","FullTime"
"2190","15To19","FullTime"
"2191","15To19","FullTime"
"2192","15To19","FullTime"
"2193","15To19","FullTime"
"2194","15To19","FullTime"
"2195","15To19","FullTime"
"2196","15To19","FullTime"
"2197","15To19","FullTime"
"2198","15To19","FullTime"
"2199","15To19","FullTime"
"2200","15To19","FullTime"
"2201","15To19","FullTime"
"2202","15To19","FullTime"
"2203","15To19","FullTime"
"2204","15To19","FullTime"
"2205","15To19","FullTime"
"2206","15To19","FullTime"
"2207","15To19","FullTime"
"2208","15To19","FullTime"
"2209","15To19","FullTime"
"2210","15To19","FullTime"
"2211","15To19","FullTime"
"2212","15To19","FullTime"
"2213","15To19","FullTime"
"2214","15To19","FullTime"
"2215","15To19","FullTime"
"2216","15To19","FullTime"
"2217","15To19","FullTime"
"2218","15To19","FullTime"
"2219","15To19","FullTime"
"2220","15To19","FullTime"
"2221","15To19","FullTime"
"2222","15To19","FullTime"
"2223","15To19","FullTime"
"2224","15To19","FullTime"
"2225","15To19","FullTime"
"2226","15To19","FullTime"
"2227","15To19","FullTime"
"2228","15To19","FullTime"
"2229","15To19","FullTime"
"2230","15To19","FullTime"
"2231","15To19","FullTime"
"2232","15To19","FullTime"
"2233","15To19","FullTime"
"2234","15To19","FullTime"
"2235","15To19","FullTime"
"2236","15To19","FullTime"
"2237","15To19","FullTime"
"2238","15To19","FullTime"
"2239","15To19","FullTime"
"2240","15To19","FullTime"
"2241","15To19","FullTime"
"2242","15To19","FullTime"
"2243","15To19","FullTime"
"2244","15To19","FullTime"
"2245","15To19","FullTime"
"2246","15To19","FullTime"
"2247","15To19","FullTime"
"2248","15To19","FullTime"
"2249","15To19","FullTime"
"2250","15To19","FullTime"
"2251","15To19","FullTime"
"2252","15To19","FullTime"
"2253","15To19","FullTime"
"2254","15To19","FullTime"
"2255","15To19","FullTime"
"2256","15To19","FullTime"
"2257","15To19","FullTime"
"2258","15To19","FullTime"
"2259","15To19","FullTime"
"2260","15To19","FullTime"
"2261","15To19","FullTime"
"2262","15To19","FullTime"
"2263","15To19","FullTime"
"2264","15To19","FullTime"
"2265","15To19","FullTime"
"2266","15To19","FullTime"
"2267","15To19","FullTime"
"2268","15To19","FullTime"
"2269","15To19","FullTime"
"2270","15To19","FullTime"
"2271","15To19","FullTime"
"2272","15To19","FullTime"
"2273","15To19","FullTime"
"2274","15To19","FullTime"
"2275","15To19","FullTime"
"2276","15To19","FullTime"
"2277","15To19","FullTime"
"2278","15To19","FullTime"
"2279","15To19","FullTime"
"2280","15To19","FullTime"
"2281","15To19","FullTime"
"2282","15To19","FullTime"
"2283","15To19","FullTime"
"2284","15To19","FullTime"
"2285","15To19","FullTime"
"2286","15To19","FullTime"
"2287","15To19","FullTime"
"2288","15To19","FullTime"
"2289","15To19","FullTime"
"2290","15To19","FullTime"
"2291","15To19","FullTime"
"2292","15To19","FullTime"
"2293","15To19","FullTime"
"2294","15To19","FullTime"
"2295","15To19","FullTime"
"2296","15To19","FullTime"
"2297","15To19","FullTime"
"2298","15To19","FullTime"
"2299","15To19","FullTime"
"2300","15To19","FullTime"
"2301","15To19","FullTime"
"2302","15To19","FullTime"
"2303","15To19","FullTime"
"2304","15To19","FullTime"
"2305","15To19","FullTime"
"2306","15To19","FullTime"
"2307","15To19","FullTime"
"2308","15To19","FullTime"
"2309","15To19","FullTime"
"2310","15To19","FullTime"
"2311","15To19","FullTime"
"2312","15To19","FullTime"
"2313","15To19","FullTime"
"2314","15To19","FullTime"
"2315","15To19","FullTime"
"2316","15To19","FullTime"
"2317","15To19","FullTime"
"2318","15To19","FullTime"
"2319","15To19","FullTime"
"2320","15To19","FullTime"
"2321","15To19","FullTime"
"2322","15To19","FullTime"
"2323","15To19","FullTime"
"2324","15To19","FullTime"
"2325","15To19","FullTime"
"2326","15To19","FullTime"
"2327","15To19","FullTime"
"2328","15To19","FullTime"
"2329","15To19","FullTime"
"2330","15To19","FullTime"
"2331","15To19","FullTime"
"2332","15To19","FullTime"
"2333","15To19","FullTime"
"2334","15To19","FullTime"
"2335","15To19","FullTime"
"2336","15To19","FullTime"
"2337","15To19","FullTime"
"2338","15To19","FullTime"
"2339","15To19","FullTime"
"2340","15To19","FullTime"
"2341","15To19","FullTime"
"2342","15To19","FullTime"
"2343","15To19","FullTime"
"2344","15To19","FullTime"
"2345","15To19","FullTime"
"2346","15To19","FullTime"
"2347","15To19","FullTime"
"2348","15To19","FullTime"
"2349","15To19","FullTime"
"2350","15To19","FullTime"
"2351","15To19","FullTime"
"2352","15To19","FullTime"
"2353","15To19","FullTime"
"2354","15To19","FullTime"
"2355","15To19","FullTime"
"2356","15To19","FullTime"
"2357","15To19","FullTime"
"2358","15To19","FullTime"
"2359","15To19","FullTime"
"2360","15To19","FullTime"
"2361","15To19","FullTime"
"2362","15To19","FullTime"
"2363","15To19","FullTime"
"2364","15To19","FullTime"
"2365","15To19","FullTime"
"2366","15To19","FullTime"
"2367","15To19","FullTime"
"2368","15To19","FullTime"
"2369","15To19","FullTime"
"2370","15To19","FullTime"
"2371","15To19","FullTime"
"2372","15To19","FullTime"
"2373","15To19","FullTime"
"2374","15To19","FullTime"
"2375","15To19","FullTime"
"2376","15To19","FullTime"
"2377","15To19","FullTime"
"2378","15To19","FullTime"
"2379","15To19","FullTime"
"2380","15To19","FullTime"
"2381","15To19","FullTime"
"2382","15To19","FullTime"
"2383","15To19","FullTime"
"2384","15To19","FullTime"
"2385","15To19","FullTime"
"2386","15To19","FullTime"
"2387","15To19","FullTime"
"2388","15To19","FullTime"
"2389","15To19","FullTime"
"2390","15To19","FullTime"
"2391","15To19","FullTime"
"2392","15To19","FullTime"
"2393","15To19","FullTime"
"2394","15To19","FullTime"
"2395","15To19","FullTime"
"2396","15To19","FullTime"
"2397","15To19","FullTime"
"2398","15To19","FullTime"
"2399","15To19","FullTime"
"2400","15To19","FullTime"
"2401","15To19","FullTime"
"2402","15To19","FullTime"
"2403","15To19","FullTime"
"2404","15To19","FullTime"
"2405","15To19","FullTime"
"2406","15To19","FullTime"
"2407","15To19","FullTime"
"2408","15To19","FullTime"
"2409","15To19","FullTime"
"2410","15To19","FullTime"
"2411","15To19","FullTime"
"2412","15To19","FullTime"
"2413","15To19","FullTime"
"2414","15To19","FullTime"
"2415","15To19","FullTime"
"2416","15To19","FullTime"
"2417","15To19","FullTime"
"2418","15To19","FullTime"
"2419","15To19","FullTime"
"2420","15To19","FullTime"
"2421","15To19","FullTime"
"2422","15To19","FullTime"
"2423","15To19","FullTime"
"2424","15To19","FullTime"
"2425","15To19","FullTime"
"2426","15To19","FullTime"
"2427","15To19","FullTime"
"2428","15To19","FullTime"
"2429","15To19","FullTime"
"2430","15To19","FullTime"
"2431","15To19","FullTime"
"2432","15To19","FullTime"
"2433","15To19","FullTime"
"2434","15To19","FullTime"
"2435","15To19","FullTime"
"2436","15To19","FullTime"
"2437","15To19","FullTime"
"2438","15To19","FullTime"
"2439","15To19","FullTime"
"2440","15To19","FullTime"
"2441","15To19","FullTime"
"2442","15To19","FullTime"
"2443","15To19","FullTime"
"2444","15To19","FullTime"
"2445","15To19","FullTime"
"2446","15To19","FullTime"
"2447","15To19","FullTime"
"2448","15To19","FullTime"
"2449","15To19","FullTime"
"2450","15To19","FullTime"
"2451","15To19","FullTime"
"2452","15To19","FullTime"
"2453","15To19","FullTime"
"2454","15To19","FullTime"
"2455","15To19","FullTime"
"2456","15To19","FullTime"
"2457","15To19","FullTime"
"2458","15To19","FullTime"
"2459","15To19","FullTime"
"2460","15To19","FullTime"
"2461","15To19","FullTime"
"2462","15To19","FullTime"
"2463","15To19","FullTime"
"2464","15To19","FullTime"
"2465","15To19","FullTime"
"2466","15To19","FullTime"
"2467","15To19","FullTime"
"2468","15To19","FullTime"
"2469","15To19","FullTime"
"2470","15To19","FullTime"
"2471","15To19","FullTime"
"2472","15To19","FullTime"
"2473","15To19","FullTime"
"2474","15To19","FullTime"
"2475","15To19","FullTime"
"2476","15To19","FullTime"
"2477","15To19","FullTime"
"2478","15To19","FullTime"
"2479","15To19","FullTime"
"2480","15To19","FullTime"
"2481","15To19","FullTime"
"2482","15To19","FullTime"
"2483","15To19","FullTime"
"2484","15To19","FullTime"
"2485","15To19","FullTime"
"2486","15To19","FullTime"
"2487","15To19","FullTime"
"2488","15To19","FullTime"
"2489","15To19","FullTime"
"2490","15To19","FullTime"
"2491","15To19","FullTime"
"2492","15To19","FullTime"
"2493","15To19","FullTime"
"2494","15To19","FullTime"
"2495","15To19","FullTime"
"2496","15To19","FullTime"
"2497","15To19","FullTime"
"2498","15To19","FullTime"
"2499","15To19","FullTime"
"2500","15To19","FullTime"
"2501","15To19","FullTime"
"2502","15To19","FullTime"
"2503","15To19","FullTime"
"2504","15To19","FullTime"
"2505","15To19","FullTime"
"2506","15To19","FullTime"
"2507","15To19","FullTime"
"2508","15To19","FullTime"
"2509","15To19","FullTime"
"2510","15To19","FullTime"
"2511","15To19","FullTime"
"2512","15To19","FullTime"
"2513","15To19","FullTime"
"2514","15To19","FullTime"
"2515","15To19","FullTime"
"2516","15To19","FullTime"
"2517","15To19","FullTime"
"2518","15To19","FullTime"
"2519","15To19","FullTime"
"2520","15To19","FullTime"
"2521","15To19","FullTime"
"2522","15To19","FullTime"
"2523","15To19","FullTime"
"2524","15To19","FullTime"
"2525","15To19","FullTime"
"2526","15To19","FullTime"
"2527","15To19","FullTime"
"2528","15To19","FullTime"
"2529","15To19","FullTime"
"2530","15To19","FullTime"
"2531","15To19","FullTime"
"2532","15To19","FullTime"
"2533","15To19","FullTime"
"2534","15To19","FullTime"
"2535","15To19","FullTime"
"2536","15To19","FullTime"
"2537","15To19","FullTime"
"2538","15To19","FullTime"
"2539","15To19","FullTime"
"2540","15To19","FullTime"
"2541","15To19","FullTime"
"2542","15To19","FullTime"
"2543","15To19","FullTime"
"2544","15To19","FullTime"
"2545","15To19","FullTime"
"2546","15To19","FullTime"
"2547","15To19","FullTime"
"2548","15To19","FullTime"
"2549","15To19","FullTime"
"2550","15To19","FullTime"
"2551","15To19","FullTime"
"2552","15To19","FullTime"
"2553","15To19","FullTime"
"2554","15To19","FullTime"
"2555","15To19","FullTime"
"2556","15To19","FullTime"
"2557","15To19","FullTime"
"2558","15To19","FullTime"
"2559","15To19","FullTime"
"2560","15To19","FullTime"
"2561","15To19","FullTime"
"2562","15To19","FullTime"
"2563","15To19","FullTime"
"2564","15To19","FullTime"
"2565","15To19","FullTime"
"2566","15To19","FullTime"
"2567","15To19","FullTime"
"2568","15To19","FullTime"
"2569","15To19","FullTime"
"2570","15To19","FullTime"
"2571","15To19","FullTime"
"2572","15To19","FullTime"
"2573","15To19","FullTime"
"2574","15To19","FullTime"
"2575","15To19","FullTime"
"2576","15To19","FullTime"
"2577","15To19","FullTime"
"2578","15To19","FullTime"
"2579","15To19","FullTime"
"2580","15To19","FullTime"
"2581","15To19","FullTime"
"2582","15To19","FullTime"
"2583","15To19","FullTime"
"2584","15To19","FullTime"
"2585","15To19","FullTime"
"2586","15To19","FullTime"
"2587","15To19","FullTime"
"2588","15To19","FullTime"
"2589","15To19","FullTime"
"2590","15To19","FullTime"
"2591","15To19","FullTime"
"2592","15To19","FullTime"
"2593","15To19","FullTime"
"2594","15To19","FullTime"
"2595","15To19","FullTime"
"2596","15To19","FullTime"
"2597","15To19","FullTime"
"2598","15To19","FullTime"
"2599","15To19","FullTime"
"2600","15To19","FullTime"
"2601","15To19","FullTime"
"2602","15To19","FullTime"
"2603","15To19","FullTime"
"2604","15To19","FullTime"
"2605","15To19","FullTime"
"2606","15To19","FullTime"
"2607","15To19","FullTime"
"2608","15To19","FullTime"
"2609","15To19","FullTime"
"2610","15To19","FullTime"
"2611","15To19","FullTime"
"2612","15To19","FullTime"
"2613","15To19","FullTime"
"2614","15To19","FullTime"
"2615","15To19","FullTime"
"2616","15To19","FullTime"
"2617","15To19","FullTime"
"2618","15To19","FullTime"
"2619","15To19","FullTime"
"2620","15To19","FullTime"
"2621","15To19","FullTime"
"2622","15To19","FullTime"
"2623","15To19","FullTime"
"2624","15To19","FullTime"
"2625","15To19","FullTime"
"2626","15To19","FullTime"
"2627","15To19","FullTime"
"2628","15To19","FullTime"
"2629","15To19","FullTime"
"2630","15To19","FullTime"
"2631","15To19","FullTime"
"2632","15To19","FullTime"
"2633","15To19","FullTime"
"2634","15To19","FullTime"
"2635","15To19","FullTime"
"2636","15To19","FullTime"
"2637","15To19","FullTime"
"2638","15To19","FullTime"
"2639","15To19","FullTime"
"2640","15To19","FullTime"
"2641","15To19","FullTime"
"2642","15To19","FullTime"
"2643","15To19","FullTime"
"2644","15To19","FullTime"
"2645","15To19","FullTime"
"2646","15To19","FullTime"
"2647","15To19","FullTime"
"2648","15To19","FullTime"
"2649","15To19","FullTime"
"2650","15To19","FullTime"
"2651","15To19","FullTime"
"2652","15To19","FullTime"
"2653","15To19","FullTime"
"2654","15To19","FullTime"
"2655","15To19","FullTime"
"2656","15To19","FullTime"
"2657","15To19","FullTime"
"2658","15To19","FullTime"
"2659","15To19","FullTime"
"2660","15To19","FullTime"
"2661","15To19","FullTime"
"2662","15To19","FullTime"
"2663","15To19","FullTime"
"2664","15To19","FullTime"
"2665","15To19","FullTime"
"2666","15To19","FullTime"
"2667","15To19","FullTime"
"2668","15To19","FullTime"
"2669","15To19","FullTime"
"2670","15To19","FullTime"
"2671","15To19","FullTime"
"2672","15To19","FullTime"
"2673","15To19","FullTime"
"2674","15To19","FullTime"
"2675","15To19","FullTime"
"2676","15To19","FullTime"
"2677","15To19","FullTime"
"2678","15To19","FullTime"
"2679","15To19","FullTime"
"2680","15To19","FullTime"
"2681","15To19","FullTime"
"2682","15To19","FullTime"
"2683","15To19","FullTime"
"2684","15To19","FullTime"
"2685","15To19","FullTime"
"2686","15To19","FullTime"
"2687","15To19","FullTime"
"2688","15To19","FullTime"
"2689","15To19","FullTime"
"2690","15To19","FullTime"
"2691","15To19","FullTime"
"2692","15To19","FullTime"
"2693","15To19","FullTime"
"2694","15To19","FullTime"
"2695","15To19","FullTime"
"2696","15To19","FullTime"
"2697","15To19","FullTime"
"2698","15To19","FullTime"
"2699","15To19","FullTime"
"2700","15To19","FullTime"
"2701","15To19","FullTime"
"2702","15To19","FullTime"
"2703","15To19","FullTime"
"2704","15To19","FullTime"
"2705","15To19","FullTime"
"2706","15To19","FullTime"
"2707","15To19","FullTime"
"2708","15To19","FullTime"
"2709","15To19","FullTime"
"2710","15To19","FullTime"
"2711","15To19","FullTime"
"2712","15To19","FullTime"
"2713","15To19","FullTime"
"2714","15To19","FullTime"
"2715","15To19","FullTime"
"2716","15To19","FullTime"
"2717","15To19","FullTime"
"2718","15To19","FullTime"
"2719","15To19","FullTime"
"2720","15To19","FullTime"
"2721","15To19","FullTime"
"2722","15To19","FullTime"
"2723","15To19","FullTime"
"2724","15To19","FullTime"
"2725","15To19","FullTime"
"2726","15To19","FullTime"
"2727","15To19","FullTime"
"2728","15To19","FullTime"
"2729","15To19","FullTime"
"2730","15To19","FullTime"
"2731","15To19","FullTime"
"2732","15To19","FullTime"
"2733","15To19","FullTime"
"2734","15To19","FullTime"
"2735","15To19","FullTime"
"2736","15To19","FullTime"
"2737","15To19","FullTime"
"2738","15To19","FullTime"
"2739","15To19","FullTime"
"2740","15To19","FullTime"
"2741","15To19","FullTime"
"2742","15To19","FullTime"
"2743","15To19","FullTime"
"2744","15To19","FullTime"
"2745","15To19","FullTime"
"2746","15To19","FullTime"
"2747","15To19","FullTime"
"2748","15To19","FullTime"
"2749","15To19","FullTime"
"2750","15To19","FullTime"
"2751","15To19","FullTime"
"2752","15To19","FullTime"
"2753","15To19","FullTime"
"2754","15To19","FullTime"
"2755","15To19","FullTime"
"2756","15To19","FullTime"
"2757","15To19","FullTime"
"2758","15To19","FullTime"
"2759","15To19","FullTime"
"2760","15To19","FullTime"
"2761","15To19","FullTime"
"2762","15To19","FullTime"
"2763","15To19","FullTime"
"2764","15To19","FullTime"
"2765","15To19","FullTime"
"2766","15To19","FullTime"
"2767","15To19","FullTime"
"2768","15To19","FullTime"
"2769","15To19","FullTime"
"2770","15To19","FullTime"
"2771","15To19","FullTime"
"2772","15To19","FullTime"
"2773","15To19","FullTime"
"2774","15To19","FullTime"
"2775","15To19","FullTime"
"2776","15To19","FullTime"
"2777","15To19","FullTime"
"2778","15To19","FullTime"
"2779","15To19","FullTime"
"2780","15To19","FullTime"
"2781","15To19","FullTime"
"2782","15To19","FullTime"
"2783","15To19","FullTime"
"2784","15To19","FullTime"
"2785","15To19","FullTime"
"2786","15To19","FullTime"
"2787","15To19","FullTime"
"2788","15To19","FullTime"
"2789","15To19","FullTime"
"2790","15To19","FullTime"
"2791","15To19","FullTime"
"2792","15To19","FullTime"
"2793","15To19","FullTime"
"2794","15To19","FullTime"
"2795","15To19","FullTime"
"2796","15To19","FullTime"
"2797","15To19","FullTime"
"2798","15To19","FullTime"
"2799","15To19","FullTime"
"2800","15To19","FullTime"
"2801","15To19","FullTime"
"2802","15To19","FullTime"
"2803","15To19","FullTime"
"2804","15To19","FullTime"
"2805","15To19","FullTime"
"2806","15To19","FullTime"
"2807","15To19","FullTime"
"2808","15To19","FullTime"
"2809","15To19","FullTime"
"2810","15To19","FullTime"
"2811","15To19","FullTime"
"2812","15To19","FullTime"
"2813","15To19","FullTime"
"2814","15To19","FullTime"
"2815","15To19","FullTime"
"2816","15To19","FullTime"
"2817","15To19","FullTime"
"2818","15To19","FullTime"
"2819","15To19","FullTime"
"2820","15To19","FullTime"
"2821","15To19","FullTime"
"2822","15To19","FullTime"
"2823","15To19","FullTime"
"2824","15To19","FullTime"
"2825","15To19","FullTime"
"2826","15To19","FullTime"
"2827","15To19","FullTime"
"2828","15To19","FullTime"
"2829","15To19","FullTime"
"2830","15To19","FullTime"
"2831","15To19","FullTime"
"2832","15To19","FullTime"
"2833","15To19","FullTime"
"2834","15To19","FullTime"
"2835","15To19","FullTime"
"2836","15To19","FullTime"
"2837","15To19","FullTime"
"2838","15To19","FullTime"
"2839","15To19","FullTime"
"2840","15To19","FullTime"
"2841","15To19","FullTime"
"2842","15To19","FullTime"
"2843","15To19","FullTime"
"2844","15To19","FullTime"
"2845","15To19","FullTime"
"2846","15To19","FullTime"
"2847","15To19","FullTime"
"2848","15To19","FullTime"
"2849","15To19","FullTime"
"2850","15To19","FullTime"
"2851","15To19","FullTime"
"2852","15To19","FullTime"
"2853","15To19","FullTime"
"2854","15To19","FullTime"
"2855","15To19","FullTime"
"2856","15To19","FullTime"
"2857","15To19","FullTime"
"2858","15To19","FullTime"
"2859","15To19","FullTime"
"2860","15To19","FullTime"
"2861","15To19","FullTime"
"2862","15To19","FullTime"
"2863","15To19","FullTime"
"2864","15To19","FullTime"
"2865","15To19","FullTime"
"2866","15To19","FullTime"
"2867","15To19","FullTime"
"2868","15To19","FullTime"
"2869","15To19","FullTime"
"2870","15To19","FullTime"
"2871","15To19","FullTime"
"2872","15To19","FullTime"
"2873","15To19","FullTime"
"2874","15To19","FullTime"
"2875","15To19","FullTime"
"2876","15To19","FullTime"
"2877","15To19","FullTime"
"2878","15To19","FullTime"
"2879","15To19","FullTime"
"2880","15To19","FullTime"
"2881","15To19","FullTime"
"2882","15To19","FullTime"
"2883","15To19","FullTime"
"2884","15To19","FullTime"
"2885","15To19","FullTime"
"2886","15To19","FullTime"
"2887","15To19","FullTime"
"2888","15To19","FullTime"
"2889","15To19","FullTime"
"2890","15To19","FullTime"
"2891","15To19","FullTime"
"2892","15To19","FullTime"
"2893","15To19","FullTime"
"2894","15To19","FullTime"
"2895","15To19","FullTime"
"2896","15To19","FullTime"
"2897","15To19","FullTime"
"2898","15To19","FullTime"
"2899","15To19","FullTime"
"2900","15To19","FullTime"
"2901","15To19","FullTime"
"2902","15To19","FullTime"
"2903","15To19","FullTime"
"2904","15To19","FullTime"
"2905","15To19","FullTime"
"2906","15To19","FullTime"
"2907","15To19","FullTime"
"2908","15To19","FullTime"
"2909","15To19","FullTime"
"2910","15To19","FullTime"
"2911","15To19","FullTime"
"2912","15To19","FullTime"
"2913","15To19","FullTime"
"2914","15To19","FullTime"
"2915","15To19","FullTime"
"2916","15To19","FullTime"
"2917","15To19","FullTime"
"2918","15To19","FullTime"
"2919","15To19","FullTime"
"2920","15To19","FullTime"
"2921","15To19","FullTime"
"2922","15To19","FullTime"
"2923","15To19","FullTime"
"2924","15To19","FullTime"
"2925","15To19","FullTime"
"2926","15To19","FullTime"
"2927","15To19","FullTime"
"2928","15To19","FullTime"
"2929","15To19","FullTime"
"2930","15To19","FullTime"
"2931","15To19","FullTime"
"2932","15To19","FullTime"
"2933","15To19","FullTime"
"2934","15To19","FullTime"
"2935","15To19","FullTime"
"2936","15To19","FullTime"
"2937","15To19","FullTime"
"2938","15To19","FullTime"
"2939","15To19","FullTime"
"2940","15To19","FullTime"
"2941","15To19","FullTime"
"2942","15To19","FullTime"
"2943","15To19","FullTime"
"2944","15To19","FullTime"
"2945","15To19","FullTime"
"2946","15To19","FullTime"
"2947","15To19","FullTime"
"2948","15To19","FullTime"
"2949","15To19","FullTime"
"2950","15To19","FullTime"
"2951","15To19","FullTime"
"2952","15To19","FullTime"
"2953","15To19","FullTime"
"2954","15To19","FullTime"
"2955","15To19","FullTime"
"2956","15To19","FullTime"
"2957","15To19","FullTime"
"2958","15To19","FullTime"
"2959","15To19","FullTime"
"2960","15To19","FullTime"
"2961","15To19","FullTime"
"2962","15To19","FullTime"
"2963","15To19","FullTime"
"2964","15To19","FullTime"
"2965","15To19","FullTime"
"2966","15To19","FullTime"
"2967","15To19","FullTime"
"2968","15To19","FullTime"
"2969","15To19","FullTime"
"2970","15To19","FullTime"
"2971","15To19","FullTime"
"2972","15To19","FullTime"
"2973","15To19","FullTime"
"2974","15To19","FullTime"
"2975","15To19","FullTime"
"2976","15To19","FullTime"
"2977","15To19","FullTime"
"2978","15To19","FullTime"
"2979","15To19","FullTime"
"2980","15To19","FullTime"
"2981","15To19","FullTime"
"2982","15To19","FullTime"
"2983","15To19","FullTime"
"2984","15To19","FullTime"
"2985","15To19","FullTime"
"2986","15To19","FullTime"
"2987","15To19","FullTime"
"2988","15To19","FullTime"
"2989","15To19","FullTime"
"2990","15To19","FullTime"
"2991","15To19","FullTime"
"2992","15To19","FullTime"
"2993","15To19","FullTime"
"2994","15To19","FullTime"
"2995","15To19","FullTime"
"2996","15To19","FullTime"
"2997","15To19","FullTime"
"2998","15To19","FullTime"
"2999","15To19","FullTime"
"3000","15To19","FullTime"
"3001","15To19","FullTime"
"3002","15To19","FullTime"
"3003","15To19","FullTime"
"3004","15To19","FullTime"
"3005","15To19","FullTime"
"3006","15To19","FullTime"
"3007","15To19","FullTime"
"3008","15To19","FullTime"
"3009","15To19","FullTime"
"3010","15To19","FullTime"
"3011","15To19","FullTime"
"3012","15To19","FullTime"
"3013","15To19","FullTime"
"3014","15To19","FullTime"
"3015","15To19","FullTime"
"3016","15To19","FullTime"
"3017","15To19","FullTime"
"3018","15To19","FullTime"
"3019","15To19","FullTime"
"3020","15To19","FullTime"
"3021","15To19","FullTime"
"3022","15To19","FullTime"
"3023","15To19","FullTime"
"3024","15To19","FullTime"
"3025","15To19","FullTime"
"3026","15To19","FullTime"
"3027","15To19","FullTime"
"3028","15To19","FullTime"
"3029","15To19","FullTime"
"3030","15To19","FullTime"
"3031","15To19","FullTime"
"3032","15To19","FullTime"
"3033","15To19","FullTime"
"3034","15To19","FullTime"
"3035","15To19","FullTime"
"3036","15To19","FullTime"
"3037","15To19","FullTime"
"3038","15To19","FullTime"
"3039","15To19","FullTime"
"3040","15To19","FullTime"
"3041","15To19","FullTime"
"3042","15To19","FullTime"
"3043","15To19","FullTime"
"3044","15To19","FullTime"
"3045","15To19","FullTime"
"3046","15To19","FullTime"
"3047","15To19","FullTime"
"3048","15To19","FullTime"
"3049","15To19","FullTime"
"3050","15To19","FullTime"
"3051","15To19","FullTime"
"3052","15To19","FullTime"
"3053","15To19","FullTime"
"3054","15To19","FullTime"
"3055","15To19","FullTime"
"3056","15To19","FullTime"
"3057","15To19","FullTime"
"3058","15To19","FullTime"
"3059","15To19","FullTime"
"3060","15To19","FullTime"
"3061","15To19","FullTime"
"3062","15To19","FullTime"
"3063","15To19","FullTime"
"3064","15To19","FullTime"
"3065","15To19","FullTime"
"3066","15To19","FullTime"
"3067","15To19","FullTime"
"3068","15To19","FullTime"
"3069","15To19","FullTime"
"3070","15To19","FullTime"
"3071","15To19","FullTime"
"3072","15To19","FullTime"
"3073","15To19","FullTime"
"3074","15To19","FullTime"
"3075","15To19","FullTime"
"3076","15To19","FullTime"
"3077","15To19","FullTime"
"3078","15To19","FullTime"
"3079","15To19","FullTime"
"3080","15To19","FullTime"
"3081","15To19","FullTime"
"3082","15To19","FullTime"
"3083","15To19","FullTime"
"3084","15To19","FullTime"
"3085","15To19","FullTime"
"3086","15To19","FullTime"
"3087","15To19","FullTime"
"3088","15To19","FullTime"
"3089","15To19","FullTime"
"3090","15To19","FullTime"
"3091","15To19","FullTime"
"3092","15To19","FullTime"
"3093","15To19","FullTime"
"3094","15To19","FullTime"
"3095","15To19","FullTime"
"3096","15To19","FullTime"
"3097","15To19","FullTime"
"3098","15To19","FullTime"
"3099","15To19","FullTime"
"3100","15To19","FullTime"
"3101","15To19","FullTime"
"3102","15To19","FullTime"
"3103","15To19","FullTime"
"3104","15To19","FullTime"
"3105","15To19","FullTime"
"3106","15To19","FullTime"
"3107","15To19","FullTime"
"3108","15To19","FullTime"
"3109","15To19","FullTime"
"3110","15To19","FullTime"
"3111","15To19","FullTime"
"3112","15To19","FullTime"
"3113","15To19","FullTime"
"3114","15To19","FullTime"
"3115","15To19","FullTime"
"3116","15To19","FullTime"
"3117","15To19","FullTime"
"3118","15To19","FullTime"
"3119","15To19","FullTime"
"3120","15To19","FullTime"
"3121","15To19","FullTime"
"3122","15To19","FullTime"
"3123","15To19","FullTime"
"3124","15To19","FullTime"
"3125","15To19","FullTime"
"3126","15To19","FullTime"
"3127","15To19","FullTime"
"3128","15To19","FullTime"
"3129","15To19","FullTime"
"3130","15To19","FullTime"
"3131","15To19","FullTime"
"3132","15To19","FullTime"
"3133","15To19","FullTime"
"3134","15To19","FullTime"
"3135","15To19","FullTime"
"3136","15To19","FullTime"
"3137","15To19","FullTime"
"3138","15To19","FullTime"
"3139","15To19","FullTime"
"3140","15To19","FullTime"
"3141","15To19","FullTime"
"3142","15To19","FullTime"
"3143","15To19","FullTime"
"3144","15To19","FullTime"
"3145","15To19","FullTime"
"3146","15To19","FullTime"
"3147","15To19","FullTime"
"3148","15To19","FullTime"
"3149","15To19","FullTime"
"3150","15To19","FullTime"
"3151","15To19","FullTime"
"3152","15To19","FullTime"
"3153","15To19","FullTime"
"3154","15To19","FullTime"
"3155","15To19","FullTime"
"3156","15To19","FullTime"
"3157","15To19","FullTime"
"3158","15To19","FullTime"
"3159","15To19","FullTime"
"3160","15To19","FullTime"
"3161","15To19","FullTime"
"3162","15To19","FullTime"
"3163","15To19","FullTime"
"3164","15To19","FullTime"
"3165","15To19","FullTime"
"3166","15To19","FullTime"
"3167","15To19","FullTime"
"3168","15To19","FullTime"
"3169","15To19","FullTime"
"3170","15To19","FullTime"
"3171","15To19","FullTime"
"3172","15To19","FullTime"
"3173","15To19","FullTime"
"3174","15To19","FullTime"
"3175","15To19","FullTime"
"3176","15To19","FullTime"
"3177","15To19","FullTime"
"3178","15To19","FullTime"
"3179","15To19","FullTime"
"3180","15To19","FullTime"
"3181","15To19","FullTime"
"3182","15To19","FullTime"
"3183","15To19","FullTime"
"3184","15To19","FullTime"
"3185","15To19","FullTime"
"3186","15To19","FullTime"
"3187","15To19","FullTime"
"3188","15To19","FullTime"
"3189","15To19","FullTime"
"3190","15To19","FullTime"
"3191","15To19","FullTime"
"3192","15To19","FullTime"
"3193","15To19","FullTime"
"3194","15To19","FullTime"
"3195","15To19","FullTime"
"3196","15To19","FullTime"
"3197","15To19","FullTime"
"3198","15To19","FullTime"
"3199","15To19","FullTime"
"3200","15To19","FullTime"
"3201","15To19","FullTime"
"3202","15To19","FullTime"
"3203","15To19","FullTime"
"3204","15To19","FullTime"
"3205","15To19","FullTime"
"3206","15To19","FullTime"
"3207","15To19","FullTime"
"3208","15To19","FullTime"
"3209","15To19","FullTime"
"3210","15To19","FullTime"
"3211","15To19","FullTime"
"3212","15To19","FullTime"
"3213","15To19","FullTime"
"3214","15To19","FullTime"
"3215","15To19","FullTime"
"3216","15To19","FullTime"
"3217","15To19","FullTime"
"3218","15To19","FullTime"
"3219","15To19","FullTime"
"3220","15To19","FullTime"
"3221","15To19","FullTime"
"3222","15To19","FullTime"
"3223","15To19","FullTime"
"3224","15To19","FullTime"
"3225","15To19","FullTime"
"3226","15To19","FullTime"
"3227","15To19","FullTime"
"3228","15To19","FullTime"
"3229","15To19","FullTime"
"3230","15To19","FullTime"
"3231","15To19","FullTime"
"3232","15To19","FullTime"
"3233","15To19","FullTime"
"3234","15To19","FullTime"
"3235","15To19","FullTime"
"3236","15To19","FullTime"
"3237","15To19","FullTime"
"3238","15To19","FullTime"
"3239","15To19","FullTime"
"3240","15To19","FullTime"
"3241","15To19","FullTime"
"3242","15To19","FullTime"
"3243","15To19","FullTime"
"3244","15To19","FullTime"
"3245","15To19","FullTime"
"3246","15To19","FullTime"
"3247","15To19","FullTime"
"3248","15To19","FullTime"
"3249","15To19","FullTime"
"3250","15To19","FullTime"
"3251","15To19","FullTime"
"3252","15To19","FullTime"
"3253","15To19","FullTime"
"3254","15To19","FullTime"
"3255","15To19","FullTime"
"3256","15To19","FullTime"
"3257","15To19","FullTime"
"3258","15To19","FullTime"
"3259","15To19","FullTime"
"3260","15To19","FullTime"
"3261","15To19","FullTime"
"3262","15To19","FullTime"
"3263","15To19","FullTime"
"3264","15To19","FullTime"
"3265","15To19","FullTime"
"3266","15To19","FullTime"
"3267","15To19","FullTime"
"3268","15To19","FullTime"
"3269","15To19","FullTime"
"3270","15To19","FullTime"
"3271","15To19","FullTime"
"3272","15To19","FullTime"
"3273","15To19","FullTime"
"3274","15To19","FullTime"
"3275","15To19","FullTime"
"3276","15To19","FullTime"
"3277","15To19","FullTime"
"3278","15To19","FullTime"
"3279","15To19","FullTime"
"3280","15To19","FullTime"
"3281","15To19","FullTime"
"3282","15To19","FullTime"
"3283","15To19","FullTime"
"3284","15To19","FullTime"
"3285","15To19","FullTime"
"3286","15To19","FullTime"
"3287","15To19","FullTime"
"3288","15To19","FullTime"
"3289","15To19","FullTime"
"3290","15To19","FullTime"
"3291","15To19","FullTime"
"3292","15To19","FullTime"
"3293","15To19","FullTime"
"3294","15To19","FullTime"
"3295","15To19","FullTime"
"3296","15To19","FullTime"
"3297","15To19","FullTime"
"3298","15To19","FullTime"
"3299","15To19","FullTime"
"3300","15To19","FullTime"
"3301","15To19","FullTime"
"3302","15To19","FullTime"
"3303","15To19","FullTime"
"3304","15To19","FullTime"
"3305","15To19","FullTime"
"3306","15To19","FullTime"
"3307","15To19","FullTime"
"3308","15To19","FullTime"
"3309","15To19","FullTime"
"3310","15To19","FullTime"
"3311","15To19","FullTime"
"3312","15To19","FullTime"
"3313","15To19","FullTime"
"3314","15To19","FullTime"
"3315","15To19","FullTime"
"3316","15To19","FullTime"
"3317","15To19","FullTime"
"3318","15To19","FullTime"
"3319","15To19","FullTime"
"3320","15To19","FullTime"
"3321","15To19","FullTime"
"3322","15To19","FullTime"
"3323","15To19","FullTime"
"3324","15To19","FullTime"
"3325","15To19","FullTime"
"3326","15To19","FullTime"
"3327","15To19","FullTime"
"3328","15To19","FullTime"
"3329","15To19","FullTime"
"3330","15To19","FullTime"
"3331","15To19","FullTime"
"3332","15To19","FullTime"
"3333","15To19","FullTime"
"3334","15To19","FullTime"
"3335","15To19","FullTime"
"3336","15To19","FullTime"
"3337","15To19","FullTime"
"3338","15To19","FullTime"
"3339","15To19","FullTime"
"3340","15To19","FullTime"
"3341","15To19","FullTime"
"3342","15To19","FullTime"
"3343","15To19","FullTime"
"3344","15To19","FullTime"
"3345","15To19","FullTime"
"3346","15To19","FullTime"
"3347","15To19","FullTime"
"3348","15To19","FullTime"
"3349","15To19","FullTime"
"3350","15To19","FullTime"
"3351","15To19","FullTime"
"3352","15To19","FullTime"
"3353","15To19","FullTime"
"3354","15To19","FullTime"
"3355","15To19","FullTime"
"3356","15To19","FullTime"
"3357","15To19","FullTime"
"3358","15To19","FullTime"
"3359","15To19","FullTime"
"3360","15To19","FullTime"
"3361","15To19","FullTime"
"3362","15To19","FullTime"
"3363","15To19","FullTime"
"3364","15To19","FullTime"
"3365","15To19","FullTime"
"3366","15To19","FullTime"
"3367","15To19","FullTime"
"3368","15To19","FullTime"
"3369","15To19","FullTime"
"3370","15To19","FullTime"
"3371","15To19","FullTime"
"3372","15To19","FullTime"
"3373","15To19","FullTime"
"3374","15To19","FullTime"
"3375","15To19","FullTime"
"3376","15To19","FullTime"
"3377","15To19","FullTime"
"3378","15To19","FullTime"
"3379","15To19","FullTime"
"3380","15To19","FullTime"
"3381","15To19","FullTime"
"3382","15To19","FullTime"
"3383","15To19","FullTime"
"3384","15To19","FullTime"
"3385","15To19","FullTime"
"3386","15To19","FullTime"
"3387","15To19","FullTime"
"3388","15To19","FullTime"
"3389","15To19","PartTime"
"3390","15To19","PartTime"
"3391","15To19","PartTime"
"3392","15To19","PartTime"
"3393","15To19","PartTime"
"3394","15To19","PartTime"
"3395","15To19","PartTime"
"3396","15To19","PartTime"
"3397","15To19","PartTime"
"3398","15To19","PartTime"
"3399","15To19","PartTime"
"3400","15To19","PartTime"
"3401","15To19","PartTime"
"3402","15To19","PartTime"
"3403","15To19","PartTime"
"3404","15To19","PartTime"
"3405","15To19","PartTime"
"3406","15To19","PartTime"
"3407","15To19","PartTime"
"3408","15To19","PartTime"
"3409","15To19","PartTime"
"3410","15To19","PartTime"
"3411","15To19","PartTime"
"3412","15To19","PartTime"
"3413","15To19","PartTime"
"3414","15To19","PartTime"
"3415","15To19","PartTime"
"3416","15To19","PartTime"
"3417","15To19","PartTime"
"3418","15To19","PartTime"
"3419","15To19","PartTime"
"3420","15To19","PartTime"
"3421","15To19","PartTime"
"3422","15To19","PartTime"
"3423","15To19","PartTime"
"3424","15To19","PartTime"
"3425","15To19","PartTime"
"3426","15To19","PartTime"
"3427","15To19","PartTime"
"3428","15To19","PartTime"
"3429","15To19","PartTime"
"3430","15To19","PartTime"
"3431","15To19","PartTime"
"3432","15To19","PartTime"
"3433","15To19","PartTime"
"3434","15To19","PartTime"
"3435","15To19","PartTime"
"3436","15To19","PartTime"
"3437","15To19","PartTime"
"3438","15To19","PartTime"
"3439","15To19","PartTime"
"3440","15To19","PartTime"
"3441","15To19","PartTime"
"3442","15To19","PartTime"
"3443","15To19","PartTime"
"3444","15To19","PartTime"
"3445","15To19","PartTime"
"3446","15To19","PartTime"
"3447","15To19","PartTime"
"3448","15To19","PartTime"
"3449","15To19","PartTime"
"3450","15To19","PartTime"
"3451","15To19","PartTime"
"3452","15To19","PartTime"
"3453","15To19","PartTime"
"3454","15To19","PartTime"
"3455","15To19","PartTime"
"3456","15To19","PartTime"
"3457","15To19","PartTime"
"3458","15To19","PartTime"
"3459","15To19","PartTime"
"3460","15To19","PartTime"
"3461","15To19","PartTime"
"3462","15To19","PartTime"
"3463","15To19","PartTime"
"3464","15To19","PartTime"
"3465","15To19","PartTime"
"3466","15To19","PartTime"
"3467","15To19","PartTime"
"3468","15To19","PartTime"
"3469","15To19","PartTime"
"3470","15To19","PartTime"
"3471","15To19","PartTime"
"3472","15To19","PartTime"
"3473","15To19","PartTime"
"3474","15To19","PartTime"
"3475","15To19","PartTime"
"3476","15To19","PartTime"
"3477","15To19","PartTime"
"3478","15To19","PartTime"
"3479","15To19","PartTime"
"3480","15To19","PartTime"
"3481","15To19","PartTime"
"3482","15To19","PartTime"
"3483","15To19","PartTime"
"3484","15To19","PartTime"
"3485","15To19","PartTime"
"3486","15To19","PartTime"
"3487","15To19","PartTime"
"3488","15To19","PartTime"
"3489","15To19","PartTime"
"3490","15To19","PartTime"
"3491","15To19","PartTime"
"3492","15To19","PartTime"
"3493","15To19","PartTime"
"3494","15To19","PartTime"
"3495","15To19","PartTime"
"3496","15To19","PartTime"
"3497","15To19","PartTime"
"3498","15To19","PartTime"
"3499","15To19","PartTime"
"3500","15To19","PartTime"
"3501","15To19","PartTime"
"3502","15To19","PartTime"
"3503","15To19","PartTime"
"3504","15To19","PartTime"
"3505","15To19","PartTime"
"3506","15To19","PartTime"
"3507","15To19","PartTime"
"3508","15To19","PartTime"
"3509","15To19","PartTime"
"3510","15To19","PartTime"
"3511","15To19","PartTime"
"3512","15To19","PartTime"
"3513","15To19","PartTime"
"3514","15To19","PartTime"
"3515","15To19","PartTime"
"3516","15To19","PartTime"
"3517","15To19","PartTime"
"3518","15To19","PartTime"
"3519","15To19","PartTime"
"3520","15To19","PartTime"
"3521","15To19","PartTime"
"3522","15To19","PartTime"
"3523","15To19","PartTime"
"3524","15To19","PartTime"
"3525","15To19","PartTime"
"3526","15To19","PartTime"
"3527","15To19","PartTime"
"3528","15To19","PartTime"
"3529","15To19","PartTime"
"3530","15To19","PartTime"
"3531","15To19","PartTime"
"3532","15To19","PartTime"
"3533","15To19","PartTime"
"3534","15To19","PartTime"
"3535","15To19","PartTime"
"3536","15To19","PartTime"
"3537","15To19","PartTime"
"3538","15To19","PartTime"
"3539","15To19","PartTime"
"3540","15To19","PartTime"
"3541","15To19","PartTime"
"3542","15To19","PartTime"
"3543","15To19","PartTime"
"3544","15To19","PartTime"
"3545","15To19","PartTime"
"3546","15To19","PartTime"
"3547","15To19","PartTime"
"3548","15To19","PartTime"
"3549","15To19","PartTime"
"3550","15To19","PartTime"
"3551","15To19","PartTime"
"3552","15To19","PartTime"
"3553","15To19","PartTime"
"3554","15To19","PartTime"
"3555","15To19","PartTime"
"3556","15To19","PartTime"
"3557","15To19","PartTime"
"3558","15To19","PartTime"
"3559","15To19","PartTime"
"3560","15To19","PartTime"
"3561","15To19","PartTime"
"3562","15To19","PartTime"
"3563","15To19","PartTime"
"3564","15To19","PartTime"
"3565","15To19","PartTime"
"3566","15To19","PartTime"
"3567","15To19","PartTime"
"3568","15To19","PartTime"
"3569","15To19","PartTime"
"3570","15To19","PartTime"
"3571","15To19","PartTime"
"3572","15To19","PartTime"
"3573","15To19","PartTime"
"3574","15To19","PartTime"
"3575","15To19","PartTime"
"3576","15To19","PartTime"
"3577","15To19","PartTime"
"3578","15To19","PartTime"
"3579","15To19","PartTime"
"3580","15To19","PartTime"
"3581","15To19","PartTime"
"3582","15To19","PartTime"
"3583","15To19","PartTime"
"3584","15To19","PartTime"
"3585","15To19","PartTime"
"3586","15To19","PartTime"
"3587","15To19","PartTime"
"3588","15To19","PartTime"
"3589","15To19","PartTime"
"3590","15To19","PartTime"
"3591","15To19","PartTime"
"3592","15To19","PartTime"
"3593","15To19","PartTime"
"3594","15To19","PartTime"
"3595","15To19","PartTime"
"3596","15To19","PartTime"
"3597","15To19","PartTime"
"3598","15To19","PartTime"
"3599","15To19","PartTime"
"3600","15To19","PartTime"
"3601","15To19","PartTime"
"3602","15To19","PartTime"
"3603","15To19","PartTime"
"3604","15To19","PartTime"
"3605","15To19","PartTime"
"3606","15To19","PartTime"
"3607","15To19","PartTime"
"3608","15To19","PartTime"
"3609","15To19","PartTime"
"3610","15To19","PartTime"
"3611","15To19","PartTime"
"3612","15To19","PartTime"
"3613","15To19","PartTime"
"3614","15To19","PartTime"
"3615","15To19","PartTime"
"3616","15To19","PartTime"
"3617","15To19","PartTime"
"3618","15To19","PartTime"
"3619","15To19","PartTime"
"3620","15To19","PartTime"
"3621","15To19","PartTime"
"3622","15To19","PartTime"
"3623","15To19","PartTime"
"3624","15To19","PartTime"
"3625","15To19","PartTime"
"3626","15To19","PartTime"
"3627","15To19","PartTime"
"3628","15To19","PartTime"
"3629","15To19","PartTime"
"3630","15To19","PartTime"
"3631","15To19","PartTime"
"3632","15To19","PartTime"
"3633","15To19","PartTime"
"3634","15To19","PartTime"
"3635","15To19","PartTime"
"3636","15To19","PartTime"
"3637","15To19","PartTime"
"3638","15To19","PartTime"
"3639","15To19","PartTime"
"3640","15To19","PartTime"
"3641","15To19","PartTime"
"3642","15To19","PartTime"
"3643","15To19","PartTime"
"3644","15To19","PartTime"
"3645","15To19","PartTime"
"3646","15To19","PartTime"
"3647","15To19","PartTime"
"3648","15To19","PartTime"
"3649","15To19","PartTime"
"3650","15To19","PartTime"
"3651","15To19","PartTime"
"3652","15To19","PartTime"
"3653","15To19","PartTime"
"3654","15To19","PartTime"
"3655","15To19","PartTime"
"3656","15To19","PartTime"
"3657","15To19","PartTime"
"3658","15To19","PartTime"
"3659","15To19","PartTime"
"3660","15To19","PartTime"
"3661","15To19","PartTime"
"3662","15To19","PartTime"
"3663","15To19","PartTime"
"3664","15To19","PartTime"
"3665","15To19","PartTime"
"3666","15To19","PartTime"
"3667","15To19","PartTime"
"3668","15To19","PartTime"
"3669","15To19","PartTime"
"3670","15To19","PartTime"
"3671","15To19","PartTime"
"3672","15To19","PartTime"
"3673","15To19","PartTime"
"3674","15To19","PartTime"
"3675","15To19","PartTime"
"3676","15To19","PartTime"
"3677","15To19","PartTime"
"3678","15To19","PartTime"
"3679","15To19","PartTime"
"3680","15To19","PartTime"
"3681","15To19","PartTime"
"3682","15To19","PartTime"
"3683","15To19","PartTime"
"3684","15To19","PartTime"
"3685","15To19","PartTime"
"3686","15To19","PartTime"
"3687","15To19","PartTime"
"3688","15To19","PartTime"
"3689","15To19","PartTime"
"3690","15To19","PartTime"
"3691","15To19","PartTime"
"3692","15To19","PartTime"
"3693","15To19","PartTime"
"3694","15To19","PartTime"
"3695","15To19","PartTime"
"3696","15To19","PartTime"
"3697","15To19","PartTime"
"3698","15To19","PartTime"
"3699","15To19","PartTime"
"3700","15To19","PartTime"
"3701","15To19","PartTime"
"3702","15To19","PartTime"
"3703","15To19","PartTime"
"3704","15To19","PartTime"
"3705","15To19","PartTime"
"3706","15To19","PartTime"
"3707","15To19","PartTime"
"3708","15To19","PartTime"
"3709","15To19","PartTime"
"3710","15To19","PartTime"
"3711","15To19","PartTime"
"3712","15To19","PartTime"
"3713","15To19","PartTime"
"3714","15To19","PartTime"
"3715","15To19","PartTime"
"3716","15To19","PartTime"
"3717","15To19","PartTime"
"3718","15To19","PartTime"
"3719","15To19","PartTime"
"3720","15To19","PartTime"
"3721","15To19","PartTime"
"3722","15To19","PartTime"
"3723","15To19","PartTime"
"3724","15To19","PartTime"
"3725","15To19","PartTime"
"3726","15To19","PartTime"
"3727","15To19","PartTime"
"3728","15To19","PartTime"
"3729","15To19","PartTime"
"3730","15To19","PartTime"
"3731","15To19","PartTime"
"3732","15To19","PartTime"
"3733","15To19","PartTime"
"3734","15To19","PartTime"
"3735","15To19","PartTime"
"3736","15To19","PartTime"
"3737","15To19","PartTime"
"3738","15To19","PartTime"
"3739","15To19","PartTime"
"3740","15To19","PartTime"
"3741","15To19","PartTime"
"3742","15To19","PartTime"
"3743","15To19","PartTime"
"3744","15To19","PartTime"
"3745","15To19","PartTime"
"3746","15To19","PartTime"
"3747","15To19","PartTime"
"3748","15To19","PartTime"
"3749","15To19","PartTime"
"3750","15To19","PartTime"
"3751","15To19","PartTime"
"3752","15To19","PartTime"
"3753","15To19","PartTime"
"3754","15To19","PartTime"
"3755","15To19","PartTime"
"3756","15To19","PartTime"
"3757","15To19","PartTime"
"3758","15To19","PartTime"
"3759","15To19","PartTime"
"3760","15To19","PartTime"
"3761","15To19","PartTime"
"3762","15To19","PartTime"
"3763","15To19","PartTime"
"3764","15To19","PartTime"
"3765","15To19","PartTime"
"3766","15To19","PartTime"
"3767","15To19","PartTime"
"3768","15To19","PartTime"
"3769","15To19","PartTime"
"3770","15To19","PartTime"
"3771","15To19","PartTime"
"3772","15To19","PartTime"
"3773","15To19","PartTime"
"3774","15To19","PartTime"
"3775","15To19","PartTime"
"3776","15To19","PartTime"
"3777","15To19","PartTime"
"3778","20To24","FullTime"
"3779","20To24","FullTime"
"3780","20To24","FullTime"
"3781","20To24","FullTime"
"3782","20To24","FullTime"
"3783","20To24","FullTime"
"3784","20To24","FullTime"
"3785","20To24","FullTime"
"3786","20To24","FullTime"
"3787","20To24","FullTime"
"3788","20To24","FullTime"
"3789","20To24","FullTime"
"3790","20To24","FullTime"
"3791","20To24","FullTime"
"3792","20To24","FullTime"
"3793","20To24","FullTime"
"3794","20To24","FullTime"
"3795","20To24","FullTime"
"3796","20To24","FullTime"
"3797","20To24","FullTime"
"3798","20To24","FullTime"
"3799","20To24","FullTime"
"3800","20To24","FullTime"
"3801","20To24","FullTime"
"3802","20To24","FullTime"
"3803","20To24","FullTime"
"3804","20To24","FullTime"
"3805","20To24","FullTime"
"3806","20To24","FullTime"
"3807","20To24","FullTime"
"3808","20To24","FullTime"
"3809","20To24","FullTime"
"3810","20To24","FullTime"
"3811","20To24","FullTime"
"3812","20To24","FullTime"
"3813","20To24","FullTime"
"3814","20To24","FullTime"
"3815","20To24","FullTime"
"3816","20To24","FullTime"
"3817","20To24","FullTime"
"3818","20To24","FullTime"
"3819","20To24","FullTime"
"3820","20To24","FullTime"
"3821","20To24","FullTime"
"3822","20To24","FullTime"
"3823","20To24","FullTime"
"3824","20To24","FullTime"
"3825","20To24","FullTime"
"3826","20To24","FullTime"
"3827","20To24","FullTime"
"3828","20To24","FullTime"
"3829","20To24","FullTime"
"3830","20To24","FullTime"
"3831","20To24","FullTime"
"3832","20To24","FullTime"
"3833","20To24","FullTime"
"3834","20To24","FullTime"
"3835","20To24","FullTime"
"3836","20To24","FullTime"
"3837","20To24","FullTime"
"3838","20To24","FullTime"
"3839","20To24","FullTime"
"3840","20To24","FullTime"
"3841","20To24","FullTime"
"3842","20To24","FullTime"
"3843","20To24","FullTime"
"3844","20To24","FullTime"
"3845","20To24","FullTime"
"3846","20To24","FullTime"
"3847","20To24","FullTime"
"3848","20To24","FullTime"
"3849","20To24","FullTime"
"3850","20To24","FullTime"
"3851","20To24","FullTime"
"3852","20To24","FullTime"
"3853","20To24","FullTime"
"3854","20To24","FullTime"
"3855","20To24","FullTime"
"3856","20To24","FullTime"
"3857","20To24","FullTime"
"3858","20To24","FullTime"
"3859","20To24","FullTime"
"3860","20To24","FullTime"
"3861","20To24","FullTime"
"3862","20To24","FullTime"
"3863","20To24","FullTime"
"3864","20To24","FullTime"
"3865","20To24","FullTime"
"3866","20To24","FullTime"
"3867","20To24","FullTime"
"3868","20To24","FullTime"
"3869","20To24","FullTime"
"3870","20To24","FullTime"
"3871","20To24","FullTime"
"3872","20To24","FullTime"
"3873","20To24","FullTime"
"3874","20To24","FullTime"
"3875","20To24","FullTime"
"3876","20To24","FullTime"
"3877","20To24","FullTime"
"3878","20To24","FullTime"
"3879","20To24","FullTime"
"3880","20To24","FullTime"
"3881","20To24","FullTime"
"3882","20To24","FullTime"
"3883","20To24","FullTime"
"3884","20To24","FullTime"
"3885","20To24","FullTime"
"3886","20To24","FullTime"
"3887","20To24","FullTime"
"3888","20To24","FullTime"
"3889","20To24","FullTime"
"3890","20To24","FullTime"
"3891","20To24","FullTime"
"3892","20To24","FullTime"
"3893","20To24","FullTime"
"3894","20To24","FullTime"
"3895","20To24","FullTime"
"3896","20To24","FullTime"
"3897","20To24","FullTime"
"3898","20To24","FullTime"
"3899","20To24","FullTime"
"3900","20To24","FullTime"
"3901","20To24","FullTime"
"3902","20To24","FullTime"
"3903","20To24","FullTime"
"3904","20To24","FullTime"
"3905","20To24","FullTime"
"3906","20To24","FullTime"
"3907","20To24","FullTime"
"3908","20To24","FullTime"
"3909","20To24","FullTime"
"3910","20To24","FullTime"
"3911","20To24","FullTime"
"3912","20To24","FullTime"
"3913","20To24","FullTime"
"3914","20To24","FullTime"
"3915","20To24","FullTime"
"3916","20To24","FullTime"
"3917","20To24","FullTime"
"3918","20To24","FullTime"
"3919","20To24","FullTime"
"3920","20To24","FullTime"
"3921","20To24","FullTime"
"3922","20To24","FullTime"
"3923","20To24","FullTime"
"3924","20To24","FullTime"
"3925","20To24","FullTime"
"3926","20To24","FullTime"
"3927","20To24","FullTime"
"3928","20To24","FullTime"
"3929","20To24","FullTime"
"3930","20To24","FullTime"
"3931","20To24","FullTime"
"3932","20To24","FullTime"
"3933","20To24","FullTime"
"3934","20To24","FullTime"
"3935","20To24","FullTime"
"3936","20To24","FullTime"
"3937","20To24","FullTime"
"3938","20To24","FullTime"
"3939","20To24","FullTime"
"3940","20To24","FullTime"
"3941","20To24","FullTime"
"3942","20To24","FullTime"
"3943","20To24","FullTime"
"3944","20To24","FullTime"
"3945","20To24","FullTime"
"3946","20To24","FullTime"
"3947","20To24","FullTime"
"3948","20To24","FullTime"
"3949","20To24","FullTime"
"3950","20To24","FullTime"
"3951","20To24","FullTime"
"3952","20To24","FullTime"
"3953","20To24","FullTime"
"3954","20To24","FullTime"
"3955","20To24","FullTime"
"3956","20To24","FullTime"
"3957","20To24","FullTime"
"3958","20To24","FullTime"
"3959","20To24","FullTime"
"3960","20To24","FullTime"
"3961","20To24","FullTime"
"3962","20To24","FullTime"
"3963","20To24","FullTime"
"3964","20To24","FullTime"
"3965","20To24","FullTime"
"3966","20To24","FullTime"
"3967","20To24","FullTime"
"3968","20To24","FullTime"
"3969","20To24","FullTime"
"3970","20To24","FullTime"
"3971","20To24","FullTime"
"3972","20To24","FullTime"
"3973","20To24","FullTime"
"3974","20To24","FullTime"
"3975","20To24","FullTime"
"3976","20To24","FullTime"
"3977","20To24","FullTime"
"3978","20To24","FullTime"
"3979","20To24","FullTime"
"3980","20To24","FullTime"
"3981","20To24","FullTime"
"3982","20To24","FullTime"
"3983","20To24","FullTime"
"3984","20To24","FullTime"
"3985","20To24","FullTime"
"3986","20To24","FullTime"
"3987","20To24","FullTime"
"3988","20To24","FullTime"
"3989","20To24","FullTime"
"3990","20To24","FullTime"
"3991","20To24","FullTime"
"3992","20To24","FullTime"
"3993","20To24","FullTime"
"3994","20To24","FullTime"
"3995","20To24","FullTime"
"3996","20To24","FullTime"
"3997","20To24","FullTime"
"3998","20To24","FullTime"
"3999","20To24","FullTime"
"4000","20To24","FullTime"
"4001","20To24","FullTime"
"4002","20To24","FullTime"
"4003","20To24","FullTime"
"4004","20To24","FullTime"
"4005","20To24","FullTime"
"4006","20To24","FullTime"
"4007","20To24","FullTime"
"4008","20To24","FullTime"
"4009","20To24","FullTime"
"4010","20To24","FullTime"
"4011","20To24","FullTime"
"4012","20To24","FullTime"
"4013","20To24","FullTime"
"4014","20To24","FullTime"
"4015","20To24","FullTime"
"4016","20To24","FullTime"
"4017","20To24","FullTime"
"4018","20To24","FullTime"
"4019","20To24","FullTime"
"4020","20To24","FullTime"
"4021","20To24","FullTime"
"4022","20To24","FullTime"
"4023","20To24","FullTime"
"4024","20To24","FullTime"
"4025","20To24","FullTime"
"4026","20To24","FullTime"
"4027","20To24","FullTime"
"4028","20To24","FullTime"
"4029","20To24","FullTime"
"4030","20To24","FullTime"
"4031","20To24","FullTime"
"4032","20To24","FullTime"
"4033","20To24","FullTime"
"4034","20To24","FullTime"
"4035","20To24","FullTime"
"4036","20To24","FullTime"
"4037","20To24","FullTime"
"4038","20To24","FullTime"
"4039","20To24","FullTime"
"4040","20To24","FullTime"
"4041","20To24","FullTime"
"4042","20To24","FullTime"
"4043","20To24","FullTime"
"4044","20To24","FullTime"
"4045","20To24","FullTime"
"4046","20To24","FullTime"
"4047","20To24","FullTime"
"4048","20To24","FullTime"
"4049","20To24","FullTime"
"4050","20To24","FullTime"
"4051","20To24","FullTime"
"4052","20To24","FullTime"
"4053","20To24","FullTime"
"4054","20To24","FullTime"
"4055","20To24","FullTime"
"4056","20To24","FullTime"
"4057","20To24","FullTime"
"4058","20To24","FullTime"
"4059","20To24","FullTime"
"4060","20To24","FullTime"
"4061","20To24","FullTime"
"4062","20To24","FullTime"
"4063","20To24","FullTime"
"4064","20To24","FullTime"
"4065","20To24","FullTime"
"4066","20To24","FullTime"
"4067","20To24","FullTime"
"4068","20To24","FullTime"
"4069","20To24","FullTime"
"4070","20To24","FullTime"
"4071","20To24","FullTime"
"4072","20To24","FullTime"
"4073","20To24","FullTime"
"4074","20To24","FullTime"
"4075","20To24","FullTime"
"4076","20To24","FullTime"
"4077","20To24","FullTime"
"4078","20To24","FullTime"
"4079","20To24","FullTime"
"4080","20To24","FullTime"
"4081","20To24","FullTime"
"4082","20To24","FullTime"
"4083","20To24","FullTime"
"4084","20To24","FullTime"
"4085","20To24","FullTime"
"4086","20To24","FullTime"
"4087","20To24","FullTime"
"4088","20To24","FullTime"
"4089","20To24","FullTime"
"4090","20To24","FullTime"
"4091","20To24","FullTime"
"4092","20To24","FullTime"
"4093","20To24","FullTime"
"4094","20To24","FullTime"
"4095","20To24","FullTime"
"4096","20To24","FullTime"
"4097","20To24","FullTime"
"4098","20To24","FullTime"
"4099","20To24","FullTime"
"4100","20To24","FullTime"
"4101","20To24","FullTime"
"4102","20To24","FullTime"
"4103","20To24","FullTime"
"4104","20To24","FullTime"
"4105","20To24","FullTime"
"4106","20To24","FullTime"
"4107","20To24","FullTime"
"4108","20To24","FullTime"
"4109","20To24","FullTime"
"4110","20To24","FullTime"
"4111","20To24","FullTime"
"4112","20To24","FullTime"
"4113","20To24","FullTime"
"4114","20To24","FullTime"
"4115","20To24","FullTime"
"4116","20To24","FullTime"
"4117","20To24","FullTime"
"4118","20To24","FullTime"
"4119","20To24","FullTime"
"4120","20To24","FullTime"
"4121","20To24","FullTime"
"4122","20To24","FullTime"
"4123","20To24","FullTime"
"4124","20To24","FullTime"
"4125","20To24","FullTime"
"4126","20To24","FullTime"
"4127","20To24","FullTime"
"4128","20To24","FullTime"
"4129","20To24","FullTime"
"4130","20To24","FullTime"
"4131","20To24","FullTime"
"4132","20To24","FullTime"
"4133","20To24","FullTime"
"4134","20To24","FullTime"
"4135","20To24","FullTime"
"4136","20To24","FullTime"
"4137","20To24","FullTime"
"4138","20To24","FullTime"
"4139","20To24","FullTime"
"4140","20To24","FullTime"
"4141","20To24","FullTime"
"4142","20To24","FullTime"
"4143","20To24","FullTime"
"4144","20To24","FullTime"
"4145","20To24","FullTime"
"4146","20To24","FullTime"
"4147","20To24","FullTime"
"4148","20To24","FullTime"
"4149","20To24","FullTime"
"4150","20To24","FullTime"
"4151","20To24","FullTime"
"4152","20To24","FullTime"
"4153","20To24","FullTime"
"4154","20To24","FullTime"
"4155","20To24","FullTime"
"4156","20To24","FullTime"
"4157","20To24","FullTime"
"4158","20To24","FullTime"
"4159","20To24","FullTime"
"4160","20To24","FullTime"
"4161","20To24","FullTime"
"4162","20To24","FullTime"
"4163","20To24","FullTime"
"4164","20To24","FullTime"
"4165","20To24","FullTime"
"4166","20To24","FullTime"
"4167","20To24","FullTime"
"4168","20To24","FullTime"
"4169","20To24","FullTime"
"4170","20To24","FullTime"
"4171","20To24","FullTime"
"4172","20To24","FullTime"
"4173","20To24","FullTime"
"4174","20To24","FullTime"
"4175","20To24","FullTime"
"4176","20To24","FullTime"
"4177","20To24","FullTime"
"4178","20To24","FullTime"
"4179","20To24","FullTime"
"4180","20To24","FullTime"
"4181","20To24","FullTime"
"4182","20To24","FullTime"
"4183","20To24","FullTime"
"4184","20To24","FullTime"
"4185","20To24","FullTime"
"4186","20To24","FullTime"
"4187","20To24","FullTime"
"4188","20To24","FullTime"
"4189","20To24","FullTime"
"4190","20To24","FullTime"
"4191","20To24","FullTime"
"4192","20To24","FullTime"
"4193","20To24","FullTime"
"4194","20To24","FullTime"
"4195","20To24","FullTime"
"4196","20To24","FullTime"
"4197","20To24","FullTime"
"4198","20To24","FullTime"
"4199","20To24","FullTime"
"4200","20To24","FullTime"
"4201","20To24","FullTime"
"4202","20To24","FullTime"
"4203","20To24","FullTime"
"4204","20To24","FullTime"
"4205","20To24","FullTime"
"4206","20To24","FullTime"
"4207","20To24","FullTime"
"4208","20To24","FullTime"
"4209","20To24","FullTime"
"4210","20To24","FullTime"
"4211","20To24","FullTime"
"4212","20To24","FullTime"
"4213","20To24","FullTime"
"4214","20To24","FullTime"
"4215","20To24","FullTime"
"4216","20To24","FullTime"
"4217","20To24","FullTime"
"4218","20To24","FullTime"
"4219","20To24","FullTime"
"4220","20To24","FullTime"
"4221","20To24","FullTime"
"4222","20To24","FullTime"
"4223","20To24","FullTime"
"4224","20To24","FullTime"
"4225","20To24","FullTime"
"4226","20To24","FullTime"
"4227","20To24","FullTime"
"4228","20To24","FullTime"
"4229","20To24","FullTime"
"4230","20To24","FullTime"
"4231","20To24","FullTime"
"4232","20To24","FullTime"
"4233","20To24","FullTime"
"4234","20To24","FullTime"
"4235","20To24","FullTime"
"4236","20To24","FullTime"
"4237","20To24","FullTime"
"4238","20To24","FullTime"
"4239","20To24","FullTime"
"4240","20To24","FullTime"
"4241","20To24","FullTime"
"4242","20To24","FullTime"
"4243","20To24","FullTime"
"4244","20To24","FullTime"
"4245","20To24","FullTime"
"4246","20To24","FullTime"
"4247","20To24","FullTime"
"4248","20To24","FullTime"
"4249","20To24","FullTime"
"4250","20To24","FullTime"
"4251","20To24","FullTime"
"4252","20To24","FullTime"
"4253","20To24","FullTime"
"4254","20To24","FullTime"
"4255","20To24","FullTime"
"4256","20To24","FullTime"
"4257","20To24","FullTime"
"4258","20To24","FullTime"
"4259","20To24","FullTime"
"4260","20To24","FullTime"
"4261","20To24","FullTime"
"4262","20To24","FullTime"
"4263","20To24","FullTime"
"4264","20To24","FullTime"
"4265","20To24","FullTime"
"4266","20To24","FullTime"
"4267","20To24","FullTime"
"4268","20To24","FullTime"
"4269","20To24","FullTime"
"4270","20To24","FullTime"
"4271","20To24","FullTime"
"4272","20To24","FullTime"
"4273","20To24","FullTime"
"4274","20To24","FullTime"
"4275","20To24","FullTime"
"4276","20To24","FullTime"
"4277","20To24","FullTime"
"4278","20To24","FullTime"
"4279","20To24","FullTime"
"4280","20To24","FullTime"
"4281","20To24","FullTime"
"4282","20To24","FullTime"
"4283","20To24","FullTime"
"4284","20To24","FullTime"
"4285","20To24","FullTime"
"4286","20To24","FullTime"
"4287","20To24","FullTime"
"4288","20To24","FullTime"
"4289","20To24","FullTime"
"4290","20To24","FullTime"
"4291","20To24","FullTime"
"4292","20To24","FullTime"
"4293","20To24","FullTime"
"4294","20To24","FullTime"
"4295","20To24","FullTime"
"4296","20To24","FullTime"
"4297","20To24","FullTime"
"4298","20To24","FullTime"
"4299","20To24","FullTime"
"4300","20To24","FullTime"
"4301","20To24","FullTime"
"4302","20To24","FullTime"
"4303","20To24","FullTime"
"4304","20To24","FullTime"
"4305","20To24","FullTime"
"4306","20To24","FullTime"
"4307","20To24","FullTime"
"4308","20To24","FullTime"
"4309","20To24","FullTime"
"4310","20To24","FullTime"
"4311","20To24","FullTime"
"4312","20To24","FullTime"
"4313","20To24","FullTime"
"4314","20To24","FullTime"
"4315","20To24","FullTime"
"4316","20To24","FullTime"
"4317","20To24","FullTime"
"4318","20To24","FullTime"
"4319","20To24","FullTime"
"4320","20To24","FullTime"
"4321","20To24","FullTime"
"4322","20To24","FullTime"
"4323","20To24","FullTime"
"4324","20To24","FullTime"
"4325","20To24","FullTime"
"4326","20To24","FullTime"
"4327","20To24","FullTime"
"4328","20To24","FullTime"
"4329","20To24","FullTime"
"4330","20To24","FullTime"
"4331","20To24","FullTime"
"4332","20To24","FullTime"
"4333","20To24","FullTime"
"4334","20To24","FullTime"
"4335","20To24","FullTime"
"4336","20To24","FullTime"
"4337","20To24","FullTime"
"4338","20To24","FullTime"
"4339","20To24","FullTime"
"4340","20To24","FullTime"
"4341","20To24","FullTime"
"4342","20To24","FullTime"
"4343","20To24","FullTime"
"4344","20To24","FullTime"
"4345","20To24","FullTime"
"4346","20To24","FullTime"
"4347","20To24","FullTime"
"4348","20To24","FullTime"
"4349","20To24","FullTime"
"4350","20To24","FullTime"
"4351","20To24","FullTime"
"4352","20To24","FullTime"
"4353","20To24","FullTime"
"4354","20To24","FullTime"
"4355","20To24","FullTime"
"4356","20To24","FullTime"
"4357","20To24","FullTime"
"4358","20To24","FullTime"
"4359","20To24","FullTime"
"4360","20To24","FullTime"
"4361","20To24","FullTime"
"4362","20To24","FullTime"
"4363","20To24","FullTime"
"4364","20To24","FullTime"
"4365","20To24","FullTime"
"4366","20To24","FullTime"
"4367","20To24","FullTime"
"4368","20To24","FullTime"
"4369","20To24","FullTime"
"4370","20To24","FullTime"
"4371","20To24","FullTime"
"4372","20To24","FullTime"
"4373","20To24","FullTime"
"4374","20To24","FullTime"
"4375","20To24","FullTime"
"4376","20To24","FullTime"
"4377","20To24","FullTime"
"4378","20To24","FullTime"
"4379","20To24","FullTime"
"4380","20To24","FullTime"
"4381","20To24","FullTime"
"4382","20To24","FullTime"
"4383","20To24","FullTime"
"4384","20To24","FullTime"
"4385","20To24","FullTime"
"4386","20To24","FullTime"
"4387","20To24","FullTime"
"4388","20To24","FullTime"
"4389","20To24","FullTime"
"4390","20To24","FullTime"
"4391","20To24","FullTime"
"4392","20To24","FullTime"
"4393","20To24","FullTime"
"4394","20To24","FullTime"
"4395","20To24","FullTime"
"4396","20To24","FullTime"
"4397","20To24","FullTime"
"4398","20To24","FullTime"
"4399","20To24","FullTime"
"4400","20To24","FullTime"
"4401","20To24","FullTime"
"4402","20To24","FullTime"
"4403","20To24","FullTime"
"4404","20To24","FullTime"
"4405","20To24","FullTime"
"4406","20To24","FullTime"
"4407","20To24","FullTime"
"4408","20To24","FullTime"
"4409","20To24","FullTime"
"4410","20To24","FullTime"
"4411","20To24","FullTime"
"4412","20To24","FullTime"
"4413","20To24","FullTime"
"4414","20To24","FullTime"
"4415","20To24","FullTime"
"4416","20To24","FullTime"
"4417","20To24","FullTime"
"4418","20To24","FullTime"
"4419","20To24","FullTime"
"4420","20To24","FullTime"
"4421","20To24","FullTime"
"4422","20To24","FullTime"
"4423","20To24","FullTime"
"4424","20To24","FullTime"
"4425","20To24","FullTime"
"4426","20To24","FullTime"
"4427","20To24","FullTime"
"4428","20To24","FullTime"
"4429","20To24","FullTime"
"4430","20To24","FullTime"
"4431","20To24","FullTime"
"4432","20To24","FullTime"
"4433","20To24","FullTime"
"4434","20To24","FullTime"
"4435","20To24","FullTime"
"4436","20To24","FullTime"
"4437","20To24","FullTime"
"4438","20To24","FullTime"
"4439","20To24","FullTime"
"4440","20To24","FullTime"
"4441","20To24","FullTime"
"4442","20To24","FullTime"
"4443","20To24","FullTime"
"4444","20To24","FullTime"
"4445","20To24","FullTime"
"4446","20To24","FullTime"
"4447","20To24","FullTime"
"4448","20To24","FullTime"
"4449","20To24","FullTime"
"4450","20To24","FullTime"
"4451","20To24","FullTime"
"4452","20To24","FullTime"
"4453","20To24","FullTime"
"4454","20To24","FullTime"
"4455","20To24","FullTime"
"4456","20To24","FullTime"
"4457","20To24","FullTime"
"4458","20To24","FullTime"
"4459","20To24","FullTime"
"4460","20To24","FullTime"
"4461","20To24","FullTime"
"4462","20To24","FullTime"
"4463","20To24","FullTime"
"4464","20To24","FullTime"
"4465","20To24","FullTime"
"4466","20To24","FullTime"
"4467","20To24","FullTime"
"4468","20To24","FullTime"
"4469","20To24","FullTime"
"4470","20To24","FullTime"
"4471","20To24","FullTime"
"4472","20To24","FullTime"
"4473","20To24","FullTime"
"4474","20To24","FullTime"
"4475","20To24","FullTime"
"4476","20To24","FullTime"
"4477","20To24","FullTime"
"4478","20To24","FullTime"
"4479","20To24","FullTime"
"4480","20To24","FullTime"
"4481","20To24","FullTime"
"4482","20To24","FullTime"
"4483","20To24","FullTime"
"4484","20To24","FullTime"
"4485","20To24","FullTime"
"4486","20To24","FullTime"
"4487","20To24","FullTime"
"4488","20To24","FullTime"
"4489","20To24","FullTime"
"4490","20To24","FullTime"
"4491","20To24","FullTime"
"4492","20To24","FullTime"
"4493","20To24","FullTime"
"4494","20To24","FullTime"
"4495","20To24","FullTime"
"4496","20To24","FullTime"
"4497","20To24","FullTime"
"4498","20To24","FullTime"
"4499","20To24","FullTime"
"4500","20To24","FullTime"
"4501","20To24","FullTime"
"4502","20To24","FullTime"
"4503","20To24","FullTime"
"4504","20To24","FullTime"
"4505","20To24","FullTime"
"4506","20To24","FullTime"
"4507","20To24","FullTime"
"4508","20To24","FullTime"
"4509","20To24","FullTime"
"4510","20To24","FullTime"
"4511","20To24","FullTime"
"4512","20To24","FullTime"
"4513","20To24","FullTime"
"4514","20To24","FullTime"
"4515","20To24","FullTime"
"4516","20To24","FullTime"
"4517","20To24","FullTime"
"4518","20To24","FullTime"
"4519","20To24","FullTime"
"4520","20To24","FullTime"
"4521","20To24","FullTime"
"4522","20To24","FullTime"
"4523","20To24","FullTime"
"4524","20To24","FullTime"
"4525","20To24","FullTime"
"4526","20To24","FullTime"
"4527","20To24","FullTime"
"4528","20To24","FullTime"
"4529","20To24","FullTime"
"4530","20To24","FullTime"
"4531","20To24","FullTime"
"4532","20To24","FullTime"
"4533","20To24","FullTime"
"4534","20To24","FullTime"
"4535","20To24","FullTime"
"4536","20To24","FullTime"
"4537","20To24","FullTime"
"4538","20To24","FullTime"
"4539","20To24","FullTime"
"4540","20To24","FullTime"
"4541","20To24","FullTime"
"4542","20To24","FullTime"
"4543","20To24","FullTime"
"4544","20To24","FullTime"
"4545","20To24","FullTime"
"4546","20To24","FullTime"
"4547","20To24","FullTime"
"4548","20To24","FullTime"
"4549","20To24","FullTime"
"4550","20To24","FullTime"
"4551","20To24","FullTime"
"4552","20To24","FullTime"
"4553","20To24","FullTime"
"4554","20To24","FullTime"
"4555","20To24","FullTime"
"4556","20To24","FullTime"
"4557","20To24","FullTime"
"4558","20To24","FullTime"
"4559","20To24","FullTime"
"4560","20To24","FullTime"
"4561","20To24","FullTime"
"4562","20To24","FullTime"
"4563","20To24","FullTime"
"4564","20To24","FullTime"
"4565","20To24","FullTime"
"4566","20To24","FullTime"
"4567","20To24","FullTime"
"4568","20To24","FullTime"
"4569","20To24","FullTime"
"4570","20To24","FullTime"
"4571","20To24","FullTime"
"4572","20To24","FullTime"
"4573","20To24","FullTime"
"4574","20To24","FullTime"
"4575","20To24","FullTime"
"4576","20To24","FullTime"
"4577","20To24","FullTime"
"4578","20To24","FullTime"
"4579","20To24","FullTime"
"4580","20To24","FullTime"
"4581","20To24","FullTime"
"4582","20To24","FullTime"
"4583","20To24","FullTime"
"4584","20To24","FullTime"
"4585","20To24","FullTime"
"4586","20To24","FullTime"
"4587","20To24","FullTime"
"4588","20To24","FullTime"
"4589","20To24","FullTime"
"4590","20To24","FullTime"
"4591","20To24","FullTime"
"4592","20To24","FullTime"
"4593","20To24","FullTime"
"4594","20To24","FullTime"
"4595","20To24","FullTime"
"4596","20To24","FullTime"
"4597","20To24","FullTime"
"4598","20To24","FullTime"
"4599","20To24","FullTime"
"4600","20To24","FullTime"
"4601","20To24","FullTime"
"4602","20To24","FullTime"
"4603","20To24","FullTime"
"4604","20To24","FullTime"
"4605","20To24","FullTime"
"4606","20To24","FullTime"
"4607","20To24","FullTime"
"4608","20To24","FullTime"
"4609","20To24","FullTime"
"4610","20To24","FullTime"
"4611","20To24","FullTime"
"4612","20To24","FullTime"
"4613","20To24","FullTime"
"4614","20To24","FullTime"
"4615","20To24","FullTime"
"4616","20To24","FullTime"
"4617","20To24","FullTime"
"4618","20To24","FullTime"
"4619","20To24","FullTime"
"4620","20To24","FullTime"
"4621","20To24","FullTime"
"4622","20To24","FullTime"
"4623","20To24","FullTime"
"4624","20To24","FullTime"
"4625","20To24","FullTime"
"4626","20To24","FullTime"
"4627","20To24","FullTime"
"4628","20To24","FullTime"
"4629","20To24","FullTime"
"4630","20To24","FullTime"
"4631","20To24","FullTime"
"4632","20To24","FullTime"
"4633","20To24","FullTime"
"4634","20To24","FullTime"
"4635","20To24","FullTime"
"4636","20To24","FullTime"
"4637","20To24","FullTime"
"4638","20To24","FullTime"
"4639","20To24","FullTime"
"4640","20To24","FullTime"
"4641","20To24","FullTime"
"4642","20To24","FullTime"
"4643","20To24","FullTime"
"4644","20To24","FullTime"
"4645","20To24","FullTime"
"4646","20To24","FullTime"
"4647","20To24","FullTime"
"4648","20To24","FullTime"
"4649","20To24","FullTime"
"4650","20To24","FullTime"
"4651","20To24","FullTime"
"4652","20To24","FullTime"
"4653","20To24","FullTime"
"4654","20To24","FullTime"
"4655","20To24","FullTime"
"4656","20To24","FullTime"
"4657","20To24","FullTime"
"4658","20To24","FullTime"
"4659","20To24","FullTime"
"4660","20To24","FullTime"
"4661","20To24","FullTime"
"4662","20To24","FullTime"
"4663","20To24","FullTime"
"4664","20To24","FullTime"
"4665","20To24","FullTime"
"4666","20To24","FullTime"
"4667","20To24","FullTime"
"4668","20To24","FullTime"
"4669","20To24","FullTime"
"4670","20To24","FullTime"
"4671","20To24","FullTime"
"4672","20To24","FullTime"
"4673","20To24","FullTime"
"4674","20To24","FullTime"
"4675","20To24","FullTime"
"4676","20To24","FullTime"
"4677","20To24","FullTime"
"4678","20To24","FullTime"
"4679","20To24","FullTime"
"4680","20To24","FullTime"
"4681","20To24","FullTime"
"4682","20To24","FullTime"
"4683","20To24","FullTime"
"4684","20To24","FullTime"
"4685","20To24","FullTime"
"4686","20To24","FullTime"
"4687","20To24","FullTime"
"4688","20To24","FullTime"
"4689","20To24","FullTime"
"4690","20To24","FullTime"
"4691","20To24","FullTime"
"4692","20To24","FullTime"
"4693","20To24","FullTime"
"4694","20To24","FullTime"
"4695","20To24","FullTime"
"4696","20To24","FullTime"
"4697","20To24","FullTime"
"4698","20To24","FullTime"
"4699","20To24","FullTime"
"4700","20To24","FullTime"
"4701","20To24","FullTime"
"4702","20To24","FullTime"
"4703","20To24","FullTime"
"4704","20To24","FullTime"
"4705","20To24","FullTime"
"4706","20To24","FullTime"
"4707","20To24","FullTime"
"4708","20To24","FullTime"
"4709","20To24","FullTime"
"4710","20To24","FullTime"
"4711","20To24","FullTime"
"4712","20To24","FullTime"
"4713","20To24","FullTime"
"4714","20To24","FullTime"
"4715","20To24","FullTime"
"4716","20To24","FullTime"
"4717","20To24","FullTime"
"4718","20To24","FullTime"
"4719","20To24","FullTime"
"4720","20To24","FullTime"
"4721","20To24","FullTime"
"4722","20To24","FullTime"
"4723","20To24","FullTime"
"4724","20To24","FullTime"
"4725","20To24","FullTime"
"4726","20To24","FullTime"
"4727","20To24","FullTime"
"4728","20To24","FullTime"
"4729","20To24","FullTime"
"4730","20To24","FullTime"
"4731","20To24","FullTime"
"4732","20To24","FullTime"
"4733","20To24","FullTime"
"4734","20To24","FullTime"
"4735","20To24","FullTime"
"4736","20To24","FullTime"
"4737","20To24","FullTime"
"4738","20To24","FullTime"
"4739","20To24","FullTime"
"4740","20To24","FullTime"
"4741","20To24","FullTime"
"4742","20To24","FullTime"
"4743","20To24","FullTime"
"4744","20To24","FullTime"
"4745","20To24","FullTime"
"4746","20To24","FullTime"
"4747","20To24","FullTime"
"4748","20To24","FullTime"
"4749","20To24","FullTime"
"4750","20To24","FullTime"
"4751","20To24","FullTime"
"4752","20To24","FullTime"
"4753","20To24","FullTime"
"4754","20To24","FullTime"
"4755","20To24","FullTime"
"4756","20To24","FullTime"
"4757","20To24","FullTime"
"4758","20To24","FullTime"
"4759","20To24","FullTime"
"4760","20To24","FullTime"
"4761","20To24","FullTime"
"4762","20To24","FullTime"
"4763","20To24","FullTime"
"4764","20To24","FullTime"
"4765","20To24","FullTime"
"4766","20To24","FullTime"
"4767","20To24","FullTime"
"4768","20To24","FullTime"
"4769","20To24","FullTime"
"4770","20To24","FullTime"
"4771","20To24","FullTime"
"4772","20To24","FullTime"
"4773","20To24","FullTime"
"4774","20To24","FullTime"
"4775","20To24","FullTime"
"4776","20To24","FullTime"
"4777","20To24","FullTime"
"4778","20To24","FullTime"
"4779","20To24","FullTime"
"4780","20To24","FullTime"
"4781","20To24","FullTime"
"4782","20To24","FullTime"
"4783","20To24","FullTime"
"4784","20To24","FullTime"
"4785","20To24","FullTime"
"4786","20To24","FullTime"
"4787","20To24","FullTime"
"4788","20To24","FullTime"
"4789","20To24","FullTime"
"4790","20To24","FullTime"
"4791","20To24","FullTime"
"4792","20To24","FullTime"
"4793","20To24","FullTime"
"4794","20To24","FullTime"
"4795","20To24","FullTime"
"4796","20To24","FullTime"
"4797","20To24","FullTime"
"4798","20To24","FullTime"
"4799","20To24","FullTime"
"4800","20To24","FullTime"
"4801","20To24","FullTime"
"4802","20To24","FullTime"
"4803","20To24","FullTime"
"4804","20To24","FullTime"
"4805","20To24","FullTime"
"4806","20To24","FullTime"
"4807","20To24","FullTime"
"4808","20To24","FullTime"
"4809","20To24","FullTime"
"4810","20To24","FullTime"
"4811","20To24","FullTime"
"4812","20To24","FullTime"
"4813","20To24","FullTime"
"4814","20To24","FullTime"
"4815","20To24","FullTime"
"4816","20To24","FullTime"
"4817","20To24","FullTime"
"4818","20To24","FullTime"
"4819","20To24","FullTime"
"4820","20To24","FullTime"
"4821","20To24","FullTime"
"4822","20To24","FullTime"
"4823","20To24","FullTime"
"4824","20To24","FullTime"
"4825","20To24","FullTime"
"4826","20To24","FullTime"
"4827","20To24","FullTime"
"4828","20To24","FullTime"
"4829","20To24","FullTime"
"4830","20To24","FullTime"
"4831","20To24","FullTime"
"4832","20To24","FullTime"
"4833","20To24","FullTime"
"4834","20To24","FullTime"
"4835","20To24","FullTime"
"4836","20To24","FullTime"
"4837","20To24","FullTime"
"4838","20To24","FullTime"
"4839","20To24","FullTime"
"4840","20To24","FullTime"
"4841","20To24","FullTime"
"4842","20To24","FullTime"
"4843","20To24","FullTime"
"4844","20To24","FullTime"
"4845","20To24","FullTime"
"4846","20To24","FullTime"
"4847","20To24","FullTime"
"4848","20To24","FullTime"
"4849","20To24","FullTime"
"4850","20To24","FullTime"
"4851","20To24","FullTime"
"4852","20To24","FullTime"
"4853","20To24","FullTime"
"4854","20To24","FullTime"
"4855","20To24","FullTime"
"4856","20To24","FullTime"
"4857","20To24","FullTime"
"4858","20To24","FullTime"
"4859","20To24","FullTime"
"4860","20To24","FullTime"
"4861","20To24","FullTime"
"4862","20To24","FullTime"
"4863","20To24","FullTime"
"4864","20To24","FullTime"
"4865","20To24","FullTime"
"4866","20To24","FullTime"
"4867","20To24","FullTime"
"4868","20To24","FullTime"
"4869","20To24","FullTime"
"4870","20To24","FullTime"
"4871","20To24","FullTime"
"4872","20To24","FullTime"
"4873","20To24","FullTime"
"4874","20To24","FullTime"
"4875","20To24","FullTime"
"4876","20To24","FullTime"
"4877","20To24","FullTime"
"4878","20To24","FullTime"
"4879","20To24","FullTime"
"4880","20To24","FullTime"
"4881","20To24","FullTime"
"4882","20To24","FullTime"
"4883","20To24","FullTime"
"4884","20To24","FullTime"
"4885","20To24","FullTime"
"4886","20To24","FullTime"
"4887","20To24","FullTime"
"4888","20To24","FullTime"
"4889","20To24","FullTime"
"4890","20To24","FullTime"
"4891","20To24","FullTime"
"4892","20To24","FullTime"
"4893","20To24","FullTime"
"4894","20To24","FullTime"
"4895","20To24","FullTime"
"4896","20To24","FullTime"
"4897","20To24","FullTime"
"4898","20To24","FullTime"
"4899","20To24","FullTime"
"4900","20To24","FullTime"
"4901","20To24","FullTime"
"4902","20To24","FullTime"
"4903","20To24","FullTime"
"4904","20To24","FullTime"
"4905","20To24","FullTime"
"4906","20To24","FullTime"
"4907","20To24","FullTime"
"4908","20To24","FullTime"
"4909","20To24","FullTime"
"4910","20To24","FullTime"
"4911","20To24","FullTime"
"4912","20To24","FullTime"
"4913","20To24","FullTime"
"4914","20To24","FullTime"
"4915","20To24","FullTime"
"4916","20To24","FullTime"
"4917","20To24","FullTime"
"4918","20To24","FullTime"
"4919","20To24","FullTime"
"4920","20To24","FullTime"
"4921","20To24","FullTime"
"4922","20To24","FullTime"
"4923","20To24","FullTime"
"4924","20To24","FullTime"
"4925","20To24","FullTime"
"4926","20To24","FullTime"
"4927","20To24","FullTime"
"4928","20To24","FullTime"
"4929","20To24","FullTime"
"4930","20To24","FullTime"
"4931","20To24","FullTime"
"4932","20To24","FullTime"
"4933","20To24","FullTime"
"4934","20To24","FullTime"
"4935","20To24","FullTime"
"4936","20To24","FullTime"
"4937","20To24","FullTime"
"4938","20To24","FullTime"
"4939","20To24","FullTime"
"4940","20To24","FullTime"
"4941","20To24","FullTime"
"4942","20To24","FullTime"
"4943","20To24","FullTime"
"4944","20To24","FullTime"
"4945","20To24","FullTime"
"4946","20To24","FullTime"
"4947","20To24","FullTime"
"4948","20To24","FullTime"
"4949","20To24","FullTime"
"4950","20To24","FullTime"
"4951","20To24","FullTime"
"4952","20To24","FullTime"
"4953","20To24","FullTime"
"4954","20To24","FullTime"
"4955","20To24","FullTime"
"4956","20To24","FullTime"
"4957","20To24","FullTime"
"4958","20To24","FullTime"
"4959","20To24","FullTime"
"4960","20To24","FullTime"
"4961","20To24","FullTime"
"4962","20To24","FullTime"
"4963","20To24","FullTime"
"4964","20To24","FullTime"
"4965","20To24","FullTime"
"4966","20To24","FullTime"
"4967","20To24","FullTime"
"4968","20To24","FullTime"
"4969","20To24","FullTime"
"4970","20To24","FullTime"
"4971","20To24","FullTime"
"4972","20To24","FullTime"
"4973","20To24","FullTime"
"4974","20To24","FullTime"
"4975","20To24","FullTime"
"4976","20To24","FullTime"
"4977","20To24","FullTime"
"4978","20To24","FullTime"
"4979","20To24","FullTime"
"4980","20To24","FullTime"
"4981","20To24","FullTime"
"4982","20To24","FullTime"
"4983","20To24","FullTime"
"4984","20To24","FullTime"
"4985","20To24","FullTime"
"4986","20To24","FullTime"
"4987","20To24","FullTime"
"4988","20To24","FullTime"
"4989","20To24","FullTime"
"4990","20To24","FullTime"
"4991","20To24","FullTime"
"4992","20To24","FullTime"
"4993","20To24","FullTime"
"4994","20To24","FullTime"
"4995","20To24","FullTime"
"4996","20To24","FullTime"
"4997","20To24","FullTime"
"4998","20To24","FullTime"
"4999","20To24","FullTime"
"5000","20To24","FullTime"
"5001","20To24","FullTime"
"5002","20To24","FullTime"
"5003","20To24","FullTime"
"5004","20To24","FullTime"
"5005","20To24","FullTime"
"5006","20To24","FullTime"
"5007","20To24","FullTime"
"5008","20To24","FullTime"
"5009","20To24","FullTime"
"5010","20To24","FullTime"
"5011","20To24","FullTime"
"5012","20To24","FullTime"
"5013","20To24","FullTime"
"5014","20To24","FullTime"
"5015","20To24","FullTime"
"5016","20To24","FullTime"
"5017","20To24","FullTime"
"5018","20To24","FullTime"
"5019","20To24","FullTime"
"5020","20To24","FullTime"
"5021","20To24","FullTime"
"5022","20To24","FullTime"
"5023","20To24","FullTime"
"5024","20To24","FullTime"
"5025","20To24","FullTime"
"5026","20To24","FullTime"
"5027","20To24","FullTime"
"5028","20To24","FullTime"
"5029","20To24","FullTime"
"5030","20To24","FullTime"
"5031","20To24","FullTime"
"5032","20To24","FullTime"
"5033","20To24","FullTime"
"5034","20To24","FullTime"
"5035","20To24","FullTime"
"5036","20To24","FullTime"
"5037","20To24","FullTime"
"5038","20To24","FullTime"
"5039","20To24","FullTime"
"5040","20To24","FullTime"
"5041","20To24","FullTime"
"5042","20To24","FullTime"
"5043","20To24","FullTime"
"5044","20To24","FullTime"
"5045","20To24","FullTime"
"5046","20To24","FullTime"
"5047","20To24","FullTime"
"5048","20To24","FullTime"
"5049","20To24","FullTime"
"5050","20To24","FullTime"
"5051","20To24","FullTime"
"5052","20To24","FullTime"
"5053","20To24","FullTime"
"5054","20To24","FullTime"
"5055","20To24","FullTime"
"5056","20To24","FullTime"
"5057","20To24","FullTime"
"5058","20To24","FullTime"
"5059","20To24","FullTime"
"5060","20To24","FullTime"
"5061","20To24","FullTime"
"5062","20To24","FullTime"
"5063","20To24","FullTime"
"5064","20To24","FullTime"
"5065","20To24","FullTime"
"5066","20To24","FullTime"
"5067","20To24","FullTime"
"5068","20To24","FullTime"
"5069","20To24","FullTime"
"5070","20To24","FullTime"
"5071","20To24","FullTime"
"5072","20To24","FullTime"
"5073","20To24","FullTime"
"5074","20To24","FullTime"
"5075","20To24","FullTime"
"5076","20To24","FullTime"
"5077","20To24","FullTime"
"5078","20To24","FullTime"
"5079","20To24","FullTime"
"5080","20To24","FullTime"
"5081","20To24","FullTime"
"5082","20To24","FullTime"
"5083","20To24","FullTime"
"5084","20To24","FullTime"
"5085","20To24","FullTime"
"5086","20To24","FullTime"
"5087","20To24","FullTime"
"5088","20To24","FullTime"
"5089","20To24","FullTime"
"5090","20To24","FullTime"
"5091","20To24","FullTime"
"5092","20To24","FullTime"
"5093","20To24","FullTime"
"5094","20To24","FullTime"
"5095","20To24","FullTime"
"5096","20To24","FullTime"
"5097","20To24","FullTime"
"5098","20To24","FullTime"
"5099","20To24","FullTime"
"5100","20To24","FullTime"
"5101","20To24","FullTime"
"5102","20To24","FullTime"
"5103","20To24","FullTime"
"5104","20To24","FullTime"
"5105","20To24","FullTime"
"5106","20To24","FullTime"
"5107","20To24","FullTime"
"5108","20To24","FullTime"
"5109","20To24","FullTime"
"5110","20To24","FullTime"
"5111","20To24","FullTime"
"5112","20To24","FullTime"
"5113","20To24","FullTime"
"5114","20To24","FullTime"
"5115","20To24","FullTime"
"5116","20To24","FullTime"
"5117","20To24","FullTime"
"5118","20To24","FullTime"
"5119","20To24","FullTime"
"5120","20To24","FullTime"
"5121","20To24","FullTime"
"5122","20To24","FullTime"
"5123","20To24","FullTime"
"5124","20To24","FullTime"
"5125","20To24","FullTime"
"5126","20To24","FullTime"
"5127","20To24","FullTime"
"5128","20To24","FullTime"
"5129","20To24","FullTime"
"5130","20To24","FullTime"
"5131","20To24","FullTime"
"5132","20To24","FullTime"
"5133","20To24","FullTime"
"5134","20To24","FullTime"
"5135","20To24","FullTime"
"5136","20To24","FullTime"
"5137","20To24","FullTime"
"5138","20To24","FullTime"
"5139","20To24","FullTime"
"5140","20To24","FullTime"
"5141","20To24","FullTime"
"5142","20To24","FullTime"
"5143","20To24","FullTime"
"5144","20To24","FullTime"
"5145","20To24","FullTime"
"5146","20To24","FullTime"
"5147","20To24","FullTime"
"5148","20To24","FullTime"
"5149","20To24","FullTime"
"5150","20To24","FullTime"
"5151","20To24","FullTime"
"5152","20To24","FullTime"
"5153","20To24","FullTime"
"5154","20To24","FullTime"
"5155","20To24","FullTime"
"5156","20To24","FullTime"
"5157","20To24","FullTime"
"5158","20To24","FullTime"
"5159","20To24","FullTime"
"5160","20To24","FullTime"
"5161","20To24","FullTime"
"5162","20To24","FullTime"
"5163","20To24","FullTime"
"5164","20To24","FullTime"
"5165","20To24","FullTime"
"5166","20To24","FullTime"
"5167","20To24","FullTime"
"5168","20To24","FullTime"
"5169","20To24","FullTime"
"5170","20To24","FullTime"
"5171","20To24","FullTime"
"5172","20To24","FullTime"
"5173","20To24","FullTime"
"5174","20To24","FullTime"
"5175","20To24","FullTime"
"5176","20To24","FullTime"
"5177","20To24","FullTime"
"5178","20To24","FullTime"
"5179","20To24","FullTime"
"5180","20To24","FullTime"
"5181","20To24","FullTime"
"5182","20To24","FullTime"
"5183","20To24","FullTime"
"5184","20To24","FullTime"
"5185","20To24","FullTime"
"5186","20To24","FullTime"
"5187","20To24","FullTime"
"5188","20To24","FullTime"
"5189","20To24","FullTime"
"5190","20To24","FullTime"
"5191","20To24","FullTime"
"5192","20To24","FullTime"
"5193","20To24","FullTime"
"5194","20To24","FullTime"
"5195","20To24","FullTime"
"5196","20To24","FullTime"
"5197","20To24","FullTime"
"5198","20To24","FullTime"
"5199","20To24","FullTime"
"5200","20To24","FullTime"
"5201","20To24","FullTime"
"5202","20To24","FullTime"
"5203","20To24","FullTime"
"5204","20To24","FullTime"
"5205","20To24","FullTime"
"5206","20To24","FullTime"
"5207","20To24","FullTime"
"5208","20To24","FullTime"
"5209","20To24","FullTime"
"5210","20To24","FullTime"
"5211","20To24","FullTime"
"5212","20To24","FullTime"
"5213","20To24","FullTime"
"5214","20To24","FullTime"
"5215","20To24","FullTime"
"5216","20To24","FullTime"
"5217","20To24","FullTime"
"5218","20To24","FullTime"
"5219","20To24","FullTime"
"5220","20To24","FullTime"
"5221","20To24","FullTime"
"5222","20To24","FullTime"
"5223","20To24","FullTime"
"5224","20To24","FullTime"
"5225","20To24","FullTime"
"5226","20To24","FullTime"
"5227","20To24","FullTime"
"5228","20To24","FullTime"
"5229","20To24","FullTime"
"5230","20To24","FullTime"
"5231","20To24","FullTime"
"5232","20To24","FullTime"
"5233","20To24","FullTime"
"5234","20To24","FullTime"
"5235","20To24","FullTime"
"5236","20To24","FullTime"
"5237","20To24","FullTime"
"5238","20To24","FullTime"
"5239","20To24","FullTime"
"5240","20To24","FullTime"
"5241","20To24","FullTime"
"5242","20To24","FullTime"
"5243","20To24","FullTime"
"5244","20To24","FullTime"
"5245","20To24","FullTime"
"5246","20To24","FullTime"
"5247","20To24","FullTime"
"5248","20To24","FullTime"
"5249","20To24","FullTime"
"5250","20To24","FullTime"
"5251","20To24","FullTime"
"5252","20To24","FullTime"
"5253","20To24","FullTime"
"5254","20To24","FullTime"
"5255","20To24","FullTime"
"5256","20To24","FullTime"
"5257","20To24","FullTime"
"5258","20To24","FullTime"
"5259","20To24","FullTime"
"5260","20To24","FullTime"
"5261","20To24","FullTime"
"5262","20To24","FullTime"
"5263","20To24","FullTime"
"5264","20To24","FullTime"
"5265","20To24","FullTime"
"5266","20To24","FullTime"
"5267","20To24","FullTime"
"5268","20To24","FullTime"
"5269","20To24","FullTime"
"5270","20To24","FullTime"
"5271","20To24","FullTime"
"5272","20To24","FullTime"
"5273","20To24","FullTime"
"5274","20To24","FullTime"
"5275","20To24","FullTime"
"5276","20To24","FullTime"
"5277","20To24","FullTime"
"5278","20To24","FullTime"
"5279","20To24","FullTime"
"5280","20To24","FullTime"
"5281","20To24","FullTime"
"5282","20To24","FullTime"
"5283","20To24","FullTime"
"5284","20To24","FullTime"
"5285","20To24","FullTime"
"5286","20To24","FullTime"
"5287","20To24","FullTime"
"5288","20To24","FullTime"
"5289","20To24","FullTime"
"5290","20To24","FullTime"
"5291","20To24","FullTime"
"5292","20To24","FullTime"
"5293","20To24","FullTime"
"5294","20To24","FullTime"
"5295","20To24","FullTime"
"5296","20To24","FullTime"
"5297","20To24","FullTime"
"5298","20To24","FullTime"
"5299","20To24","FullTime"
"5300","20To24","FullTime"
"5301","20To24","FullTime"
"5302","20To24","FullTime"
"5303","20To24","FullTime"
"5304","20To24","FullTime"
"5305","20To24","FullTime"
"5306","20To24","FullTime"
"5307","20To24","FullTime"
"5308","20To24","FullTime"
"5309","20To24","FullTime"
"5310","20To24","FullTime"
"5311","20To24","FullTime"
"5312","20To24","FullTime"
"5313","20To24","FullTime"
"5314","20To24","FullTime"
"5315","20To24","FullTime"
"5316","20To24","FullTime"
"5317","20To24","FullTime"
"5318","20To24","FullTime"
"5319","20To24","FullTime"
"5320","20To24","FullTime"
"5321","20To24","FullTime"
"5322","20To24","FullTime"
"5323","20To24","FullTime"
"5324","20To24","FullTime"
"5325","20To24","FullTime"
"5326","20To24","FullTime"
"5327","20To24","FullTime"
"5328","20To24","FullTime"
"5329","20To24","FullTime"
"5330","20To24","FullTime"
"5331","20To24","FullTime"
"5332","20To24","FullTime"
"5333","20To24","FullTime"
"5334","20To24","FullTime"
"5335","20To24","FullTime"
"5336","20To24","FullTime"
"5337","20To24","FullTime"
"5338","20To24","FullTime"
"5339","20To24","FullTime"
"5340","20To24","FullTime"
"5341","20To24","FullTime"
"5342","20To24","FullTime"
"5343","20To24","FullTime"
"5344","20To24","FullTime"
"5345","20To24","FullTime"
"5346","20To24","FullTime"
"5347","20To24","FullTime"
"5348","20To24","FullTime"
"5349","20To24","FullTime"
"5350","20To24","FullTime"
"5351","20To24","FullTime"
"5352","20To24","FullTime"
"5353","20To24","FullTime"
"5354","20To24","FullTime"
"5355","20To24","FullTime"
"5356","20To24","FullTime"
"5357","20To24","FullTime"
"5358","20To24","FullTime"
"5359","20To24","FullTime"
"5360","20To24","FullTime"
"5361","20To24","FullTime"
"5362","20To24","FullTime"
"5363","20To24","FullTime"
"5364","20To24","FullTime"
"5365","20To24","FullTime"
"5366","20To24","FullTime"
"5367","20To24","FullTime"
"5368","20To24","FullTime"
"5369","20To24","FullTime"
"5370","20To24","FullTime"
"5371","20To24","FullTime"
"5372","20To24","FullTime"
"5373","20To24","FullTime"
"5374","20To24","FullTime"
"5375","20To24","FullTime"
"5376","20To24","FullTime"
"5377","20To24","FullTime"
"5378","20To24","FullTime"
"5379","20To24","FullTime"
"5380","20To24","FullTime"
"5381","20To24","FullTime"
"5382","20To24","FullTime"
"5383","20To24","FullTime"
"5384","20To24","FullTime"
"5385","20To24","FullTime"
"5386","20To24","FullTime"
"5387","20To24","FullTime"
"5388","20To24","FullTime"
"5389","20To24","FullTime"
"5390","20To24","FullTime"
"5391","20To24","FullTime"
"5392","20To24","FullTime"
"5393","20To24","FullTime"
"5394","20To24","FullTime"
"5395","20To24","FullTime"
"5396","20To24","FullTime"
"5397","20To24","FullTime"
"5398","20To24","FullTime"
"5399","20To24","FullTime"
"5400","20To24","FullTime"
"5401","20To24","FullTime"
"5402","20To24","FullTime"
"5403","20To24","FullTime"
"5404","20To24","FullTime"
"5405","20To24","FullTime"
"5406","20To24","FullTime"
"5407","20To24","FullTime"
"5408","20To24","FullTime"
"5409","20To24","FullTime"
"5410","20To24","FullTime"
"5411","20To24","FullTime"
"5412","20To24","FullTime"
"5413","20To24","FullTime"
"5414","20To24","FullTime"
"5415","20To24","FullTime"
"5416","20To24","FullTime"
"5417","20To24","FullTime"
"5418","20To24","FullTime"
"5419","20To24","FullTime"
"5420","20To24","FullTime"
"5421","20To24","FullTime"
"5422","20To24","FullTime"
"5423","20To24","FullTime"
"5424","20To24","FullTime"
"5425","20To24","FullTime"
"5426","20To24","FullTime"
"5427","20To24","FullTime"
"5428","20To24","FullTime"
"5429","20To24","FullTime"
"5430","20To24","FullTime"
"5431","20To24","FullTime"
"5432","20To24","FullTime"
"5433","20To24","FullTime"
"5434","20To24","FullTime"
"5435","20To24","FullTime"
"5436","20To24","FullTime"
"5437","20To24","FullTime"
"5438","20To24","FullTime"
"5439","20To24","FullTime"
"5440","20To24","FullTime"
"5441","20To24","FullTime"
"5442","20To24","FullTime"
"5443","20To24","FullTime"
"5444","20To24","FullTime"
"5445","20To24","FullTime"
"5446","20To24","FullTime"
"5447","20To24","FullTime"
"5448","20To24","FullTime"
"5449","20To24","FullTime"
"5450","20To24","FullTime"
"5451","20To24","FullTime"
"5452","20To24","FullTime"
"5453","20To24","FullTime"
"5454","20To24","FullTime"
"5455","20To24","FullTime"
"5456","20To24","FullTime"
"5457","20To24","FullTime"
"5458","20To24","FullTime"
"5459","20To24","FullTime"
"5460","20To24","FullTime"
"5461","20To24","FullTime"
"5462","20To24","FullTime"
"5463","20To24","FullTime"
"5464","20To24","FullTime"
"5465","20To24","FullTime"
"5466","20To24","FullTime"
"5467","20To24","FullTime"
"5468","20To24","FullTime"
"5469","20To24","FullTime"
"5470","20To24","FullTime"
"5471","20To24","FullTime"
"5472","20To24","FullTime"
"5473","20To24","FullTime"
"5474","20To24","FullTime"
"5475","20To24","FullTime"
"5476","20To24","FullTime"
"5477","20To24","FullTime"
"5478","20To24","FullTime"
"5479","20To24","FullTime"
"5480","20To24","FullTime"
"5481","20To24","FullTime"
"5482","20To24","FullTime"
"5483","20To24","FullTime"
"5484","20To24","FullTime"
"5485","20To24","FullTime"
"5486","20To24","FullTime"
"5487","20To24","FullTime"
"5488","20To24","FullTime"
"5489","20To24","FullTime"
"5490","20To24","FullTime"
"5491","20To24","FullTime"
"5492","20To24","FullTime"
"5493","20To24","FullTime"
"5494","20To24","FullTime"
"5495","20To24","FullTime"
"5496","20To24","FullTime"
"5497","20To24","FullTime"
"5498","20To24","FullTime"
"5499","20To24","FullTime"
"5500","20To24","FullTime"
"5501","20To24","FullTime"
"5502","20To24","FullTime"
"5503","20To24","FullTime"
"5504","20To24","FullTime"
"5505","20To24","FullTime"
"5506","20To24","FullTime"
"5507","20To24","FullTime"
"5508","20To24","FullTime"
"5509","20To24","FullTime"
"5510","20To24","FullTime"
"5511","20To24","FullTime"
"5512","20To24","FullTime"
"5513","20To24","FullTime"
"5514","20To24","FullTime"
"5515","20To24","FullTime"
"5516","20To24","FullTime"
"5517","20To24","FullTime"
"5518","20To24","FullTime"
"5519","20To24","FullTime"
"5520","20To24","FullTime"
"5521","20To24","FullTime"
"5522","20To24","FullTime"
"5523","20To24","FullTime"
"5524","20To24","FullTime"
"5525","20To24","FullTime"
"5526","20To24","FullTime"
"5527","20To24","FullTime"
"5528","20To24","FullTime"
"5529","20To24","FullTime"
"5530","20To24","FullTime"
"5531","20To24","FullTime"
"5532","20To24","FullTime"
"5533","20To24","FullTime"
"5534","20To24","FullTime"
"5535","20To24","FullTime"
"5536","20To24","FullTime"
"5537","20To24","FullTime"
"5538","20To24","FullTime"
"5539","20To24","FullTime"
"5540","20To24","FullTime"
"5541","20To24","FullTime"
"5542","20To24","FullTime"
"5543","20To24","FullTime"
"5544","20To24","FullTime"
"5545","20To24","FullTime"
"5546","20To24","FullTime"
"5547","20To24","FullTime"
"5548","20To24","FullTime"
"5549","20To24","FullTime"
"5550","20To24","FullTime"
"5551","20To24","FullTime"
"5552","20To24","FullTime"
"5553","20To24","FullTime"
"5554","20To24","FullTime"
"5555","20To24","FullTime"
"5556","20To24","FullTime"
"5557","20To24","FullTime"
"5558","20To24","FullTime"
"5559","20To24","FullTime"
"5560","20To24","FullTime"
"5561","20To24","FullTime"
"5562","20To24","FullTime"
"5563","20To24","FullTime"
"5564","20To24","FullTime"
"5565","20To24","FullTime"
"5566","20To24","FullTime"
"5567","20To24","FullTime"
"5568","20To24","FullTime"
"5569","20To24","FullTime"
"5570","20To24","FullTime"
"5571","20To24","FullTime"
"5572","20To24","FullTime"
"5573","20To24","FullTime"
"5574","20To24","FullTime"
"5575","20To24","FullTime"
"5576","20To24","FullTime"
"5577","20To24","FullTime"
"5578","20To24","FullTime"
"5579","20To24","FullTime"
"5580","20To24","FullTime"
"5581","20To24","FullTime"
"5582","20To24","FullTime"
"5583","20To24","FullTime"
"5584","20To24","FullTime"
"5585","20To24","FullTime"
"5586","20To24","FullTime"
"5587","20To24","FullTime"
"5588","20To24","FullTime"
"5589","20To24","FullTime"
"5590","20To24","FullTime"
"5591","20To24","FullTime"
"5592","20To24","FullTime"
"5593","20To24","FullTime"
"5594","20To24","FullTime"
"5595","20To24","FullTime"
"5596","20To24","FullTime"
"5597","20To24","FullTime"
"5598","20To24","FullTime"
"5599","20To24","FullTime"
"5600","20To24","FullTime"
"5601","20To24","FullTime"
"5602","20To24","FullTime"
"5603","20To24","FullTime"
"5604","20To24","FullTime"
"5605","20To24","FullTime"
"5606","20To24","FullTime"
"5607","20To24","FullTime"
"5608","20To24","FullTime"
"5609","20To24","FullTime"
"5610","20To24","FullTime"
"5611","20To24","FullTime"
"5612","20To24","FullTime"
"5613","20To24","FullTime"
"5614","20To24","FullTime"
"5615","20To24","FullTime"
"5616","20To24","FullTime"
"5617","20To24","FullTime"
"5618","20To24","FullTime"
"5619","20To24","FullTime"
"5620","20To24","FullTime"
"5621","20To24","FullTime"
"5622","20To24","FullTime"
"5623","20To24","FullTime"
"5624","20To24","FullTime"
"5625","20To24","FullTime"
"5626","20To24","FullTime"
"5627","20To24","FullTime"
"5628","20To24","FullTime"
"5629","20To24","FullTime"
"5630","20To24","FullTime"
"5631","20To24","FullTime"
"5632","20To24","FullTime"
"5633","20To24","FullTime"
"5634","20To24","FullTime"
"5635","20To24","FullTime"
"5636","20To24","FullTime"
"5637","20To24","FullTime"
"5638","20To24","FullTime"
"5639","20To24","FullTime"
"5640","20To24","FullTime"
"5641","20To24","FullTime"
"5642","20To24","FullTime"
"5643","20To24","FullTime"
"5644","20To24","FullTime"
"5645","20To24","FullTime"
"5646","20To24","FullTime"
"5647","20To24","FullTime"
"5648","20To24","FullTime"
"5649","20To24","FullTime"
"5650","20To24","FullTime"
"5651","20To24","FullTime"
"5652","20To24","FullTime"
"5653","20To24","FullTime"
"5654","20To24","FullTime"
"5655","20To24","FullTime"
"5656","20To24","FullTime"
"5657","20To24","FullTime"
"5658","20To24","FullTime"
"5659","20To24","FullTime"
"5660","20To24","FullTime"
"5661","20To24","FullTime"
"5662","20To24","FullTime"
"5663","20To24","FullTime"
"5664","20To24","FullTime"
"5665","20To24","FullTime"
"5666","20To24","FullTime"
"5667","20To24","FullTime"
"5668","20To24","FullTime"
"5669","20To24","FullTime"
"5670","20To24","FullTime"
"5671","20To24","FullTime"
"5672","20To24","FullTime"
"5673","20To24","FullTime"
"5674","20To24","FullTime"
"5675","20To24","FullTime"
"5676","20To24","FullTime"
"5677","20To24","FullTime"
"5678","20To24","FullTime"
"5679","20To24","FullTime"
"5680","20To24","FullTime"
"5681","20To24","FullTime"
"5682","20To24","FullTime"
"5683","20To24","FullTime"
"5684","20To24","FullTime"
"5685","20To24","FullTime"
"5686","20To24","FullTime"
"5687","20To24","FullTime"
"5688","20To24","FullTime"
"5689","20To24","FullTime"
"5690","20To24","FullTime"
"5691","20To24","FullTime"
"5692","20To24","FullTime"
"5693","20To24","FullTime"
"5694","20To24","FullTime"
"5695","20To24","FullTime"
"5696","20To24","FullTime"
"5697","20To24","FullTime"
"5698","20To24","FullTime"
"5699","20To24","FullTime"
"5700","20To24","FullTime"
"5701","20To24","FullTime"
"5702","20To24","FullTime"
"5703","20To24","FullTime"
"5704","20To24","FullTime"
"5705","20To24","FullTime"
"5706","20To24","FullTime"
"5707","20To24","FullTime"
"5708","20To24","FullTime"
"5709","20To24","FullTime"
"5710","20To24","FullTime"
"5711","20To24","FullTime"
"5712","20To24","FullTime"
"5713","20To24","FullTime"
"5714","20To24","FullTime"
"5715","20To24","FullTime"
"5716","20To24","FullTime"
"5717","20To24","FullTime"
"5718","20To24","FullTime"
"5719","20To24","FullTime"
"5720","20To24","FullTime"
"5721","20To24","FullTime"
"5722","20To24","FullTime"
"5723","20To24","FullTime"
"5724","20To24","FullTime"
"5725","20To24","FullTime"
"5726","20To24","FullTime"
"5727","20To24","FullTime"
"5728","20To24","FullTime"
"5729","20To24","FullTime"
"5730","20To24","FullTime"
"5731","20To24","FullTime"
"5732","20To24","FullTime"
"5733","20To24","FullTime"
"5734","20To24","FullTime"
"5735","20To24","FullTime"
"5736","20To24","FullTime"
"5737","20To24","FullTime"
"5738","20To24","FullTime"
"5739","20To24","FullTime"
"5740","20To24","FullTime"
"5741","20To24","FullTime"
"5742","20To24","FullTime"
"5743","20To24","FullTime"
"5744","20To24","FullTime"
"5745","20To24","FullTime"
"5746","20To24","FullTime"
"5747","20To24","FullTime"
"5748","20To24","FullTime"
"5749","20To24","FullTime"
"5750","20To24","FullTime"
"5751","20To24","FullTime"
"5752","20To24","FullTime"
"5753","20To24","FullTime"
"5754","20To24","FullTime"
"5755","20To24","FullTime"
"5756","20To24","FullTime"
"5757","20To24","FullTime"
"5758","20To24","FullTime"
"5759","20To24","FullTime"
"5760","20To24","FullTime"
"5761","20To24","FullTime"
"5762","20To24","FullTime"
"5763","20To24","FullTime"
"5764","20To24","FullTime"
"5765","20To24","FullTime"
"5766","20To24","FullTime"
"5767","20To24","FullTime"
"5768","20To24","FullTime"
"5769","20To24","FullTime"
"5770","20To24","FullTime"
"5771","20To24","FullTime"
"5772","20To24","FullTime"
"5773","20To24","FullTime"
"5774","20To24","FullTime"
"5775","20To24","FullTime"
"5776","20To24","FullTime"
"5777","20To24","FullTime"
"5778","20To24","FullTime"
"5779","20To24","FullTime"
"5780","20To24","FullTime"
"5781","20To24","FullTime"
"5782","20To24","FullTime"
"5783","20To24","FullTime"
"5784","20To24","FullTime"
"5785","20To24","FullTime"
"5786","20To24","FullTime"
"5787","20To24","FullTime"
"5788","20To24","FullTime"
"5789","20To24","FullTime"
"5790","20To24","FullTime"
"5791","20To24","FullTime"
"5792","20To24","FullTime"
"5793","20To24","FullTime"
"5794","20To24","FullTime"
"5795","20To24","FullTime"
"5796","20To24","FullTime"
"5797","20To24","FullTime"
"5798","20To24","FullTime"
"5799","20To24","FullTime"
"5800","20To24","FullTime"
"5801","20To24","FullTime"
"5802","20To24","FullTime"
"5803","20To24","FullTime"
"5804","20To24","FullTime"
"5805","20To24","FullTime"
"5806","20To24","FullTime"
"5807","20To24","FullTime"
"5808","20To24","FullTime"
"5809","20To24","FullTime"
"5810","20To24","FullTime"
"5811","20To24","FullTime"
"5812","20To24","FullTime"
"5813","20To24","FullTime"
"5814","20To24","FullTime"
"5815","20To24","FullTime"
"5816","20To24","FullTime"
"5817","20To24","FullTime"
"5818","20To24","FullTime"
"5819","20To24","FullTime"
"5820","20To24","FullTime"
"5821","20To24","FullTime"
"5822","20To24","FullTime"
"5823","20To24","FullTime"
"5824","20To24","FullTime"
"5825","20To24","FullTime"
"5826","20To24","FullTime"
"5827","20To24","FullTime"
"5828","20To24","FullTime"
"5829","20To24","FullTime"
"5830","20To24","FullTime"
"5831","20To24","FullTime"
"5832","20To24","FullTime"
"5833","20To24","FullTime"
"5834","20To24","FullTime"
"5835","20To24","FullTime"
"5836","20To24","FullTime"
"5837","20To24","FullTime"
"5838","20To24","FullTime"
"5839","20To24","FullTime"
"5840","20To24","FullTime"
"5841","20To24","FullTime"
"5842","20To24","FullTime"
"5843","20To24","FullTime"
"5844","20To24","FullTime"
"5845","20To24","FullTime"
"5846","20To24","FullTime"
"5847","20To24","FullTime"
"5848","20To24","FullTime"
"5849","20To24","FullTime"
"5850","20To24","FullTime"
"5851","20To24","FullTime"
"5852","20To24","FullTime"
"5853","20To24","FullTime"
"5854","20To24","FullTime"
"5855","20To24","FullTime"
"5856","20To24","FullTime"
"5857","20To24","FullTime"
"5858","20To24","FullTime"
"5859","20To24","FullTime"
"5860","20To24","FullTime"
"5861","20To24","FullTime"
"5862","20To24","FullTime"
"5863","20To24","FullTime"
"5864","20To24","FullTime"
"5865","20To24","FullTime"
"5866","20To24","FullTime"
"5867","20To24","FullTime"
"5868","20To24","FullTime"
"5869","20To24","FullTime"
"5870","20To24","FullTime"
"5871","20To24","FullTime"
"5872","20To24","FullTime"
"5873","20To24","FullTime"
"5874","20To24","FullTime"
"5875","20To24","FullTime"
"5876","20To24","FullTime"
"5877","20To24","FullTime"
"5878","20To24","FullTime"
"5879","20To24","FullTime"
"5880","20To24","FullTime"
"5881","20To24","FullTime"
"5882","20To24","FullTime"
"5883","20To24","FullTime"
"5884","20To24","FullTime"
"5885","20To24","FullTime"
"5886","20To24","FullTime"
"5887","20To24","FullTime"
"5888","20To24","FullTime"
"5889","20To24","FullTime"
"5890","20To24","FullTime"
"5891","20To24","FullTime"
"5892","20To24","FullTime"
"5893","20To24","FullTime"
"5894","20To24","FullTime"
"5895","20To24","FullTime"
"5896","20To24","FullTime"
"5897","20To24","FullTime"
"5898","20To24","FullTime"
"5899","20To24","FullTime"
"5900","20To24","FullTime"
"5901","20To24","FullTime"
"5902","20To24","FullTime"
"5903","20To24","FullTime"
"5904","20To24","FullTime"
"5905","20To24","FullTime"
"5906","20To24","FullTime"
"5907","20To24","FullTime"
"5908","20To24","FullTime"
"5909","20To24","FullTime"
"5910","20To24","FullTime"
"5911","20To24","FullTime"
"5912","20To24","FullTime"
"5913","20To24","FullTime"
"5914","20To24","FullTime"
"5915","20To24","FullTime"
"5916","20To24","FullTime"
"5917","20To24","FullTime"
"5918","20To24","FullTime"
"5919","20To24","FullTime"
"5920","20To24","FullTime"
"5921","20To24","FullTime"
"5922","20To24","FullTime"
"5923","20To24","FullTime"
"5924","20To24","FullTime"
"5925","20To24","FullTime"
"5926","20To24","FullTime"
"5927","20To24","FullTime"
"5928","20To24","FullTime"
"5929","20To24","FullTime"
"5930","20To24","FullTime"
"5931","20To24","FullTime"
"5932","20To24","FullTime"
"5933","20To24","FullTime"
"5934","20To24","FullTime"
"5935","20To24","FullTime"
"5936","20To24","FullTime"
"5937","20To24","FullTime"
"5938","20To24","FullTime"
"5939","20To24","FullTime"
"5940","20To24","FullTime"
"5941","20To24","FullTime"
"5942","20To24","FullTime"
"5943","20To24","FullTime"
"5944","20To24","FullTime"
"5945","20To24","FullTime"
"5946","20To24","FullTime"
"5947","20To24","FullTime"
"5948","20To24","FullTime"
"5949","20To24","FullTime"
"5950","20To24","FullTime"
"5951","20To24","FullTime"
"5952","20To24","FullTime"
"5953","20To24","FullTime"
"5954","20To24","FullTime"
"5955","20To24","FullTime"
"5956","20To24","FullTime"
"5957","20To24","FullTime"
"5958","20To24","FullTime"
"5959","20To24","FullTime"
"5960","20To24","FullTime"
"5961","20To24","FullTime"
"5962","20To24","FullTime"
"5963","20To24","FullTime"
"5964","20To24","FullTime"
"5965","20To24","FullTime"
"5966","20To24","FullTime"
"5967","20To24","FullTime"
"5968","20To24","FullTime"
"5969","20To24","FullTime"
"5970","20To24","FullTime"
"5971","20To24","FullTime"
"5972","20To24","FullTime"
"5973","20To24","FullTime"
"5974","20To24","FullTime"
"5975","20To24","FullTime"
"5976","20To24","FullTime"
"5977","20To24","FullTime"
"5978","20To24","FullTime"
"5979","20To24","FullTime"
"5980","20To24","FullTime"
"5981","20To24","FullTime"
"5982","20To24","FullTime"
"5983","20To24","FullTime"
"5984","20To24","FullTime"
"5985","20To24","FullTime"
"5986","20To24","FullTime"
"5987","20To24","FullTime"
"5988","20To24","FullTime"
"5989","20To24","FullTime"
"5990","20To24","FullTime"
"5991","20To24","FullTime"
"5992","20To24","FullTime"
"5993","20To24","FullTime"
"5994","20To24","FullTime"
"5995","20To24","FullTime"
"5996","20To24","FullTime"
"5997","20To24","FullTime"
"5998","20To24","FullTime"
"5999","20To24","FullTime"
"6000","20To24","FullTime"
"6001","20To24","FullTime"
"6002","20To24","FullTime"
"6003","20To24","FullTime"
"6004","20To24","FullTime"
"6005","20To24","FullTime"
"6006","20To24","FullTime"
"6007","20To24","FullTime"
"6008","20To24","FullTime"
"6009","20To24","FullTime"
"6010","20To24","FullTime"
"6011","20To24","FullTime"
"6012","20To24","FullTime"
"6013","20To24","FullTime"
"6014","20To24","FullTime"
"6015","20To24","FullTime"
"6016","20To24","FullTime"
"6017","20To24","FullTime"
"6018","20To24","FullTime"
"6019","20To24","FullTime"
"6020","20To24","FullTime"
"6021","20To24","FullTime"
"6022","20To24","FullTime"
"6023","20To24","FullTime"
"6024","20To24","FullTime"
"6025","20To24","FullTime"
"6026","20To24","FullTime"
"6027","20To24","FullTime"
"6028","20To24","FullTime"
"6029","20To24","FullTime"
"6030","20To24","FullTime"
"6031","20To24","FullTime"
"6032","20To24","FullTime"
"6033","20To24","FullTime"
"6034","20To24","FullTime"
"6035","20To24","FullTime"
"6036","20To24","FullTime"
"6037","20To24","FullTime"
"6038","20To24","FullTime"
"6039","20To24","FullTime"
"6040","20To24","FullTime"
"6041","20To24","FullTime"
"6042","20To24","FullTime"
"6043","20To24","FullTime"
"6044","20To24","FullTime"
"6045","20To24","FullTime"
"6046","20To24","FullTime"
"6047","20To24","FullTime"
"6048","20To24","FullTime"
"6049","20To24","FullTime"
"6050","20To24","FullTime"
"6051","20To24","FullTime"
"6052","20To24","FullTime"
"6053","20To24","FullTime"
"6054","20To24","FullTime"
"6055","20To24","FullTime"
"6056","20To24","FullTime"
"6057","20To24","FullTime"
"6058","20To24","FullTime"
"6059","20To24","FullTime"
"6060","20To24","FullTime"
"6061","20To24","FullTime"
"6062","20To24","FullTime"
"6063","20To24","FullTime"
"6064","20To24","FullTime"
"6065","20To24","FullTime"
"6066","20To24","FullTime"
"6067","20To24","FullTime"
"6068","20To24","FullTime"
"6069","20To24","FullTime"
"6070","20To24","FullTime"
"6071","20To24","FullTime"
"6072","20To24","FullTime"
"6073","20To24","FullTime"
"6074","20To24","FullTime"
"6075","20To24","FullTime"
"6076","20To24","FullTime"
"6077","20To24","FullTime"
"6078","20To24","FullTime"
"6079","20To24","FullTime"
"6080","20To24","FullTime"
"6081","20To24","FullTime"
"6082","20To24","FullTime"
"6083","20To24","FullTime"
"6084","20To24","FullTime"
"6085","20To24","FullTime"
"6086","20To24","FullTime"
"6087","20To24","FullTime"
"6088","20To24","FullTime"
"6089","20To24","FullTime"
"6090","20To24","FullTime"
"6091","20To24","FullTime"
"6092","20To24","FullTime"
"6093","20To24","FullTime"
"6094","20To24","FullTime"
"6095","20To24","FullTime"
"6096","20To24","FullTime"
"6097","20To24","FullTime"
"6098","20To24","FullTime"
"6099","20To24","FullTime"
"6100","20To24","FullTime"
"6101","20To24","FullTime"
"6102","20To24","FullTime"
"6103","20To24","FullTime"
"6104","20To24","FullTime"
"6105","20To24","FullTime"
"6106","20To24","FullTime"
"6107","20To24","FullTime"
"6108","20To24","FullTime"
"6109","20To24","FullTime"
"6110","20To24","FullTime"
"6111","20To24","FullTime"
"6112","20To24","FullTime"
"6113","20To24","FullTime"
"6114","20To24","FullTime"
"6115","20To24","FullTime"
"6116","20To24","FullTime"
"6117","20To24","FullTime"
"6118","20To24","FullTime"
"6119","20To24","FullTime"
"6120","20To24","FullTime"
"6121","20To24","FullTime"
"6122","20To24","FullTime"
"6123","20To24","FullTime"
"6124","20To24","FullTime"
"6125","20To24","FullTime"
"6126","20To24","FullTime"
"6127","20To24","FullTime"
"6128","20To24","FullTime"
"6129","20To24","FullTime"
"6130","20To24","FullTime"
"6131","20To24","FullTime"
"6132","20To24","FullTime"
"6133","20To24","FullTime"
"6134","20To24","FullTime"
"6135","20To24","FullTime"
"6136","20To24","FullTime"
"6137","20To24","FullTime"
"6138","20To24","FullTime"
"6139","20To24","FullTime"
"6140","20To24","FullTime"
"6141","20To24","FullTime"
"6142","20To24","FullTime"
"6143","20To24","FullTime"
"6144","20To24","FullTime"
"6145","20To24","FullTime"
"6146","20To24","FullTime"
"6147","20To24","FullTime"
"6148","20To24","FullTime"
"6149","20To24","FullTime"
"6150","20To24","FullTime"
"6151","20To24","FullTime"
"6152","20To24","FullTime"
"6153","20To24","FullTime"
"6154","20To24","FullTime"
"6155","20To24","FullTime"
"6156","20To24","FullTime"
"6157","20To24","FullTime"
"6158","20To24","FullTime"
"6159","20To24","FullTime"
"6160","20To24","FullTime"
"6161","20To24","FullTime"
"6162","20To24","FullTime"
"6163","20To24","FullTime"
"6164","20To24","FullTime"
"6165","20To24","FullTime"
"6166","20To24","FullTime"
"6167","20To24","FullTime"
"6168","20To24","FullTime"
"6169","20To24","FullTime"
"6170","20To24","FullTime"
"6171","20To24","FullTime"
"6172","20To24","FullTime"
"6173","20To24","FullTime"
"6174","20To24","FullTime"
"6175","20To24","FullTime"
"6176","20To24","FullTime"
"6177","20To24","FullTime"
"6178","20To24","FullTime"
"6179","20To24","FullTime"
"6180","20To24","FullTime"
"6181","20To24","FullTime"
"6182","20To24","FullTime"
"6183","20To24","FullTime"
"6184","20To24","FullTime"
"6185","20To24","FullTime"
"6186","20To24","FullTime"
"6187","20To24","FullTime"
"6188","20To24","FullTime"
"6189","20To24","FullTime"
"6190","20To24","FullTime"
"6191","20To24","FullTime"
"6192","20To24","FullTime"
"6193","20To24","FullTime"
"6194","20To24","FullTime"
"6195","20To24","FullTime"
"6196","20To24","FullTime"
"6197","20To24","FullTime"
"6198","20To24","FullTime"
"6199","20To24","FullTime"
"6200","20To24","FullTime"
"6201","20To24","FullTime"
"6202","20To24","FullTime"
"6203","20To24","FullTime"
"6204","20To24","FullTime"
"6205","20To24","FullTime"
"6206","20To24","FullTime"
"6207","20To24","FullTime"
"6208","20To24","FullTime"
"6209","20To24","FullTime"
"6210","20To24","FullTime"
"6211","20To24","FullTime"
"6212","20To24","FullTime"
"6213","20To24","FullTime"
"6214","20To24","FullTime"
"6215","20To24","FullTime"
"6216","20To24","FullTime"
"6217","20To24","FullTime"
"6218","20To24","FullTime"
"6219","20To24","FullTime"
"6220","20To24","FullTime"
"6221","20To24","FullTime"
"6222","20To24","FullTime"
"6223","20To24","FullTime"
"6224","20To24","FullTime"
"6225","20To24","FullTime"
"6226","20To24","FullTime"
"6227","20To24","FullTime"
"6228","20To24","FullTime"
"6229","20To24","FullTime"
"6230","20To24","FullTime"
"6231","20To24","FullTime"
"6232","20To24","FullTime"
"6233","20To24","FullTime"
"6234","20To24","FullTime"
"6235","20To24","FullTime"
"6236","20To24","FullTime"
"6237","20To24","FullTime"
"6238","20To24","FullTime"
"6239","20To24","FullTime"
"6240","20To24","FullTime"
"6241","20To24","FullTime"
"6242","20To24","FullTime"
"6243","20To24","FullTime"
"6244","20To24","FullTime"
"6245","20To24","FullTime"
"6246","20To24","FullTime"
"6247","20To24","FullTime"
"6248","20To24","FullTime"
"6249","20To24","FullTime"
"6250","20To24","FullTime"
"6251","20To24","FullTime"
"6252","20To24","FullTime"
"6253","20To24","FullTime"
"6254","20To24","FullTime"
"6255","20To24","FullTime"
"6256","20To24","FullTime"
"6257","20To24","FullTime"
"6258","20To24","FullTime"
"6259","20To24","FullTime"
"6260","20To24","FullTime"
"6261","20To24","FullTime"
"6262","20To24","FullTime"
"6263","20To24","FullTime"
"6264","20To24","FullTime"
"6265","20To24","FullTime"
"6266","20To24","FullTime"
"6267","20To24","FullTime"
"6268","20To24","FullTime"
"6269","20To24","FullTime"
"6270","20To24","FullTime"
"6271","20To24","FullTime"
"6272","20To24","FullTime"
"6273","20To24","FullTime"
"6274","20To24","FullTime"
"6275","20To24","FullTime"
"6276","20To24","FullTime"
"6277","20To24","FullTime"
"6278","20To24","FullTime"
"6279","20To24","FullTime"
"6280","20To24","FullTime"
"6281","20To24","FullTime"
"6282","20To24","FullTime"
"6283","20To24","FullTime"
"6284","20To24","FullTime"
"6285","20To24","FullTime"
"6286","20To24","FullTime"
"6287","20To24","FullTime"
"6288","20To24","FullTime"
"6289","20To24","FullTime"
"6290","20To24","FullTime"
"6291","20To24","FullTime"
"6292","20To24","FullTime"
"6293","20To24","FullTime"
"6294","20To24","FullTime"
"6295","20To24","FullTime"
"6296","20To24","FullTime"
"6297","20To24","FullTime"
"6298","20To24","FullTime"
"6299","20To24","FullTime"
"6300","20To24","FullTime"
"6301","20To24","FullTime"
"6302","20To24","FullTime"
"6303","20To24","FullTime"
"6304","20To24","FullTime"
"6305","20To24","FullTime"
"6306","20To24","FullTime"
"6307","20To24","FullTime"
"6308","20To24","FullTime"
"6309","20To24","FullTime"
"6310","20To24","FullTime"
"6311","20To24","FullTime"
"6312","20To24","FullTime"
"6313","20To24","FullTime"
"6314","20To24","FullTime"
"6315","20To24","FullTime"
"6316","20To24","FullTime"
"6317","20To24","FullTime"
"6318","20To24","FullTime"
"6319","20To24","FullTime"
"6320","20To24","FullTime"
"6321","20To24","FullTime"
"6322","20To24","FullTime"
"6323","20To24","FullTime"
"6324","20To24","FullTime"
"6325","20To24","FullTime"
"6326","20To24","FullTime"
"6327","20To24","FullTime"
"6328","20To24","FullTime"
"6329","20To24","FullTime"
"6330","20To24","FullTime"
"6331","20To24","FullTime"
"6332","20To24","FullTime"
"6333","20To24","FullTime"
"6334","20To24","FullTime"
"6335","20To24","FullTime"
"6336","20To24","FullTime"
"6337","20To24","FullTime"
"6338","20To24","FullTime"
"6339","20To24","FullTime"
"6340","20To24","FullTime"
"6341","20To24","FullTime"
"6342","20To24","FullTime"
"6343","20To24","FullTime"
"6344","20To24","FullTime"
"6345","20To24","FullTime"
"6346","20To24","FullTime"
"6347","20To24","FullTime"
"6348","20To24","FullTime"
"6349","20To24","FullTime"
"6350","20To24","FullTime"
"6351","20To24","FullTime"
"6352","20To24","FullTime"
"6353","20To24","FullTime"
"6354","20To24","FullTime"
"6355","20To24","FullTime"
"6356","20To24","FullTime"
"6357","20To24","FullTime"
"6358","20To24","FullTime"
"6359","20To24","FullTime"
"6360","20To24","FullTime"
"6361","20To24","FullTime"
"6362","20To24","FullTime"
"6363","20To24","FullTime"
"6364","20To24","FullTime"
"6365","20To24","FullTime"
"6366","20To24","FullTime"
"6367","20To24","FullTime"
"6368","20To24","FullTime"
"6369","20To24","FullTime"
"6370","20To24","FullTime"
"6371","20To24","FullTime"
"6372","20To24","FullTime"
"6373","20To24","FullTime"
"6374","20To24","FullTime"
"6375","20To24","FullTime"
"6376","20To24","FullTime"
"6377","20To24","FullTime"
"6378","20To24","FullTime"
"6379","20To24","FullTime"
"6380","20To24","FullTime"
"6381","20To24","FullTime"
"6382","20To24","FullTime"
"6383","20To24","FullTime"
"6384","20To24","FullTime"
"6385","20To24","FullTime"
"6386","20To24","FullTime"
"6387","20To24","FullTime"
"6388","20To24","FullTime"
"6389","20To24","FullTime"
"6390","20To24","FullTime"
"6391","20To24","FullTime"
"6392","20To24","FullTime"
"6393","20To24","FullTime"
"6394","20To24","FullTime"
"6395","20To24","FullTime"
"6396","20To24","FullTime"
"6397","20To24","FullTime"
"6398","20To24","FullTime"
"6399","20To24","FullTime"
"6400","20To24","FullTime"
"6401","20To24","FullTime"
"6402","20To24","FullTime"
"6403","20To24","FullTime"
"6404","20To24","FullTime"
"6405","20To24","FullTime"
"6406","20To24","FullTime"
"6407","20To24","FullTime"
"6408","20To24","FullTime"
"6409","20To24","FullTime"
"6410","20To24","FullTime"
"6411","20To24","FullTime"
"6412","20To24","FullTime"
"6413","20To24","FullTime"
"6414","20To24","FullTime"
"6415","20To24","FullTime"
"6416","20To24","FullTime"
"6417","20To24","FullTime"
"6418","20To24","FullTime"
"6419","20To24","FullTime"
"6420","20To24","FullTime"
"6421","20To24","FullTime"
"6422","20To24","FullTime"
"6423","20To24","FullTime"
"6424","20To24","FullTime"
"6425","20To24","FullTime"
"6426","20To24","FullTime"
"6427","20To24","FullTime"
"6428","20To24","FullTime"
"6429","20To24","FullTime"
"6430","20To24","FullTime"
"6431","20To24","FullTime"
"6432","20To24","FullTime"
"6433","20To24","FullTime"
"6434","20To24","FullTime"
"6435","20To24","FullTime"
"6436","20To24","FullTime"
"6437","20To24","FullTime"
"6438","20To24","FullTime"
"6439","20To24","FullTime"
"6440","20To24","FullTime"
"6441","20To24","FullTime"
"6442","20To24","FullTime"
"6443","20To24","FullTime"
"6444","20To24","FullTime"
"6445","20To24","FullTime"
"6446","20To24","FullTime"
"6447","20To24","FullTime"
"6448","20To24","FullTime"
"6449","20To24","FullTime"
"6450","20To24","FullTime"
"6451","20To24","FullTime"
"6452","20To24","FullTime"
"6453","20To24","FullTime"
"6454","20To24","FullTime"
"6455","20To24","FullTime"
"6456","20To24","FullTime"
"6457","20To24","FullTime"
"6458","20To24","FullTime"
"6459","20To24","FullTime"
"6460","20To24","FullTime"
"6461","20To24","FullTime"
"6462","20To24","FullTime"
"6463","20To24","FullTime"
"6464","20To24","FullTime"
"6465","20To24","FullTime"
"6466","20To24","FullTime"
"6467","20To24","FullTime"
"6468","20To24","FullTime"
"6469","20To24","FullTime"
"6470","20To24","FullTime"
"6471","20To24","FullTime"
"6472","20To24","FullTime"
"6473","20To24","FullTime"
"6474","20To24","FullTime"
"6475","20To24","FullTime"
"6476","20To24","FullTime"
"6477","20To24","FullTime"
"6478","20To24","FullTime"
"6479","20To24","FullTime"
"6480","20To24","FullTime"
"6481","20To24","FullTime"
"6482","20To24","FullTime"
"6483","20To24","FullTime"
"6484","20To24","FullTime"
"6485","20To24","FullTime"
"6486","20To24","FullTime"
"6487","20To24","FullTime"
"6488","20To24","FullTime"
"6489","20To24","FullTime"
"6490","20To24","FullTime"
"6491","20To24","FullTime"
"6492","20To24","FullTime"
"6493","20To24","FullTime"
"6494","20To24","FullTime"
"6495","20To24","FullTime"
"6496","20To24","FullTime"
"6497","20To24","FullTime"
"6498","20To24","FullTime"
"6499","20To24","FullTime"
"6500","20To24","FullTime"
"6501","20To24","FullTime"
"6502","20To24","FullTime"
"6503","20To24","FullTime"
"6504","20To24","FullTime"
"6505","20To24","FullTime"
"6506","20To24","FullTime"
"6507","20To24","FullTime"
"6508","20To24","FullTime"
"6509","20To24","FullTime"
"6510","20To24","FullTime"
"6511","20To24","FullTime"
"6512","20To24","FullTime"
"6513","20To24","FullTime"
"6514","20To24","FullTime"
"6515","20To24","FullTime"
"6516","20To24","FullTime"
"6517","20To24","FullTime"
"6518","20To24","FullTime"
"6519","20To24","FullTime"
"6520","20To24","FullTime"
"6521","20To24","FullTime"
"6522","20To24","FullTime"
"6523","20To24","FullTime"
"6524","20To24","FullTime"
"6525","20To24","FullTime"
"6526","20To24","FullTime"
"6527","20To24","FullTime"
"6528","20To24","FullTime"
"6529","20To24","FullTime"
"6530","20To24","FullTime"
"6531","20To24","FullTime"
"6532","20To24","FullTime"
"6533","20To24","FullTime"
"6534","20To24","FullTime"
"6535","20To24","FullTime"
"6536","20To24","FullTime"
"6537","20To24","FullTime"
"6538","20To24","FullTime"
"6539","20To24","FullTime"
"6540","20To24","FullTime"
"6541","20To24","FullTime"
"6542","20To24","FullTime"
"6543","20To24","FullTime"
"6544","20To24","FullTime"
"6545","20To24","FullTime"
"6546","20To24","FullTime"
"6547","20To24","FullTime"
"6548","20To24","FullTime"
"6549","20To24","FullTime"
"6550","20To24","FullTime"
"6551","20To24","FullTime"
"6552","20To24","FullTime"
"6553","20To24","FullTime"
"6554","20To24","FullTime"
"6555","20To24","FullTime"
"6556","20To24","FullTime"
"6557","20To24","FullTime"
"6558","20To24","FullTime"
"6559","20To24","FullTime"
"6560","20To24","FullTime"
"6561","20To24","FullTime"
"6562","20To24","FullTime"
"6563","20To24","FullTime"
"6564","20To24","FullTime"
"6565","20To24","FullTime"
"6566","20To24","FullTime"
"6567","20To24","FullTime"
"6568","20To24","FullTime"
"6569","20To24","FullTime"
"6570","20To24","FullTime"
"6571","20To24","FullTime"
"6572","20To24","FullTime"
"6573","20To24","FullTime"
"6574","20To24","FullTime"
"6575","20To24","FullTime"
"6576","20To24","FullTime"
"6577","20To24","FullTime"
"6578","20To24","FullTime"
"6579","20To24","FullTime"
"6580","20To24","FullTime"
"6581","20To24","FullTime"
"6582","20To24","FullTime"
"6583","20To24","FullTime"
"6584","20To24","FullTime"
"6585","20To24","FullTime"
"6586","20To24","FullTime"
"6587","20To24","FullTime"
"6588","20To24","FullTime"
"6589","20To24","FullTime"
"6590","20To24","FullTime"
"6591","20To24","FullTime"
"6592","20To24","FullTime"
"6593","20To24","FullTime"
"6594","20To24","FullTime"
"6595","20To24","FullTime"
"6596","20To24","FullTime"
"6597","20To24","FullTime"
"6598","20To24","FullTime"
"6599","20To24","FullTime"
"6600","20To24","FullTime"
"6601","20To24","FullTime"
"6602","20To24","FullTime"
"6603","20To24","FullTime"
"6604","20To24","FullTime"
"6605","20To24","FullTime"
"6606","20To24","FullTime"
"6607","20To24","FullTime"
"6608","20To24","FullTime"
"6609","20To24","FullTime"
"6610","20To24","FullTime"
"6611","20To24","FullTime"
"6612","20To24","FullTime"
"6613","20To24","FullTime"
"6614","20To24","FullTime"
"6615","20To24","FullTime"
"6616","20To24","FullTime"
"6617","20To24","FullTime"
"6618","20To24","FullTime"
"6619","20To24","FullTime"
"6620","20To24","FullTime"
"6621","20To24","FullTime"
"6622","20To24","FullTime"
"6623","20To24","FullTime"
"6624","20To24","FullTime"
"6625","20To24","FullTime"
"6626","20To24","FullTime"
"6627","20To24","FullTime"
"6628","20To24","FullTime"
"6629","20To24","FullTime"
"6630","20To24","FullTime"
"6631","20To24","FullTime"
"6632","20To24","FullTime"
"6633","20To24","FullTime"
"6634","20To24","FullTime"
"6635","20To24","FullTime"
"6636","20To24","FullTime"
"6637","20To24","FullTime"
"6638","20To24","FullTime"
"6639","20To24","FullTime"
"6640","20To24","FullTime"
"6641","20To24","FullTime"
"6642","20To24","FullTime"
"6643","20To24","FullTime"
"6644","20To24","FullTime"
"6645","20To24","FullTime"
"6646","20To24","FullTime"
"6647","20To24","FullTime"
"6648","20To24","FullTime"
"6649","20To24","FullTime"
"6650","20To24","FullTime"
"6651","20To24","FullTime"
"6652","20To24","FullTime"
"6653","20To24","FullTime"
"6654","20To24","FullTime"
"6655","20To24","FullTime"
"6656","20To24","FullTime"
"6657","20To24","FullTime"
"6658","20To24","FullTime"
"6659","20To24","FullTime"
"6660","20To24","FullTime"
"6661","20To24","FullTime"
"6662","20To24","FullTime"
"6663","20To24","FullTime"
"6664","20To24","FullTime"
"6665","20To24","FullTime"
"6666","20To24","FullTime"
"6667","20To24","FullTime"
"6668","20To24","FullTime"
"6669","20To24","FullTime"
"6670","20To24","FullTime"
"6671","20To24","FullTime"
"6672","20To24","FullTime"
"6673","20To24","FullTime"
"6674","20To24","FullTime"
"6675","20To24","FullTime"
"6676","20To24","FullTime"
"6677","20To24","FullTime"
"6678","20To24","FullTime"
"6679","20To24","FullTime"
"6680","20To24","FullTime"
"6681","20To24","FullTime"
"6682","20To24","FullTime"
"6683","20To24","FullTime"
"6684","20To24","FullTime"
"6685","20To24","FullTime"
"6686","20To24","FullTime"
"6687","20To24","FullTime"
"6688","20To24","FullTime"
"6689","20To24","FullTime"
"6690","20To24","FullTime"
"6691","20To24","FullTime"
"6692","20To24","FullTime"
"6693","20To24","FullTime"
"6694","20To24","FullTime"
"6695","20To24","FullTime"
"6696","20To24","FullTime"
"6697","20To24","FullTime"
"6698","20To24","FullTime"
"6699","20To24","FullTime"
"6700","20To24","FullTime"
"6701","20To24","FullTime"
"6702","20To24","FullTime"
"6703","20To24","FullTime"
"6704","20To24","FullTime"
"6705","20To24","FullTime"
"6706","20To24","FullTime"
"6707","20To24","FullTime"
"6708","20To24","FullTime"
"6709","20To24","FullTime"
"6710","20To24","FullTime"
"6711","20To24","FullTime"
"6712","20To24","FullTime"
"6713","20To24","FullTime"
"6714","20To24","FullTime"
"6715","20To24","FullTime"
"6716","20To24","FullTime"
"6717","20To24","FullTime"
"6718","20To24","FullTime"
"6719","20To24","FullTime"
"6720","20To24","FullTime"
"6721","20To24","FullTime"
"6722","20To24","FullTime"
"6723","20To24","FullTime"
"6724","20To24","FullTime"
"6725","20To24","FullTime"
"6726","20To24","FullTime"
"6727","20To24","FullTime"
"6728","20To24","FullTime"
"6729","20To24","FullTime"
"6730","20To24","FullTime"
"6731","20To24","FullTime"
"6732","20To24","FullTime"
"6733","20To24","FullTime"
"6734","20To24","FullTime"
"6735","20To24","FullTime"
"6736","20To24","FullTime"
"6737","20To24","FullTime"
"6738","20To24","FullTime"
"6739","20To24","FullTime"
"6740","20To24","FullTime"
"6741","20To24","FullTime"
"6742","20To24","FullTime"
"6743","20To24","FullTime"
"6744","20To24","FullTime"
"6745","20To24","FullTime"
"6746","20To24","FullTime"
"6747","20To24","FullTime"
"6748","20To24","FullTime"
"6749","20To24","FullTime"
"6750","20To24","FullTime"
"6751","20To24","FullTime"
"6752","20To24","FullTime"
"6753","20To24","FullTime"
"6754","20To24","FullTime"
"6755","20To24","FullTime"
"6756","20To24","FullTime"
"6757","20To24","FullTime"
"6758","20To24","FullTime"
"6759","20To24","FullTime"
"6760","20To24","FullTime"
"6761","20To24","FullTime"
"6762","20To24","FullTime"
"6763","20To24","FullTime"
"6764","20To24","FullTime"
"6765","20To24","FullTime"
"6766","20To24","FullTime"
"6767","20To24","FullTime"
"6768","20To24","FullTime"
"6769","20To24","FullTime"
"6770","20To24","FullTime"
"6771","20To24","FullTime"
"6772","20To24","FullTime"
"6773","20To24","FullTime"
"6774","20To24","FullTime"
"6775","20To24","FullTime"
"6776","20To24","FullTime"
"6777","20To24","FullTime"
"6778","20To24","FullTime"
"6779","20To24","FullTime"
"6780","20To24","FullTime"
"6781","20To24","FullTime"
"6782","20To24","FullTime"
"6783","20To24","FullTime"
"6784","20To24","FullTime"
"6785","20To24","FullTime"
"6786","20To24","FullTime"
"6787","20To24","FullTime"
"6788","20To24","FullTime"
"6789","20To24","FullTime"
"6790","20To24","FullTime"
"6791","20To24","FullTime"
"6792","20To24","FullTime"
"6793","20To24","FullTime"
"6794","20To24","FullTime"
"6795","20To24","FullTime"
"6796","20To24","FullTime"
"6797","20To24","FullTime"
"6798","20To24","FullTime"
"6799","20To24","FullTime"
"6800","20To24","FullTime"
"6801","20To24","FullTime"
"6802","20To24","FullTime"
"6803","20To24","FullTime"
"6804","20To24","FullTime"
"6805","20To24","FullTime"
"6806","20To24","FullTime"
"6807","20To24","FullTime"
"6808","20To24","FullTime"
"6809","20To24","FullTime"
"6810","20To24","FullTime"
"6811","20To24","FullTime"
"6812","20To24","FullTime"
"6813","20To24","FullTime"
"6814","20To24","FullTime"
"6815","20To24","FullTime"
"6816","20To24","FullTime"
"6817","20To24","FullTime"
"6818","20To24","FullTime"
"6819","20To24","FullTime"
"6820","20To24","FullTime"
"6821","20To24","FullTime"
"6822","20To24","FullTime"
"6823","20To24","FullTime"
"6824","20To24","FullTime"
"6825","20To24","FullTime"
"6826","20To24","FullTime"
"6827","20To24","FullTime"
"6828","20To24","FullTime"
"6829","20To24","FullTime"
"6830","20To24","FullTime"
"6831","20To24","FullTime"
"6832","20To24","FullTime"
"6833","20To24","FullTime"
"6834","20To24","FullTime"
"6835","20To24","FullTime"
"6836","20To24","FullTime"
"6837","20To24","FullTime"
"6838","20To24","FullTime"
"6839","20To24","FullTime"
"6840","20To24","FullTime"
"6841","20To24","FullTime"
"6842","20To24","FullTime"
"6843","20To24","FullTime"
"6844","20To24","FullTime"
"6845","20To24","FullTime"
"6846","20To24","FullTime"
"6847","20To24","FullTime"
"6848","20To24","FullTime"
"6849","20To24","FullTime"
"6850","20To24","FullTime"
"6851","20To24","FullTime"
"6852","20To24","FullTime"
"6853","20To24","FullTime"
"6854","20To24","FullTime"
"6855","20To24","FullTime"
"6856","20To24","FullTime"
"6857","20To24","FullTime"
"6858","20To24","FullTime"
"6859","20To24","FullTime"
"6860","20To24","FullTime"
"6861","20To24","FullTime"
"6862","20To24","FullTime"
"6863","20To24","FullTime"
"6864","20To24","FullTime"
"6865","20To24","FullTime"
"6866","20To24","FullTime"
"6867","20To24","FullTime"
"6868","20To24","FullTime"
"6869","20To24","FullTime"
"6870","20To24","FullTime"
"6871","20To24","FullTime"
"6872","20To24","FullTime"
"6873","20To24","FullTime"
"6874","20To24","FullTime"
"6875","20To24","FullTime"
"6876","20To24","FullTime"
"6877","20To24","FullTime"
"6878","20To24","FullTime"
"6879","20To24","FullTime"
"6880","20To24","FullTime"
"6881","20To24","FullTime"
"6882","20To24","FullTime"
"6883","20To24","FullTime"
"6884","20To24","FullTime"
"6885","20To24","FullTime"
"6886","20To24","FullTime"
"6887","20To24","FullTime"
"6888","20To24","FullTime"
"6889","20To24","FullTime"
"6890","20To24","FullTime"
"6891","20To24","FullTime"
"6892","20To24","FullTime"
"6893","20To24","FullTime"
"6894","20To24","FullTime"
"6895","20To24","FullTime"
"6896","20To24","FullTime"
"6897","20To24","FullTime"
"6898","20To24","FullTime"
"6899","20To24","FullTime"
"6900","20To24","FullTime"
"6901","20To24","FullTime"
"6902","20To24","FullTime"
"6903","20To24","FullTime"
"6904","20To24","FullTime"
"6905","20To24","FullTime"
"6906","20To24","FullTime"
"6907","20To24","FullTime"
"6908","20To24","FullTime"
"6909","20To24","FullTime"
"6910","20To24","FullTime"
"6911","20To24","FullTime"
"6912","20To24","FullTime"
"6913","20To24","FullTime"
"6914","20To24","FullTime"
"6915","20To24","FullTime"
"6916","20To24","FullTime"
"6917","20To24","FullTime"
"6918","20To24","FullTime"
"6919","20To24","FullTime"
"6920","20To24","FullTime"
"6921","20To24","FullTime"
"6922","20To24","FullTime"
"6923","20To24","FullTime"
"6924","20To24","FullTime"
"6925","20To24","FullTime"
"6926","20To24","FullTime"
"6927","20To24","FullTime"
"6928","20To24","FullTime"
"6929","20To24","FullTime"
"6930","20To24","FullTime"
"6931","20To24","FullTime"
"6932","20To24","FullTime"
"6933","20To24","FullTime"
"6934","20To24","FullTime"
"6935","20To24","FullTime"
"6936","20To24","FullTime"
"6937","20To24","FullTime"
"6938","20To24","FullTime"
"6939","20To24","FullTime"
"6940","20To24","FullTime"
"6941","20To24","FullTime"
"6942","20To24","FullTime"
"6943","20To24","FullTime"
"6944","20To24","FullTime"
"6945","20To24","FullTime"
"6946","20To24","FullTime"
"6947","20To24","FullTime"
"6948","20To24","FullTime"
"6949","20To24","FullTime"
"6950","20To24","FullTime"
"6951","20To24","FullTime"
"6952","20To24","FullTime"
"6953","20To24","FullTime"
"6954","20To24","FullTime"
"6955","20To24","FullTime"
"6956","20To24","FullTime"
"6957","20To24","FullTime"
"6958","20To24","FullTime"
"6959","20To24","FullTime"
"6960","20To24","FullTime"
"6961","20To24","FullTime"
"6962","20To24","FullTime"
"6963","20To24","FullTime"
"6964","20To24","FullTime"
"6965","20To24","FullTime"
"6966","20To24","FullTime"
"6967","20To24","FullTime"
"6968","20To24","FullTime"
"6969","20To24","FullTime"
"6970","20To24","FullTime"
"6971","20To24","FullTime"
"6972","20To24","FullTime"
"6973","20To24","FullTime"
"6974","20To24","FullTime"
"6975","20To24","FullTime"
"6976","20To24","FullTime"
"6977","20To24","FullTime"
"6978","20To24","FullTime"
"6979","20To24","FullTime"
"6980","20To24","FullTime"
"6981","20To24","FullTime"
"6982","20To24","FullTime"
"6983","20To24","FullTime"
"6984","20To24","FullTime"
"6985","20To24","FullTime"
"6986","20To24","FullTime"
"6987","20To24","FullTime"
"6988","20To24","FullTime"
"6989","20To24","FullTime"
"6990","20To24","FullTime"
"6991","20To24","FullTime"
"6992","20To24","FullTime"
"6993","20To24","FullTime"
"6994","20To24","FullTime"
"6995","20To24","FullTime"
"6996","20To24","FullTime"
"6997","20To24","FullTime"
"6998","20To24","FullTime"
"6999","20To24","FullTime"
"7000","20To24","FullTime"
"7001","20To24","FullTime"
"7002","20To24","FullTime"
"7003","20To24","FullTime"
"7004","20To24","FullTime"
"7005","20To24","FullTime"
"7006","20To24","FullTime"
"7007","20To24","FullTime"
"7008","20To24","FullTime"
"7009","20To24","FullTime"
"7010","20To24","FullTime"
"7011","20To24","FullTime"
"7012","20To24","FullTime"
"7013","20To24","FullTime"
"7014","20To24","FullTime"
"7015","20To24","FullTime"
"7016","20To24","FullTime"
"7017","20To24","FullTime"
"7018","20To24","FullTime"
"7019","20To24","FullTime"
"7020","20To24","FullTime"
"7021","20To24","FullTime"
"7022","20To24","FullTime"
"7023","20To24","FullTime"
"7024","20To24","FullTime"
"7025","20To24","FullTime"
"7026","20To24","FullTime"
"7027","20To24","FullTime"
"7028","20To24","FullTime"
"7029","20To24","FullTime"
"7030","20To24","FullTime"
"7031","20To24","FullTime"
"7032","20To24","FullTime"
"7033","20To24","FullTime"
"7034","20To24","FullTime"
"7035","20To24","FullTime"
"7036","20To24","FullTime"
"7037","20To24","FullTime"
"7038","20To24","FullTime"
"7039","20To24","FullTime"
"7040","20To24","FullTime"
"7041","20To24","FullTime"
"7042","20To24","FullTime"
"7043","20To24","FullTime"
"7044","20To24","FullTime"
"7045","20To24","FullTime"
"7046","20To24","FullTime"
"7047","20To24","FullTime"
"7048","20To24","FullTime"
"7049","20To24","FullTime"
"7050","20To24","FullTime"
"7051","20To24","FullTime"
"7052","20To24","FullTime"
"7053","20To24","FullTime"
"7054","20To24","FullTime"
"7055","20To24","FullTime"
"7056","20To24","FullTime"
"7057","20To24","FullTime"
"7058","20To24","FullTime"
"7059","20To24","FullTime"
"7060","20To24","FullTime"
"7061","20To24","FullTime"
"7062","20To24","FullTime"
"7063","20To24","FullTime"
"7064","20To24","FullTime"
"7065","20To24","FullTime"
"7066","20To24","FullTime"
"7067","20To24","FullTime"
"7068","20To24","FullTime"
"7069","20To24","FullTime"
"7070","20To24","FullTime"
"7071","20To24","FullTime"
"7072","20To24","FullTime"
"7073","20To24","FullTime"
"7074","20To24","FullTime"
"7075","20To24","FullTime"
"7076","20To24","FullTime"
"7077","20To24","FullTime"
"7078","20To24","FullTime"
"7079","20To24","FullTime"
"7080","20To24","FullTime"
"7081","20To24","FullTime"
"7082","20To24","FullTime"
"7083","20To24","FullTime"
"7084","20To24","FullTime"
"7085","20To24","FullTime"
"7086","20To24","FullTime"
"7087","20To24","FullTime"
"7088","20To24","FullTime"
"7089","20To24","FullTime"
"7090","20To24","FullTime"
"7091","20To24","FullTime"
"7092","20To24","FullTime"
"7093","20To24","FullTime"
"7094","20To24","FullTime"
"7095","20To24","FullTime"
"7096","20To24","FullTime"
"7097","20To24","FullTime"
"7098","20To24","FullTime"
"7099","20To24","FullTime"
"7100","20To24","FullTime"
"7101","20To24","FullTime"
"7102","20To24","FullTime"
"7103","20To24","FullTime"
"7104","20To24","FullTime"
"7105","20To24","FullTime"
"7106","20To24","FullTime"
"7107","20To24","FullTime"
"7108","20To24","FullTime"
"7109","20To24","FullTime"
"7110","20To24","FullTime"
"7111","20To24","FullTime"
"7112","20To24","FullTime"
"7113","20To24","FullTime"
"7114","20To24","FullTime"
"7115","20To24","FullTime"
"7116","20To24","FullTime"
"7117","20To24","FullTime"
"7118","20To24","FullTime"
"7119","20To24","FullTime"
"7120","20To24","FullTime"
"7121","20To24","FullTime"
"7122","20To24","FullTime"
"7123","20To24","FullTime"
"7124","20To24","FullTime"
"7125","20To24","FullTime"
"7126","20To24","FullTime"
"7127","20To24","FullTime"
"7128","20To24","FullTime"
"7129","20To24","FullTime"
"7130","20To24","FullTime"
"7131","20To24","FullTime"
"7132","20To24","FullTime"
"7133","20To24","FullTime"
"7134","20To24","FullTime"
"7135","20To24","FullTime"
"7136","20To24","FullTime"
"7137","20To24","FullTime"
"7138","20To24","FullTime"
"7139","20To24","FullTime"
"7140","20To24","FullTime"
"7141","20To24","FullTime"
"7142","20To24","FullTime"
"7143","20To24","FullTime"
"7144","20To24","FullTime"
"7145","20To24","FullTime"
"7146","20To24","FullTime"
"7147","20To24","FullTime"
"7148","20To24","FullTime"
"7149","20To24","FullTime"
"7150","20To24","FullTime"
"7151","20To24","FullTime"
"7152","20To24","FullTime"
"7153","20To24","FullTime"
"7154","20To24","FullTime"
"7155","20To24","FullTime"
"7156","20To24","FullTime"
"7157","20To24","FullTime"
"7158","20To24","FullTime"
"7159","20To24","FullTime"
"7160","20To24","FullTime"
"7161","20To24","FullTime"
"7162","20To24","FullTime"
"7163","20To24","FullTime"
"7164","20To24","FullTime"
"7165","20To24","FullTime"
"7166","20To24","FullTime"
"7167","20To24","FullTime"
"7168","20To24","FullTime"
"7169","20To24","FullTime"
"7170","20To24","FullTime"
"7171","20To24","FullTime"
"7172","20To24","FullTime"
"7173","20To24","FullTime"
"7174","20To24","FullTime"
"7175","20To24","FullTime"
"7176","20To24","FullTime"
"7177","20To24","FullTime"
"7178","20To24","FullTime"
"7179","20To24","FullTime"
"7180","20To24","FullTime"
"7181","20To24","FullTime"
"7182","20To24","FullTime"
"7183","20To24","FullTime"
"7184","20To24","FullTime"
"7185","20To24","FullTime"
"7186","20To24","FullTime"
"7187","20To24","FullTime"
"7188","20To24","FullTime"
"7189","20To24","FullTime"
"7190","20To24","FullTime"
"7191","20To24","FullTime"
"7192","20To24","FullTime"
"7193","20To24","FullTime"
"7194","20To24","FullTime"
"7195","20To24","FullTime"
"7196","20To24","FullTime"
"7197","20To24","FullTime"
"7198","20To24","FullTime"
"7199","20To24","FullTime"
"7200","20To24","FullTime"
"7201","20To24","FullTime"
"7202","20To24","FullTime"
"7203","20To24","FullTime"
"7204","20To24","FullTime"
"7205","20To24","FullTime"
"7206","20To24","FullTime"
"7207","20To24","FullTime"
"7208","20To24","FullTime"
"7209","20To24","FullTime"
"7210","20To24","FullTime"
"7211","20To24","FullTime"
"7212","20To24","FullTime"
"7213","20To24","FullTime"
"7214","20To24","FullTime"
"7215","20To24","FullTime"
"7216","20To24","FullTime"
"7217","20To24","FullTime"
"7218","20To24","FullTime"
"7219","20To24","FullTime"
"7220","20To24","FullTime"
"7221","20To24","FullTime"
"7222","20To24","FullTime"
"7223","20To24","FullTime"
"7224","20To24","FullTime"
"7225","20To24","FullTime"
"7226","20To24","FullTime"
"7227","20To24","FullTime"
"7228","20To24","FullTime"
"7229","20To24","FullTime"
"7230","20To24","FullTime"
"7231","20To24","FullTime"
"7232","20To24","FullTime"
"7233","20To24","FullTime"
"7234","20To24","FullTime"
"7235","20To24","FullTime"
"7236","20To24","FullTime"
"7237","20To24","FullTime"
"7238","20To24","FullTime"
"7239","20To24","FullTime"
"7240","20To24","FullTime"
"7241","20To24","FullTime"
"7242","20To24","FullTime"
"7243","20To24","FullTime"
"7244","20To24","FullTime"
"7245","20To24","FullTime"
"7246","20To24","FullTime"
"7247","20To24","FullTime"
"7248","20To24","FullTime"
"7249","20To24","FullTime"
"7250","20To24","FullTime"
"7251","20To24","FullTime"
"7252","20To24","FullTime"
"7253","20To24","FullTime"
"7254","20To24","FullTime"
"7255","20To24","FullTime"
"7256","20To24","FullTime"
"7257","20To24","FullTime"
"7258","20To24","FullTime"
"7259","20To24","FullTime"
"7260","20To24","FullTime"
"7261","20To24","FullTime"
"7262","20To24","FullTime"
"7263","20To24","FullTime"
"7264","20To24","FullTime"
"7265","20To24","FullTime"
"7266","20To24","FullTime"
"7267","20To24","FullTime"
"7268","20To24","FullTime"
"7269","20To24","FullTime"
"7270","20To24","FullTime"
"7271","20To24","FullTime"
"7272","20To24","FullTime"
"7273","20To24","FullTime"
"7274","20To24","FullTime"
"7275","20To24","FullTime"
"7276","20To24","FullTime"
"7277","20To24","FullTime"
"7278","20To24","FullTime"
"7279","20To24","FullTime"
"7280","20To24","FullTime"
"7281","20To24","FullTime"
"7282","20To24","FullTime"
"7283","20To24","FullTime"
"7284","20To24","FullTime"
"7285","20To24","FullTime"
"7286","20To24","FullTime"
"7287","20To24","FullTime"
"7288","20To24","FullTime"
"7289","20To24","FullTime"
"7290","20To24","FullTime"
"7291","20To24","FullTime"
"7292","20To24","FullTime"
"7293","20To24","FullTime"
"7294","20To24","FullTime"
"7295","20To24","FullTime"
"7296","20To24","FullTime"
"7297","20To24","FullTime"
"7298","20To24","FullTime"
"7299","20To24","FullTime"
"7300","20To24","FullTime"
"7301","20To24","FullTime"
"7302","20To24","FullTime"
"7303","20To24","FullTime"
"7304","20To24","FullTime"
"7305","20To24","FullTime"
"7306","20To24","FullTime"
"7307","20To24","FullTime"
"7308","20To24","FullTime"
"7309","20To24","FullTime"
"7310","20To24","FullTime"
"7311","20To24","FullTime"
"7312","20To24","FullTime"
"7313","20To24","FullTime"
"7314","20To24","FullTime"
"7315","20To24","FullTime"
"7316","20To24","FullTime"
"7317","20To24","FullTime"
"7318","20To24","FullTime"
"7319","20To24","FullTime"
"7320","20To24","FullTime"
"7321","20To24","FullTime"
"7322","20To24","FullTime"
"7323","20To24","FullTime"
"7324","20To24","FullTime"
"7325","20To24","FullTime"
"7326","20To24","FullTime"
"7327","20To24","FullTime"
"7328","20To24","FullTime"
"7329","20To24","FullTime"
"7330","20To24","FullTime"
"7331","20To24","FullTime"
"7332","20To24","FullTime"
"7333","20To24","FullTime"
"7334","20To24","FullTime"
"7335","20To24","FullTime"
"7336","20To24","FullTime"
"7337","20To24","FullTime"
"7338","20To24","FullTime"
"7339","20To24","FullTime"
"7340","20To24","FullTime"
"7341","20To24","FullTime"
"7342","20To24","FullTime"
"7343","20To24","FullTime"
"7344","20To24","FullTime"
"7345","20To24","FullTime"
"7346","20To24","FullTime"
"7347","20To24","FullTime"
"7348","20To24","FullTime"
"7349","20To24","FullTime"
"7350","20To24","FullTime"
"7351","20To24","FullTime"
"7352","20To24","FullTime"
"7353","20To24","FullTime"
"7354","20To24","FullTime"
"7355","20To24","FullTime"
"7356","20To24","FullTime"
"7357","20To24","FullTime"
"7358","20To24","FullTime"
"7359","20To24","FullTime"
"7360","20To24","FullTime"
"7361","20To24","FullTime"
"7362","20To24","FullTime"
"7363","20To24","FullTime"
"7364","20To24","FullTime"
"7365","20To24","FullTime"
"7366","20To24","FullTime"
"7367","20To24","FullTime"
"7368","20To24","FullTime"
"7369","20To24","FullTime"
"7370","20To24","FullTime"
"7371","20To24","FullTime"
"7372","20To24","FullTime"
"7373","20To24","FullTime"
"7374","20To24","FullTime"
"7375","20To24","FullTime"
"7376","20To24","FullTime"
"7377","20To24","FullTime"
"7378","20To24","FullTime"
"7379","20To24","FullTime"
"7380","20To24","FullTime"
"7381","20To24","FullTime"
"7382","20To24","FullTime"
"7383","20To24","FullTime"
"7384","20To24","FullTime"
"7385","20To24","FullTime"
"7386","20To24","FullTime"
"7387","20To24","FullTime"
"7388","20To24","FullTime"
"7389","20To24","FullTime"
"7390","20To24","FullTime"
"7391","20To24","FullTime"
"7392","20To24","FullTime"
"7393","20To24","FullTime"
"7394","20To24","FullTime"
"7395","20To24","FullTime"
"7396","20To24","FullTime"
"7397","20To24","FullTime"
"7398","20To24","FullTime"
"7399","20To24","FullTime"
"7400","20To24","FullTime"
"7401","20To24","FullTime"
"7402","20To24","FullTime"
"7403","20To24","FullTime"
"7404","20To24","FullTime"
"7405","20To24","FullTime"
"7406","20To24","FullTime"
"7407","20To24","FullTime"
"7408","20To24","FullTime"
"7409","20To24","FullTime"
"7410","20To24","FullTime"
"7411","20To24","FullTime"
"7412","20To24","FullTime"
"7413","20To24","FullTime"
"7414","20To24","FullTime"
"7415","20To24","FullTime"
"7416","20To24","FullTime"
"7417","20To24","FullTime"
"7418","20To24","FullTime"
"7419","20To24","FullTime"
"7420","20To24","FullTime"
"7421","20To24","FullTime"
"7422","20To24","FullTime"
"7423","20To24","FullTime"
"7424","20To24","FullTime"
"7425","20To24","FullTime"
"7426","20To24","FullTime"
"7427","20To24","FullTime"
"7428","20To24","FullTime"
"7429","20To24","FullTime"
"7430","20To24","FullTime"
"7431","20To24","FullTime"
"7432","20To24","FullTime"
"7433","20To24","FullTime"
"7434","20To24","FullTime"
"7435","20To24","FullTime"
"7436","20To24","FullTime"
"7437","20To24","FullTime"
"7438","20To24","FullTime"
"7439","20To24","FullTime"
"7440","20To24","FullTime"
"7441","20To24","FullTime"
"7442","20To24","FullTime"
"7443","20To24","FullTime"
"7444","20To24","FullTime"
"7445","20To24","FullTime"
"7446","20To24","FullTime"
"7447","20To24","FullTime"
"7448","20To24","FullTime"
"7449","20To24","FullTime"
"7450","20To24","FullTime"
"7451","20To24","FullTime"
"7452","20To24","FullTime"
"7453","20To24","FullTime"
"7454","20To24","FullTime"
"7455","20To24","FullTime"
"7456","20To24","FullTime"
"7457","20To24","FullTime"
"7458","20To24","FullTime"
"7459","20To24","FullTime"
"7460","20To24","FullTime"
"7461","20To24","FullTime"
"7462","20To24","FullTime"
"7463","20To24","FullTime"
"7464","20To24","FullTime"
"7465","20To24","FullTime"
"7466","20To24","FullTime"
"7467","20To24","FullTime"
"7468","20To24","FullTime"
"7469","20To24","FullTime"
"7470","20To24","FullTime"
"7471","20To24","FullTime"
"7472","20To24","FullTime"
"7473","20To24","FullTime"
"7474","20To24","FullTime"
"7475","20To24","FullTime"
"7476","20To24","FullTime"
"7477","20To24","FullTime"
"7478","20To24","FullTime"
"7479","20To24","FullTime"
"7480","20To24","FullTime"
"7481","20To24","FullTime"
"7482","20To24","FullTime"
"7483","20To24","FullTime"
"7484","20To24","FullTime"
"7485","20To24","FullTime"
"7486","20To24","FullTime"
"7487","20To24","FullTime"
"7488","20To24","FullTime"
"7489","20To24","FullTime"
"7490","20To24","FullTime"
"7491","20To24","FullTime"
"7492","20To24","FullTime"
"7493","20To24","FullTime"
"7494","20To24","FullTime"
"7495","20To24","FullTime"
"7496","20To24","FullTime"
"7497","20To24","FullTime"
"7498","20To24","FullTime"
"7499","20To24","FullTime"
"7500","20To24","FullTime"
"7501","20To24","FullTime"
"7502","20To24","FullTime"
"7503","20To24","FullTime"
"7504","20To24","FullTime"
"7505","20To24","FullTime"
"7506","20To24","FullTime"
"7507","20To24","FullTime"
"7508","20To24","FullTime"
"7509","20To24","FullTime"
"7510","20To24","FullTime"
"7511","20To24","FullTime"
"7512","20To24","FullTime"
"7513","20To24","FullTime"
"7514","20To24","FullTime"
"7515","20To24","FullTime"
"7516","20To24","FullTime"
"7517","20To24","FullTime"
"7518","20To24","FullTime"
"7519","20To24","FullTime"
"7520","20To24","FullTime"
"7521","20To24","FullTime"
"7522","20To24","FullTime"
"7523","20To24","FullTime"
"7524","20To24","FullTime"
"7525","20To24","FullTime"
"7526","20To24","FullTime"
"7527","20To24","FullTime"
"7528","20To24","FullTime"
"7529","20To24","FullTime"
"7530","20To24","FullTime"
"7531","20To24","FullTime"
"7532","20To24","FullTime"
"7533","20To24","FullTime"
"7534","20To24","FullTime"
"7535","20To24","FullTime"
"7536","20To24","FullTime"
"7537","20To24","FullTime"
"7538","20To24","FullTime"
"7539","20To24","FullTime"
"7540","20To24","FullTime"
"7541","20To24","FullTime"
"7542","20To24","FullTime"
"7543","20To24","FullTime"
"7544","20To24","FullTime"
"7545","20To24","FullTime"
"7546","20To24","FullTime"
"7547","20To24","FullTime"
"7548","20To24","FullTime"
"7549","20To24","FullTime"
"7550","20To24","FullTime"
"7551","20To24","FullTime"
"7552","20To24","FullTime"
"7553","20To24","FullTime"
"7554","20To24","FullTime"
"7555","20To24","FullTime"
"7556","20To24","FullTime"
"7557","20To24","FullTime"
"7558","20To24","FullTime"
"7559","20To24","FullTime"
"7560","20To24","FullTime"
"7561","20To24","FullTime"
"7562","20To24","FullTime"
"7563","20To24","FullTime"
"7564","20To24","FullTime"
"7565","20To24","FullTime"
"7566","20To24","FullTime"
"7567","20To24","FullTime"
"7568","20To24","FullTime"
"7569","20To24","FullTime"
"7570","20To24","FullTime"
"7571","20To24","FullTime"
"7572","20To24","FullTime"
"7573","20To24","FullTime"
"7574","20To24","FullTime"
"7575","20To24","FullTime"
"7576","20To24","FullTime"
"7577","20To24","FullTime"
"7578","20To24","FullTime"
"7579","20To24","FullTime"
"7580","20To24","FullTime"
"7581","20To24","FullTime"
"7582","20To24","FullTime"
"7583","20To24","FullTime"
"7584","20To24","FullTime"
"7585","20To24","FullTime"
"7586","20To24","FullTime"
"7587","20To24","FullTime"
"7588","20To24","FullTime"
"7589","20To24","FullTime"
"7590","20To24","FullTime"
"7591","20To24","FullTime"
"7592","20To24","FullTime"
"7593","20To24","FullTime"
"7594","20To24","FullTime"
"7595","20To24","FullTime"
"7596","20To24","FullTime"
"7597","20To24","FullTime"
"7598","20To24","FullTime"
"7599","20To24","FullTime"
"7600","20To24","FullTime"
"7601","20To24","FullTime"
"7602","20To24","FullTime"
"7603","20To24","FullTime"
"7604","20To24","FullTime"
"7605","20To24","FullTime"
"7606","20To24","FullTime"
"7607","20To24","FullTime"
"7608","20To24","FullTime"
"7609","20To24","FullTime"
"7610","20To24","FullTime"
"7611","20To24","FullTime"
"7612","20To24","FullTime"
"7613","20To24","FullTime"
"7614","20To24","FullTime"
"7615","20To24","FullTime"
"7616","20To24","FullTime"
"7617","20To24","FullTime"
"7618","20To24","FullTime"
"7619","20To24","FullTime"
"7620","20To24","FullTime"
"7621","20To24","FullTime"
"7622","20To24","FullTime"
"7623","20To24","FullTime"
"7624","20To24","FullTime"
"7625","20To24","FullTime"
"7626","20To24","FullTime"
"7627","20To24","FullTime"
"7628","20To24","FullTime"
"7629","20To24","FullTime"
"7630","20To24","FullTime"
"7631","20To24","FullTime"
"7632","20To24","FullTime"
"7633","20To24","FullTime"
"7634","20To24","FullTime"
"7635","20To24","FullTime"
"7636","20To24","FullTime"
"7637","20To24","FullTime"
"7638","20To24","FullTime"
"7639","20To24","FullTime"
"7640","20To24","FullTime"
"7641","20To24","FullTime"
"7642","20To24","FullTime"
"7643","20To24","FullTime"
"7644","20To24","FullTime"
"7645","20To24","FullTime"
"7646","20To24","FullTime"
"7647","20To24","FullTime"
"7648","20To24","FullTime"
"7649","20To24","FullTime"
"7650","20To24","FullTime"
"7651","20To24","FullTime"
"7652","20To24","FullTime"
"7653","20To24","FullTime"
"7654","20To24","FullTime"
"7655","20To24","FullTime"
"7656","20To24","FullTime"
"7657","20To24","FullTime"
"7658","20To24","FullTime"
"7659","20To24","FullTime"
"7660","20To24","FullTime"
"7661","20To24","FullTime"
"7662","20To24","FullTime"
"7663","20To24","FullTime"
"7664","20To24","FullTime"
"7665","20To24","FullTime"
"7666","20To24","FullTime"
"7667","20To24","FullTime"
"7668","20To24","FullTime"
"7669","20To24","FullTime"
"7670","20To24","FullTime"
"7671","20To24","FullTime"
"7672","20To24","FullTime"
"7673","20To24","FullTime"
"7674","20To24","FullTime"
"7675","20To24","FullTime"
"7676","20To24","FullTime"
"7677","20To24","FullTime"
"7678","20To24","FullTime"
"7679","20To24","FullTime"
"7680","20To24","FullTime"
"7681","20To24","FullTime"
"7682","20To24","FullTime"
"7683","20To24","FullTime"
"7684","20To24","FullTime"
"7685","20To24","FullTime"
"7686","20To24","FullTime"
"7687","20To24","FullTime"
"7688","20To24","FullTime"
"7689","20To24","FullTime"
"7690","20To24","FullTime"
"7691","20To24","FullTime"
"7692","20To24","FullTime"
"7693","20To24","FullTime"
"7694","20To24","FullTime"
"7695","20To24","FullTime"
"7696","20To24","FullTime"
"7697","20To24","FullTime"
"7698","20To24","FullTime"
"7699","20To24","FullTime"
"7700","20To24","FullTime"
"7701","20To24","FullTime"
"7702","20To24","FullTime"
"7703","20To24","FullTime"
"7704","20To24","FullTime"
"7705","20To24","FullTime"
"7706","20To24","FullTime"
"7707","20To24","FullTime"
"7708","20To24","FullTime"
"7709","20To24","FullTime"
"7710","20To24","FullTime"
"7711","20To24","FullTime"
"7712","20To24","FullTime"
"7713","20To24","FullTime"
"7714","20To24","FullTime"
"7715","20To24","FullTime"
"7716","20To24","FullTime"
"7717","20To24","FullTime"
"7718","20To24","FullTime"
"7719","20To24","FullTime"
"7720","20To24","FullTime"
"7721","20To24","FullTime"
"7722","20To24","FullTime"
"7723","20To24","FullTime"
"7724","20To24","FullTime"
"7725","20To24","FullTime"
"7726","20To24","FullTime"
"7727","20To24","FullTime"
"7728","20To24","FullTime"
"7729","20To24","FullTime"
"7730","20To24","FullTime"
"7731","20To24","FullTime"
"7732","20To24","FullTime"
"7733","20To24","FullTime"
"7734","20To24","FullTime"
"7735","20To24","FullTime"
"7736","20To24","FullTime"
"7737","20To24","FullTime"
"7738","20To24","FullTime"
"7739","20To24","FullTime"
"7740","20To24","FullTime"
"7741","20To24","FullTime"
"7742","20To24","FullTime"
"7743","20To24","FullTime"
"7744","20To24","FullTime"
"7745","20To24","FullTime"
"7746","20To24","FullTime"
"7747","20To24","FullTime"
"7748","20To24","FullTime"
"7749","20To24","FullTime"
"7750","20To24","FullTime"
"7751","20To24","FullTime"
"7752","20To24","FullTime"
"7753","20To24","FullTime"
"7754","20To24","FullTime"
"7755","20To24","FullTime"
"7756","20To24","FullTime"
"7757","20To24","FullTime"
"7758","20To24","FullTime"
"7759","20To24","FullTime"
"7760","20To24","FullTime"
"7761","20To24","FullTime"
"7762","20To24","FullTime"
"7763","20To24","FullTime"
"7764","20To24","FullTime"
"7765","20To24","FullTime"
"7766","20To24","FullTime"
"7767","20To24","FullTime"
"7768","20To24","FullTime"
"7769","20To24","FullTime"
"7770","20To24","FullTime"
"7771","20To24","FullTime"
"7772","20To24","FullTime"
"7773","20To24","FullTime"
"7774","20To24","FullTime"
"7775","20To24","FullTime"
"7776","20To24","FullTime"
"7777","20To24","FullTime"
"7778","20To24","FullTime"
"7779","20To24","FullTime"
"7780","20To24","FullTime"
"7781","20To24","FullTime"
"7782","20To24","FullTime"
"7783","20To24","FullTime"
"7784","20To24","FullTime"
"7785","20To24","FullTime"
"7786","20To24","FullTime"
"7787","20To24","FullTime"
"7788","20To24","FullTime"
"7789","20To24","FullTime"
"7790","20To24","FullTime"
"7791","20To24","FullTime"
"7792","20To24","FullTime"
"7793","20To24","FullTime"
"7794","20To24","FullTime"
"7795","20To24","FullTime"
"7796","20To24","FullTime"
"7797","20To24","FullTime"
"7798","20To24","FullTime"
"7799","20To24","FullTime"
"7800","20To24","FullTime"
"7801","20To24","FullTime"
"7802","20To24","FullTime"
"7803","20To24","FullTime"
"7804","20To24","FullTime"
"7805","20To24","FullTime"
"7806","20To24","FullTime"
"7807","20To24","FullTime"
"7808","20To24","FullTime"
"7809","20To24","FullTime"
"7810","20To24","FullTime"
"7811","20To24","FullTime"
"7812","20To24","FullTime"
"7813","20To24","FullTime"
"7814","20To24","FullTime"
"7815","20To24","FullTime"
"7816","20To24","FullTime"
"7817","20To24","FullTime"
"7818","20To24","FullTime"
"7819","20To24","FullTime"
"7820","20To24","FullTime"
"7821","20To24","FullTime"
"7822","20To24","FullTime"
"7823","20To24","FullTime"
"7824","20To24","FullTime"
"7825","20To24","FullTime"
"7826","20To24","FullTime"
"7827","20To24","FullTime"
"7828","20To24","FullTime"
"7829","20To24","FullTime"
"7830","20To24","FullTime"
"7831","20To24","FullTime"
"7832","20To24","FullTime"
"7833","20To24","FullTime"
"7834","20To24","FullTime"
"7835","20To24","FullTime"
"7836","20To24","FullTime"
"7837","20To24","FullTime"
"7838","20To24","FullTime"
"7839","20To24","FullTime"
"7840","20To24","FullTime"
"7841","20To24","FullTime"
"7842","20To24","FullTime"
"7843","20To24","FullTime"
"7844","20To24","FullTime"
"7845","20To24","FullTime"
"7846","20To24","FullTime"
"7847","20To24","FullTime"
"7848","20To24","FullTime"
"7849","20To24","FullTime"
"7850","20To24","FullTime"
"7851","20To24","FullTime"
"7852","20To24","FullTime"
"7853","20To24","FullTime"
"7854","20To24","FullTime"
"7855","20To24","FullTime"
"7856","20To24","FullTime"
"7857","20To24","FullTime"
"7858","20To24","FullTime"
"7859","20To24","FullTime"
"7860","20To24","FullTime"
"7861","20To24","FullTime"
"7862","20To24","FullTime"
"7863","20To24","FullTime"
"7864","20To24","FullTime"
"7865","20To24","FullTime"
"7866","20To24","FullTime"
"7867","20To24","FullTime"
"7868","20To24","FullTime"
"7869","20To24","FullTime"
"7870","20To24","FullTime"
"7871","20To24","FullTime"
"7872","20To24","FullTime"
"7873","20To24","FullTime"
"7874","20To24","FullTime"
"7875","20To24","FullTime"
"7876","20To24","FullTime"
"7877","20To24","FullTime"
"7878","20To24","FullTime"
"7879","20To24","FullTime"
"7880","20To24","FullTime"
"7881","20To24","FullTime"
"7882","20To24","FullTime"
"7883","20To24","FullTime"
"7884","20To24","FullTime"
"7885","20To24","FullTime"
"7886","20To24","FullTime"
"7887","20To24","FullTime"
"7888","20To24","FullTime"
"7889","20To24","FullTime"
"7890","20To24","FullTime"
"7891","20To24","FullTime"
"7892","20To24","FullTime"
"7893","20To24","FullTime"
"7894","20To24","FullTime"
"7895","20To24","FullTime"
"7896","20To24","FullTime"
"7897","20To24","FullTime"
"7898","20To24","FullTime"
"7899","20To24","FullTime"
"7900","20To24","FullTime"
"7901","20To24","FullTime"
"7902","20To24","FullTime"
"7903","20To24","FullTime"
"7904","20To24","FullTime"
"7905","20To24","FullTime"
"7906","20To24","FullTime"
"7907","20To24","FullTime"
"7908","20To24","FullTime"
"7909","20To24","FullTime"
"7910","20To24","FullTime"
"7911","20To24","FullTime"
"7912","20To24","FullTime"
"7913","20To24","FullTime"
"7914","20To24","FullTime"
"7915","20To24","FullTime"
"7916","20To24","FullTime"
"7917","20To24","FullTime"
"7918","20To24","FullTime"
"7919","20To24","FullTime"
"7920","20To24","FullTime"
"7921","20To24","FullTime"
"7922","20To24","FullTime"
"7923","20To24","FullTime"
"7924","20To24","FullTime"
"7925","20To24","FullTime"
"7926","20To24","FullTime"
"7927","20To24","FullTime"
"7928","20To24","FullTime"
"7929","20To24","FullTime"
"7930","20To24","FullTime"
"7931","20To24","FullTime"
"7932","20To24","FullTime"
"7933","20To24","FullTime"
"7934","20To24","FullTime"
"7935","20To24","FullTime"
"7936","20To24","FullTime"
"7937","20To24","FullTime"
"7938","20To24","FullTime"
"7939","20To24","FullTime"
"7940","20To24","FullTime"
"7941","20To24","FullTime"
"7942","20To24","FullTime"
"7943","20To24","FullTime"
"7944","20To24","FullTime"
"7945","20To24","FullTime"
"7946","20To24","FullTime"
"7947","20To24","FullTime"
"7948","20To24","FullTime"
"7949","20To24","FullTime"
"7950","20To24","FullTime"
"7951","20To24","FullTime"
"7952","20To24","FullTime"
"7953","20To24","FullTime"
"7954","20To24","FullTime"
"7955","20To24","FullTime"
"7956","20To24","FullTime"
"7957","20To24","FullTime"
"7958","20To24","FullTime"
"7959","20To24","FullTime"
"7960","20To24","FullTime"
"7961","20To24","FullTime"
"7962","20To24","FullTime"
"7963","20To24","FullTime"
"7964","20To24","FullTime"
"7965","20To24","FullTime"
"7966","20To24","FullTime"
"7967","20To24","FullTime"
"7968","20To24","FullTime"
"7969","20To24","FullTime"
"7970","20To24","FullTime"
"7971","20To24","FullTime"
"7972","20To24","FullTime"
"7973","20To24","FullTime"
"7974","20To24","FullTime"
"7975","20To24","FullTime"
"7976","20To24","FullTime"
"7977","20To24","FullTime"
"7978","20To24","FullTime"
"7979","20To24","FullTime"
"7980","20To24","FullTime"
"7981","20To24","FullTime"
"7982","20To24","FullTime"
"7983","20To24","FullTime"
"7984","20To24","FullTime"
"7985","20To24","FullTime"
"7986","20To24","FullTime"
"7987","20To24","FullTime"
"7988","20To24","FullTime"
"7989","20To24","FullTime"
"7990","20To24","FullTime"
"7991","20To24","FullTime"
"7992","20To24","FullTime"
"7993","20To24","FullTime"
"7994","20To24","FullTime"
"7995","20To24","FullTime"
"7996","20To24","FullTime"
"7997","20To24","FullTime"
"7998","20To24","FullTime"
"7999","20To24","FullTime"
"8000","20To24","FullTime"
"8001","20To24","FullTime"
"8002","20To24","FullTime"
"8003","20To24","FullTime"
"8004","20To24","FullTime"
"8005","20To24","FullTime"
"8006","20To24","FullTime"
"8007","20To24","FullTime"
"8008","20To24","FullTime"
"8009","20To24","FullTime"
"8010","20To24","FullTime"
"8011","20To24","FullTime"
"8012","20To24","FullTime"
"8013","20To24","FullTime"
"8014","20To24","FullTime"
"8015","20To24","FullTime"
"8016","20To24","FullTime"
"8017","20To24","FullTime"
"8018","20To24","FullTime"
"8019","20To24","FullTime"
"8020","20To24","FullTime"
"8021","20To24","FullTime"
"8022","20To24","FullTime"
"8023","20To24","FullTime"
"8024","20To24","FullTime"
"8025","20To24","FullTime"
"8026","20To24","FullTime"
"8027","20To24","FullTime"
"8028","20To24","FullTime"
"8029","20To24","FullTime"
"8030","20To24","FullTime"
"8031","20To24","FullTime"
"8032","20To24","FullTime"
"8033","20To24","FullTime"
"8034","20To24","FullTime"
"8035","20To24","FullTime"
"8036","20To24","FullTime"
"8037","20To24","FullTime"
"8038","20To24","FullTime"
"8039","20To24","FullTime"
"8040","20To24","FullTime"
"8041","20To24","FullTime"
"8042","20To24","FullTime"
"8043","20To24","FullTime"
"8044","20To24","FullTime"
"8045","20To24","FullTime"
"8046","20To24","FullTime"
"8047","20To24","FullTime"
"8048","20To24","FullTime"
"8049","20To24","FullTime"
"8050","20To24","FullTime"
"8051","20To24","FullTime"
"8052","20To24","FullTime"
"8053","20To24","FullTime"
"8054","20To24","FullTime"
"8055","20To24","FullTime"
"8056","20To24","FullTime"
"8057","20To24","FullTime"
"8058","20To24","FullTime"
"8059","20To24","FullTime"
"8060","20To24","FullTime"
"8061","20To24","FullTime"
"8062","20To24","FullTime"
"8063","20To24","FullTime"
"8064","20To24","FullTime"
"8065","20To24","FullTime"
"8066","20To24","FullTime"
"8067","20To24","FullTime"
"8068","20To24","FullTime"
"8069","20To24","FullTime"
"8070","20To24","FullTime"
"8071","20To24","FullTime"
"8072","20To24","FullTime"
"8073","20To24","FullTime"
"8074","20To24","FullTime"
"8075","20To24","FullTime"
"8076","20To24","FullTime"
"8077","20To24","FullTime"
"8078","20To24","FullTime"
"8079","20To24","FullTime"
"8080","20To24","FullTime"
"8081","20To24","FullTime"
"8082","20To24","FullTime"
"8083","20To24","FullTime"
"8084","20To24","FullTime"
"8085","20To24","FullTime"
"8086","20To24","FullTime"
"8087","20To24","FullTime"
"8088","20To24","FullTime"
"8089","20To24","FullTime"
"8090","20To24","FullTime"
"8091","20To24","FullTime"
"8092","20To24","FullTime"
"8093","20To24","FullTime"
"8094","20To24","FullTime"
"8095","20To24","FullTime"
"8096","20To24","FullTime"
"8097","20To24","FullTime"
"8098","20To24","FullTime"
"8099","20To24","FullTime"
"8100","20To24","FullTime"
"8101","20To24","FullTime"
"8102","20To24","FullTime"
"8103","20To24","FullTime"
"8104","20To24","FullTime"
"8105","20To24","FullTime"
"8106","20To24","FullTime"
"8107","20To24","FullTime"
"8108","20To24","FullTime"
"8109","20To24","FullTime"
"8110","20To24","FullTime"
"8111","20To24","FullTime"
"8112","20To24","FullTime"
"8113","20To24","FullTime"
"8114","20To24","FullTime"
"8115","20To24","FullTime"
"8116","20To24","FullTime"
"8117","20To24","FullTime"
"8118","20To24","FullTime"
"8119","20To24","FullTime"
"8120","20To24","FullTime"
"8121","20To24","FullTime"
"8122","20To24","FullTime"
"8123","20To24","FullTime"
"8124","20To24","FullTime"
"8125","20To24","FullTime"
"8126","20To24","FullTime"
"8127","20To24","FullTime"
"8128","20To24","FullTime"
"8129","20To24","FullTime"
"8130","20To24","FullTime"
"8131","20To24","FullTime"
"8132","20To24","FullTime"
"8133","20To24","FullTime"
"8134","20To24","FullTime"
"8135","20To24","FullTime"
"8136","20To24","FullTime"
"8137","20To24","FullTime"
"8138","20To24","FullTime"
"8139","20To24","FullTime"
"8140","20To24","FullTime"
"8141","20To24","FullTime"
"8142","20To24","FullTime"
"8143","20To24","FullTime"
"8144","20To24","FullTime"
"8145","20To24","FullTime"
"8146","20To24","FullTime"
"8147","20To24","FullTime"
"8148","20To24","FullTime"
"8149","20To24","FullTime"
"8150","20To24","FullTime"
"8151","20To24","FullTime"
"8152","20To24","FullTime"
"8153","20To24","FullTime"
"8154","20To24","FullTime"
"8155","20To24","FullTime"
"8156","20To24","FullTime"
"8157","20To24","FullTime"
"8158","20To24","FullTime"
"8159","20To24","FullTime"
"8160","20To24","FullTime"
"8161","20To24","FullTime"
"8162","20To24","FullTime"
"8163","20To24","FullTime"
"8164","20To24","FullTime"
"8165","20To24","FullTime"
"8166","20To24","FullTime"
"8167","20To24","FullTime"
"8168","20To24","FullTime"
"8169","20To24","FullTime"
"8170","20To24","FullTime"
"8171","20To24","FullTime"
"8172","20To24","FullTime"
"8173","20To24","FullTime"
"8174","20To24","FullTime"
"8175","20To24","FullTime"
"8176","20To24","FullTime"
"8177","20To24","FullTime"
"8178","20To24","FullTime"
"8179","20To24","FullTime"
"8180","20To24","FullTime"
"8181","20To24","FullTime"
"8182","20To24","FullTime"
"8183","20To24","FullTime"
"8184","20To24","FullTime"
"8185","20To24","FullTime"
"8186","20To24","FullTime"
"8187","20To24","FullTime"
"8188","20To24","FullTime"
"8189","20To24","FullTime"
"8190","20To24","FullTime"
"8191","20To24","FullTime"
"8192","20To24","FullTime"
"8193","20To24","FullTime"
"8194","20To24","FullTime"
"8195","20To24","FullTime"
"8196","20To24","FullTime"
"8197","20To24","FullTime"
"8198","20To24","FullTime"
"8199","20To24","FullTime"
"8200","20To24","FullTime"
"8201","20To24","FullTime"
"8202","20To24","FullTime"
"8203","20To24","FullTime"
"8204","20To24","FullTime"
"8205","20To24","FullTime"
"8206","20To24","FullTime"
"8207","20To24","FullTime"
"8208","20To24","FullTime"
"8209","20To24","FullTime"
"8210","20To24","FullTime"
"8211","20To24","FullTime"
"8212","20To24","FullTime"
"8213","20To24","FullTime"
"8214","20To24","FullTime"
"8215","20To24","FullTime"
"8216","20To24","FullTime"
"8217","20To24","FullTime"
"8218","20To24","FullTime"
"8219","20To24","FullTime"
"8220","20To24","FullTime"
"8221","20To24","FullTime"
"8222","20To24","FullTime"
"8223","20To24","FullTime"
"8224","20To24","FullTime"
"8225","20To24","FullTime"
"8226","20To24","FullTime"
"8227","20To24","FullTime"
"8228","20To24","FullTime"
"8229","20To24","FullTime"
"8230","20To24","FullTime"
"8231","20To24","FullTime"
"8232","20To24","FullTime"
"8233","20To24","FullTime"
"8234","20To24","FullTime"
"8235","20To24","FullTime"
"8236","20To24","FullTime"
"8237","20To24","FullTime"
"8238","20To24","FullTime"
"8239","20To24","FullTime"
"8240","20To24","FullTime"
"8241","20To24","FullTime"
"8242","20To24","FullTime"
"8243","20To24","FullTime"
"8244","20To24","FullTime"
"8245","20To24","FullTime"
"8246","20To24","FullTime"
"8247","20To24","FullTime"
"8248","20To24","FullTime"
"8249","20To24","FullTime"
"8250","20To24","FullTime"
"8251","20To24","FullTime"
"8252","20To24","FullTime"
"8253","20To24","FullTime"
"8254","20To24","FullTime"
"8255","20To24","FullTime"
"8256","20To24","FullTime"
"8257","20To24","FullTime"
"8258","20To24","FullTime"
"8259","20To24","FullTime"
"8260","20To24","FullTime"
"8261","20To24","FullTime"
"8262","20To24","FullTime"
"8263","20To24","FullTime"
"8264","20To24","FullTime"
"8265","20To24","FullTime"
"8266","20To24","FullTime"
"8267","20To24","FullTime"
"8268","20To24","FullTime"
"8269","20To24","FullTime"
"8270","20To24","FullTime"
"8271","20To24","FullTime"
"8272","20To24","FullTime"
"8273","20To24","FullTime"
"8274","20To24","FullTime"
"8275","20To24","FullTime"
"8276","20To24","FullTime"
"8277","20To24","FullTime"
"8278","20To24","FullTime"
"8279","20To24","FullTime"
"8280","20To24","FullTime"
"8281","20To24","FullTime"
"8282","20To24","FullTime"
"8283","20To24","FullTime"
"8284","20To24","FullTime"
"8285","20To24","FullTime"
"8286","20To24","FullTime"
"8287","20To24","FullTime"
"8288","20To24","FullTime"
"8289","20To24","FullTime"
"8290","20To24","FullTime"
"8291","20To24","FullTime"
"8292","20To24","FullTime"
"8293","20To24","FullTime"
"8294","20To24","FullTime"
"8295","20To24","FullTime"
"8296","20To24","FullTime"
"8297","20To24","FullTime"
"8298","20To24","FullTime"
"8299","20To24","FullTime"
"8300","20To24","FullTime"
"8301","20To24","FullTime"
"8302","20To24","FullTime"
"8303","20To24","FullTime"
"8304","20To24","FullTime"
"8305","20To24","FullTime"
"8306","20To24","FullTime"
"8307","20To24","FullTime"
"8308","20To24","FullTime"
"8309","20To24","FullTime"
"8310","20To24","FullTime"
"8311","20To24","FullTime"
"8312","20To24","FullTime"
"8313","20To24","FullTime"
"8314","20To24","FullTime"
"8315","20To24","FullTime"
"8316","20To24","FullTime"
"8317","20To24","FullTime"
"8318","20To24","FullTime"
"8319","20To24","FullTime"
"8320","20To24","FullTime"
"8321","20To24","FullTime"
"8322","20To24","FullTime"
"8323","20To24","FullTime"
"8324","20To24","FullTime"
"8325","20To24","FullTime"
"8326","20To24","FullTime"
"8327","20To24","FullTime"
"8328","20To24","FullTime"
"8329","20To24","FullTime"
"8330","20To24","FullTime"
"8331","20To24","FullTime"
"8332","20To24","FullTime"
"8333","20To24","FullTime"
"8334","20To24","FullTime"
"8335","20To24","FullTime"
"8336","20To24","FullTime"
"8337","20To24","FullTime"
"8338","20To24","FullTime"
"8339","20To24","FullTime"
"8340","20To24","FullTime"
"8341","20To24","FullTime"
"8342","20To24","FullTime"
"8343","20To24","FullTime"
"8344","20To24","FullTime"
"8345","20To24","FullTime"
"8346","20To24","FullTime"
"8347","20To24","FullTime"
"8348","20To24","FullTime"
"8349","20To24","FullTime"
"8350","20To24","FullTime"
"8351","20To24","FullTime"
"8352","20To24","FullTime"
"8353","20To24","FullTime"
"8354","20To24","FullTime"
"8355","20To24","FullTime"
"8356","20To24","FullTime"
"8357","20To24","FullTime"
"8358","20To24","FullTime"
"8359","20To24","FullTime"
"8360","20To24","FullTime"
"8361","20To24","FullTime"
"8362","20To24","FullTime"
"8363","20To24","FullTime"
"8364","20To24","FullTime"
"8365","20To24","FullTime"
"8366","20To24","FullTime"
"8367","20To24","FullTime"
"8368","20To24","FullTime"
"8369","20To24","FullTime"
"8370","20To24","FullTime"
"8371","20To24","FullTime"
"8372","20To24","FullTime"
"8373","20To24","FullTime"
"8374","20To24","FullTime"
"8375","20To24","FullTime"
"8376","20To24","FullTime"
"8377","20To24","FullTime"
"8378","20To24","FullTime"
"8379","20To24","FullTime"
"8380","20To24","FullTime"
"8381","20To24","FullTime"
"8382","20To24","FullTime"
"8383","20To24","FullTime"
"8384","20To24","FullTime"
"8385","20To24","FullTime"
"8386","20To24","FullTime"
"8387","20To24","FullTime"
"8388","20To24","FullTime"
"8389","20To24","FullTime"
"8390","20To24","FullTime"
"8391","20To24","FullTime"
"8392","20To24","FullTime"
"8393","20To24","FullTime"
"8394","20To24","FullTime"
"8395","20To24","FullTime"
"8396","20To24","FullTime"
"8397","20To24","FullTime"
"8398","20To24","FullTime"
"8399","20To24","FullTime"
"8400","20To24","FullTime"
"8401","20To24","FullTime"
"8402","20To24","FullTime"
"8403","20To24","FullTime"
"8404","20To24","FullTime"
"8405","20To24","FullTime"
"8406","20To24","FullTime"
"8407","20To24","FullTime"
"8408","20To24","FullTime"
"8409","20To24","FullTime"
"8410","20To24","FullTime"
"8411","20To24","FullTime"
"8412","20To24","FullTime"
"8413","20To24","FullTime"
"8414","20To24","FullTime"
"8415","20To24","FullTime"
"8416","20To24","FullTime"
"8417","20To24","FullTime"
"8418","20To24","FullTime"
"8419","20To24","FullTime"
"8420","20To24","FullTime"
"8421","20To24","FullTime"
"8422","20To24","FullTime"
"8423","20To24","FullTime"
"8424","20To24","FullTime"
"8425","20To24","FullTime"
"8426","20To24","FullTime"
"8427","20To24","FullTime"
"8428","20To24","FullTime"
"8429","20To24","FullTime"
"8430","20To24","FullTime"
"8431","20To24","FullTime"
"8432","20To24","FullTime"
"8433","20To24","FullTime"
"8434","20To24","FullTime"
"8435","20To24","FullTime"
"8436","20To24","FullTime"
"8437","20To24","FullTime"
"8438","20To24","FullTime"
"8439","20To24","FullTime"
"8440","20To24","FullTime"
"8441","20To24","FullTime"
"8442","20To24","FullTime"
"8443","20To24","FullTime"
"8444","20To24","FullTime"
"8445","20To24","FullTime"
"8446","20To24","FullTime"
"8447","20To24","FullTime"
"8448","20To24","FullTime"
"8449","20To24","FullTime"
"8450","20To24","FullTime"
"8451","20To24","FullTime"
"8452","20To24","FullTime"
"8453","20To24","FullTime"
"8454","20To24","FullTime"
"8455","20To24","FullTime"
"8456","20To24","FullTime"
"8457","20To24","FullTime"
"8458","20To24","FullTime"
"8459","20To24","FullTime"
"8460","20To24","FullTime"
"8461","20To24","FullTime"
"8462","20To24","FullTime"
"8463","20To24","FullTime"
"8464","20To24","FullTime"
"8465","20To24","FullTime"
"8466","20To24","FullTime"
"8467","20To24","FullTime"
"8468","20To24","FullTime"
"8469","20To24","FullTime"
"8470","20To24","FullTime"
"8471","20To24","FullTime"
"8472","20To24","FullTime"
"8473","20To24","FullTime"
"8474","20To24","FullTime"
"8475","20To24","FullTime"
"8476","20To24","FullTime"
"8477","20To24","FullTime"
"8478","20To24","FullTime"
"8479","20To24","FullTime"
"8480","20To24","FullTime"
"8481","20To24","FullTime"
"8482","20To24","FullTime"
"8483","20To24","FullTime"
"8484","20To24","FullTime"
"8485","20To24","FullTime"
"8486","20To24","FullTime"
"8487","20To24","FullTime"
"8488","20To24","FullTime"
"8489","20To24","FullTime"
"8490","20To24","FullTime"
"8491","20To24","FullTime"
"8492","20To24","FullTime"
"8493","20To24","FullTime"
"8494","20To24","FullTime"
"8495","20To24","FullTime"
"8496","20To24","FullTime"
"8497","20To24","FullTime"
"8498","20To24","FullTime"
"8499","20To24","FullTime"
"8500","20To24","FullTime"
"8501","20To24","FullTime"
"8502","20To24","FullTime"
"8503","20To24","FullTime"
"8504","20To24","FullTime"
"8505","20To24","FullTime"
"8506","20To24","FullTime"
"8507","20To24","FullTime"
"8508","20To24","FullTime"
"8509","20To24","FullTime"
"8510","20To24","FullTime"
"8511","20To24","FullTime"
"8512","20To24","FullTime"
"8513","20To24","FullTime"
"8514","20To24","FullTime"
"8515","20To24","FullTime"
"8516","20To24","FullTime"
"8517","20To24","FullTime"
"8518","20To24","FullTime"
"8519","20To24","FullTime"
"8520","20To24","FullTime"
"8521","20To24","FullTime"
"8522","20To24","FullTime"
"8523","20To24","FullTime"
"8524","20To24","FullTime"
"8525","20To24","FullTime"
"8526","20To24","FullTime"
"8527","20To24","FullTime"
"8528","20To24","FullTime"
"8529","20To24","FullTime"
"8530","20To24","FullTime"
"8531","20To24","FullTime"
"8532","20To24","FullTime"
"8533","20To24","FullTime"
"8534","20To24","FullTime"
"8535","20To24","FullTime"
"8536","20To24","FullTime"
"8537","20To24","FullTime"
"8538","20To24","FullTime"
"8539","20To24","FullTime"
"8540","20To24","FullTime"
"8541","20To24","FullTime"
"8542","20To24","FullTime"
"8543","20To24","FullTime"
"8544","20To24","FullTime"
"8545","20To24","FullTime"
"8546","20To24","FullTime"
"8547","20To24","FullTime"
"8548","20To24","FullTime"
"8549","20To24","FullTime"
"8550","20To24","FullTime"
"8551","20To24","FullTime"
"8552","20To24","FullTime"
"8553","20To24","FullTime"
"8554","20To24","FullTime"
"8555","20To24","FullTime"
"8556","20To24","FullTime"
"8557","20To24","FullTime"
"8558","20To24","FullTime"
"8559","20To24","FullTime"
"8560","20To24","FullTime"
"8561","20To24","FullTime"
"8562","20To24","FullTime"
"8563","20To24","FullTime"
"8564","20To24","FullTime"
"8565","20To24","FullTime"
"8566","20To24","FullTime"
"8567","20To24","FullTime"
"8568","20To24","FullTime"
"8569","20To24","FullTime"
"8570","20To24","FullTime"
"8571","20To24","FullTime"
"8572","20To24","FullTime"
"8573","20To24","FullTime"
"8574","20To24","FullTime"
"8575","20To24","FullTime"
"8576","20To24","FullTime"
"8577","20To24","FullTime"
"8578","20To24","FullTime"
"8579","20To24","FullTime"
"8580","20To24","FullTime"
"8581","20To24","FullTime"
"8582","20To24","FullTime"
"8583","20To24","FullTime"
"8584","20To24","FullTime"
"8585","20To24","FullTime"
"8586","20To24","FullTime"
"8587","20To24","FullTime"
"8588","20To24","FullTime"
"8589","20To24","FullTime"
"8590","20To24","FullTime"
"8591","20To24","FullTime"
"8592","20To24","FullTime"
"8593","20To24","FullTime"
"8594","20To24","FullTime"
"8595","20To24","FullTime"
"8596","20To24","FullTime"
"8597","20To24","FullTime"
"8598","20To24","FullTime"
"8599","20To24","FullTime"
"8600","20To24","FullTime"
"8601","20To24","FullTime"
"8602","20To24","FullTime"
"8603","20To24","FullTime"
"8604","20To24","FullTime"
"8605","20To24","FullTime"
"8606","20To24","FullTime"
"8607","20To24","FullTime"
"8608","20To24","FullTime"
"8609","20To24","FullTime"
"8610","20To24","FullTime"
"8611","20To24","FullTime"
"8612","20To24","FullTime"
"8613","20To24","FullTime"
"8614","20To24","FullTime"
"8615","20To24","FullTime"
"8616","20To24","FullTime"
"8617","20To24","FullTime"
"8618","20To24","FullTime"
"8619","20To24","FullTime"
"8620","20To24","FullTime"
"8621","20To24","FullTime"
"8622","20To24","FullTime"
"8623","20To24","FullTime"
"8624","20To24","FullTime"
"8625","20To24","FullTime"
"8626","20To24","FullTime"
"8627","20To24","FullTime"
"8628","20To24","FullTime"
"8629","20To24","FullTime"
"8630","20To24","FullTime"
"8631","20To24","FullTime"
"8632","20To24","FullTime"
"8633","20To24","FullTime"
"8634","20To24","FullTime"
"8635","20To24","FullTime"
"8636","20To24","FullTime"
"8637","20To24","FullTime"
"8638","20To24","FullTime"
"8639","20To24","FullTime"
"8640","20To24","FullTime"
"8641","20To24","FullTime"
"8642","20To24","FullTime"
"8643","20To24","FullTime"
"8644","20To24","FullTime"
"8645","20To24","FullTime"
"8646","20To24","FullTime"
"8647","20To24","FullTime"
"8648","20To24","FullTime"
"8649","20To24","FullTime"
"8650","20To24","FullTime"
"8651","20To24","FullTime"
"8652","20To24","FullTime"
"8653","20To24","FullTime"
"8654","20To24","FullTime"
"8655","20To24","FullTime"
"8656","20To24","FullTime"
"8657","20To24","FullTime"
"8658","20To24","FullTime"
"8659","20To24","FullTime"
"8660","20To24","FullTime"
"8661","20To24","FullTime"
"8662","20To24","FullTime"
"8663","20To24","FullTime"
"8664","20To24","FullTime"
"8665","20To24","FullTime"
"8666","20To24","FullTime"
"8667","20To24","FullTime"
"8668","20To24","FullTime"
"8669","20To24","FullTime"
"8670","20To24","FullTime"
"8671","20To24","FullTime"
"8672","20To24","FullTime"
"8673","20To24","FullTime"
"8674","20To24","FullTime"
"8675","20To24","FullTime"
"8676","20To24","FullTime"
"8677","20To24","FullTime"
"8678","20To24","FullTime"
"8679","20To24","FullTime"
"8680","20To24","FullTime"
"8681","20To24","FullTime"
"8682","20To24","FullTime"
"8683","20To24","FullTime"
"8684","20To24","FullTime"
"8685","20To24","FullTime"
"8686","20To24","FullTime"
"8687","20To24","FullTime"
"8688","20To24","FullTime"
"8689","20To24","FullTime"
"8690","20To24","FullTime"
"8691","20To24","FullTime"
"8692","20To24","FullTime"
"8693","20To24","FullTime"
"8694","20To24","FullTime"
"8695","20To24","FullTime"
"8696","20To24","FullTime"
"8697","20To24","FullTime"
"8698","20To24","FullTime"
"8699","20To24","FullTime"
"8700","20To24","FullTime"
"8701","20To24","FullTime"
"8702","20To24","FullTime"
"8703","20To24","FullTime"
"8704","20To24","FullTime"
"8705","20To24","FullTime"
"8706","20To24","FullTime"
"8707","20To24","FullTime"
"8708","20To24","FullTime"
"8709","20To24","FullTime"
"8710","20To24","FullTime"
"8711","20To24","FullTime"
"8712","20To24","FullTime"
"8713","20To24","FullTime"
"8714","20To24","FullTime"
"8715","20To24","FullTime"
"8716","20To24","FullTime"
"8717","20To24","FullTime"
"8718","20To24","FullTime"
"8719","20To24","FullTime"
"8720","20To24","FullTime"
"8721","20To24","FullTime"
"8722","20To24","FullTime"
"8723","20To24","FullTime"
"8724","20To24","FullTime"
"8725","20To24","FullTime"
"8726","20To24","FullTime"
"8727","20To24","FullTime"
"8728","20To24","FullTime"
"8729","20To24","FullTime"
"8730","20To24","FullTime"
"8731","20To24","FullTime"
"8732","20To24","FullTime"
"8733","20To24","FullTime"
"8734","20To24","FullTime"
"8735","20To24","FullTime"
"8736","20To24","FullTime"
"8737","20To24","FullTime"
"8738","20To24","FullTime"
"8739","20To24","FullTime"
"8740","20To24","FullTime"
"8741","20To24","FullTime"
"8742","20To24","FullTime"
"8743","20To24","FullTime"
"8744","20To24","FullTime"
"8745","20To24","FullTime"
"8746","20To24","FullTime"
"8747","20To24","FullTime"
"8748","20To24","FullTime"
"8749","20To24","FullTime"
"8750","20To24","FullTime"
"8751","20To24","FullTime"
"8752","20To24","FullTime"
"8753","20To24","FullTime"
"8754","20To24","FullTime"
"8755","20To24","FullTime"
"8756","20To24","FullTime"
"8757","20To24","FullTime"
"8758","20To24","FullTime"
"8759","20To24","FullTime"
"8760","20To24","FullTime"
"8761","20To24","FullTime"
"8762","20To24","FullTime"
"8763","20To24","FullTime"
"8764","20To24","FullTime"
"8765","20To24","FullTime"
"8766","20To24","FullTime"
"8767","20To24","FullTime"
"8768","20To24","FullTime"
"8769","20To24","FullTime"
"8770","20To24","FullTime"
"8771","20To24","FullTime"
"8772","20To24","FullTime"
"8773","20To24","FullTime"
"8774","20To24","FullTime"
"8775","20To24","FullTime"
"8776","20To24","FullTime"
"8777","20To24","FullTime"
"8778","20To24","FullTime"
"8779","20To24","FullTime"
"8780","20To24","FullTime"
"8781","20To24","FullTime"
"8782","20To24","FullTime"
"8783","20To24","FullTime"
"8784","20To24","FullTime"
"8785","20To24","FullTime"
"8786","20To24","FullTime"
"8787","20To24","FullTime"
"8788","20To24","FullTime"
"8789","20To24","FullTime"
"8790","20To24","FullTime"
"8791","20To24","FullTime"
"8792","20To24","FullTime"
"8793","20To24","FullTime"
"8794","20To24","FullTime"
"8795","20To24","FullTime"
"8796","20To24","FullTime"
"8797","20To24","FullTime"
"8798","20To24","FullTime"
"8799","20To24","FullTime"
"8800","20To24","FullTime"
"8801","20To24","FullTime"
"8802","20To24","FullTime"
"8803","20To24","FullTime"
"8804","20To24","FullTime"
"8805","20To24","FullTime"
"8806","20To24","FullTime"
"8807","20To24","FullTime"
"8808","20To24","FullTime"
"8809","20To24","FullTime"
"8810","20To24","FullTime"
"8811","20To24","FullTime"
"8812","20To24","FullTime"
"8813","20To24","FullTime"
"8814","20To24","FullTime"
"8815","20To24","FullTime"
"8816","20To24","FullTime"
"8817","20To24","FullTime"
"8818","20To24","FullTime"
"8819","20To24","FullTime"
"8820","20To24","FullTime"
"8821","20To24","FullTime"
"8822","20To24","FullTime"
"8823","20To24","FullTime"
"8824","20To24","FullTime"
"8825","20To24","FullTime"
"8826","20To24","FullTime"
"8827","20To24","FullTime"
"8828","20To24","FullTime"
"8829","20To24","FullTime"
"8830","20To24","FullTime"
"8831","20To24","FullTime"
"8832","20To24","FullTime"
"8833","20To24","FullTime"
"8834","20To24","FullTime"
"8835","20To24","FullTime"
"8836","20To24","FullTime"
"8837","20To24","FullTime"
"8838","20To24","FullTime"
"8839","20To24","FullTime"
"8840","20To24","FullTime"
"8841","20To24","FullTime"
"8842","20To24","FullTime"
"8843","20To24","FullTime"
"8844","20To24","FullTime"
"8845","20To24","FullTime"
"8846","20To24","FullTime"
"8847","20To24","FullTime"
"8848","20To24","FullTime"
"8849","20To24","FullTime"
"8850","20To24","FullTime"
"8851","20To24","FullTime"
"8852","20To24","FullTime"
"8853","20To24","FullTime"
"8854","20To24","FullTime"
"8855","20To24","FullTime"
"8856","20To24","FullTime"
"8857","20To24","FullTime"
"8858","20To24","FullTime"
"8859","20To24","FullTime"
"8860","20To24","FullTime"
"8861","20To24","FullTime"
"8862","20To24","FullTime"
"8863","20To24","FullTime"
"8864","20To24","FullTime"
"8865","20To24","FullTime"
"8866","20To24","FullTime"
"8867","20To24","FullTime"
"8868","20To24","FullTime"
"8869","20To24","FullTime"
"8870","20To24","FullTime"
"8871","20To24","FullTime"
"8872","20To24","FullTime"
"8873","20To24","FullTime"
"8874","20To24","FullTime"
"8875","20To24","FullTime"
"8876","20To24","FullTime"
"8877","20To24","FullTime"
"8878","20To24","FullTime"
"8879","20To24","FullTime"
"8880","20To24","FullTime"
"8881","20To24","FullTime"
"8882","20To24","FullTime"
"8883","20To24","FullTime"
"8884","20To24","FullTime"
"8885","20To24","FullTime"
"8886","20To24","FullTime"
"8887","20To24","FullTime"
"8888","20To24","FullTime"
"8889","20To24","FullTime"
"8890","20To24","FullTime"
"8891","20To24","FullTime"
"8892","20To24","FullTime"
"8893","20To24","FullTime"
"8894","20To24","FullTime"
"8895","20To24","FullTime"
"8896","20To24","FullTime"
"8897","20To24","FullTime"
"8898","20To24","FullTime"
"8899","20To24","FullTime"
"8900","20To24","FullTime"
"8901","20To24","FullTime"
"8902","20To24","FullTime"
"8903","20To24","FullTime"
"8904","20To24","FullTime"
"8905","20To24","FullTime"
"8906","20To24","FullTime"
"8907","20To24","FullTime"
"8908","20To24","FullTime"
"8909","20To24","FullTime"
"8910","20To24","FullTime"
"8911","20To24","FullTime"
"8912","20To24","FullTime"
"8913","20To24","FullTime"
"8914","20To24","FullTime"
"8915","20To24","FullTime"
"8916","20To24","FullTime"
"8917","20To24","FullTime"
"8918","20To24","FullTime"
"8919","20To24","FullTime"
"8920","20To24","FullTime"
"8921","20To24","FullTime"
"8922","20To24","FullTime"
"8923","20To24","FullTime"
"8924","20To24","FullTime"
"8925","20To24","FullTime"
"8926","20To24","FullTime"
"8927","20To24","FullTime"
"8928","20To24","FullTime"
"8929","20To24","FullTime"
"8930","20To24","FullTime"
"8931","20To24","FullTime"
"8932","20To24","FullTime"
"8933","20To24","FullTime"
"8934","20To24","FullTime"
"8935","20To24","FullTime"
"8936","20To24","FullTime"
"8937","20To24","FullTime"
"8938","20To24","FullTime"
"8939","20To24","FullTime"
"8940","20To24","FullTime"
"8941","20To24","FullTime"
"8942","20To24","FullTime"
"8943","20To24","FullTime"
"8944","20To24","FullTime"
"8945","20To24","FullTime"
"8946","20To24","FullTime"
"8947","20To24","FullTime"
"8948","20To24","FullTime"
"8949","20To24","FullTime"
"8950","20To24","FullTime"
"8951","20To24","FullTime"
"8952","20To24","FullTime"
"8953","20To24","FullTime"
"8954","20To24","FullTime"
"8955","20To24","FullTime"
"8956","20To24","FullTime"
"8957","20To24","FullTime"
"8958","20To24","FullTime"
"8959","20To24","FullTime"
"8960","20To24","FullTime"
"8961","20To24","FullTime"
"8962","20To24","FullTime"
"8963","20To24","FullTime"
"8964","20To24","FullTime"
"8965","20To24","FullTime"
"8966","20To24","FullTime"
"8967","20To24","FullTime"
"8968","20To24","FullTime"
"8969","20To24","FullTime"
"8970","20To24","FullTime"
"8971","20To24","FullTime"
"8972","20To24","FullTime"
"8973","20To24","FullTime"
"8974","20To24","FullTime"
"8975","20To24","FullTime"
"8976","20To24","FullTime"
"8977","20To24","FullTime"
"8978","20To24","FullTime"
"8979","20To24","FullTime"
"8980","20To24","FullTime"
"8981","20To24","FullTime"
"8982","20To24","FullTime"
"8983","20To24","FullTime"
"8984","20To24","FullTime"
"8985","20To24","FullTime"
"8986","20To24","FullTime"
"8987","20To24","FullTime"
"8988","20To24","FullTime"
"8989","20To24","FullTime"
"8990","20To24","FullTime"
"8991","20To24","FullTime"
"8992","20To24","FullTime"
"8993","20To24","FullTime"
"8994","20To24","FullTime"
"8995","20To24","FullTime"
"8996","20To24","FullTime"
"8997","20To24","FullTime"
"8998","20To24","FullTime"
"8999","20To24","FullTime"
"9000","20To24","FullTime"
"9001","20To24","FullTime"
"9002","20To24","FullTime"
"9003","20To24","FullTime"
"9004","20To24","FullTime"
"9005","20To24","FullTime"
"9006","20To24","FullTime"
"9007","20To24","FullTime"
"9008","20To24","FullTime"
"9009","20To24","FullTime"
"9010","20To24","FullTime"
"9011","20To24","FullTime"
"9012","20To24","FullTime"
"9013","20To24","FullTime"
"9014","20To24","FullTime"
"9015","20To24","FullTime"
"9016","20To24","PartTime"
"9017","20To24","PartTime"
"9018","20To24","PartTime"
"9019","20To24","PartTime"
"9020","20To24","PartTime"
"9021","20To24","PartTime"
"9022","20To24","PartTime"
"9023","20To24","PartTime"
"9024","20To24","PartTime"
"9025","20To24","PartTime"
"9026","20To24","PartTime"
"9027","20To24","PartTime"
"9028","20To24","PartTime"
"9029","20To24","PartTime"
"9030","20To24","PartTime"
"9031","20To24","PartTime"
"9032","20To24","PartTime"
"9033","20To24","PartTime"
"9034","20To24","PartTime"
"9035","20To24","PartTime"
"9036","20To24","PartTime"
"9037","20To24","PartTime"
"9038","20To24","PartTime"
"9039","20To24","PartTime"
"9040","20To24","PartTime"
"9041","20To24","PartTime"
"9042","20To24","PartTime"
"9043","20To24","PartTime"
"9044","20To24","PartTime"
"9045","20To24","PartTime"
"9046","20To24","PartTime"
"9047","20To24","PartTime"
"9048","20To24","PartTime"
"9049","20To24","PartTime"
"9050","20To24","PartTime"
"9051","20To24","PartTime"
"9052","20To24","PartTime"
"9053","20To24","PartTime"
"9054","20To24","PartTime"
"9055","20To24","PartTime"
"9056","20To24","PartTime"
"9057","20To24","PartTime"
"9058","20To24","PartTime"
"9059","20To24","PartTime"
"9060","20To24","PartTime"
"9061","20To24","PartTime"
"9062","20To24","PartTime"
"9063","20To24","PartTime"
"9064","20To24","PartTime"
"9065","20To24","PartTime"
"9066","20To24","PartTime"
"9067","20To24","PartTime"
"9068","20To24","PartTime"
"9069","20To24","PartTime"
"9070","20To24","PartTime"
"9071","20To24","PartTime"
"9072","20To24","PartTime"
"9073","20To24","PartTime"
"9074","20To24","PartTime"
"9075","20To24","PartTime"
"9076","20To24","PartTime"
"9077","20To24","PartTime"
"9078","20To24","PartTime"
"9079","20To24","PartTime"
"9080","20To24","PartTime"
"9081","20To24","PartTime"
"9082","20To24","PartTime"
"9083","20To24","PartTime"
"9084","20To24","PartTime"
"9085","20To24","PartTime"
"9086","20To24","PartTime"
"9087","20To24","PartTime"
"9088","20To24","PartTime"
"9089","20To24","PartTime"
"9090","20To24","PartTime"
"9091","20To24","PartTime"
"9092","20To24","PartTime"
"9093","20To24","PartTime"
"9094","20To24","PartTime"
"9095","20To24","PartTime"
"9096","20To24","PartTime"
"9097","20To24","PartTime"
"9098","20To24","PartTime"
"9099","20To24","PartTime"
"9100","20To24","PartTime"
"9101","20To24","PartTime"
"9102","20To24","PartTime"
"9103","20To24","PartTime"
"9104","20To24","PartTime"
"9105","20To24","PartTime"
"9106","20To24","PartTime"
"9107","20To24","PartTime"
"9108","20To24","PartTime"
"9109","20To24","PartTime"
"9110","20To24","PartTime"
"9111","20To24","PartTime"
"9112","20To24","PartTime"
"9113","20To24","PartTime"
"9114","20To24","PartTime"
"9115","20To24","PartTime"
"9116","20To24","PartTime"
"9117","20To24","PartTime"
"9118","20To24","PartTime"
"9119","20To24","PartTime"
"9120","20To24","PartTime"
"9121","20To24","PartTime"
"9122","20To24","PartTime"
"9123","20To24","PartTime"
"9124","20To24","PartTime"
"9125","20To24","PartTime"
"9126","20To24","PartTime"
"9127","20To24","PartTime"
"9128","20To24","PartTime"
"9129","20To24","PartTime"
"9130","20To24","PartTime"
"9131","20To24","PartTime"
"9132","20To24","PartTime"
"9133","20To24","PartTime"
"9134","20To24","PartTime"
"9135","20To24","PartTime"
"9136","20To24","PartTime"
"9137","20To24","PartTime"
"9138","20To24","PartTime"
"9139","20To24","PartTime"
"9140","20To24","PartTime"
"9141","20To24","PartTime"
"9142","20To24","PartTime"
"9143","20To24","PartTime"
"9144","20To24","PartTime"
"9145","20To24","PartTime"
"9146","20To24","PartTime"
"9147","20To24","PartTime"
"9148","20To24","PartTime"
"9149","20To24","PartTime"
"9150","20To24","PartTime"
"9151","20To24","PartTime"
"9152","20To24","PartTime"
"9153","20To24","PartTime"
"9154","20To24","PartTime"
"9155","20To24","PartTime"
"9156","20To24","PartTime"
"9157","20To24","PartTime"
"9158","20To24","PartTime"
"9159","20To24","PartTime"
"9160","20To24","PartTime"
"9161","20To24","PartTime"
"9162","20To24","PartTime"
"9163","20To24","PartTime"
"9164","20To24","PartTime"
"9165","20To24","PartTime"
"9166","20To24","PartTime"
"9167","20To24","PartTime"
"9168","20To24","PartTime"
"9169","20To24","PartTime"
"9170","20To24","PartTime"
"9171","20To24","PartTime"
"9172","20To24","PartTime"
"9173","20To24","PartTime"
"9174","20To24","PartTime"
"9175","20To24","PartTime"
"9176","20To24","PartTime"
"9177","20To24","PartTime"
"9178","20To24","PartTime"
"9179","20To24","PartTime"
"9180","20To24","PartTime"
"9181","20To24","PartTime"
"9182","20To24","PartTime"
"9183","20To24","PartTime"
"9184","20To24","PartTime"
"9185","20To24","PartTime"
"9186","20To24","PartTime"
"9187","20To24","PartTime"
"9188","20To24","PartTime"
"9189","20To24","PartTime"
"9190","20To24","PartTime"
"9191","20To24","PartTime"
"9192","20To24","PartTime"
"9193","20To24","PartTime"
"9194","20To24","PartTime"
"9195","20To24","PartTime"
"9196","20To24","PartTime"
"9197","20To24","PartTime"
"9198","20To24","PartTime"
"9199","20To24","PartTime"
"9200","20To24","PartTime"
"9201","20To24","PartTime"
"9202","20To24","PartTime"
"9203","20To24","PartTime"
"9204","20To24","PartTime"
"9205","20To24","PartTime"
"9206","20To24","PartTime"
"9207","20To24","PartTime"
"9208","20To24","PartTime"
"9209","20To24","PartTime"
"9210","20To24","PartTime"
"9211","20To24","PartTime"
"9212","20To24","PartTime"
"9213","20To24","PartTime"
"9214","20To24","PartTime"
"9215","20To24","PartTime"
"9216","20To24","PartTime"
"9217","20To24","PartTime"
"9218","20To24","PartTime"
"9219","20To24","PartTime"
"9220","20To24","PartTime"
"9221","20To24","PartTime"
"9222","20To24","PartTime"
"9223","20To24","PartTime"
"9224","20To24","PartTime"
"9225","20To24","PartTime"
"9226","20To24","PartTime"
"9227","20To24","PartTime"
"9228","20To24","PartTime"
"9229","20To24","PartTime"
"9230","20To24","PartTime"
"9231","20To24","PartTime"
"9232","20To24","PartTime"
"9233","20To24","PartTime"
"9234","20To24","PartTime"
"9235","20To24","PartTime"
"9236","20To24","PartTime"
"9237","20To24","PartTime"
"9238","20To24","PartTime"
"9239","20To24","PartTime"
"9240","20To24","PartTime"
"9241","20To24","PartTime"
"9242","20To24","PartTime"
"9243","20To24","PartTime"
"9244","20To24","PartTime"
"9245","20To24","PartTime"
"9246","20To24","PartTime"
"9247","20To24","PartTime"
"9248","20To24","PartTime"
"9249","20To24","PartTime"
"9250","20To24","PartTime"
"9251","20To24","PartTime"
"9252","20To24","PartTime"
"9253","20To24","PartTime"
"9254","20To24","PartTime"
"9255","20To24","PartTime"
"9256","20To24","PartTime"
"9257","20To24","PartTime"
"9258","20To24","PartTime"
"9259","20To24","PartTime"
"9260","20To24","PartTime"
"9261","20To24","PartTime"
"9262","20To24","PartTime"
"9263","20To24","PartTime"
"9264","20To24","PartTime"
"9265","20To24","PartTime"
"9266","20To24","PartTime"
"9267","20To24","PartTime"
"9268","20To24","PartTime"
"9269","20To24","PartTime"
"9270","20To24","PartTime"
"9271","20To24","PartTime"
"9272","20To24","PartTime"
"9273","20To24","PartTime"
"9274","20To24","PartTime"
"9275","20To24","PartTime"
"9276","20To24","PartTime"
"9277","20To24","PartTime"
"9278","20To24","PartTime"
"9279","20To24","PartTime"
"9280","20To24","PartTime"
"9281","20To24","PartTime"
"9282","20To24","PartTime"
"9283","20To24","PartTime"
"9284","20To24","PartTime"
"9285","20To24","PartTime"
"9286","20To24","PartTime"
"9287","20To24","PartTime"
"9288","20To24","PartTime"
"9289","20To24","PartTime"
"9290","20To24","PartTime"
"9291","20To24","PartTime"
"9292","20To24","PartTime"
"9293","20To24","PartTime"
"9294","20To24","PartTime"
"9295","20To24","PartTime"
"9296","20To24","PartTime"
"9297","20To24","PartTime"
"9298","20To24","PartTime"
"9299","20To24","PartTime"
"9300","20To24","PartTime"
"9301","20To24","PartTime"
"9302","20To24","PartTime"
"9303","20To24","PartTime"
"9304","20To24","PartTime"
"9305","20To24","PartTime"
"9306","20To24","PartTime"
"9307","20To24","PartTime"
"9308","20To24","PartTime"
"9309","20To24","PartTime"
"9310","20To24","PartTime"
"9311","20To24","PartTime"
"9312","20To24","PartTime"
"9313","20To24","PartTime"
"9314","20To24","PartTime"
"9315","20To24","PartTime"
"9316","20To24","PartTime"
"9317","20To24","PartTime"
"9318","20To24","PartTime"
"9319","20To24","PartTime"
"9320","20To24","PartTime"
"9321","20To24","PartTime"
"9322","20To24","PartTime"
"9323","20To24","PartTime"
"9324","20To24","PartTime"
"9325","20To24","PartTime"
"9326","20To24","PartTime"
"9327","20To24","PartTime"
"9328","20To24","PartTime"
"9329","20To24","PartTime"
"9330","20To24","PartTime"
"9331","20To24","PartTime"
"9332","20To24","PartTime"
"9333","20To24","PartTime"
"9334","20To24","PartTime"
"9335","20To24","PartTime"
"9336","20To24","PartTime"
"9337","20To24","PartTime"
"9338","20To24","PartTime"
"9339","20To24","PartTime"
"9340","20To24","PartTime"
"9341","20To24","PartTime"
"9342","20To24","PartTime"
"9343","20To24","PartTime"
"9344","20To24","PartTime"
"9345","20To24","PartTime"
"9346","20To24","PartTime"
"9347","20To24","PartTime"
"9348","20To24","PartTime"
"9349","20To24","PartTime"
"9350","20To24","PartTime"
"9351","20To24","PartTime"
"9352","20To24","PartTime"
"9353","20To24","PartTime"
"9354","20To24","PartTime"
"9355","20To24","PartTime"
"9356","20To24","PartTime"
"9357","20To24","PartTime"
"9358","20To24","PartTime"
"9359","20To24","PartTime"
"9360","20To24","PartTime"
"9361","20To24","PartTime"
"9362","20To24","PartTime"
"9363","20To24","PartTime"
"9364","20To24","PartTime"
"9365","20To24","PartTime"
"9366","20To24","PartTime"
"9367","20To24","PartTime"
"9368","20To24","PartTime"
"9369","20To24","PartTime"
"9370","20To24","PartTime"
"9371","20To24","PartTime"
"9372","20To24","PartTime"
"9373","20To24","PartTime"
"9374","20To24","PartTime"
"9375","20To24","PartTime"
"9376","20To24","PartTime"
"9377","20To24","PartTime"
"9378","20To24","PartTime"
"9379","20To24","PartTime"
"9380","20To24","PartTime"
"9381","20To24","PartTime"
"9382","20To24","PartTime"
"9383","20To24","PartTime"
"9384","20To24","PartTime"
"9385","20To24","PartTime"
"9386","20To24","PartTime"
"9387","20To24","PartTime"
"9388","20To24","PartTime"
"9389","20To24","PartTime"
"9390","20To24","PartTime"
"9391","20To24","PartTime"
"9392","20To24","PartTime"
"9393","20To24","PartTime"
"9394","20To24","PartTime"
"9395","20To24","PartTime"
"9396","20To24","PartTime"
"9397","20To24","PartTime"
"9398","20To24","PartTime"
"9399","20To24","PartTime"
"9400","20To24","PartTime"
"9401","20To24","PartTime"
"9402","20To24","PartTime"
"9403","20To24","PartTime"
"9404","20To24","PartTime"
"9405","20To24","PartTime"
"9406","20To24","PartTime"
"9407","20To24","PartTime"
"9408","20To24","PartTime"
"9409","20To24","PartTime"
"9410","20To24","PartTime"
"9411","20To24","PartTime"
"9412","20To24","PartTime"
"9413","20To24","PartTime"
"9414","20To24","PartTime"
"9415","20To24","PartTime"
"9416","20To24","PartTime"
"9417","20To24","PartTime"
"9418","20To24","PartTime"
"9419","20To24","PartTime"
"9420","20To24","PartTime"
"9421","20To24","PartTime"
"9422","20To24","PartTime"
"9423","20To24","PartTime"
"9424","20To24","PartTime"
"9425","20To24","PartTime"
"9426","20To24","PartTime"
"9427","20To24","PartTime"
"9428","20To24","PartTime"
"9429","20To24","PartTime"
"9430","20To24","PartTime"
"9431","20To24","PartTime"
"9432","20To24","PartTime"
"9433","20To24","PartTime"
"9434","20To24","PartTime"
"9435","20To24","PartTime"
"9436","20To24","PartTime"
"9437","20To24","PartTime"
"9438","20To24","PartTime"
"9439","20To24","PartTime"
"9440","20To24","PartTime"
"9441","20To24","PartTime"
"9442","20To24","PartTime"
"9443","20To24","PartTime"
"9444","20To24","PartTime"
"9445","20To24","PartTime"
"9446","20To24","PartTime"
"9447","20To24","PartTime"
"9448","20To24","PartTime"
"9449","20To24","PartTime"
"9450","20To24","PartTime"
"9451","20To24","PartTime"
"9452","20To24","PartTime"
"9453","20To24","PartTime"
"9454","20To24","PartTime"
"9455","20To24","PartTime"
"9456","20To24","PartTime"
"9457","20To24","PartTime"
"9458","20To24","PartTime"
"9459","20To24","PartTime"
"9460","20To24","PartTime"
"9461","20To24","PartTime"
"9462","20To24","PartTime"
"9463","20To24","PartTime"
"9464","20To24","PartTime"
"9465","20To24","PartTime"
"9466","20To24","PartTime"
"9467","20To24","PartTime"
"9468","20To24","PartTime"
"9469","20To24","PartTime"
"9470","20To24","PartTime"
"9471","20To24","PartTime"
"9472","20To24","PartTime"
"9473","20To24","PartTime"
"9474","20To24","PartTime"
"9475","20To24","PartTime"
"9476","20To24","PartTime"
"9477","20To24","PartTime"
"9478","20To24","PartTime"
"9479","20To24","PartTime"
"9480","20To24","PartTime"
"9481","20To24","PartTime"
"9482","20To24","PartTime"
"9483","20To24","PartTime"
"9484","20To24","PartTime"
"9485","20To24","PartTime"
"9486","20To24","PartTime"
"9487","20To24","PartTime"
"9488","20To24","PartTime"
"9489","20To24","PartTime"
"9490","20To24","PartTime"
"9491","20To24","PartTime"
"9492","20To24","PartTime"
"9493","20To24","PartTime"
"9494","20To24","PartTime"
"9495","20To24","PartTime"
"9496","20To24","PartTime"
"9497","20To24","PartTime"
"9498","20To24","PartTime"
"9499","20To24","PartTime"
"9500","20To24","PartTime"
"9501","20To24","PartTime"
"9502","20To24","PartTime"
"9503","20To24","PartTime"
"9504","20To24","PartTime"
"9505","20To24","PartTime"
"9506","20To24","PartTime"
"9507","20To24","PartTime"
"9508","20To24","PartTime"
"9509","20To24","PartTime"
"9510","20To24","PartTime"
"9511","20To24","PartTime"
"9512","20To24","PartTime"
"9513","20To24","PartTime"
"9514","20To24","PartTime"
"9515","20To24","PartTime"
"9516","20To24","PartTime"
"9517","20To24","PartTime"
"9518","20To24","PartTime"
"9519","20To24","PartTime"
"9520","20To24","PartTime"
"9521","20To24","PartTime"
"9522","20To24","PartTime"
"9523","20To24","PartTime"
"9524","20To24","PartTime"
"9525","20To24","PartTime"
"9526","20To24","PartTime"
"9527","20To24","PartTime"
"9528","20To24","PartTime"
"9529","20To24","PartTime"
"9530","20To24","PartTime"
"9531","20To24","PartTime"
"9532","20To24","PartTime"
"9533","20To24","PartTime"
"9534","20To24","PartTime"
"9535","20To24","PartTime"
"9536","20To24","PartTime"
"9537","20To24","PartTime"
"9538","20To24","PartTime"
"9539","20To24","PartTime"
"9540","20To24","PartTime"
"9541","20To24","PartTime"
"9542","20To24","PartTime"
"9543","20To24","PartTime"
"9544","20To24","PartTime"
"9545","20To24","PartTime"
"9546","20To24","PartTime"
"9547","20To24","PartTime"
"9548","20To24","PartTime"
"9549","20To24","PartTime"
"9550","20To24","PartTime"
"9551","20To24","PartTime"
"9552","20To24","PartTime"
"9553","20To24","PartTime"
"9554","20To24","PartTime"
"9555","20To24","PartTime"
"9556","20To24","PartTime"
"9557","20To24","PartTime"
"9558","20To24","PartTime"
"9559","20To24","PartTime"
"9560","20To24","PartTime"
"9561","20To24","PartTime"
"9562","20To24","PartTime"
"9563","20To24","PartTime"
"9564","20To24","PartTime"
"9565","20To24","PartTime"
"9566","20To24","PartTime"
"9567","20To24","PartTime"
"9568","20To24","PartTime"
"9569","20To24","PartTime"
"9570","20To24","PartTime"
"9571","20To24","PartTime"
"9572","20To24","PartTime"
"9573","20To24","PartTime"
"9574","20To24","PartTime"
"9575","20To24","PartTime"
"9576","20To24","PartTime"
"9577","20To24","PartTime"
"9578","20To24","PartTime"
"9579","20To24","PartTime"
"9580","20To24","PartTime"
"9581","20To24","PartTime"
"9582","20To24","PartTime"
"9583","20To24","PartTime"
"9584","20To24","PartTime"
"9585","20To24","PartTime"
"9586","20To24","PartTime"
"9587","20To24","PartTime"
"9588","20To24","PartTime"
"9589","20To24","PartTime"
"9590","20To24","PartTime"
"9591","20To24","PartTime"
"9592","20To24","PartTime"
"9593","20To24","PartTime"
"9594","20To24","PartTime"
"9595","20To24","PartTime"
"9596","20To24","PartTime"
"9597","20To24","PartTime"
"9598","20To24","PartTime"
"9599","20To24","PartTime"
"9600","20To24","PartTime"
"9601","20To24","PartTime"
"9602","20To24","PartTime"
"9603","20To24","PartTime"
"9604","20To24","PartTime"
"9605","20To24","PartTime"
"9606","20To24","PartTime"
"9607","20To24","PartTime"
"9608","20To24","PartTime"
"9609","20To24","PartTime"
"9610","20To24","PartTime"
"9611","20To24","PartTime"
"9612","20To24","PartTime"
"9613","20To24","PartTime"
"9614","20To24","PartTime"
"9615","20To24","PartTime"
"9616","20To24","PartTime"
"9617","20To24","PartTime"
"9618","20To24","PartTime"
"9619","20To24","PartTime"
"9620","20To24","PartTime"
"9621","20To24","PartTime"
"9622","20To24","PartTime"
"9623","20To24","PartTime"
"9624","20To24","PartTime"
"9625","20To24","PartTime"
"9626","20To24","PartTime"
"9627","20To24","PartTime"
"9628","20To24","PartTime"
"9629","20To24","PartTime"
"9630","20To24","PartTime"
"9631","20To24","PartTime"
"9632","20To24","PartTime"
"9633","20To24","PartTime"
"9634","20To24","PartTime"
"9635","20To24","PartTime"
"9636","20To24","PartTime"
"9637","20To24","PartTime"
"9638","20To24","PartTime"
"9639","20To24","PartTime"
"9640","20To24","PartTime"
"9641","20To24","PartTime"
"9642","20To24","PartTime"
"9643","20To24","PartTime"
"9644","20To24","PartTime"
"9645","20To24","PartTime"
"9646","20To24","PartTime"
"9647","20To24","PartTime"
"9648","20To24","PartTime"
"9649","20To24","PartTime"
"9650","20To24","PartTime"
"9651","20To24","PartTime"
"9652","20To24","PartTime"
"9653","20To24","PartTime"
"9654","20To24","PartTime"
"9655","20To24","PartTime"
"9656","20To24","PartTime"
"9657","20To24","PartTime"
"9658","20To24","PartTime"
"9659","20To24","PartTime"
"9660","20To24","PartTime"
"9661","20To24","PartTime"
"9662","20To24","PartTime"
"9663","20To24","PartTime"
"9664","20To24","PartTime"
"9665","20To24","PartTime"
"9666","20To24","PartTime"
"9667","20To24","PartTime"
"9668","20To24","PartTime"
"9669","20To24","PartTime"
"9670","20To24","PartTime"
"9671","20To24","PartTime"
"9672","20To24","PartTime"
"9673","20To24","PartTime"
"9674","20To24","PartTime"
"9675","20To24","PartTime"
"9676","20To24","PartTime"
"9677","20To24","PartTime"
"9678","20To24","PartTime"
"9679","20To24","PartTime"
"9680","20To24","PartTime"
"9681","20To24","PartTime"
"9682","20To24","PartTime"
"9683","20To24","PartTime"
"9684","20To24","PartTime"
"9685","20To24","PartTime"
"9686","20To24","PartTime"
"9687","20To24","PartTime"
"9688","20To24","PartTime"
"9689","20To24","PartTime"
"9690","20To24","PartTime"
"9691","20To24","PartTime"
"9692","20To24","PartTime"
"9693","20To24","PartTime"
"9694","20To24","PartTime"
"9695","20To24","PartTime"
"9696","20To24","PartTime"
"9697","20To24","PartTime"
"9698","20To24","PartTime"
"9699","20To24","PartTime"
"9700","20To24","PartTime"
"9701","20To24","PartTime"
"9702","20To24","PartTime"
"9703","20To24","PartTime"
"9704","20To24","PartTime"
"9705","20To24","PartTime"
"9706","20To24","PartTime"
"9707","20To24","PartTime"
"9708","20To24","PartTime"
"9709","20To24","PartTime"
"9710","20To24","PartTime"
"9711","20To24","PartTime"
"9712","20To24","PartTime"
"9713","20To24","PartTime"
"9714","20To24","PartTime"
"9715","20To24","PartTime"
"9716","20To24","PartTime"
"9717","20To24","PartTime"
"9718","20To24","PartTime"
"9719","20To24","PartTime"
"9720","20To24","PartTime"
"9721","20To24","PartTime"
"9722","20To24","PartTime"
"9723","20To24","PartTime"
"9724","20To24","PartTime"
"9725","20To24","PartTime"
"9726","20To24","PartTime"
"9727","20To24","PartTime"
"9728","20To24","PartTime"
"9729","20To24","PartTime"
"9730","20To24","PartTime"
"9731","20To24","PartTime"
"9732","20To24","PartTime"
"9733","20To24","PartTime"
"9734","20To24","PartTime"
"9735","20To24","PartTime"
"9736","20To24","PartTime"
"9737","20To24","PartTime"
"9738","20To24","PartTime"
"9739","20To24","PartTime"
"9740","20To24","PartTime"
"9741","20To24","PartTime"
"9742","20To24","PartTime"
"9743","20To24","PartTime"
"9744","20To24","PartTime"
"9745","20To24","PartTime"
"9746","20To24","PartTime"
"9747","20To24","PartTime"
"9748","20To24","PartTime"
"9749","20To24","PartTime"
"9750","20To24","PartTime"
"9751","20To24","PartTime"
"9752","20To24","PartTime"
"9753","20To24","PartTime"
"9754","20To24","PartTime"
"9755","20To24","PartTime"
"9756","20To24","PartTime"
"9757","20To24","PartTime"
"9758","20To24","PartTime"
"9759","20To24","PartTime"
"9760","20To24","PartTime"
"9761","20To24","PartTime"
"9762","20To24","PartTime"
"9763","20To24","PartTime"
"9764","20To24","PartTime"
"9765","20To24","PartTime"
"9766","20To24","PartTime"
"9767","20To24","PartTime"
"9768","20To24","PartTime"
"9769","20To24","PartTime"
"9770","20To24","PartTime"
"9771","20To24","PartTime"
"9772","20To24","PartTime"
"9773","20To24","PartTime"
"9774","20To24","PartTime"
"9775","20To24","PartTime"
"9776","20To24","PartTime"
"9777","20To24","PartTime"
"9778","20To24","PartTime"
"9779","20To24","PartTime"
"9780","20To24","PartTime"
"9781","20To24","PartTime"
"9782","20To24","PartTime"
"9783","20To24","PartTime"
"9784","20To24","PartTime"
"9785","20To24","PartTime"
"9786","20To24","PartTime"
"9787","20To24","PartTime"
"9788","20To24","PartTime"
"9789","20To24","PartTime"
"9790","20To24","PartTime"
"9791","20To24","PartTime"
"9792","20To24","PartTime"
"9793","20To24","PartTime"
"9794","20To24","PartTime"
"9795","20To24","PartTime"
"9796","20To24","PartTime"
"9797","20To24","PartTime"
"9798","20To24","PartTime"
"9799","20To24","PartTime"
"9800","20To24","PartTime"
"9801","20To24","PartTime"
"9802","20To24","PartTime"
"9803","20To24","PartTime"
"9804","20To24","PartTime"
"9805","20To24","PartTime"
"9806","20To24","PartTime"
"9807","20To24","PartTime"
"9808","20To24","PartTime"
"9809","20To24","PartTime"
"9810","20To24","PartTime"
"9811","20To24","PartTime"
"9812","20To24","PartTime"
"9813","20To24","PartTime"
"9814","20To24","PartTime"
"9815","20To24","PartTime"
"9816","20To24","PartTime"
"9817","20To24","PartTime"
"9818","20To24","PartTime"
"9819","20To24","PartTime"
"9820","20To24","PartTime"
"9821","20To24","PartTime"
"9822","20To24","PartTime"
"9823","20To24","PartTime"
"9824","20To24","PartTime"
"9825","20To24","PartTime"
"9826","20To24","PartTime"
"9827","20To24","PartTime"
"9828","20To24","PartTime"
"9829","20To24","PartTime"
"9830","20To24","PartTime"
"9831","20To24","PartTime"
"9832","20To24","PartTime"
"9833","20To24","PartTime"
"9834","20To24","PartTime"
"9835","20To24","PartTime"
"9836","20To24","PartTime"
"9837","20To24","PartTime"
"9838","20To24","PartTime"
"9839","20To24","PartTime"
"9840","20To24","PartTime"
"9841","20To24","PartTime"
"9842","20To24","PartTime"
"9843","20To24","PartTime"
"9844","20To24","PartTime"
"9845","20To24","PartTime"
"9846","20To24","PartTime"
"9847","20To24","PartTime"
"9848","20To24","PartTime"
"9849","20To24","PartTime"
"9850","20To24","PartTime"
"9851","20To24","PartTime"
"9852","20To24","PartTime"
"9853","20To24","PartTime"
"9854","20To24","PartTime"
"9855","20To24","PartTime"
"9856","20To24","PartTime"
"9857","20To24","PartTime"
"9858","20To24","PartTime"
"9859","20To24","PartTime"
"9860","20To24","PartTime"
"9861","20To24","PartTime"
"9862","20To24","PartTime"
"9863","20To24","PartTime"
"9864","20To24","PartTime"
"9865","20To24","PartTime"
"9866","20To24","PartTime"
"9867","20To24","PartTime"
"9868","20To24","PartTime"
"9869","20To24","PartTime"
"9870","20To24","PartTime"
"9871","20To24","PartTime"
"9872","20To24","PartTime"
"9873","20To24","PartTime"
"9874","20To24","PartTime"
"9875","20To24","PartTime"
"9876","20To24","PartTime"
"9877","20To24","PartTime"
"9878","20To24","PartTime"
"9879","20To24","PartTime"
"9880","20To24","PartTime"
"9881","20To24","PartTime"
"9882","20To24","PartTime"
"9883","20To24","PartTime"
"9884","20To24","PartTime"
"9885","20To24","PartTime"
"9886","20To24","PartTime"
"9887","20To24","PartTime"
"9888","20To24","PartTime"
"9889","20To24","PartTime"
"9890","20To24","PartTime"
"9891","20To24","PartTime"
"9892","20To24","PartTime"
"9893","20To24","PartTime"
"9894","20To24","PartTime"
"9895","20To24","PartTime"
"9896","20To24","PartTime"
"9897","20To24","PartTime"
"9898","20To24","PartTime"
"9899","20To24","PartTime"
"9900","20To24","PartTime"
"9901","20To24","PartTime"
"9902","20To24","PartTime"
"9903","20To24","PartTime"
"9904","20To24","PartTime"
"9905","20To24","PartTime"
"9906","20To24","PartTime"
"9907","20To24","PartTime"
"9908","20To24","PartTime"
"9909","20To24","PartTime"
"9910","20To24","PartTime"
"9911","20To24","PartTime"
"9912","20To24","PartTime"
"9913","20To24","PartTime"
"9914","20To24","PartTime"
"9915","20To24","PartTime"
"9916","20To24","PartTime"
"9917","20To24","PartTime"
"9918","20To24","PartTime"
"9919","20To24","PartTime"
"9920","20To24","PartTime"
"9921","20To24","PartTime"
"9922","20To24","PartTime"
"9923","20To24","PartTime"
"9924","20To24","PartTime"
"9925","20To24","PartTime"
"9926","20To24","PartTime"
"9927","20To24","PartTime"
"9928","20To24","PartTime"
"9929","20To24","PartTime"
"9930","20To24","PartTime"
"9931","20To24","PartTime"
"9932","20To24","PartTime"
"9933","20To24","PartTime"
"9934","20To24","PartTime"
"9935","20To24","PartTime"
"9936","20To24","PartTime"
"9937","20To24","PartTime"
"9938","20To24","PartTime"
"9939","20To24","PartTime"
"9940","20To24","PartTime"
"9941","20To24","PartTime"
"9942","20To24","PartTime"
"9943","20To24","PartTime"
"9944","20To24","PartTime"
"9945","20To24","PartTime"
"9946","20To24","PartTime"
"9947","20To24","PartTime"
"9948","20To24","PartTime"
"9949","20To24","PartTime"
"9950","20To24","PartTime"
"9951","20To24","PartTime"
"9952","20To24","PartTime"
"9953","20To24","PartTime"
"9954","20To24","PartTime"
"9955","20To24","PartTime"
"9956","20To24","PartTime"
"9957","20To24","PartTime"
"9958","20To24","PartTime"
"9959","20To24","PartTime"
"9960","20To24","PartTime"
"9961","20To24","PartTime"
"9962","20To24","PartTime"
"9963","20To24","PartTime"
"9964","20To24","PartTime"
"9965","20To24","PartTime"
"9966","20To24","PartTime"
"9967","20To24","PartTime"
"9968","20To24","PartTime"
"9969","20To24","PartTime"
"9970","20To24","PartTime"
"9971","20To24","PartTime"
"9972","20To24","PartTime"
"9973","20To24","PartTime"
"9974","20To24","PartTime"
"9975","20To24","PartTime"
"9976","20To24","PartTime"
"9977","20To24","PartTime"
"9978","20To24","PartTime"
"9979","20To24","PartTime"
"9980","20To24","PartTime"
"9981","20To24","PartTime"
"9982","20To24","PartTime"
"9983","20To24","PartTime"
"9984","20To24","PartTime"
"9985","20To24","PartTime"
"9986","20To24","PartTime"
"9987","20To24","PartTime"
"9988","20To24","PartTime"
"9989","20To24","PartTime"
"9990","20To24","PartTime"
"9991","20To24","PartTime"
"9992","20To24","PartTime"
"9993","20To24","PartTime"
"9994","20To24","PartTime"
"9995","20To24","PartTime"
"9996","20To24","PartTime"
"9997","20To24","PartTime"
"9998","20To24","PartTime"
"9999","20To24","PartTime"
"10000","20To24","PartTime"
"10001","20To24","PartTime"
"10002","20To24","PartTime"
"10003","20To24","PartTime"
"10004","20To24","PartTime"
"10005","20To24","PartTime"
"10006","20To24","PartTime"
"10007","20To24","PartTime"
"10008","20To24","PartTime"
"10009","20To24","PartTime"
"10010","20To24","PartTime"
"10011","20To24","PartTime"
"10012","20To24","PartTime"
"10013","20To24","PartTime"
"10014","20To24","PartTime"
"10015","20To24","PartTime"
"10016","20To24","PartTime"
"10017","20To24","PartTime"
"10018","20To24","PartTime"
"10019","20To24","PartTime"
"10020","20To24","PartTime"
"10021","20To24","PartTime"
"10022","20To24","PartTime"
"10023","20To24","PartTime"
"10024","20To24","PartTime"
"10025","20To24","PartTime"
"10026","20To24","PartTime"
"10027","20To24","PartTime"
"10028","20To24","PartTime"
"10029","20To24","PartTime"
"10030","20To24","PartTime"
"10031","20To24","PartTime"
"10032","20To24","PartTime"
"10033","20To24","PartTime"
"10034","20To24","PartTime"
"10035","20To24","PartTime"
"10036","20To24","PartTime"
"10037","20To24","PartTime"
"10038","20To24","PartTime"
"10039","20To24","PartTime"
"10040","20To24","PartTime"
"10041","20To24","PartTime"
"10042","20To24","PartTime"
"10043","20To24","PartTime"
"10044","20To24","PartTime"
"10045","20To24","PartTime"
"10046","20To24","PartTime"
"10047","20To24","PartTime"
"10048","20To24","PartTime"
"10049","20To24","PartTime"
"10050","20To24","PartTime"
"10051","20To24","PartTime"
"10052","20To24","PartTime"
"10053","20To24","PartTime"
"10054","20To24","PartTime"
"10055","20To24","PartTime"
"10056","20To24","PartTime"
"10057","20To24","PartTime"
"10058","20To24","PartTime"
"10059","20To24","PartTime"
"10060","20To24","PartTime"
"10061","20To24","PartTime"
"10062","20To24","PartTime"
"10063","20To24","PartTime"
"10064","20To24","PartTime"
"10065","20To24","PartTime"
"10066","20To24","PartTime"
"10067","20To24","PartTime"
"10068","20To24","PartTime"
"10069","20To24","PartTime"
"10070","20To24","PartTime"
"10071","20To24","PartTime"
"10072","20To24","PartTime"
"10073","20To24","PartTime"
"10074","20To24","PartTime"
"10075","20To24","PartTime"
"10076","20To24","PartTime"
"10077","20To24","PartTime"
"10078","20To24","PartTime"
"10079","20To24","PartTime"
"10080","20To24","PartTime"
"10081","20To24","PartTime"
"10082","20To24","PartTime"
"10083","20To24","PartTime"
"10084","20To24","PartTime"
"10085","20To24","PartTime"
"10086","20To24","PartTime"
"10087","20To24","PartTime"
"10088","20To24","PartTime"
"10089","20To24","PartTime"
"10090","20To24","PartTime"
"10091","20To24","PartTime"
"10092","20To24","PartTime"
"10093","20To24","PartTime"
"10094","20To24","PartTime"
"10095","20To24","PartTime"
"10096","20To24","PartTime"
"10097","20To24","PartTime"
"10098","20To24","PartTime"
"10099","20To24","PartTime"
"10100","20To24","PartTime"
"10101","20To24","PartTime"
"10102","20To24","PartTime"
"10103","20To24","PartTime"
"10104","20To24","PartTime"
"10105","20To24","PartTime"
"10106","20To24","PartTime"
"10107","20To24","PartTime"
"10108","20To24","PartTime"
"10109","20To24","PartTime"
"10110","20To24","PartTime"
"10111","20To24","PartTime"
"10112","20To24","PartTime"
"10113","20To24","PartTime"
"10114","20To24","PartTime"
"10115","20To24","PartTime"
"10116","20To24","PartTime"
"10117","20To24","PartTime"
"10118","20To24","PartTime"
"10119","20To24","PartTime"
"10120","20To24","PartTime"
"10121","20To24","PartTime"
"10122","20To24","PartTime"
"10123","20To24","PartTime"
"10124","20To24","PartTime"
"10125","20To24","PartTime"
"10126","20To24","PartTime"
"10127","20To24","PartTime"
"10128","20To24","PartTime"
"10129","20To24","PartTime"
"10130","20To24","PartTime"
"10131","20To24","PartTime"
"10132","20To24","PartTime"
"10133","20To24","PartTime"
"10134","20To24","PartTime"
"10135","20To24","PartTime"
"10136","20To24","PartTime"
"10137","20To24","PartTime"
"10138","20To24","PartTime"
"10139","20To24","PartTime"
"10140","20To24","PartTime"
"10141","20To24","PartTime"
"10142","20To24","PartTime"
"10143","20To24","PartTime"
"10144","20To24","PartTime"
"10145","20To24","PartTime"
"10146","20To24","PartTime"
"10147","20To24","PartTime"
"10148","20To24","PartTime"
"10149","20To24","PartTime"
"10150","20To24","PartTime"
"10151","20To24","PartTime"
"10152","20To24","PartTime"
"10153","20To24","PartTime"
"10154","20To24","PartTime"
"10155","20To24","PartTime"
"10156","20To24","PartTime"
"10157","20To24","PartTime"
"10158","20To24","PartTime"
"10159","20To24","PartTime"
"10160","20To24","PartTime"
"10161","20To24","PartTime"
"10162","20To24","PartTime"
"10163","20To24","PartTime"
"10164","20To24","PartTime"
"10165","20To24","PartTime"
"10166","20To24","PartTime"
"10167","20To24","PartTime"
"10168","20To24","PartTime"
"10169","20To24","PartTime"
"10170","20To24","PartTime"
"10171","20To24","PartTime"
"10172","20To24","PartTime"
"10173","20To24","PartTime"
"10174","20To24","PartTime"
"10175","20To24","PartTime"
"10176","20To24","PartTime"
"10177","20To24","PartTime"
"10178","20To24","PartTime"
"10179","20To24","PartTime"
"10180","25To34","FullTime"
"10181","25To34","FullTime"
"10182","25To34","FullTime"
"10183","25To34","FullTime"
"10184","25To34","FullTime"
"10185","25To34","FullTime"
"10186","25To34","FullTime"
"10187","25To34","FullTime"
"10188","25To34","FullTime"
"10189","25To34","FullTime"
"10190","25To34","FullTime"
"10191","25To34","FullTime"
"10192","25To34","FullTime"
"10193","25To34","FullTime"
"10194","25To34","FullTime"
"10195","25To34","FullTime"
"10196","25To34","FullTime"
"10197","25To34","FullTime"
"10198","25To34","FullTime"
"10199","25To34","FullTime"
"10200","25To34","FullTime"
"10201","25To34","FullTime"
"10202","25To34","FullTime"
"10203","25To34","FullTime"
"10204","25To34","FullTime"
"10205","25To34","FullTime"
"10206","25To34","FullTime"
"10207","25To34","FullTime"
"10208","25To34","FullTime"
"10209","25To34","FullTime"
"10210","25To34","FullTime"
"10211","25To34","FullTime"
"10212","25To34","FullTime"
"10213","25To34","FullTime"
"10214","25To34","FullTime"
"10215","25To34","FullTime"
"10216","25To34","FullTime"
"10217","25To34","FullTime"
"10218","25To34","FullTime"
"10219","25To34","FullTime"
"10220","25To34","FullTime"
"10221","25To34","FullTime"
"10222","25To34","FullTime"
"10223","25To34","FullTime"
"10224","25To34","FullTime"
"10225","25To34","FullTime"
"10226","25To34","FullTime"
"10227","25To34","FullTime"
"10228","25To34","FullTime"
"10229","25To34","FullTime"
"10230","25To34","FullTime"
"10231","25To34","FullTime"
"10232","25To34","FullTime"
"10233","25To34","FullTime"
"10234","25To34","FullTime"
"10235","25To34","FullTime"
"10236","25To34","FullTime"
"10237","25To34","FullTime"
"10238","25To34","FullTime"
"10239","25To34","FullTime"
"10240","25To34","FullTime"
"10241","25To34","FullTime"
"10242","25To34","FullTime"
"10243","25To34","FullTime"
"10244","25To34","FullTime"
"10245","25To34","FullTime"
"10246","25To34","FullTime"
"10247","25To34","FullTime"
"10248","25To34","FullTime"
"10249","25To34","FullTime"
"10250","25To34","FullTime"
"10251","25To34","FullTime"
"10252","25To34","FullTime"
"10253","25To34","FullTime"
"10254","25To34","FullTime"
"10255","25To34","FullTime"
"10256","25To34","FullTime"
"10257","25To34","FullTime"
"10258","25To34","FullTime"
"10259","25To34","FullTime"
"10260","25To34","FullTime"
"10261","25To34","FullTime"
"10262","25To34","FullTime"
"10263","25To34","FullTime"
"10264","25To34","FullTime"
"10265","25To34","FullTime"
"10266","25To34","FullTime"
"10267","25To34","FullTime"
"10268","25To34","FullTime"
"10269","25To34","FullTime"
"10270","25To34","FullTime"
"10271","25To34","FullTime"
"10272","25To34","FullTime"
"10273","25To34","FullTime"
"10274","25To34","FullTime"
"10275","25To34","FullTime"
"10276","25To34","FullTime"
"10277","25To34","FullTime"
"10278","25To34","FullTime"
"10279","25To34","FullTime"
"10280","25To34","FullTime"
"10281","25To34","FullTime"
"10282","25To34","FullTime"
"10283","25To34","FullTime"
"10284","25To34","FullTime"
"10285","25To34","FullTime"
"10286","25To34","FullTime"
"10287","25To34","FullTime"
"10288","25To34","FullTime"
"10289","25To34","FullTime"
"10290","25To34","FullTime"
"10291","25To34","FullTime"
"10292","25To34","FullTime"
"10293","25To34","FullTime"
"10294","25To34","FullTime"
"10295","25To34","FullTime"
"10296","25To34","FullTime"
"10297","25To34","FullTime"
"10298","25To34","FullTime"
"10299","25To34","FullTime"
"10300","25To34","FullTime"
"10301","25To34","FullTime"
"10302","25To34","FullTime"
"10303","25To34","FullTime"
"10304","25To34","FullTime"
"10305","25To34","FullTime"
"10306","25To34","FullTime"
"10307","25To34","FullTime"
"10308","25To34","FullTime"
"10309","25To34","FullTime"
"10310","25To34","FullTime"
"10311","25To34","FullTime"
"10312","25To34","FullTime"
"10313","25To34","FullTime"
"10314","25To34","FullTime"
"10315","25To34","FullTime"
"10316","25To34","FullTime"
"10317","25To34","FullTime"
"10318","25To34","FullTime"
"10319","25To34","FullTime"
"10320","25To34","FullTime"
"10321","25To34","FullTime"
"10322","25To34","FullTime"
"10323","25To34","FullTime"
"10324","25To34","FullTime"
"10325","25To34","FullTime"
"10326","25To34","FullTime"
"10327","25To34","FullTime"
"10328","25To34","FullTime"
"10329","25To34","FullTime"
"10330","25To34","FullTime"
"10331","25To34","FullTime"
"10332","25To34","FullTime"
"10333","25To34","FullTime"
"10334","25To34","FullTime"
"10335","25To34","FullTime"
"10336","25To34","FullTime"
"10337","25To34","FullTime"
"10338","25To34","FullTime"
"10339","25To34","FullTime"
"10340","25To34","FullTime"
"10341","25To34","FullTime"
"10342","25To34","FullTime"
"10343","25To34","FullTime"
"10344","25To34","FullTime"
"10345","25To34","FullTime"
"10346","25To34","FullTime"
"10347","25To34","FullTime"
"10348","25To34","FullTime"
"10349","25To34","FullTime"
"10350","25To34","FullTime"
"10351","25To34","FullTime"
"10352","25To34","FullTime"
"10353","25To34","FullTime"
"10354","25To34","FullTime"
"10355","25To34","FullTime"
"10356","25To34","FullTime"
"10357","25To34","FullTime"
"10358","25To34","FullTime"
"10359","25To34","FullTime"
"10360","25To34","FullTime"
"10361","25To34","FullTime"
"10362","25To34","FullTime"
"10363","25To34","FullTime"
"10364","25To34","FullTime"
"10365","25To34","FullTime"
"10366","25To34","FullTime"
"10367","25To34","FullTime"
"10368","25To34","FullTime"
"10369","25To34","FullTime"
"10370","25To34","FullTime"
"10371","25To34","FullTime"
"10372","25To34","FullTime"
"10373","25To34","FullTime"
"10374","25To34","FullTime"
"10375","25To34","FullTime"
"10376","25To34","FullTime"
"10377","25To34","FullTime"
"10378","25To34","FullTime"
"10379","25To34","FullTime"
"10380","25To34","FullTime"
"10381","25To34","FullTime"
"10382","25To34","FullTime"
"10383","25To34","FullTime"
"10384","25To34","FullTime"
"10385","25To34","FullTime"
"10386","25To34","FullTime"
"10387","25To34","FullTime"
"10388","25To34","FullTime"
"10389","25To34","FullTime"
"10390","25To34","FullTime"
"10391","25To34","FullTime"
"10392","25To34","FullTime"
"10393","25To34","FullTime"
"10394","25To34","FullTime"
"10395","25To34","FullTime"
"10396","25To34","FullTime"
"10397","25To34","FullTime"
"10398","25To34","FullTime"
"10399","25To34","FullTime"
"10400","25To34","FullTime"
"10401","25To34","FullTime"
"10402","25To34","FullTime"
"10403","25To34","FullTime"
"10404","25To34","FullTime"
"10405","25To34","FullTime"
"10406","25To34","FullTime"
"10407","25To34","FullTime"
"10408","25To34","FullTime"
"10409","25To34","FullTime"
"10410","25To34","FullTime"
"10411","25To34","FullTime"
"10412","25To34","FullTime"
"10413","25To34","FullTime"
"10414","25To34","FullTime"
"10415","25To34","FullTime"
"10416","25To34","FullTime"
"10417","25To34","FullTime"
"10418","25To34","FullTime"
"10419","25To34","FullTime"
"10420","25To34","FullTime"
"10421","25To34","FullTime"
"10422","25To34","FullTime"
"10423","25To34","FullTime"
"10424","25To34","FullTime"
"10425","25To34","FullTime"
"10426","25To34","FullTime"
"10427","25To34","FullTime"
"10428","25To34","FullTime"
"10429","25To34","FullTime"
"10430","25To34","FullTime"
"10431","25To34","FullTime"
"10432","25To34","FullTime"
"10433","25To34","FullTime"
"10434","25To34","FullTime"
"10435","25To34","FullTime"
"10436","25To34","FullTime"
"10437","25To34","FullTime"
"10438","25To34","FullTime"
"10439","25To34","FullTime"
"10440","25To34","FullTime"
"10441","25To34","FullTime"
"10442","25To34","FullTime"
"10443","25To34","FullTime"
"10444","25To34","FullTime"
"10445","25To34","FullTime"
"10446","25To34","FullTime"
"10447","25To34","FullTime"
"10448","25To34","FullTime"
"10449","25To34","FullTime"
"10450","25To34","FullTime"
"10451","25To34","FullTime"
"10452","25To34","FullTime"
"10453","25To34","FullTime"
"10454","25To34","FullTime"
"10455","25To34","FullTime"
"10456","25To34","FullTime"
"10457","25To34","FullTime"
"10458","25To34","FullTime"
"10459","25To34","FullTime"
"10460","25To34","FullTime"
"10461","25To34","FullTime"
"10462","25To34","FullTime"
"10463","25To34","FullTime"
"10464","25To34","FullTime"
"10465","25To34","FullTime"
"10466","25To34","FullTime"
"10467","25To34","FullTime"
"10468","25To34","FullTime"
"10469","25To34","FullTime"
"10470","25To34","FullTime"
"10471","25To34","FullTime"
"10472","25To34","FullTime"
"10473","25To34","FullTime"
"10474","25To34","FullTime"
"10475","25To34","FullTime"
"10476","25To34","FullTime"
"10477","25To34","FullTime"
"10478","25To34","FullTime"
"10479","25To34","FullTime"
"10480","25To34","FullTime"
"10481","25To34","FullTime"
"10482","25To34","FullTime"
"10483","25To34","FullTime"
"10484","25To34","FullTime"
"10485","25To34","FullTime"
"10486","25To34","FullTime"
"10487","25To34","FullTime"
"10488","25To34","FullTime"
"10489","25To34","FullTime"
"10490","25To34","FullTime"
"10491","25To34","FullTime"
"10492","25To34","FullTime"
"10493","25To34","FullTime"
"10494","25To34","FullTime"
"10495","25To34","FullTime"
"10496","25To34","FullTime"
"10497","25To34","FullTime"
"10498","25To34","FullTime"
"10499","25To34","FullTime"
"10500","25To34","FullTime"
"10501","25To34","FullTime"
"10502","25To34","FullTime"
"10503","25To34","FullTime"
"10504","25To34","FullTime"
"10505","25To34","FullTime"
"10506","25To34","FullTime"
"10507","25To34","FullTime"
"10508","25To34","FullTime"
"10509","25To34","FullTime"
"10510","25To34","FullTime"
"10511","25To34","FullTime"
"10512","25To34","FullTime"
"10513","25To34","FullTime"
"10514","25To34","FullTime"
"10515","25To34","FullTime"
"10516","25To34","FullTime"
"10517","25To34","FullTime"
"10518","25To34","FullTime"
"10519","25To34","FullTime"
"10520","25To34","FullTime"
"10521","25To34","FullTime"
"10522","25To34","FullTime"
"10523","25To34","FullTime"
"10524","25To34","FullTime"
"10525","25To34","FullTime"
"10526","25To34","FullTime"
"10527","25To34","FullTime"
"10528","25To34","FullTime"
"10529","25To34","FullTime"
"10530","25To34","FullTime"
"10531","25To34","FullTime"
"10532","25To34","FullTime"
"10533","25To34","FullTime"
"10534","25To34","FullTime"
"10535","25To34","FullTime"
"10536","25To34","FullTime"
"10537","25To34","FullTime"
"10538","25To34","FullTime"
"10539","25To34","FullTime"
"10540","25To34","FullTime"
"10541","25To34","FullTime"
"10542","25To34","FullTime"
"10543","25To34","FullTime"
"10544","25To34","FullTime"
"10545","25To34","FullTime"
"10546","25To34","FullTime"
"10547","25To34","FullTime"
"10548","25To34","FullTime"
"10549","25To34","FullTime"
"10550","25To34","FullTime"
"10551","25To34","FullTime"
"10552","25To34","FullTime"
"10553","25To34","FullTime"
"10554","25To34","FullTime"
"10555","25To34","FullTime"
"10556","25To34","FullTime"
"10557","25To34","FullTime"
"10558","25To34","FullTime"
"10559","25To34","FullTime"
"10560","25To34","FullTime"
"10561","25To34","FullTime"
"10562","25To34","FullTime"
"10563","25To34","FullTime"
"10564","25To34","FullTime"
"10565","25To34","FullTime"
"10566","25To34","FullTime"
"10567","25To34","FullTime"
"10568","25To34","FullTime"
"10569","25To34","FullTime"
"10570","25To34","FullTime"
"10571","25To34","FullTime"
"10572","25To34","FullTime"
"10573","25To34","FullTime"
"10574","25To34","FullTime"
"10575","25To34","FullTime"
"10576","25To34","FullTime"
"10577","25To34","FullTime"
"10578","25To34","FullTime"
"10579","25To34","FullTime"
"10580","25To34","FullTime"
"10581","25To34","FullTime"
"10582","25To34","FullTime"
"10583","25To34","FullTime"
"10584","25To34","FullTime"
"10585","25To34","FullTime"
"10586","25To34","FullTime"
"10587","25To34","FullTime"
"10588","25To34","FullTime"
"10589","25To34","FullTime"
"10590","25To34","FullTime"
"10591","25To34","FullTime"
"10592","25To34","FullTime"
"10593","25To34","FullTime"
"10594","25To34","FullTime"
"10595","25To34","FullTime"
"10596","25To34","FullTime"
"10597","25To34","FullTime"
"10598","25To34","FullTime"
"10599","25To34","FullTime"
"10600","25To34","FullTime"
"10601","25To34","FullTime"
"10602","25To34","FullTime"
"10603","25To34","FullTime"
"10604","25To34","FullTime"
"10605","25To34","FullTime"
"10606","25To34","FullTime"
"10607","25To34","FullTime"
"10608","25To34","FullTime"
"10609","25To34","FullTime"
"10610","25To34","FullTime"
"10611","25To34","FullTime"
"10612","25To34","FullTime"
"10613","25To34","FullTime"
"10614","25To34","FullTime"
"10615","25To34","FullTime"
"10616","25To34","FullTime"
"10617","25To34","FullTime"
"10618","25To34","FullTime"
"10619","25To34","FullTime"
"10620","25To34","FullTime"
"10621","25To34","FullTime"
"10622","25To34","FullTime"
"10623","25To34","FullTime"
"10624","25To34","FullTime"
"10625","25To34","FullTime"
"10626","25To34","FullTime"
"10627","25To34","FullTime"
"10628","25To34","FullTime"
"10629","25To34","FullTime"
"10630","25To34","FullTime"
"10631","25To34","FullTime"
"10632","25To34","FullTime"
"10633","25To34","FullTime"
"10634","25To34","FullTime"
"10635","25To34","FullTime"
"10636","25To34","FullTime"
"10637","25To34","FullTime"
"10638","25To34","FullTime"
"10639","25To34","FullTime"
"10640","25To34","FullTime"
"10641","25To34","FullTime"
"10642","25To34","FullTime"
"10643","25To34","FullTime"
"10644","25To34","FullTime"
"10645","25To34","FullTime"
"10646","25To34","FullTime"
"10647","25To34","FullTime"
"10648","25To34","FullTime"
"10649","25To34","FullTime"
"10650","25To34","FullTime"
"10651","25To34","FullTime"
"10652","25To34","FullTime"
"10653","25To34","FullTime"
"10654","25To34","FullTime"
"10655","25To34","FullTime"
"10656","25To34","FullTime"
"10657","25To34","FullTime"
"10658","25To34","FullTime"
"10659","25To34","FullTime"
"10660","25To34","FullTime"
"10661","25To34","FullTime"
"10662","25To34","FullTime"
"10663","25To34","FullTime"
"10664","25To34","FullTime"
"10665","25To34","FullTime"
"10666","25To34","FullTime"
"10667","25To34","FullTime"
"10668","25To34","FullTime"
"10669","25To34","FullTime"
"10670","25To34","FullTime"
"10671","25To34","FullTime"
"10672","25To34","FullTime"
"10673","25To34","FullTime"
"10674","25To34","FullTime"
"10675","25To34","FullTime"
"10676","25To34","FullTime"
"10677","25To34","FullTime"
"10678","25To34","FullTime"
"10679","25To34","FullTime"
"10680","25To34","FullTime"
"10681","25To34","FullTime"
"10682","25To34","FullTime"
"10683","25To34","FullTime"
"10684","25To34","FullTime"
"10685","25To34","FullTime"
"10686","25To34","FullTime"
"10687","25To34","FullTime"
"10688","25To34","FullTime"
"10689","25To34","FullTime"
"10690","25To34","FullTime"
"10691","25To34","FullTime"
"10692","25To34","FullTime"
"10693","25To34","FullTime"
"10694","25To34","FullTime"
"10695","25To34","FullTime"
"10696","25To34","FullTime"
"10697","25To34","FullTime"
"10698","25To34","FullTime"
"10699","25To34","FullTime"
"10700","25To34","FullTime"
"10701","25To34","FullTime"
"10702","25To34","FullTime"
"10703","25To34","FullTime"
"10704","25To34","FullTime"
"10705","25To34","FullTime"
"10706","25To34","FullTime"
"10707","25To34","FullTime"
"10708","25To34","FullTime"
"10709","25To34","FullTime"
"10710","25To34","FullTime"
"10711","25To34","FullTime"
"10712","25To34","FullTime"
"10713","25To34","FullTime"
"10714","25To34","FullTime"
"10715","25To34","FullTime"
"10716","25To34","FullTime"
"10717","25To34","FullTime"
"10718","25To34","FullTime"
"10719","25To34","FullTime"
"10720","25To34","FullTime"
"10721","25To34","FullTime"
"10722","25To34","FullTime"
"10723","25To34","FullTime"
"10724","25To34","FullTime"
"10725","25To34","FullTime"
"10726","25To34","FullTime"
"10727","25To34","FullTime"
"10728","25To34","FullTime"
"10729","25To34","FullTime"
"10730","25To34","FullTime"
"10731","25To34","FullTime"
"10732","25To34","FullTime"
"10733","25To34","FullTime"
"10734","25To34","FullTime"
"10735","25To34","FullTime"
"10736","25To34","FullTime"
"10737","25To34","FullTime"
"10738","25To34","FullTime"
"10739","25To34","FullTime"
"10740","25To34","FullTime"
"10741","25To34","FullTime"
"10742","25To34","FullTime"
"10743","25To34","FullTime"
"10744","25To34","FullTime"
"10745","25To34","FullTime"
"10746","25To34","FullTime"
"10747","25To34","FullTime"
"10748","25To34","FullTime"
"10749","25To34","FullTime"
"10750","25To34","FullTime"
"10751","25To34","FullTime"
"10752","25To34","FullTime"
"10753","25To34","FullTime"
"10754","25To34","FullTime"
"10755","25To34","FullTime"
"10756","25To34","FullTime"
"10757","25To34","FullTime"
"10758","25To34","FullTime"
"10759","25To34","FullTime"
"10760","25To34","FullTime"
"10761","25To34","FullTime"
"10762","25To34","FullTime"
"10763","25To34","FullTime"
"10764","25To34","FullTime"
"10765","25To34","FullTime"
"10766","25To34","FullTime"
"10767","25To34","FullTime"
"10768","25To34","FullTime"
"10769","25To34","FullTime"
"10770","25To34","FullTime"
"10771","25To34","FullTime"
"10772","25To34","FullTime"
"10773","25To34","FullTime"
"10774","25To34","FullTime"
"10775","25To34","FullTime"
"10776","25To34","FullTime"
"10777","25To34","FullTime"
"10778","25To34","FullTime"
"10779","25To34","FullTime"
"10780","25To34","FullTime"
"10781","25To34","FullTime"
"10782","25To34","FullTime"
"10783","25To34","FullTime"
"10784","25To34","FullTime"
"10785","25To34","FullTime"
"10786","25To34","FullTime"
"10787","25To34","FullTime"
"10788","25To34","FullTime"
"10789","25To34","FullTime"
"10790","25To34","FullTime"
"10791","25To34","FullTime"
"10792","25To34","FullTime"
"10793","25To34","FullTime"
"10794","25To34","FullTime"
"10795","25To34","FullTime"
"10796","25To34","FullTime"
"10797","25To34","FullTime"
"10798","25To34","FullTime"
"10799","25To34","FullTime"
"10800","25To34","FullTime"
"10801","25To34","FullTime"
"10802","25To34","FullTime"
"10803","25To34","FullTime"
"10804","25To34","FullTime"
"10805","25To34","FullTime"
"10806","25To34","FullTime"
"10807","25To34","FullTime"
"10808","25To34","FullTime"
"10809","25To34","FullTime"
"10810","25To34","FullTime"
"10811","25To34","FullTime"
"10812","25To34","FullTime"
"10813","25To34","FullTime"
"10814","25To34","FullTime"
"10815","25To34","FullTime"
"10816","25To34","FullTime"
"10817","25To34","FullTime"
"10818","25To34","FullTime"
"10819","25To34","FullTime"
"10820","25To34","FullTime"
"10821","25To34","FullTime"
"10822","25To34","FullTime"
"10823","25To34","FullTime"
"10824","25To34","FullTime"
"10825","25To34","FullTime"
"10826","25To34","FullTime"
"10827","25To34","FullTime"
"10828","25To34","FullTime"
"10829","25To34","FullTime"
"10830","25To34","FullTime"
"10831","25To34","FullTime"
"10832","25To34","FullTime"
"10833","25To34","FullTime"
"10834","25To34","FullTime"
"10835","25To34","FullTime"
"10836","25To34","FullTime"
"10837","25To34","FullTime"
"10838","25To34","FullTime"
"10839","25To34","FullTime"
"10840","25To34","FullTime"
"10841","25To34","FullTime"
"10842","25To34","FullTime"
"10843","25To34","FullTime"
"10844","25To34","FullTime"
"10845","25To34","FullTime"
"10846","25To34","FullTime"
"10847","25To34","FullTime"
"10848","25To34","FullTime"
"10849","25To34","FullTime"
"10850","25To34","FullTime"
"10851","25To34","FullTime"
"10852","25To34","FullTime"
"10853","25To34","FullTime"
"10854","25To34","FullTime"
"10855","25To34","FullTime"
"10856","25To34","FullTime"
"10857","25To34","FullTime"
"10858","25To34","FullTime"
"10859","25To34","FullTime"
"10860","25To34","FullTime"
"10861","25To34","FullTime"
"10862","25To34","FullTime"
"10863","25To34","FullTime"
"10864","25To34","FullTime"
"10865","25To34","FullTime"
"10866","25To34","FullTime"
"10867","25To34","FullTime"
"10868","25To34","FullTime"
"10869","25To34","FullTime"
"10870","25To34","FullTime"
"10871","25To34","FullTime"
"10872","25To34","FullTime"
"10873","25To34","FullTime"
"10874","25To34","FullTime"
"10875","25To34","FullTime"
"10876","25To34","FullTime"
"10877","25To34","FullTime"
"10878","25To34","FullTime"
"10879","25To34","FullTime"
"10880","25To34","FullTime"
"10881","25To34","FullTime"
"10882","25To34","FullTime"
"10883","25To34","FullTime"
"10884","25To34","FullTime"
"10885","25To34","FullTime"
"10886","25To34","FullTime"
"10887","25To34","FullTime"
"10888","25To34","FullTime"
"10889","25To34","FullTime"
"10890","25To34","FullTime"
"10891","25To34","FullTime"
"10892","25To34","FullTime"
"10893","25To34","FullTime"
"10894","25To34","FullTime"
"10895","25To34","FullTime"
"10896","25To34","FullTime"
"10897","25To34","FullTime"
"10898","25To34","FullTime"
"10899","25To34","FullTime"
"10900","25To34","FullTime"
"10901","25To34","FullTime"
"10902","25To34","FullTime"
"10903","25To34","FullTime"
"10904","25To34","FullTime"
"10905","25To34","FullTime"
"10906","25To34","FullTime"
"10907","25To34","FullTime"
"10908","25To34","FullTime"
"10909","25To34","FullTime"
"10910","25To34","FullTime"
"10911","25To34","FullTime"
"10912","25To34","FullTime"
"10913","25To34","FullTime"
"10914","25To34","FullTime"
"10915","25To34","FullTime"
"10916","25To34","FullTime"
"10917","25To34","FullTime"
"10918","25To34","FullTime"
"10919","25To34","FullTime"
"10920","25To34","FullTime"
"10921","25To34","FullTime"
"10922","25To34","FullTime"
"10923","25To34","FullTime"
"10924","25To34","FullTime"
"10925","25To34","FullTime"
"10926","25To34","FullTime"
"10927","25To34","FullTime"
"10928","25To34","FullTime"
"10929","25To34","FullTime"
"10930","25To34","FullTime"
"10931","25To34","FullTime"
"10932","25To34","FullTime"
"10933","25To34","FullTime"
"10934","25To34","FullTime"
"10935","25To34","FullTime"
"10936","25To34","FullTime"
"10937","25To34","FullTime"
"10938","25To34","FullTime"
"10939","25To34","FullTime"
"10940","25To34","FullTime"
"10941","25To34","FullTime"
"10942","25To34","FullTime"
"10943","25To34","FullTime"
"10944","25To34","FullTime"
"10945","25To34","FullTime"
"10946","25To34","FullTime"
"10947","25To34","FullTime"
"10948","25To34","FullTime"
"10949","25To34","FullTime"
"10950","25To34","FullTime"
"10951","25To34","FullTime"
"10952","25To34","FullTime"
"10953","25To34","FullTime"
"10954","25To34","FullTime"
"10955","25To34","FullTime"
"10956","25To34","FullTime"
"10957","25To34","FullTime"
"10958","25To34","FullTime"
"10959","25To34","FullTime"
"10960","25To34","FullTime"
"10961","25To34","FullTime"
"10962","25To34","FullTime"
"10963","25To34","FullTime"
"10964","25To34","FullTime"
"10965","25To34","FullTime"
"10966","25To34","FullTime"
"10967","25To34","FullTime"
"10968","25To34","FullTime"
"10969","25To34","FullTime"
"10970","25To34","FullTime"
"10971","25To34","FullTime"
"10972","25To34","FullTime"
"10973","25To34","FullTime"
"10974","25To34","FullTime"
"10975","25To34","FullTime"
"10976","25To34","FullTime"
"10977","25To34","FullTime"
"10978","25To34","FullTime"
"10979","25To34","FullTime"
"10980","25To34","FullTime"
"10981","25To34","FullTime"
"10982","25To34","FullTime"
"10983","25To34","FullTime"
"10984","25To34","FullTime"
"10985","25To34","FullTime"
"10986","25To34","FullTime"
"10987","25To34","FullTime"
"10988","25To34","FullTime"
"10989","25To34","FullTime"
"10990","25To34","FullTime"
"10991","25To34","FullTime"
"10992","25To34","FullTime"
"10993","25To34","FullTime"
"10994","25To34","FullTime"
"10995","25To34","FullTime"
"10996","25To34","FullTime"
"10997","25To34","FullTime"
"10998","25To34","FullTime"
"10999","25To34","FullTime"
"11000","25To34","FullTime"
"11001","25To34","FullTime"
"11002","25To34","FullTime"
"11003","25To34","FullTime"
"11004","25To34","FullTime"
"11005","25To34","FullTime"
"11006","25To34","FullTime"
"11007","25To34","FullTime"
"11008","25To34","FullTime"
"11009","25To34","FullTime"
"11010","25To34","FullTime"
"11011","25To34","FullTime"
"11012","25To34","FullTime"
"11013","25To34","FullTime"
"11014","25To34","FullTime"
"11015","25To34","FullTime"
"11016","25To34","FullTime"
"11017","25To34","FullTime"
"11018","25To34","FullTime"
"11019","25To34","FullTime"
"11020","25To34","FullTime"
"11021","25To34","FullTime"
"11022","25To34","FullTime"
"11023","25To34","FullTime"
"11024","25To34","FullTime"
"11025","25To34","FullTime"
"11026","25To34","FullTime"
"11027","25To34","FullTime"
"11028","25To34","FullTime"
"11029","25To34","FullTime"
"11030","25To34","FullTime"
"11031","25To34","FullTime"
"11032","25To34","FullTime"
"11033","25To34","FullTime"
"11034","25To34","FullTime"
"11035","25To34","FullTime"
"11036","25To34","FullTime"
"11037","25To34","FullTime"
"11038","25To34","FullTime"
"11039","25To34","FullTime"
"11040","25To34","FullTime"
"11041","25To34","FullTime"
"11042","25To34","FullTime"
"11043","25To34","FullTime"
"11044","25To34","FullTime"
"11045","25To34","FullTime"
"11046","25To34","FullTime"
"11047","25To34","FullTime"
"11048","25To34","FullTime"
"11049","25To34","FullTime"
"11050","25To34","FullTime"
"11051","25To34","FullTime"
"11052","25To34","FullTime"
"11053","25To34","FullTime"
"11054","25To34","FullTime"
"11055","25To34","FullTime"
"11056","25To34","FullTime"
"11057","25To34","FullTime"
"11058","25To34","FullTime"
"11059","25To34","FullTime"
"11060","25To34","FullTime"
"11061","25To34","FullTime"
"11062","25To34","FullTime"
"11063","25To34","FullTime"
"11064","25To34","FullTime"
"11065","25To34","FullTime"
"11066","25To34","FullTime"
"11067","25To34","FullTime"
"11068","25To34","FullTime"
"11069","25To34","FullTime"
"11070","25To34","FullTime"
"11071","25To34","FullTime"
"11072","25To34","FullTime"
"11073","25To34","FullTime"
"11074","25To34","FullTime"
"11075","25To34","FullTime"
"11076","25To34","FullTime"
"11077","25To34","FullTime"
"11078","25To34","FullTime"
"11079","25To34","FullTime"
"11080","25To34","FullTime"
"11081","25To34","FullTime"
"11082","25To34","FullTime"
"11083","25To34","FullTime"
"11084","25To34","FullTime"
"11085","25To34","FullTime"
"11086","25To34","FullTime"
"11087","25To34","FullTime"
"11088","25To34","FullTime"
"11089","25To34","FullTime"
"11090","25To34","FullTime"
"11091","25To34","FullTime"
"11092","25To34","FullTime"
"11093","25To34","FullTime"
"11094","25To34","FullTime"
"11095","25To34","FullTime"
"11096","25To34","FullTime"
"11097","25To34","FullTime"
"11098","25To34","FullTime"
"11099","25To34","FullTime"
"11100","25To34","FullTime"
"11101","25To34","FullTime"
"11102","25To34","FullTime"
"11103","25To34","FullTime"
"11104","25To34","FullTime"
"11105","25To34","FullTime"
"11106","25To34","FullTime"
"11107","25To34","FullTime"
"11108","25To34","FullTime"
"11109","25To34","FullTime"
"11110","25To34","FullTime"
"11111","25To34","FullTime"
"11112","25To34","FullTime"
"11113","25To34","FullTime"
"11114","25To34","FullTime"
"11115","25To34","FullTime"
"11116","25To34","FullTime"
"11117","25To34","FullTime"
"11118","25To34","FullTime"
"11119","25To34","FullTime"
"11120","25To34","FullTime"
"11121","25To34","FullTime"
"11122","25To34","FullTime"
"11123","25To34","FullTime"
"11124","25To34","FullTime"
"11125","25To34","FullTime"
"11126","25To34","FullTime"
"11127","25To34","FullTime"
"11128","25To34","FullTime"
"11129","25To34","FullTime"
"11130","25To34","FullTime"
"11131","25To34","FullTime"
"11132","25To34","FullTime"
"11133","25To34","FullTime"
"11134","25To34","FullTime"
"11135","25To34","FullTime"
"11136","25To34","FullTime"
"11137","25To34","FullTime"
"11138","25To34","FullTime"
"11139","25To34","FullTime"
"11140","25To34","FullTime"
"11141","25To34","FullTime"
"11142","25To34","FullTime"
"11143","25To34","FullTime"
"11144","25To34","FullTime"
"11145","25To34","FullTime"
"11146","25To34","FullTime"
"11147","25To34","FullTime"
"11148","25To34","FullTime"
"11149","25To34","FullTime"
"11150","25To34","FullTime"
"11151","25To34","FullTime"
"11152","25To34","FullTime"
"11153","25To34","FullTime"
"11154","25To34","FullTime"
"11155","25To34","FullTime"
"11156","25To34","FullTime"
"11157","25To34","FullTime"
"11158","25To34","FullTime"
"11159","25To34","FullTime"
"11160","25To34","FullTime"
"11161","25To34","FullTime"
"11162","25To34","FullTime"
"11163","25To34","FullTime"
"11164","25To34","FullTime"
"11165","25To34","FullTime"
"11166","25To34","FullTime"
"11167","25To34","FullTime"
"11168","25To34","FullTime"
"11169","25To34","FullTime"
"11170","25To34","FullTime"
"11171","25To34","FullTime"
"11172","25To34","FullTime"
"11173","25To34","FullTime"
"11174","25To34","FullTime"
"11175","25To34","FullTime"
"11176","25To34","FullTime"
"11177","25To34","FullTime"
"11178","25To34","FullTime"
"11179","25To34","FullTime"
"11180","25To34","FullTime"
"11181","25To34","FullTime"
"11182","25To34","FullTime"
"11183","25To34","FullTime"
"11184","25To34","FullTime"
"11185","25To34","FullTime"
"11186","25To34","FullTime"
"11187","25To34","FullTime"
"11188","25To34","FullTime"
"11189","25To34","FullTime"
"11190","25To34","FullTime"
"11191","25To34","FullTime"
"11192","25To34","FullTime"
"11193","25To34","FullTime"
"11194","25To34","FullTime"
"11195","25To34","FullTime"
"11196","25To34","FullTime"
"11197","25To34","FullTime"
"11198","25To34","FullTime"
"11199","25To34","FullTime"
"11200","25To34","FullTime"
"11201","25To34","FullTime"
"11202","25To34","FullTime"
"11203","25To34","FullTime"
"11204","25To34","FullTime"
"11205","25To34","FullTime"
"11206","25To34","FullTime"
"11207","25To34","FullTime"
"11208","25To34","FullTime"
"11209","25To34","FullTime"
"11210","25To34","FullTime"
"11211","25To34","FullTime"
"11212","25To34","FullTime"
"11213","25To34","FullTime"
"11214","25To34","FullTime"
"11215","25To34","FullTime"
"11216","25To34","FullTime"
"11217","25To34","FullTime"
"11218","25To34","FullTime"
"11219","25To34","FullTime"
"11220","25To34","FullTime"
"11221","25To34","FullTime"
"11222","25To34","FullTime"
"11223","25To34","FullTime"
"11224","25To34","FullTime"
"11225","25To34","FullTime"
"11226","25To34","FullTime"
"11227","25To34","FullTime"
"11228","25To34","FullTime"
"11229","25To34","FullTime"
"11230","25To34","FullTime"
"11231","25To34","FullTime"
"11232","25To34","FullTime"
"11233","25To34","FullTime"
"11234","25To34","FullTime"
"11235","25To34","FullTime"
"11236","25To34","FullTime"
"11237","25To34","FullTime"
"11238","25To34","FullTime"
"11239","25To34","FullTime"
"11240","25To34","FullTime"
"11241","25To34","FullTime"
"11242","25To34","FullTime"
"11243","25To34","FullTime"
"11244","25To34","FullTime"
"11245","25To34","FullTime"
"11246","25To34","FullTime"
"11247","25To34","FullTime"
"11248","25To34","FullTime"
"11249","25To34","FullTime"
"11250","25To34","FullTime"
"11251","25To34","FullTime"
"11252","25To34","FullTime"
"11253","25To34","FullTime"
"11254","25To34","FullTime"
"11255","25To34","FullTime"
"11256","25To34","FullTime"
"11257","25To34","FullTime"
"11258","25To34","FullTime"
"11259","25To34","FullTime"
"11260","25To34","FullTime"
"11261","25To34","FullTime"
"11262","25To34","FullTime"
"11263","25To34","FullTime"
"11264","25To34","FullTime"
"11265","25To34","FullTime"
"11266","25To34","FullTime"
"11267","25To34","FullTime"
"11268","25To34","FullTime"
"11269","25To34","FullTime"
"11270","25To34","FullTime"
"11271","25To34","FullTime"
"11272","25To34","FullTime"
"11273","25To34","FullTime"
"11274","25To34","FullTime"
"11275","25To34","FullTime"
"11276","25To34","FullTime"
"11277","25To34","FullTime"
"11278","25To34","FullTime"
"11279","25To34","FullTime"
"11280","25To34","FullTime"
"11281","25To34","FullTime"
"11282","25To34","FullTime"
"11283","25To34","FullTime"
"11284","25To34","FullTime"
"11285","25To34","FullTime"
"11286","25To34","FullTime"
"11287","25To34","FullTime"
"11288","25To34","FullTime"
"11289","25To34","FullTime"
"11290","25To34","FullTime"
"11291","25To34","FullTime"
"11292","25To34","FullTime"
"11293","25To34","FullTime"
"11294","25To34","FullTime"
"11295","25To34","FullTime"
"11296","25To34","FullTime"
"11297","25To34","FullTime"
"11298","25To34","FullTime"
"11299","25To34","FullTime"
"11300","25To34","FullTime"
"11301","25To34","FullTime"
"11302","25To34","FullTime"
"11303","25To34","FullTime"
"11304","25To34","FullTime"
"11305","25To34","FullTime"
"11306","25To34","FullTime"
"11307","25To34","FullTime"
"11308","25To34","FullTime"
"11309","25To34","FullTime"
"11310","25To34","FullTime"
"11311","25To34","FullTime"
"11312","25To34","FullTime"
"11313","25To34","FullTime"
"11314","25To34","FullTime"
"11315","25To34","FullTime"
"11316","25To34","FullTime"
"11317","25To34","FullTime"
"11318","25To34","FullTime"
"11319","25To34","FullTime"
"11320","25To34","FullTime"
"11321","25To34","FullTime"
"11322","25To34","FullTime"
"11323","25To34","FullTime"
"11324","25To34","FullTime"
"11325","25To34","FullTime"
"11326","25To34","FullTime"
"11327","25To34","FullTime"
"11328","25To34","FullTime"
"11329","25To34","FullTime"
"11330","25To34","FullTime"
"11331","25To34","FullTime"
"11332","25To34","FullTime"
"11333","25To34","FullTime"
"11334","25To34","FullTime"
"11335","25To34","FullTime"
"11336","25To34","FullTime"
"11337","25To34","FullTime"
"11338","25To34","FullTime"
"11339","25To34","FullTime"
"11340","25To34","FullTime"
"11341","25To34","FullTime"
"11342","25To34","FullTime"
"11343","25To34","FullTime"
"11344","25To34","FullTime"
"11345","25To34","FullTime"
"11346","25To34","FullTime"
"11347","25To34","FullTime"
"11348","25To34","FullTime"
"11349","25To34","FullTime"
"11350","25To34","FullTime"
"11351","25To34","FullTime"
"11352","25To34","FullTime"
"11353","25To34","FullTime"
"11354","25To34","FullTime"
"11355","25To34","FullTime"
"11356","25To34","FullTime"
"11357","25To34","FullTime"
"11358","25To34","FullTime"
"11359","25To34","FullTime"
"11360","25To34","FullTime"
"11361","25To34","FullTime"
"11362","25To34","FullTime"
"11363","25To34","FullTime"
"11364","25To34","FullTime"
"11365","25To34","FullTime"
"11366","25To34","FullTime"
"11367","25To34","FullTime"
"11368","25To34","FullTime"
"11369","25To34","FullTime"
"11370","25To34","FullTime"
"11371","25To34","FullTime"
"11372","25To34","FullTime"
"11373","25To34","FullTime"
"11374","25To34","FullTime"
"11375","25To34","FullTime"
"11376","25To34","FullTime"
"11377","25To34","FullTime"
"11378","25To34","FullTime"
"11379","25To34","FullTime"
"11380","25To34","FullTime"
"11381","25To34","FullTime"
"11382","25To34","FullTime"
"11383","25To34","FullTime"
"11384","25To34","FullTime"
"11385","25To34","FullTime"
"11386","25To34","FullTime"
"11387","25To34","FullTime"
"11388","25To34","FullTime"
"11389","25To34","FullTime"
"11390","25To34","FullTime"
"11391","25To34","FullTime"
"11392","25To34","FullTime"
"11393","25To34","FullTime"
"11394","25To34","FullTime"
"11395","25To34","FullTime"
"11396","25To34","FullTime"
"11397","25To34","FullTime"
"11398","25To34","FullTime"
"11399","25To34","FullTime"
"11400","25To34","FullTime"
"11401","25To34","FullTime"
"11402","25To34","FullTime"
"11403","25To34","FullTime"
"11404","25To34","FullTime"
"11405","25To34","FullTime"
"11406","25To34","FullTime"
"11407","25To34","FullTime"
"11408","25To34","FullTime"
"11409","25To34","FullTime"
"11410","25To34","FullTime"
"11411","25To34","FullTime"
"11412","25To34","FullTime"
"11413","25To34","FullTime"
"11414","25To34","FullTime"
"11415","25To34","FullTime"
"11416","25To34","FullTime"
"11417","25To34","FullTime"
"11418","25To34","FullTime"
"11419","25To34","FullTime"
"11420","25To34","FullTime"
"11421","25To34","FullTime"
"11422","25To34","FullTime"
"11423","25To34","FullTime"
"11424","25To34","FullTime"
"11425","25To34","FullTime"
"11426","25To34","FullTime"
"11427","25To34","FullTime"
"11428","25To34","FullTime"
"11429","25To34","FullTime"
"11430","25To34","FullTime"
"11431","25To34","FullTime"
"11432","25To34","FullTime"
"11433","25To34","FullTime"
"11434","25To34","FullTime"
"11435","25To34","FullTime"
"11436","25To34","FullTime"
"11437","25To34","FullTime"
"11438","25To34","FullTime"
"11439","25To34","FullTime"
"11440","25To34","FullTime"
"11441","25To34","FullTime"
"11442","25To34","FullTime"
"11443","25To34","FullTime"
"11444","25To34","FullTime"
"11445","25To34","FullTime"
"11446","25To34","FullTime"
"11447","25To34","FullTime"
"11448","25To34","FullTime"
"11449","25To34","FullTime"
"11450","25To34","FullTime"
"11451","25To34","FullTime"
"11452","25To34","FullTime"
"11453","25To34","FullTime"
"11454","25To34","FullTime"
"11455","25To34","FullTime"
"11456","25To34","FullTime"
"11457","25To34","FullTime"
"11458","25To34","FullTime"
"11459","25To34","FullTime"
"11460","25To34","FullTime"
"11461","25To34","FullTime"
"11462","25To34","FullTime"
"11463","25To34","FullTime"
"11464","25To34","FullTime"
"11465","25To34","FullTime"
"11466","25To34","FullTime"
"11467","25To34","FullTime"
"11468","25To34","FullTime"
"11469","25To34","FullTime"
"11470","25To34","FullTime"
"11471","25To34","FullTime"
"11472","25To34","FullTime"
"11473","25To34","FullTime"
"11474","25To34","FullTime"
"11475","25To34","FullTime"
"11476","25To34","FullTime"
"11477","25To34","FullTime"
"11478","25To34","FullTime"
"11479","25To34","FullTime"
"11480","25To34","FullTime"
"11481","25To34","FullTime"
"11482","25To34","FullTime"
"11483","25To34","FullTime"
"11484","25To34","FullTime"
"11485","25To34","FullTime"
"11486","25To34","FullTime"
"11487","25To34","FullTime"
"11488","25To34","FullTime"
"11489","25To34","FullTime"
"11490","25To34","FullTime"
"11491","25To34","FullTime"
"11492","25To34","FullTime"
"11493","25To34","FullTime"
"11494","25To34","FullTime"
"11495","25To34","FullTime"
"11496","25To34","FullTime"
"11497","25To34","FullTime"
"11498","25To34","FullTime"
"11499","25To34","FullTime"
"11500","25To34","FullTime"
"11501","25To34","FullTime"
"11502","25To34","FullTime"
"11503","25To34","FullTime"
"11504","25To34","FullTime"
"11505","25To34","FullTime"
"11506","25To34","FullTime"
"11507","25To34","FullTime"
"11508","25To34","FullTime"
"11509","25To34","FullTime"
"11510","25To34","FullTime"
"11511","25To34","FullTime"
"11512","25To34","FullTime"
"11513","25To34","FullTime"
"11514","25To34","FullTime"
"11515","25To34","FullTime"
"11516","25To34","FullTime"
"11517","25To34","FullTime"
"11518","25To34","FullTime"
"11519","25To34","FullTime"
"11520","25To34","FullTime"
"11521","25To34","FullTime"
"11522","25To34","FullTime"
"11523","25To34","FullTime"
"11524","25To34","FullTime"
"11525","25To34","FullTime"
"11526","25To34","FullTime"
"11527","25To34","FullTime"
"11528","25To34","FullTime"
"11529","25To34","FullTime"
"11530","25To34","FullTime"
"11531","25To34","FullTime"
"11532","25To34","FullTime"
"11533","25To34","FullTime"
"11534","25To34","FullTime"
"11535","25To34","FullTime"
"11536","25To34","FullTime"
"11537","25To34","FullTime"
"11538","25To34","FullTime"
"11539","25To34","FullTime"
"11540","25To34","FullTime"
"11541","25To34","FullTime"
"11542","25To34","FullTime"
"11543","25To34","FullTime"
"11544","25To34","FullTime"
"11545","25To34","FullTime"
"11546","25To34","FullTime"
"11547","25To34","FullTime"
"11548","25To34","FullTime"
"11549","25To34","FullTime"
"11550","25To34","FullTime"
"11551","25To34","FullTime"
"11552","25To34","FullTime"
"11553","25To34","FullTime"
"11554","25To34","FullTime"
"11555","25To34","FullTime"
"11556","25To34","FullTime"
"11557","25To34","FullTime"
"11558","25To34","FullTime"
"11559","25To34","FullTime"
"11560","25To34","FullTime"
"11561","25To34","FullTime"
"11562","25To34","FullTime"
"11563","25To34","FullTime"
"11564","25To34","FullTime"
"11565","25To34","FullTime"
"11566","25To34","FullTime"
"11567","25To34","FullTime"
"11568","25To34","FullTime"
"11569","25To34","FullTime"
"11570","25To34","FullTime"
"11571","25To34","FullTime"
"11572","25To34","FullTime"
"11573","25To34","FullTime"
"11574","25To34","FullTime"
"11575","25To34","FullTime"
"11576","25To34","FullTime"
"11577","25To34","FullTime"
"11578","25To34","FullTime"
"11579","25To34","FullTime"
"11580","25To34","FullTime"
"11581","25To34","FullTime"
"11582","25To34","FullTime"
"11583","25To34","FullTime"
"11584","25To34","FullTime"
"11585","25To34","FullTime"
"11586","25To34","FullTime"
"11587","25To34","FullTime"
"11588","25To34","FullTime"
"11589","25To34","FullTime"
"11590","25To34","FullTime"
"11591","25To34","FullTime"
"11592","25To34","FullTime"
"11593","25To34","FullTime"
"11594","25To34","FullTime"
"11595","25To34","FullTime"
"11596","25To34","FullTime"
"11597","25To34","FullTime"
"11598","25To34","FullTime"
"11599","25To34","FullTime"
"11600","25To34","FullTime"
"11601","25To34","FullTime"
"11602","25To34","FullTime"
"11603","25To34","FullTime"
"11604","25To34","FullTime"
"11605","25To34","FullTime"
"11606","25To34","FullTime"
"11607","25To34","FullTime"
"11608","25To34","FullTime"
"11609","25To34","FullTime"
"11610","25To34","FullTime"
"11611","25To34","FullTime"
"11612","25To34","FullTime"
"11613","25To34","FullTime"
"11614","25To34","FullTime"
"11615","25To34","FullTime"
"11616","25To34","FullTime"
"11617","25To34","FullTime"
"11618","25To34","FullTime"
"11619","25To34","FullTime"
"11620","25To34","FullTime"
"11621","25To34","FullTime"
"11622","25To34","FullTime"
"11623","25To34","FullTime"
"11624","25To34","FullTime"
"11625","25To34","FullTime"
"11626","25To34","FullTime"
"11627","25To34","FullTime"
"11628","25To34","FullTime"
"11629","25To34","FullTime"
"11630","25To34","FullTime"
"11631","25To34","FullTime"
"11632","25To34","FullTime"
"11633","25To34","FullTime"
"11634","25To34","FullTime"
"11635","25To34","FullTime"
"11636","25To34","FullTime"
"11637","25To34","FullTime"
"11638","25To34","FullTime"
"11639","25To34","FullTime"
"11640","25To34","FullTime"
"11641","25To34","FullTime"
"11642","25To34","FullTime"
"11643","25To34","FullTime"
"11644","25To34","FullTime"
"11645","25To34","FullTime"
"11646","25To34","FullTime"
"11647","25To34","FullTime"
"11648","25To34","FullTime"
"11649","25To34","FullTime"
"11650","25To34","FullTime"
"11651","25To34","FullTime"
"11652","25To34","FullTime"
"11653","25To34","FullTime"
"11654","25To34","FullTime"
"11655","25To34","FullTime"
"11656","25To34","FullTime"
"11657","25To34","FullTime"
"11658","25To34","FullTime"
"11659","25To34","FullTime"
"11660","25To34","FullTime"
"11661","25To34","FullTime"
"11662","25To34","FullTime"
"11663","25To34","FullTime"
"11664","25To34","FullTime"
"11665","25To34","FullTime"
"11666","25To34","FullTime"
"11667","25To34","FullTime"
"11668","25To34","FullTime"
"11669","25To34","FullTime"
"11670","25To34","FullTime"
"11671","25To34","FullTime"
"11672","25To34","FullTime"
"11673","25To34","FullTime"
"11674","25To34","FullTime"
"11675","25To34","FullTime"
"11676","25To34","FullTime"
"11677","25To34","FullTime"
"11678","25To34","FullTime"
"11679","25To34","FullTime"
"11680","25To34","FullTime"
"11681","25To34","FullTime"
"11682","25To34","FullTime"
"11683","25To34","FullTime"
"11684","25To34","FullTime"
"11685","25To34","FullTime"
"11686","25To34","FullTime"
"11687","25To34","FullTime"
"11688","25To34","FullTime"
"11689","25To34","FullTime"
"11690","25To34","FullTime"
"11691","25To34","FullTime"
"11692","25To34","FullTime"
"11693","25To34","FullTime"
"11694","25To34","FullTime"
"11695","25To34","FullTime"
"11696","25To34","FullTime"
"11697","25To34","FullTime"
"11698","25To34","FullTime"
"11699","25To34","FullTime"
"11700","25To34","FullTime"
"11701","25To34","FullTime"
"11702","25To34","FullTime"
"11703","25To34","FullTime"
"11704","25To34","FullTime"
"11705","25To34","FullTime"
"11706","25To34","FullTime"
"11707","25To34","FullTime"
"11708","25To34","FullTime"
"11709","25To34","FullTime"
"11710","25To34","FullTime"
"11711","25To34","FullTime"
"11712","25To34","FullTime"
"11713","25To34","FullTime"
"11714","25To34","FullTime"
"11715","25To34","FullTime"
"11716","25To34","FullTime"
"11717","25To34","FullTime"
"11718","25To34","FullTime"
"11719","25To34","FullTime"
"11720","25To34","FullTime"
"11721","25To34","FullTime"
"11722","25To34","FullTime"
"11723","25To34","FullTime"
"11724","25To34","FullTime"
"11725","25To34","FullTime"
"11726","25To34","FullTime"
"11727","25To34","FullTime"
"11728","25To34","FullTime"
"11729","25To34","FullTime"
"11730","25To34","FullTime"
"11731","25To34","FullTime"
"11732","25To34","FullTime"
"11733","25To34","FullTime"
"11734","25To34","FullTime"
"11735","25To34","FullTime"
"11736","25To34","FullTime"
"11737","25To34","FullTime"
"11738","25To34","FullTime"
"11739","25To34","FullTime"
"11740","25To34","FullTime"
"11741","25To34","FullTime"
"11742","25To34","FullTime"
"11743","25To34","FullTime"
"11744","25To34","FullTime"
"11745","25To34","FullTime"
"11746","25To34","FullTime"
"11747","25To34","FullTime"
"11748","25To34","FullTime"
"11749","25To34","FullTime"
"11750","25To34","FullTime"
"11751","25To34","FullTime"
"11752","25To34","FullTime"
"11753","25To34","FullTime"
"11754","25To34","FullTime"
"11755","25To34","FullTime"
"11756","25To34","FullTime"
"11757","25To34","FullTime"
"11758","25To34","FullTime"
"11759","25To34","FullTime"
"11760","25To34","FullTime"
"11761","25To34","FullTime"
"11762","25To34","FullTime"
"11763","25To34","FullTime"
"11764","25To34","FullTime"
"11765","25To34","FullTime"
"11766","25To34","FullTime"
"11767","25To34","FullTime"
"11768","25To34","FullTime"
"11769","25To34","FullTime"
"11770","25To34","FullTime"
"11771","25To34","FullTime"
"11772","25To34","FullTime"
"11773","25To34","FullTime"
"11774","25To34","FullTime"
"11775","25To34","FullTime"
"11776","25To34","FullTime"
"11777","25To34","FullTime"
"11778","25To34","FullTime"
"11779","25To34","FullTime"
"11780","25To34","FullTime"
"11781","25To34","FullTime"
"11782","25To34","FullTime"
"11783","25To34","FullTime"
"11784","25To34","FullTime"
"11785","25To34","FullTime"
"11786","25To34","FullTime"
"11787","25To34","FullTime"
"11788","25To34","FullTime"
"11789","25To34","FullTime"
"11790","25To34","FullTime"
"11791","25To34","FullTime"
"11792","25To34","FullTime"
"11793","25To34","FullTime"
"11794","25To34","FullTime"
"11795","25To34","FullTime"
"11796","25To34","FullTime"
"11797","25To34","FullTime"
"11798","25To34","FullTime"
"11799","25To34","FullTime"
"11800","25To34","FullTime"
"11801","25To34","FullTime"
"11802","25To34","FullTime"
"11803","25To34","FullTime"
"11804","25To34","FullTime"
"11805","25To34","FullTime"
"11806","25To34","FullTime"
"11807","25To34","FullTime"
"11808","25To34","FullTime"
"11809","25To34","FullTime"
"11810","25To34","FullTime"
"11811","25To34","FullTime"
"11812","25To34","FullTime"
"11813","25To34","FullTime"
"11814","25To34","FullTime"
"11815","25To34","FullTime"
"11816","25To34","FullTime"
"11817","25To34","FullTime"
"11818","25To34","FullTime"
"11819","25To34","FullTime"
"11820","25To34","FullTime"
"11821","25To34","FullTime"
"11822","25To34","FullTime"
"11823","25To34","FullTime"
"11824","25To34","FullTime"
"11825","25To34","FullTime"
"11826","25To34","FullTime"
"11827","25To34","FullTime"
"11828","25To34","FullTime"
"11829","25To34","FullTime"
"11830","25To34","FullTime"
"11831","25To34","FullTime"
"11832","25To34","FullTime"
"11833","25To34","FullTime"
"11834","25To34","FullTime"
"11835","25To34","FullTime"
"11836","25To34","FullTime"
"11837","25To34","FullTime"
"11838","25To34","FullTime"
"11839","25To34","FullTime"
"11840","25To34","FullTime"
"11841","25To34","FullTime"
"11842","25To34","FullTime"
"11843","25To34","FullTime"
"11844","25To34","FullTime"
"11845","25To34","FullTime"
"11846","25To34","FullTime"
"11847","25To34","FullTime"
"11848","25To34","FullTime"
"11849","25To34","FullTime"
"11850","25To34","FullTime"
"11851","25To34","FullTime"
"11852","25To34","FullTime"
"11853","25To34","FullTime"
"11854","25To34","FullTime"
"11855","25To34","FullTime"
"11856","25To34","FullTime"
"11857","25To34","FullTime"
"11858","25To34","FullTime"
"11859","25To34","FullTime"
"11860","25To34","FullTime"
"11861","25To34","FullTime"
"11862","25To34","FullTime"
"11863","25To34","FullTime"
"11864","25To34","FullTime"
"11865","25To34","FullTime"
"11866","25To34","FullTime"
"11867","25To34","FullTime"
"11868","25To34","FullTime"
"11869","25To34","FullTime"
"11870","25To34","FullTime"
"11871","25To34","FullTime"
"11872","25To34","FullTime"
"11873","25To34","FullTime"
"11874","25To34","FullTime"
"11875","25To34","FullTime"
"11876","25To34","FullTime"
"11877","25To34","FullTime"
"11878","25To34","FullTime"
"11879","25To34","FullTime"
"11880","25To34","FullTime"
"11881","25To34","FullTime"
"11882","25To34","FullTime"
"11883","25To34","PartTime"
"11884","25To34","PartTime"
"11885","25To34","PartTime"
"11886","25To34","PartTime"
"11887","25To34","PartTime"
"11888","25To34","PartTime"
"11889","25To34","PartTime"
"11890","25To34","PartTime"
"11891","25To34","PartTime"
"11892","25To34","PartTime"
"11893","25To34","PartTime"
"11894","25To34","PartTime"
"11895","25To34","PartTime"
"11896","25To34","PartTime"
"11897","25To34","PartTime"
"11898","25To34","PartTime"
"11899","25To34","PartTime"
"11900","25To34","PartTime"
"11901","25To34","PartTime"
"11902","25To34","PartTime"
"11903","25To34","PartTime"
"11904","25To34","PartTime"
"11905","25To34","PartTime"
"11906","25To34","PartTime"
"11907","25To34","PartTime"
"11908","25To34","PartTime"
"11909","25To34","PartTime"
"11910","25To34","PartTime"
"11911","25To34","PartTime"
"11912","25To34","PartTime"
"11913","25To34","PartTime"
"11914","25To34","PartTime"
"11915","25To34","PartTime"
"11916","25To34","PartTime"
"11917","25To34","PartTime"
"11918","25To34","PartTime"
"11919","25To34","PartTime"
"11920","25To34","PartTime"
"11921","25To34","PartTime"
"11922","25To34","PartTime"
"11923","25To34","PartTime"
"11924","25To34","PartTime"
"11925","25To34","PartTime"
"11926","25To34","PartTime"
"11927","25To34","PartTime"
"11928","25To34","PartTime"
"11929","25To34","PartTime"
"11930","25To34","PartTime"
"11931","25To34","PartTime"
"11932","25To34","PartTime"
"11933","25To34","PartTime"
"11934","25To34","PartTime"
"11935","25To34","PartTime"
"11936","25To34","PartTime"
"11937","25To34","PartTime"
"11938","25To34","PartTime"
"11939","25To34","PartTime"
"11940","25To34","PartTime"
"11941","25To34","PartTime"
"11942","25To34","PartTime"
"11943","25To34","PartTime"
"11944","25To34","PartTime"
"11945","25To34","PartTime"
"11946","25To34","PartTime"
"11947","25To34","PartTime"
"11948","25To34","PartTime"
"11949","25To34","PartTime"
"11950","25To34","PartTime"
"11951","25To34","PartTime"
"11952","25To34","PartTime"
"11953","25To34","PartTime"
"11954","25To34","PartTime"
"11955","25To34","PartTime"
"11956","25To34","PartTime"
"11957","25To34","PartTime"
"11958","25To34","PartTime"
"11959","25To34","PartTime"
"11960","25To34","PartTime"
"11961","25To34","PartTime"
"11962","25To34","PartTime"
"11963","25To34","PartTime"
"11964","25To34","PartTime"
"11965","25To34","PartTime"
"11966","25To34","PartTime"
"11967","25To34","PartTime"
"11968","25To34","PartTime"
"11969","25To34","PartTime"
"11970","25To34","PartTime"
"11971","25To34","PartTime"
"11972","25To34","PartTime"
"11973","25To34","PartTime"
"11974","25To34","PartTime"
"11975","25To34","PartTime"
"11976","25To34","PartTime"
"11977","25To34","PartTime"
"11978","25To34","PartTime"
"11979","25To34","PartTime"
"11980","25To34","PartTime"
"11981","25To34","PartTime"
"11982","25To34","PartTime"
"11983","25To34","PartTime"
"11984","25To34","PartTime"
"11985","25To34","PartTime"
"11986","25To34","PartTime"
"11987","25To34","PartTime"
"11988","25To34","PartTime"
"11989","25To34","PartTime"
"11990","25To34","PartTime"
"11991","25To34","PartTime"
"11992","25To34","PartTime"
"11993","25To34","PartTime"
"11994","25To34","PartTime"
"11995","25To34","PartTime"
"11996","25To34","PartTime"
"11997","25To34","PartTime"
"11998","25To34","PartTime"
"11999","25To34","PartTime"
"12000","25To34","PartTime"
"12001","25To34","PartTime"
"12002","25To34","PartTime"
"12003","25To34","PartTime"
"12004","25To34","PartTime"
"12005","25To34","PartTime"
"12006","25To34","PartTime"
"12007","25To34","PartTime"
"12008","25To34","PartTime"
"12009","25To34","PartTime"
"12010","25To34","PartTime"
"12011","25To34","PartTime"
"12012","25To34","PartTime"
"12013","25To34","PartTime"
"12014","25To34","PartTime"
"12015","25To34","PartTime"
"12016","25To34","PartTime"
"12017","25To34","PartTime"
"12018","25To34","PartTime"
"12019","25To34","PartTime"
"12020","25To34","PartTime"
"12021","25To34","PartTime"
"12022","25To34","PartTime"
"12023","25To34","PartTime"
"12024","25To34","PartTime"
"12025","25To34","PartTime"
"12026","25To34","PartTime"
"12027","25To34","PartTime"
"12028","25To34","PartTime"
"12029","25To34","PartTime"
"12030","25To34","PartTime"
"12031","25To34","PartTime"
"12032","25To34","PartTime"
"12033","25To34","PartTime"
"12034","25To34","PartTime"
"12035","25To34","PartTime"
"12036","25To34","PartTime"
"12037","25To34","PartTime"
"12038","25To34","PartTime"
"12039","25To34","PartTime"
"12040","25To34","PartTime"
"12041","25To34","PartTime"
"12042","25To34","PartTime"
"12043","25To34","PartTime"
"12044","25To34","PartTime"
"12045","25To34","PartTime"
"12046","25To34","PartTime"
"12047","25To34","PartTime"
"12048","25To34","PartTime"
"12049","25To34","PartTime"
"12050","25To34","PartTime"
"12051","25To34","PartTime"
"12052","25To34","PartTime"
"12053","25To34","PartTime"
"12054","25To34","PartTime"
"12055","25To34","PartTime"
"12056","25To34","PartTime"
"12057","25To34","PartTime"
"12058","25To34","PartTime"
"12059","25To34","PartTime"
"12060","25To34","PartTime"
"12061","25To34","PartTime"
"12062","25To34","PartTime"
"12063","25To34","PartTime"
"12064","25To34","PartTime"
"12065","25To34","PartTime"
"12066","25To34","PartTime"
"12067","25To34","PartTime"
"12068","25To34","PartTime"
"12069","25To34","PartTime"
"12070","25To34","PartTime"
"12071","25To34","PartTime"
"12072","25To34","PartTime"
"12073","25To34","PartTime"
"12074","25To34","PartTime"
"12075","25To34","PartTime"
"12076","25To34","PartTime"
"12077","25To34","PartTime"
"12078","25To34","PartTime"
"12079","25To34","PartTime"
"12080","25To34","PartTime"
"12081","25To34","PartTime"
"12082","25To34","PartTime"
"12083","25To34","PartTime"
"12084","25To34","PartTime"
"12085","25To34","PartTime"
"12086","25To34","PartTime"
"12087","25To34","PartTime"
"12088","25To34","PartTime"
"12089","25To34","PartTime"
"12090","25To34","PartTime"
"12091","25To34","PartTime"
"12092","25To34","PartTime"
"12093","25To34","PartTime"
"12094","25To34","PartTime"
"12095","25To34","PartTime"
"12096","25To34","PartTime"
"12097","25To34","PartTime"
"12098","25To34","PartTime"
"12099","25To34","PartTime"
"12100","25To34","PartTime"
"12101","25To34","PartTime"
"12102","25To34","PartTime"
"12103","25To34","PartTime"
"12104","25To34","PartTime"
"12105","25To34","PartTime"
"12106","25To34","PartTime"
"12107","25To34","PartTime"
"12108","25To34","PartTime"
"12109","25To34","PartTime"
"12110","25To34","PartTime"
"12111","25To34","PartTime"
"12112","25To34","PartTime"
"12113","25To34","PartTime"
"12114","25To34","PartTime"
"12115","25To34","PartTime"
"12116","25To34","PartTime"
"12117","25To34","PartTime"
"12118","25To34","PartTime"
"12119","25To34","PartTime"
"12120","25To34","PartTime"
"12121","25To34","PartTime"
"12122","25To34","PartTime"
"12123","25To34","PartTime"
"12124","25To34","PartTime"
"12125","25To34","PartTime"
"12126","25To34","PartTime"
"12127","25To34","PartTime"
"12128","25To34","PartTime"
"12129","25To34","PartTime"
"12130","25To34","PartTime"
"12131","25To34","PartTime"
"12132","25To34","PartTime"
"12133","25To34","PartTime"
"12134","25To34","PartTime"
"12135","25To34","PartTime"
"12136","25To34","PartTime"
"12137","25To34","PartTime"
"12138","25To34","PartTime"
"12139","25To34","PartTime"
"12140","25To34","PartTime"
"12141","25To34","PartTime"
"12142","25To34","PartTime"
"12143","25To34","PartTime"
"12144","25To34","PartTime"
"12145","25To34","PartTime"
"12146","25To34","PartTime"
"12147","25To34","PartTime"
"12148","25To34","PartTime"
"12149","25To34","PartTime"
"12150","25To34","PartTime"
"12151","25To34","PartTime"
"12152","25To34","PartTime"
"12153","25To34","PartTime"
"12154","25To34","PartTime"
"12155","25To34","PartTime"
"12156","25To34","PartTime"
"12157","25To34","PartTime"
"12158","25To34","PartTime"
"12159","25To34","PartTime"
"12160","25To34","PartTime"
"12161","25To34","PartTime"
"12162","25To34","PartTime"
"12163","25To34","PartTime"
"12164","25To34","PartTime"
"12165","25To34","PartTime"
"12166","25To34","PartTime"
"12167","25To34","PartTime"
"12168","25To34","PartTime"
"12169","25To34","PartTime"
"12170","25To34","PartTime"
"12171","25To34","PartTime"
"12172","25To34","PartTime"
"12173","25To34","PartTime"
"12174","25To34","PartTime"
"12175","25To34","PartTime"
"12176","25To34","PartTime"
"12177","25To34","PartTime"
"12178","25To34","PartTime"
"12179","25To34","PartTime"
"12180","25To34","PartTime"
"12181","25To34","PartTime"
"12182","25To34","PartTime"
"12183","25To34","PartTime"
"12184","25To34","PartTime"
"12185","25To34","PartTime"
"12186","25To34","PartTime"
"12187","25To34","PartTime"
"12188","25To34","PartTime"
"12189","25To34","PartTime"
"12190","25To34","PartTime"
"12191","25To34","PartTime"
"12192","25To34","PartTime"
"12193","25To34","PartTime"
"12194","25To34","PartTime"
"12195","25To34","PartTime"
"12196","25To34","PartTime"
"12197","25To34","PartTime"
"12198","25To34","PartTime"
"12199","25To34","PartTime"
"12200","25To34","PartTime"
"12201","25To34","PartTime"
"12202","25To34","PartTime"
"12203","25To34","PartTime"
"12204","25To34","PartTime"
"12205","25To34","PartTime"
"12206","25To34","PartTime"
"12207","25To34","PartTime"
"12208","25To34","PartTime"
"12209","25To34","PartTime"
"12210","25To34","PartTime"
"12211","25To34","PartTime"
"12212","25To34","PartTime"
"12213","25To34","PartTime"
"12214","25To34","PartTime"
"12215","25To34","PartTime"
"12216","25To34","PartTime"
"12217","25To34","PartTime"
"12218","25To34","PartTime"
"12219","25To34","PartTime"
"12220","25To34","PartTime"
"12221","25To34","PartTime"
"12222","25To34","PartTime"
"12223","25To34","PartTime"
"12224","25To34","PartTime"
"12225","25To34","PartTime"
"12226","25To34","PartTime"
"12227","25To34","PartTime"
"12228","25To34","PartTime"
"12229","25To34","PartTime"
"12230","25To34","PartTime"
"12231","25To34","PartTime"
"12232","25To34","PartTime"
"12233","25To34","PartTime"
"12234","25To34","PartTime"
"12235","25To34","PartTime"
"12236","25To34","PartTime"
"12237","25To34","PartTime"
"12238","25To34","PartTime"
"12239","25To34","PartTime"
"12240","25To34","PartTime"
"12241","25To34","PartTime"
"12242","25To34","PartTime"
"12243","25To34","PartTime"
"12244","25To34","PartTime"
"12245","25To34","PartTime"
"12246","25To34","PartTime"
"12247","25To34","PartTime"
"12248","25To34","PartTime"
"12249","25To34","PartTime"
"12250","25To34","PartTime"
"12251","25To34","PartTime"
"12252","25To34","PartTime"
"12253","25To34","PartTime"
"12254","25To34","PartTime"
"12255","25To34","PartTime"
"12256","25To34","PartTime"
"12257","25To34","PartTime"
"12258","25To34","PartTime"
"12259","25To34","PartTime"
"12260","25To34","PartTime"
"12261","25To34","PartTime"
"12262","25To34","PartTime"
"12263","25To34","PartTime"
"12264","25To34","PartTime"
"12265","25To34","PartTime"
"12266","25To34","PartTime"
"12267","25To34","PartTime"
"12268","25To34","PartTime"
"12269","25To34","PartTime"
"12270","25To34","PartTime"
"12271","25To34","PartTime"
"12272","25To34","PartTime"
"12273","25To34","PartTime"
"12274","25To34","PartTime"
"12275","25To34","PartTime"
"12276","25To34","PartTime"
"12277","25To34","PartTime"
"12278","25To34","PartTime"
"12279","25To34","PartTime"
"12280","25To34","PartTime"
"12281","25To34","PartTime"
"12282","25To34","PartTime"
"12283","25To34","PartTime"
"12284","25To34","PartTime"
"12285","25To34","PartTime"
"12286","25To34","PartTime"
"12287","25To34","PartTime"
"12288","25To34","PartTime"
"12289","25To34","PartTime"
"12290","25To34","PartTime"
"12291","25To34","PartTime"
"12292","25To34","PartTime"
"12293","25To34","PartTime"
"12294","25To34","PartTime"
"12295","25To34","PartTime"
"12296","25To34","PartTime"
"12297","25To34","PartTime"
"12298","25To34","PartTime"
"12299","25To34","PartTime"
"12300","25To34","PartTime"
"12301","25To34","PartTime"
"12302","25To34","PartTime"
"12303","25To34","PartTime"
"12304","25To34","PartTime"
"12305","25To34","PartTime"
"12306","25To34","PartTime"
"12307","25To34","PartTime"
"12308","25To34","PartTime"
"12309","25To34","PartTime"
"12310","25To34","PartTime"
"12311","25To34","PartTime"
"12312","25To34","PartTime"
"12313","25To34","PartTime"
"12314","25To34","PartTime"
"12315","25To34","PartTime"
"12316","25To34","PartTime"
"12317","25To34","PartTime"
"12318","25To34","PartTime"
"12319","25To34","PartTime"
"12320","25To34","PartTime"
"12321","25To34","PartTime"
"12322","25To34","PartTime"
"12323","25To34","PartTime"
"12324","25To34","PartTime"
"12325","25To34","PartTime"
"12326","25To34","PartTime"
"12327","25To34","PartTime"
"12328","25To34","PartTime"
"12329","25To34","PartTime"
"12330","25To34","PartTime"
"12331","25To34","PartTime"
"12332","25To34","PartTime"
"12333","25To34","PartTime"
"12334","25To34","PartTime"
"12335","25To34","PartTime"
"12336","25To34","PartTime"
"12337","25To34","PartTime"
"12338","25To34","PartTime"
"12339","25To34","PartTime"
"12340","25To34","PartTime"
"12341","25To34","PartTime"
"12342","25To34","PartTime"
"12343","25To34","PartTime"
"12344","25To34","PartTime"
"12345","25To34","PartTime"
"12346","25To34","PartTime"
"12347","25To34","PartTime"
"12348","25To34","PartTime"
"12349","25To34","PartTime"
"12350","25To34","PartTime"
"12351","25To34","PartTime"
"12352","25To34","PartTime"
"12353","25To34","PartTime"
"12354","25To34","PartTime"
"12355","25To34","PartTime"
"12356","25To34","PartTime"
"12357","25To34","PartTime"
"12358","25To34","PartTime"
"12359","25To34","PartTime"
"12360","25To34","PartTime"
"12361","25To34","PartTime"
"12362","25To34","PartTime"
"12363","25To34","PartTime"
"12364","25To34","PartTime"
"12365","25To34","PartTime"
"12366","25To34","PartTime"
"12367","25To34","PartTime"
"12368","25To34","PartTime"
"12369","25To34","PartTime"
"12370","25To34","PartTime"
"12371","25To34","PartTime"
"12372","25To34","PartTime"
"12373","25To34","PartTime"
"12374","25To34","PartTime"
"12375","25To34","PartTime"
"12376","25To34","PartTime"
"12377","25To34","PartTime"
"12378","25To34","PartTime"
"12379","25To34","PartTime"
"12380","25To34","PartTime"
"12381","25To34","PartTime"
"12382","25To34","PartTime"
"12383","25To34","PartTime"
"12384","25To34","PartTime"
"12385","25To34","PartTime"
"12386","25To34","PartTime"
"12387","25To34","PartTime"
"12388","25To34","PartTime"
"12389","25To34","PartTime"
"12390","25To34","PartTime"
"12391","25To34","PartTime"
"12392","25To34","PartTime"
"12393","25To34","PartTime"
"12394","25To34","PartTime"
"12395","25To34","PartTime"
"12396","25To34","PartTime"
"12397","25To34","PartTime"
"12398","25To34","PartTime"
"12399","25To34","PartTime"
"12400","25To34","PartTime"
"12401","25To34","PartTime"
"12402","25To34","PartTime"
"12403","25To34","PartTime"
"12404","25To34","PartTime"
"12405","25To34","PartTime"
"12406","25To34","PartTime"
"12407","25To34","PartTime"
"12408","25To34","PartTime"
"12409","25To34","PartTime"
"12410","25To34","PartTime"
"12411","25To34","PartTime"
"12412","25To34","PartTime"
"12413","25To34","PartTime"
"12414","25To34","PartTime"
"12415","25To34","PartTime"
"12416","25To34","PartTime"
"12417","25To34","PartTime"
"12418","25To34","PartTime"
"12419","25To34","PartTime"
"12420","25To34","PartTime"
"12421","25To34","PartTime"
"12422","25To34","PartTime"
"12423","25To34","PartTime"
"12424","25To34","PartTime"
"12425","25To34","PartTime"
"12426","25To34","PartTime"
"12427","25To34","PartTime"
"12428","25To34","PartTime"
"12429","25To34","PartTime"
"12430","25To34","PartTime"
"12431","25To34","PartTime"
"12432","25To34","PartTime"
"12433","25To34","PartTime"
"12434","25To34","PartTime"
"12435","25To34","PartTime"
"12436","25To34","PartTime"
"12437","25To34","PartTime"
"12438","25To34","PartTime"
"12439","25To34","PartTime"
"12440","25To34","PartTime"
"12441","25To34","PartTime"
"12442","25To34","PartTime"
"12443","25To34","PartTime"
"12444","25To34","PartTime"
"12445","25To34","PartTime"
"12446","25To34","PartTime"
"12447","25To34","PartTime"
"12448","25To34","PartTime"
"12449","25To34","PartTime"
"12450","25To34","PartTime"
"12451","25To34","PartTime"
"12452","25To34","PartTime"
"12453","25To34","PartTime"
"12454","25To34","PartTime"
"12455","25To34","PartTime"
"12456","25To34","PartTime"
"12457","25To34","PartTime"
"12458","25To34","PartTime"
"12459","25To34","PartTime"
"12460","25To34","PartTime"
"12461","25To34","PartTime"
"12462","25To34","PartTime"
"12463","25To34","PartTime"
"12464","25To34","PartTime"
"12465","25To34","PartTime"
"12466","25To34","PartTime"
"12467","25To34","PartTime"
"12468","25To34","PartTime"
"12469","25To34","PartTime"
"12470","25To34","PartTime"
"12471","25To34","PartTime"
"12472","25To34","PartTime"
"12473","25To34","PartTime"
"12474","25To34","PartTime"
"12475","25To34","PartTime"
"12476","25To34","PartTime"
"12477","25To34","PartTime"
"12478","25To34","PartTime"
"12479","25To34","PartTime"
"12480","25To34","PartTime"
"12481","25To34","PartTime"
"12482","25To34","PartTime"
"12483","25To34","PartTime"
"12484","25To34","PartTime"
"12485","25To34","PartTime"
"12486","25To34","PartTime"
"12487","25To34","PartTime"
"12488","25To34","PartTime"
"12489","25To34","PartTime"
"12490","25To34","PartTime"
"12491","25To34","PartTime"
"12492","25To34","PartTime"
"12493","25To34","PartTime"
"12494","25To34","PartTime"
"12495","25To34","PartTime"
"12496","25To34","PartTime"
"12497","25To34","PartTime"
"12498","25To34","PartTime"
"12499","25To34","PartTime"
"12500","25To34","PartTime"
"12501","25To34","PartTime"
"12502","25To34","PartTime"
"12503","25To34","PartTime"
"12504","25To34","PartTime"
"12505","25To34","PartTime"
"12506","25To34","PartTime"
"12507","25To34","PartTime"
"12508","25To34","PartTime"
"12509","25To34","PartTime"
"12510","25To34","PartTime"
"12511","25To34","PartTime"
"12512","25To34","PartTime"
"12513","25To34","PartTime"
"12514","25To34","PartTime"
"12515","25To34","PartTime"
"12516","25To34","PartTime"
"12517","25To34","PartTime"
"12518","25To34","PartTime"
"12519","25To34","PartTime"
"12520","25To34","PartTime"
"12521","25To34","PartTime"
"12522","25To34","PartTime"
"12523","25To34","PartTime"
"12524","25To34","PartTime"
"12525","25To34","PartTime"
"12526","25To34","PartTime"
"12527","25To34","PartTime"
"12528","25To34","PartTime"
"12529","25To34","PartTime"
"12530","25To34","PartTime"
"12531","25To34","PartTime"
"12532","25To34","PartTime"
"12533","25To34","PartTime"
"12534","25To34","PartTime"
"12535","25To34","PartTime"
"12536","25To34","PartTime"
"12537","25To34","PartTime"
"12538","25To34","PartTime"
"12539","25To34","PartTime"
"12540","25To34","PartTime"
"12541","25To34","PartTime"
"12542","25To34","PartTime"
"12543","25To34","PartTime"
"12544","25To34","PartTime"
"12545","25To34","PartTime"
"12546","25To34","PartTime"
"12547","25To34","PartTime"
"12548","25To34","PartTime"
"12549","25To34","PartTime"
"12550","25To34","PartTime"
"12551","25To34","PartTime"
"12552","25To34","PartTime"
"12553","25To34","PartTime"
"12554","25To34","PartTime"
"12555","25To34","PartTime"
"12556","25To34","PartTime"
"12557","25To34","PartTime"
"12558","25To34","PartTime"
"12559","25To34","PartTime"
"12560","25To34","PartTime"
"12561","25To34","PartTime"
"12562","25To34","PartTime"
"12563","25To34","PartTime"
"12564","25To34","PartTime"
"12565","25To34","PartTime"
"12566","25To34","PartTime"
"12567","25To34","PartTime"
"12568","25To34","PartTime"
"12569","25To34","PartTime"
"12570","25To34","PartTime"
"12571","25To34","PartTime"
"12572","25To34","PartTime"
"12573","25To34","PartTime"
"12574","25To34","PartTime"
"12575","25To34","PartTime"
"12576","25To34","PartTime"
"12577","25To34","PartTime"
"12578","25To34","PartTime"
"12579","25To34","PartTime"
"12580","25To34","PartTime"
"12581","25To34","PartTime"
"12582","25To34","PartTime"
"12583","25To34","PartTime"
"12584","25To34","PartTime"
"12585","25To34","PartTime"
"12586","25To34","PartTime"
"12587","25To34","PartTime"
"12588","25To34","PartTime"
"12589","25To34","PartTime"
"12590","25To34","PartTime"
"12591","25To34","PartTime"
"12592","25To34","PartTime"
"12593","25To34","PartTime"
"12594","25To34","PartTime"
"12595","25To34","PartTime"
"12596","25To34","PartTime"
"12597","25To34","PartTime"
"12598","25To34","PartTime"
"12599","25To34","PartTime"
"12600","25To34","PartTime"
"12601","25To34","PartTime"
"12602","25To34","PartTime"
"12603","25To34","PartTime"
"12604","25To34","PartTime"
"12605","25To34","PartTime"
"12606","25To34","PartTime"
"12607","25To34","PartTime"
"12608","25To34","PartTime"
"12609","25To34","PartTime"
"12610","25To34","PartTime"
"12611","25To34","PartTime"
"12612","25To34","PartTime"
"12613","25To34","PartTime"
"12614","25To34","PartTime"
"12615","25To34","PartTime"
"12616","25To34","PartTime"
"12617","25To34","PartTime"
"12618","25To34","PartTime"
"12619","25To34","PartTime"
"12620","25To34","PartTime"
"12621","25To34","PartTime"
"12622","25To34","PartTime"
"12623","25To34","PartTime"
"12624","25To34","PartTime"
"12625","25To34","PartTime"
"12626","25To34","PartTime"
"12627","25To34","PartTime"
"12628","25To34","PartTime"
"12629","25To34","PartTime"
"12630","25To34","PartTime"
"12631","25To34","PartTime"
"12632","25To34","PartTime"
"12633","25To34","PartTime"
"12634","25To34","PartTime"
"12635","25To34","PartTime"
"12636","25To34","PartTime"
"12637","25To34","PartTime"
"12638","25To34","PartTime"
"12639","25To34","PartTime"
"12640","25To34","PartTime"
"12641","25To34","PartTime"
"12642","25To34","PartTime"
"12643","25To34","PartTime"
"12644","25To34","PartTime"
"12645","25To34","PartTime"
"12646","25To34","PartTime"
"12647","25To34","PartTime"
"12648","25To34","PartTime"
"12649","25To34","PartTime"
"12650","25To34","PartTime"
"12651","25To34","PartTime"
"12652","25To34","PartTime"
"12653","25To34","PartTime"
"12654","25To34","PartTime"
"12655","25To34","PartTime"
"12656","25To34","PartTime"
"12657","25To34","PartTime"
"12658","25To34","PartTime"
"12659","25To34","PartTime"
"12660","25To34","PartTime"
"12661","25To34","PartTime"
"12662","25To34","PartTime"
"12663","25To34","PartTime"
"12664","25To34","PartTime"
"12665","25To34","PartTime"
"12666","25To34","PartTime"
"12667","25To34","PartTime"
"12668","25To34","PartTime"
"12669","25To34","PartTime"
"12670","25To34","PartTime"
"12671","25To34","PartTime"
"12672","25To34","PartTime"
"12673","25To34","PartTime"
"12674","25To34","PartTime"
"12675","25To34","PartTime"
"12676","25To34","PartTime"
"12677","25To34","PartTime"
"12678","25To34","PartTime"
"12679","25To34","PartTime"
"12680","25To34","PartTime"
"12681","25To34","PartTime"
"12682","25To34","PartTime"
"12683","25To34","PartTime"
"12684","25To34","PartTime"
"12685","25To34","PartTime"
"12686","25To34","PartTime"
"12687","25To34","PartTime"
"12688","25To34","PartTime"
"12689","25To34","PartTime"
"12690","25To34","PartTime"
"12691","25To34","PartTime"
"12692","25To34","PartTime"
"12693","25To34","PartTime"
"12694","25To34","PartTime"
"12695","25To34","PartTime"
"12696","25To34","PartTime"
"12697","25To34","PartTime"
"12698","25To34","PartTime"
"12699","25To34","PartTime"
"12700","25To34","PartTime"
"12701","25To34","PartTime"
"12702","25To34","PartTime"
"12703","25To34","PartTime"
"12704","25To34","PartTime"
"12705","25To34","PartTime"
"12706","25To34","PartTime"
"12707","25To34","PartTime"
"12708","25To34","PartTime"
"12709","25To34","PartTime"
"12710","25To34","PartTime"
"12711","25To34","PartTime"
"12712","25To34","PartTime"
"12713","25To34","PartTime"
"12714","25To34","PartTime"
"12715","25To34","PartTime"
"12716","25To34","PartTime"
"12717","25To34","PartTime"
"12718","25To34","PartTime"
"12719","25To34","PartTime"
"12720","25To34","PartTime"
"12721","25To34","PartTime"
"12722","25To34","PartTime"
"12723","25To34","PartTime"
"12724","25To34","PartTime"
"12725","25To34","PartTime"
"12726","25To34","PartTime"
"12727","25To34","PartTime"
"12728","25To34","PartTime"
"12729","25To34","PartTime"
"12730","25To34","PartTime"
"12731","25To34","PartTime"
"12732","25To34","PartTime"
"12733","25To34","PartTime"
"12734","25To34","PartTime"
"12735","25To34","PartTime"
"12736","25To34","PartTime"
"12737","25To34","PartTime"
"12738","25To34","PartTime"
"12739","25To34","PartTime"
"12740","25To34","PartTime"
"12741","25To34","PartTime"
"12742","25To34","PartTime"
"12743","25To34","PartTime"
"12744","25To34","PartTime"
"12745","25To34","PartTime"
"12746","25To34","PartTime"
"12747","25To34","PartTime"
"12748","25To34","PartTime"
"12749","25To34","PartTime"
"12750","25To34","PartTime"
"12751","25To34","PartTime"
"12752","25To34","PartTime"
"12753","25To34","PartTime"
"12754","25To34","PartTime"
"12755","25To34","PartTime"
"12756","25To34","PartTime"
"12757","25To34","PartTime"
"12758","25To34","PartTime"
"12759","25To34","PartTime"
"12760","25To34","PartTime"
"12761","25To34","PartTime"
"12762","25To34","PartTime"
"12763","25To34","PartTime"
"12764","25To34","PartTime"
"12765","25To34","PartTime"
"12766","25To34","PartTime"
"12767","25To34","PartTime"
"12768","25To34","PartTime"
"12769","25To34","PartTime"
"12770","25To34","PartTime"
"12771","25To34","PartTime"
"12772","25To34","PartTime"
"12773","25To34","PartTime"
"12774","25To34","PartTime"
"12775","25To34","PartTime"
"12776","25To34","PartTime"
"12777","25To34","PartTime"
"12778","25To34","PartTime"
"12779","25To34","PartTime"
"12780","25To34","PartTime"
"12781","25To34","PartTime"
"12782","25To34","PartTime"
"12783","25To34","PartTime"
"12784","25To34","PartTime"
"12785","25To34","PartTime"
"12786","25To34","PartTime"
"12787","25To34","PartTime"
"12788","25To34","PartTime"
"12789","25To34","PartTime"
"12790","25To34","PartTime"
"12791","25To34","PartTime"
"12792","25To34","PartTime"
"12793","25To34","PartTime"
"12794","25To34","PartTime"
"12795","25To34","PartTime"
"12796","25To34","PartTime"
"12797","25To34","PartTime"
"12798","25To34","PartTime"
"12799","25To34","PartTime"
"12800","25To34","PartTime"
"12801","25To34","PartTime"
"12802","25To34","PartTime"
"12803","25To34","PartTime"
"12804","25To34","PartTime"
"12805","25To34","PartTime"
"12806","25To34","PartTime"
"12807","25To34","PartTime"
"12808","25To34","PartTime"
"12809","25To34","PartTime"
"12810","25To34","PartTime"
"12811","25To34","PartTime"
"12812","25To34","PartTime"
"12813","25To34","PartTime"
"12814","25To34","PartTime"
"12815","25To34","PartTime"
"12816","25To34","PartTime"
"12817","25To34","PartTime"
"12818","25To34","PartTime"
"12819","25To34","PartTime"
"12820","25To34","PartTime"
"12821","25To34","PartTime"
"12822","25To34","PartTime"
"12823","25To34","PartTime"
"12824","25To34","PartTime"
"12825","25To34","PartTime"
"12826","25To34","PartTime"
"12827","25To34","PartTime"
"12828","25To34","PartTime"
"12829","25To34","PartTime"
"12830","25To34","PartTime"
"12831","25To34","PartTime"
"12832","25To34","PartTime"
"12833","25To34","PartTime"
"12834","25To34","PartTime"
"12835","25To34","PartTime"
"12836","25To34","PartTime"
"12837","25To34","PartTime"
"12838","25To34","PartTime"
"12839","25To34","PartTime"
"12840","25To34","PartTime"
"12841","25To34","PartTime"
"12842","25To34","PartTime"
"12843","25To34","PartTime"
"12844","25To34","PartTime"
"12845","25To34","PartTime"
"12846","25To34","PartTime"
"12847","25To34","PartTime"
"12848","25To34","PartTime"
"12849","25To34","PartTime"
"12850","25To34","PartTime"
"12851","25To34","PartTime"
"12852","25To34","PartTime"
"12853","25To34","PartTime"
"12854","25To34","PartTime"
"12855","25To34","PartTime"
"12856","25To34","PartTime"
"12857","25To34","PartTime"
"12858","25To34","PartTime"
"12859","25To34","PartTime"
"12860","25To34","PartTime"
"12861","25To34","PartTime"
"12862","25To34","PartTime"
"12863","25To34","PartTime"
"12864","25To34","PartTime"
"12865","25To34","PartTime"
"12866","25To34","PartTime"
"12867","25To34","PartTime"
"12868","25To34","PartTime"
"12869","25To34","PartTime"
"12870","25To34","PartTime"
"12871","25To34","PartTime"
"12872","25To34","PartTime"
"12873","25To34","PartTime"
"12874","25To34","PartTime"
"12875","25To34","PartTime"
"12876","25To34","PartTime"
"12877","25To34","PartTime"
"12878","25To34","PartTime"
"12879","25To34","PartTime"
"12880","25To34","PartTime"
"12881","25To34","PartTime"
"12882","25To34","PartTime"
"12883","25To34","PartTime"
"12884","25To34","PartTime"
"12885","25To34","PartTime"
"12886","25To34","PartTime"
"12887","25To34","PartTime"
"12888","25To34","PartTime"
"12889","25To34","PartTime"
"12890","25To34","PartTime"
"12891","25To34","PartTime"
"12892","25To34","PartTime"
"12893","25To34","PartTime"
"12894","25To34","PartTime"
"12895","25To34","PartTime"
"12896","25To34","PartTime"
"12897","25To34","PartTime"
"12898","25To34","PartTime"
"12899","25To34","PartTime"
"12900","25To34","PartTime"
"12901","25To34","PartTime"
"12902","25To34","PartTime"
"12903","25To34","PartTime"
"12904","25To34","PartTime"
"12905","25To34","PartTime"
"12906","25To34","PartTime"
"12907","25To34","PartTime"
"12908","25To34","PartTime"
"12909","25To34","PartTime"
"12910","25To34","PartTime"
"12911","25To34","PartTime"
"12912","25To34","PartTime"
"12913","25To34","PartTime"
"12914","25To34","PartTime"
"12915","25To34","PartTime"
"12916","25To34","PartTime"
"12917","25To34","PartTime"
"12918","25To34","PartTime"
"12919","25To34","PartTime"
"12920","25To34","PartTime"
"12921","25To34","PartTime"
"12922","25To34","PartTime"
"12923","25To34","PartTime"
"12924","25To34","PartTime"
"12925","25To34","PartTime"
"12926","25To34","PartTime"
"12927","25To34","PartTime"
"12928","25To34","PartTime"
"12929","25To34","PartTime"
"12930","25To34","PartTime"
"12931","25To34","PartTime"
"12932","25To34","PartTime"
"12933","25To34","PartTime"
"12934","25To34","PartTime"
"12935","25To34","PartTime"
"12936","25To34","PartTime"
"12937","25To34","PartTime"
"12938","25To34","PartTime"
"12939","25To34","PartTime"
"12940","25To34","PartTime"
"12941","25To34","PartTime"
"12942","25To34","PartTime"
"12943","25To34","PartTime"
"12944","25To34","PartTime"
"12945","25To34","PartTime"
"12946","25To34","PartTime"
"12947","25To34","PartTime"
"12948","25To34","PartTime"
"12949","25To34","PartTime"
"12950","25To34","PartTime"
"12951","25To34","PartTime"
"12952","25To34","PartTime"
"12953","25To34","PartTime"
"12954","25To34","PartTime"
"12955","25To34","PartTime"
"12956","25To34","PartTime"
"12957","25To34","PartTime"
"12958","25To34","PartTime"
"12959","25To34","PartTime"
"12960","25To34","PartTime"
"12961","25To34","PartTime"
"12962","25To34","PartTime"
"12963","25To34","PartTime"
"12964","25To34","PartTime"
"12965","25To34","PartTime"
"12966","25To34","PartTime"
"12967","25To34","PartTime"
"12968","25To34","PartTime"
"12969","25To34","PartTime"
"12970","25To34","PartTime"
"12971","25To34","PartTime"
"12972","25To34","PartTime"
"12973","25To34","PartTime"
"12974","25To34","PartTime"
"12975","25To34","PartTime"
"12976","25To34","PartTime"
"12977","25To34","PartTime"
"12978","25To34","PartTime"
"12979","25To34","PartTime"
"12980","25To34","PartTime"
"12981","25To34","PartTime"
"12982","25To34","PartTime"
"12983","25To34","PartTime"
"12984","25To34","PartTime"
"12985","25To34","PartTime"
"12986","25To34","PartTime"
"12987","25To34","PartTime"
"12988","25To34","PartTime"
"12989","25To34","PartTime"
"12990","25To34","PartTime"
"12991","25To34","PartTime"
"12992","25To34","PartTime"
"12993","25To34","PartTime"
"12994","25To34","PartTime"
"12995","25To34","PartTime"
"12996","25To34","PartTime"
"12997","25To34","PartTime"
"12998","25To34","PartTime"
"12999","25To34","PartTime"
"13000","25To34","PartTime"
"13001","25To34","PartTime"
"13002","25To34","PartTime"
"13003","25To34","PartTime"
"13004","25To34","PartTime"
"13005","25To34","PartTime"
"13006","25To34","PartTime"
"13007","25To34","PartTime"
"13008","25To34","PartTime"
"13009","25To34","PartTime"
"13010","25To34","PartTime"
"13011","25To34","PartTime"
"13012","25To34","PartTime"
"13013","25To34","PartTime"
"13014","25To34","PartTime"
"13015","25To34","PartTime"
"13016","25To34","PartTime"
"13017","25To34","PartTime"
"13018","25To34","PartTime"
"13019","25To34","PartTime"
"13020","25To34","PartTime"
"13021","25To34","PartTime"
"13022","25To34","PartTime"
"13023","25To34","PartTime"
"13024","25To34","PartTime"
"13025","25To34","PartTime"
"13026","25To34","PartTime"
"13027","25To34","PartTime"
"13028","25To34","PartTime"
"13029","25To34","PartTime"
"13030","25To34","PartTime"
"13031","25To34","PartTime"
"13032","25To34","PartTime"
"13033","25To34","PartTime"
"13034","25To34","PartTime"
"13035","25To34","PartTime"
"13036","25To34","PartTime"
"13037","25To34","PartTime"
"13038","25To34","PartTime"
"13039","25To34","PartTime"
"13040","25To34","PartTime"
"13041","25To34","PartTime"
"13042","25To34","PartTime"
"13043","25To34","PartTime"
"13044","25To34","PartTime"
"13045","25To34","PartTime"
"13046","25To34","PartTime"
"13047","25To34","PartTime"
"13048","25To34","PartTime"
"13049","25To34","PartTime"
"13050","25To34","PartTime"
"13051","25To34","PartTime"
"13052","25To34","PartTime"
"13053","25To34","PartTime"
"13054","25To34","PartTime"
"13055","25To34","PartTime"
"13056","25To34","PartTime"
"13057","25To34","PartTime"
"13058","25To34","PartTime"
"13059","25To34","PartTime"
"13060","25To34","PartTime"
"13061","25To34","PartTime"
"13062","25To34","PartTime"
"13063","25To34","PartTime"
"13064","25To34","PartTime"
"13065","25To34","PartTime"
"13066","25To34","PartTime"
"13067","25To34","PartTime"
"13068","25To34","PartTime"
"13069","25To34","PartTime"
"13070","25To34","PartTime"
"13071","25To34","PartTime"
"13072","25To34","PartTime"
"13073","25To34","PartTime"
"13074","25To34","PartTime"
"13075","25To34","PartTime"
"13076","25To34","PartTime"
"13077","25To34","PartTime"
"13078","25To34","PartTime"
"13079","25To34","PartTime"
"13080","25To34","PartTime"
"13081","25To34","PartTime"
"13082","25To34","PartTime"
"13083","25To34","PartTime"
"13084","25To34","PartTime"
"13085","25To34","PartTime"
"13086","25To34","PartTime"
"13087","25To34","PartTime"
"13088","25To34","PartTime"
"13089","25To34","PartTime"
"13090","25To34","PartTime"
"13091","25To34","PartTime"
"13092","25To34","PartTime"
"13093","25To34","PartTime"
"13094","25To34","PartTime"
"13095","25To34","PartTime"
"13096","25To34","PartTime"
"13097","25To34","PartTime"
"13098","25To34","PartTime"
"13099","25To34","PartTime"
"13100","25To34","PartTime"
"13101","25To34","PartTime"
"13102","25To34","PartTime"
"13103","25To34","PartTime"
"13104","25To34","PartTime"
"13105","25To34","PartTime"
"13106","25To34","PartTime"
"13107","25To34","PartTime"
"13108","25To34","PartTime"
"13109","25To34","PartTime"
"13110","25To34","PartTime"
"13111","25To34","PartTime"
"13112","25To34","PartTime"
"13113","25To34","PartTime"
"13114","25To34","PartTime"
"13115","25To34","PartTime"
"13116","25To34","PartTime"
"13117","25To34","PartTime"
"13118","25To34","PartTime"
"13119","25To34","PartTime"
"13120","25To34","PartTime"
"13121","25To34","PartTime"
"13122","25To34","PartTime"
"13123","25To34","PartTime"
"13124","25To34","PartTime"
"13125","25To34","PartTime"
"13126","25To34","PartTime"
"13127","25To34","PartTime"
"13128","25To34","PartTime"
"13129","25To34","PartTime"
"13130","25To34","PartTime"
"13131","25To34","PartTime"
"13132","25To34","PartTime"
"13133","25To34","PartTime"
"13134","25To34","PartTime"
"13135","25To34","PartTime"
"13136","25To34","PartTime"
"13137","25To34","PartTime"
"13138","25To34","PartTime"
"13139","25To34","PartTime"
"13140","25To34","PartTime"
"13141","25To34","PartTime"
"13142","25To34","PartTime"
"13143","25To34","PartTime"
"13144","25To34","PartTime"
"13145","25To34","PartTime"
"13146","25To34","PartTime"
"13147","25To34","PartTime"
"13148","25To34","PartTime"
"13149","25To34","PartTime"
"13150","25To34","PartTime"
"13151","25To34","PartTime"
"13152","25To34","PartTime"
"13153","25To34","PartTime"
"13154","25To34","PartTime"
"13155","25To34","PartTime"
"13156","25To34","PartTime"
"13157","25To34","PartTime"
"13158","25To34","PartTime"
"13159","25To34","PartTime"
"13160","25To34","PartTime"
"13161","25To34","PartTime"
"13162","25To34","PartTime"
"13163","25To34","PartTime"
"13164","25To34","PartTime"
"13165","25To34","PartTime"
"13166","25To34","PartTime"
"13167","25To34","PartTime"
"13168","25To34","PartTime"
"13169","25To34","PartTime"
"13170","25To34","PartTime"
"13171","25To34","PartTime"
"13172","25To34","PartTime"
"13173","25To34","PartTime"
"13174","25To34","PartTime"
"13175","25To34","PartTime"
"13176","25To34","PartTime"
"13177","25To34","PartTime"
"13178","25To34","PartTime"
"13179","25To34","PartTime"
"13180","25To34","PartTime"
"13181","25To34","PartTime"
"13182","25To34","PartTime"
"13183","25To34","PartTime"
"13184","25To34","PartTime"
"13185","25To34","PartTime"
"13186","25To34","PartTime"
"13187","25To34","PartTime"
"13188","25To34","PartTime"
"13189","25To34","PartTime"
"13190","25To34","PartTime"
"13191","25To34","PartTime"
"13192","25To34","PartTime"
"13193","25To34","PartTime"
"13194","25To34","PartTime"
"13195","25To34","PartTime"
"13196","25To34","PartTime"
"13197","25To34","PartTime"
"13198","25To34","PartTime"
"13199","25To34","PartTime"
"13200","25To34","PartTime"
"13201","25To34","PartTime"
"13202","25To34","PartTime"
"13203","25To34","PartTime"
"13204","25To34","PartTime"
"13205","25To34","PartTime"
"13206","25To34","PartTime"
"13207","25To34","PartTime"
"13208","25To34","PartTime"
"13209","25To34","PartTime"
"13210","25To34","PartTime"
"13211","25To34","PartTime"
"13212","25To34","PartTime"
"13213","25To34","PartTime"
"13214","25To34","PartTime"
"13215","25To34","PartTime"
"13216","25To34","PartTime"
"13217","25To34","PartTime"
"13218","25To34","PartTime"
"13219","25To34","PartTime"
"13220","25To34","PartTime"
"13221","25To34","PartTime"
"13222","25To34","PartTime"
"13223","25To34","PartTime"
"13224","25To34","PartTime"
"13225","25To34","PartTime"
"13226","25To34","PartTime"
"13227","25To34","PartTime"
"13228","25To34","PartTime"
"13229","25To34","PartTime"
"13230","25To34","PartTime"
"13231","25To34","PartTime"
"13232","25To34","PartTime"
"13233","25To34","PartTime"
"13234","25To34","PartTime"
"13235","25To34","PartTime"
"13236","25To34","PartTime"
"13237","25To34","PartTime"
"13238","25To34","PartTime"
"13239","25To34","PartTime"
"13240","25To34","PartTime"
"13241","25To34","PartTime"
"13242","25To34","PartTime"
"13243","25To34","PartTime"
"13244","25To34","PartTime"
"13245","25To34","PartTime"
"13246","25To34","PartTime"
"13247","25To34","PartTime"
"13248","25To34","PartTime"
"13249","25To34","PartTime"
"13250","25To34","PartTime"
"13251","25To34","PartTime"
"13252","25To34","PartTime"
"13253","25To34","PartTime"
"13254","25To34","PartTime"
"13255","25To34","PartTime"
"13256","25To34","PartTime"
"13257","25To34","PartTime"
"13258","25To34","PartTime"
"13259","25To34","PartTime"
"13260","25To34","PartTime"
"13261","25To34","PartTime"
"13262","25To34","PartTime"
"13263","25To34","PartTime"
"13264","25To34","PartTime"
"13265","25To34","PartTime"
"13266","25To34","PartTime"
"13267","25To34","PartTime"
"13268","25To34","PartTime"
"13269","25To34","PartTime"
"13270","25To34","PartTime"
"13271","25To34","PartTime"
"13272","25To34","PartTime"
"13273","25To34","PartTime"
"13274","25To34","PartTime"
"13275","25To34","PartTime"
"13276","25To34","PartTime"
"13277","25To34","PartTime"
"13278","25To34","PartTime"
"13279","25To34","PartTime"
"13280","25To34","PartTime"
"13281","25To34","PartTime"
"13282","25To34","PartTime"
"13283","25To34","PartTime"
"13284","25To34","PartTime"
"13285","25To34","PartTime"
"13286","25To34","PartTime"
"13287","25To34","PartTime"
"13288","25To34","PartTime"
"13289","25To34","PartTime"
"13290","25To34","PartTime"
"13291","25To34","PartTime"
"13292","25To34","PartTime"
"13293","25To34","PartTime"
"13294","25To34","PartTime"
"13295","25To34","PartTime"
"13296","25To34","PartTime"
"13297","25To34","PartTime"
"13298","25To34","PartTime"
"13299","25To34","PartTime"
"13300","25To34","PartTime"
"13301","25To34","PartTime"
"13302","25To34","PartTime"
"13303","25To34","PartTime"
"13304","25To34","PartTime"
"13305","25To34","PartTime"
"13306","25To34","PartTime"
"13307","25To34","PartTime"
"13308","25To34","PartTime"
"13309","25To34","PartTime"
"13310","25To34","PartTime"
"13311","25To34","PartTime"
"13312","25To34","PartTime"
"13313","25To34","PartTime"
"13314","25To34","PartTime"
"13315","25To34","PartTime"
"13316","25To34","PartTime"
"13317","25To34","PartTime"
"13318","25To34","PartTime"
"13319","25To34","PartTime"
"13320","25To34","PartTime"
"13321","25To34","PartTime"
"13322","25To34","PartTime"
"13323","25To34","PartTime"
"13324","25To34","PartTime"
"13325","25To34","PartTime"
"13326","25To34","PartTime"
"13327","25To34","PartTime"
"13328","25To34","PartTime"
"13329","25To34","PartTime"
"13330","25To34","PartTime"
"13331","25To34","PartTime"
"13332","25To34","PartTime"
"13333","25To34","PartTime"
"13334","25To34","PartTime"
"13335","25To34","PartTime"
"13336","25To34","PartTime"
"13337","25To34","PartTime"
"13338","25To34","PartTime"
"13339","25To34","PartTime"
"13340","25To34","PartTime"
"13341","25To34","PartTime"
"13342","25To34","PartTime"
"13343","25To34","PartTime"
"13344","25To34","PartTime"
"13345","25To34","PartTime"
"13346","25To34","PartTime"
"13347","25To34","PartTime"
"13348","25To34","PartTime"
"13349","25To34","PartTime"
"13350","25To34","PartTime"
"13351","25To34","PartTime"
"13352","25To34","PartTime"
"13353","25To34","PartTime"
"13354","25To34","PartTime"
"13355","25To34","PartTime"
"13356","25To34","PartTime"
"13357","25To34","PartTime"
"13358","25To34","PartTime"
"13359","25To34","PartTime"
"13360","25To34","PartTime"
"13361","25To34","PartTime"
"13362","25To34","PartTime"
"13363","25To34","PartTime"
"13364","25To34","PartTime"
"13365","25To34","PartTime"
"13366","25To34","PartTime"
"13367","25To34","PartTime"
"13368","25To34","PartTime"
"13369","25To34","PartTime"
"13370","25To34","PartTime"
"13371","25To34","PartTime"
"13372","25To34","PartTime"
"13373","25To34","PartTime"
"13374","25To34","PartTime"
"13375","25To34","PartTime"
"13376","25To34","PartTime"
"13377","25To34","PartTime"
"13378","25To34","PartTime"
"13379","25To34","PartTime"
"13380","25To34","PartTime"
"13381","25To34","PartTime"
"13382","25To34","PartTime"
"13383","25To34","PartTime"
"13384","25To34","PartTime"
"13385","25To34","PartTime"
"13386","25To34","PartTime"
"13387","25To34","PartTime"
"13388","25To34","PartTime"
"13389","25To34","PartTime"
"13390","25To34","PartTime"
"13391","25To34","PartTime"
"13392","25To34","PartTime"
"13393","25To34","PartTime"
"13394","25To34","PartTime"
"13395","25To34","PartTime"
"13396","25To34","PartTime"
"13397","25To34","PartTime"
"13398","25To34","PartTime"
"13399","25To34","PartTime"
"13400","25To34","PartTime"
"13401","25To34","PartTime"
"13402","25To34","PartTime"
"13403","25To34","PartTime"
"13404","25To34","PartTime"
"13405","25To34","PartTime"
"13406","25To34","PartTime"
"13407","25To34","PartTime"
"13408","25To34","PartTime"
"13409","25To34","PartTime"
"13410","25To34","PartTime"
"13411","25To34","PartTime"
"13412","25To34","PartTime"
"13413","25To34","PartTime"
"13414","25To34","PartTime"
"13415","25To34","PartTime"
"13416","25To34","PartTime"
"13417","25To34","PartTime"
"13418","25To34","PartTime"
"13419","25To34","PartTime"
"13420","25To34","PartTime"
"13421","25To34","PartTime"
"13422","25To34","PartTime"
"13423","25To34","PartTime"
"13424","25To34","PartTime"
"13425","25To34","PartTime"
"13426","25To34","PartTime"
"13427","25To34","PartTime"
"13428","25To34","PartTime"
"13429","25To34","PartTime"
"13430","25To34","PartTime"
"13431","25To34","PartTime"
"13432","25To34","PartTime"
"13433","25To34","PartTime"
"13434","25To34","PartTime"
"13435","25To34","PartTime"
"13436","25To34","PartTime"
"13437","25To34","PartTime"
"13438","25To34","PartTime"
"13439","25To34","PartTime"
"13440","25To34","PartTime"
"13441","25To34","PartTime"
"13442","25To34","PartTime"
"13443","25To34","PartTime"
"13444","25To34","PartTime"
"13445","25To34","PartTime"
"13446","25To34","PartTime"
"13447","25To34","PartTime"
"13448","25To34","PartTime"
"13449","25To34","PartTime"
"13450","25To34","PartTime"
"13451","25To34","PartTime"
"13452","25To34","PartTime"
"13453","25To34","PartTime"
"13454","25To34","PartTime"
"13455","25To34","PartTime"
"13456","25To34","PartTime"
"13457","25To34","PartTime"
"13458","25To34","PartTime"
"13459","25To34","PartTime"
"13460","25To34","PartTime"
"13461","25To34","PartTime"
"13462","25To34","PartTime"
"13463","25To34","PartTime"
"13464","25To34","PartTime"
"13465","25To34","PartTime"
"13466","25To34","PartTime"
"13467","25To34","PartTime"
"13468","25To34","PartTime"
"13469","25To34","PartTime"
"13470","25To34","PartTime"
"13471","25To34","PartTime"
"13472","25To34","PartTime"
"13473","25To34","PartTime"
"13474","25To34","PartTime"
"13475","25To34","PartTime"
"13476","25To34","PartTime"
"13477","25To34","PartTime"
"13478","25To34","PartTime"
"13479","25To34","PartTime"
"13480","25To34","PartTime"
"13481","25To34","PartTime"
"13482","25To34","PartTime"
"13483","25To34","PartTime"
"13484","25To34","PartTime"
"13485","25To34","PartTime"
"13486","25To34","PartTime"
"13487","25To34","PartTime"
"13488","25To34","PartTime"
"13489","25To34","PartTime"
"13490","25To34","PartTime"
"13491","25To34","PartTime"
"13492","25To34","PartTime"
"13493","25To34","PartTime"
"13494","25To34","PartTime"
"13495","25To34","PartTime"
"13496","25To34","PartTime"
"13497","25To34","PartTime"
"13498","25To34","PartTime"
"13499","25To34","PartTime"
"13500","25To34","PartTime"
"13501","25To34","PartTime"
"13502","25To34","PartTime"
"13503","25To34","PartTime"
"13504","25To34","PartTime"
"13505","25To34","PartTime"
"13506","25To34","PartTime"
"13507","25To34","PartTime"
"13508","25To34","PartTime"
"13509","25To34","PartTime"
"13510","25To34","PartTime"
"13511","25To34","PartTime"
"13512","25To34","PartTime"
"13513","25To34","PartTime"
"13514","25To34","PartTime"
"13515","25To34","PartTime"
"13516","25To34","PartTime"
"13517","25To34","PartTime"
"13518","25To34","PartTime"
"13519","25To34","PartTime"
"13520","25To34","PartTime"
"13521","25To34","PartTime"
"13522","25To34","PartTime"
"13523","25To34","PartTime"
"13524","25To34","PartTime"
"13525","25To34","PartTime"
"13526","25To34","PartTime"
"13527","25To34","PartTime"
"13528","25To34","PartTime"
"13529","25To34","PartTime"
"13530","25To34","PartTime"
"13531","25To34","PartTime"
"13532","25To34","PartTime"
"13533","25To34","PartTime"
"13534","25To34","PartTime"
"13535","25To34","PartTime"
"13536","25To34","PartTime"
"13537","25To34","PartTime"
"13538","25To34","PartTime"
"13539","25To34","PartTime"
"13540","25To34","PartTime"
"13541","25To34","PartTime"
"13542","25To34","PartTime"
"13543","25To34","PartTime"
"13544","25To34","PartTime"
"13545","25To34","PartTime"
"13546","25To34","PartTime"
"13547","25To34","PartTime"
"13548","25To34","PartTime"
"13549","25To34","PartTime"
"13550","25To34","PartTime"
"13551","25To34","PartTime"
"13552","25To34","PartTime"
"13553","25To34","PartTime"
"13554","25To34","PartTime"
"13555","25To34","PartTime"
"13556","25To34","PartTime"
"13557","25To34","PartTime"
"13558","25To34","PartTime"
"13559","25To34","PartTime"
"13560","25To34","PartTime"
"13561","25To34","PartTime"
"13562","25To34","PartTime"
"13563","25To34","PartTime"
"13564","25To34","PartTime"
"13565","25To34","PartTime"
"13566","25To34","PartTime"
"13567","25To34","PartTime"
"13568","25To34","PartTime"
"13569","25To34","PartTime"
"13570","25To34","PartTime"
"13571","25To34","PartTime"
"13572","25To34","PartTime"
"13573","25To34","PartTime"
"13574","25To34","PartTime"
"13575","25To34","PartTime"
"13576","25To34","PartTime"
"13577","25To34","PartTime"
"13578","25To34","PartTime"
"13579","25To34","PartTime"
"13580","25To34","PartTime"
"13581","25To34","PartTime"
"13582","35AndOver","FullTime"
"13583","35AndOver","FullTime"
"13584","35AndOver","FullTime"
"13585","35AndOver","FullTime"
"13586","35AndOver","FullTime"
"13587","35AndOver","FullTime"
"13588","35AndOver","FullTime"
"13589","35AndOver","FullTime"
"13590","35AndOver","FullTime"
"13591","35AndOver","FullTime"
"13592","35AndOver","FullTime"
"13593","35AndOver","FullTime"
"13594","35AndOver","FullTime"
"13595","35AndOver","FullTime"
"13596","35AndOver","FullTime"
"13597","35AndOver","FullTime"
"13598","35AndOver","FullTime"
"13599","35AndOver","FullTime"
"13600","35AndOver","FullTime"
"13601","35AndOver","FullTime"
"13602","35AndOver","FullTime"
"13603","35AndOver","FullTime"
"13604","35AndOver","FullTime"
"13605","35AndOver","FullTime"
"13606","35AndOver","FullTime"
"13607","35AndOver","FullTime"
"13608","35AndOver","FullTime"
"13609","35AndOver","FullTime"
"13610","35AndOver","FullTime"
"13611","35AndOver","FullTime"
"13612","35AndOver","FullTime"
"13613","35AndOver","FullTime"
"13614","35AndOver","FullTime"
"13615","35AndOver","FullTime"
"13616","35AndOver","FullTime"
"13617","35AndOver","FullTime"
"13618","35AndOver","FullTime"
"13619","35AndOver","FullTime"
"13620","35AndOver","FullTime"
"13621","35AndOver","FullTime"
"13622","35AndOver","FullTime"
"13623","35AndOver","FullTime"
"13624","35AndOver","FullTime"
"13625","35AndOver","FullTime"
"13626","35AndOver","FullTime"
"13627","35AndOver","FullTime"
"13628","35AndOver","FullTime"
"13629","35AndOver","FullTime"
"13630","35AndOver","FullTime"
"13631","35AndOver","FullTime"
"13632","35AndOver","FullTime"
"13633","35AndOver","FullTime"
"13634","35AndOver","FullTime"
"13635","35AndOver","FullTime"
"13636","35AndOver","FullTime"
"13637","35AndOver","FullTime"
"13638","35AndOver","FullTime"
"13639","35AndOver","FullTime"
"13640","35AndOver","FullTime"
"13641","35AndOver","FullTime"
"13642","35AndOver","FullTime"
"13643","35AndOver","FullTime"
"13644","35AndOver","FullTime"
"13645","35AndOver","FullTime"
"13646","35AndOver","FullTime"
"13647","35AndOver","FullTime"
"13648","35AndOver","FullTime"
"13649","35AndOver","FullTime"
"13650","35AndOver","FullTime"
"13651","35AndOver","FullTime"
"13652","35AndOver","FullTime"
"13653","35AndOver","FullTime"
"13654","35AndOver","FullTime"
"13655","35AndOver","FullTime"
"13656","35AndOver","FullTime"
"13657","35AndOver","FullTime"
"13658","35AndOver","FullTime"
"13659","35AndOver","FullTime"
"13660","35AndOver","FullTime"
"13661","35AndOver","FullTime"
"13662","35AndOver","FullTime"
"13663","35AndOver","FullTime"
"13664","35AndOver","FullTime"
"13665","35AndOver","FullTime"
"13666","35AndOver","FullTime"
"13667","35AndOver","FullTime"
"13668","35AndOver","FullTime"
"13669","35AndOver","FullTime"
"13670","35AndOver","FullTime"
"13671","35AndOver","FullTime"
"13672","35AndOver","FullTime"
"13673","35AndOver","FullTime"
"13674","35AndOver","FullTime"
"13675","35AndOver","FullTime"
"13676","35AndOver","FullTime"
"13677","35AndOver","FullTime"
"13678","35AndOver","FullTime"
"13679","35AndOver","FullTime"
"13680","35AndOver","FullTime"
"13681","35AndOver","FullTime"
"13682","35AndOver","FullTime"
"13683","35AndOver","FullTime"
"13684","35AndOver","FullTime"
"13685","35AndOver","FullTime"
"13686","35AndOver","FullTime"
"13687","35AndOver","FullTime"
"13688","35AndOver","FullTime"
"13689","35AndOver","FullTime"
"13690","35AndOver","FullTime"
"13691","35AndOver","FullTime"
"13692","35AndOver","FullTime"
"13693","35AndOver","FullTime"
"13694","35AndOver","FullTime"
"13695","35AndOver","FullTime"
"13696","35AndOver","FullTime"
"13697","35AndOver","FullTime"
"13698","35AndOver","FullTime"
"13699","35AndOver","FullTime"
"13700","35AndOver","FullTime"
"13701","35AndOver","FullTime"
"13702","35AndOver","FullTime"
"13703","35AndOver","FullTime"
"13704","35AndOver","FullTime"
"13705","35AndOver","FullTime"
"13706","35AndOver","FullTime"
"13707","35AndOver","FullTime"
"13708","35AndOver","FullTime"
"13709","35AndOver","FullTime"
"13710","35AndOver","FullTime"
"13711","35AndOver","FullTime"
"13712","35AndOver","FullTime"
"13713","35AndOver","FullTime"
"13714","35AndOver","FullTime"
"13715","35AndOver","FullTime"
"13716","35AndOver","FullTime"
"13717","35AndOver","FullTime"
"13718","35AndOver","FullTime"
"13719","35AndOver","FullTime"
"13720","35AndOver","FullTime"
"13721","35AndOver","FullTime"
"13722","35AndOver","FullTime"
"13723","35AndOver","FullTime"
"13724","35AndOver","FullTime"
"13725","35AndOver","FullTime"
"13726","35AndOver","FullTime"
"13727","35AndOver","FullTime"
"13728","35AndOver","FullTime"
"13729","35AndOver","FullTime"
"13730","35AndOver","FullTime"
"13731","35AndOver","FullTime"
"13732","35AndOver","FullTime"
"13733","35AndOver","FullTime"
"13734","35AndOver","FullTime"
"13735","35AndOver","FullTime"
"13736","35AndOver","FullTime"
"13737","35AndOver","FullTime"
"13738","35AndOver","FullTime"
"13739","35AndOver","FullTime"
"13740","35AndOver","FullTime"
"13741","35AndOver","FullTime"
"13742","35AndOver","FullTime"
"13743","35AndOver","FullTime"
"13744","35AndOver","FullTime"
"13745","35AndOver","FullTime"
"13746","35AndOver","FullTime"
"13747","35AndOver","FullTime"
"13748","35AndOver","FullTime"
"13749","35AndOver","FullTime"
"13750","35AndOver","FullTime"
"13751","35AndOver","FullTime"
"13752","35AndOver","FullTime"
"13753","35AndOver","FullTime"
"13754","35AndOver","FullTime"
"13755","35AndOver","FullTime"
"13756","35AndOver","FullTime"
"13757","35AndOver","FullTime"
"13758","35AndOver","FullTime"
"13759","35AndOver","FullTime"
"13760","35AndOver","FullTime"
"13761","35AndOver","FullTime"
"13762","35AndOver","FullTime"
"13763","35AndOver","FullTime"
"13764","35AndOver","FullTime"
"13765","35AndOver","FullTime"
"13766","35AndOver","FullTime"
"13767","35AndOver","FullTime"
"13768","35AndOver","FullTime"
"13769","35AndOver","FullTime"
"13770","35AndOver","FullTime"
"13771","35AndOver","FullTime"
"13772","35AndOver","FullTime"
"13773","35AndOver","FullTime"
"13774","35AndOver","FullTime"
"13775","35AndOver","FullTime"
"13776","35AndOver","FullTime"
"13777","35AndOver","FullTime"
"13778","35AndOver","FullTime"
"13779","35AndOver","FullTime"
"13780","35AndOver","FullTime"
"13781","35AndOver","FullTime"
"13782","35AndOver","FullTime"
"13783","35AndOver","FullTime"
"13784","35AndOver","FullTime"
"13785","35AndOver","FullTime"
"13786","35AndOver","FullTime"
"13787","35AndOver","FullTime"
"13788","35AndOver","FullTime"
"13789","35AndOver","FullTime"
"13790","35AndOver","FullTime"
"13791","35AndOver","FullTime"
"13792","35AndOver","FullTime"
"13793","35AndOver","FullTime"
"13794","35AndOver","FullTime"
"13795","35AndOver","FullTime"
"13796","35AndOver","FullTime"
"13797","35AndOver","FullTime"
"13798","35AndOver","FullTime"
"13799","35AndOver","FullTime"
"13800","35AndOver","FullTime"
"13801","35AndOver","FullTime"
"13802","35AndOver","FullTime"
"13803","35AndOver","FullTime"
"13804","35AndOver","FullTime"
"13805","35AndOver","FullTime"
"13806","35AndOver","FullTime"
"13807","35AndOver","FullTime"
"13808","35AndOver","FullTime"
"13809","35AndOver","FullTime"
"13810","35AndOver","FullTime"
"13811","35AndOver","FullTime"
"13812","35AndOver","FullTime"
"13813","35AndOver","FullTime"
"13814","35AndOver","FullTime"
"13815","35AndOver","FullTime"
"13816","35AndOver","FullTime"
"13817","35AndOver","FullTime"
"13818","35AndOver","FullTime"
"13819","35AndOver","FullTime"
"13820","35AndOver","FullTime"
"13821","35AndOver","FullTime"
"13822","35AndOver","FullTime"
"13823","35AndOver","FullTime"
"13824","35AndOver","FullTime"
"13825","35AndOver","FullTime"
"13826","35AndOver","FullTime"
"13827","35AndOver","FullTime"
"13828","35AndOver","FullTime"
"13829","35AndOver","FullTime"
"13830","35AndOver","FullTime"
"13831","35AndOver","FullTime"
"13832","35AndOver","FullTime"
"13833","35AndOver","FullTime"
"13834","35AndOver","FullTime"
"13835","35AndOver","FullTime"
"13836","35AndOver","FullTime"
"13837","35AndOver","FullTime"
"13838","35AndOver","FullTime"
"13839","35AndOver","FullTime"
"13840","35AndOver","FullTime"
"13841","35AndOver","FullTime"
"13842","35AndOver","FullTime"
"13843","35AndOver","FullTime"
"13844","35AndOver","FullTime"
"13845","35AndOver","FullTime"
"13846","35AndOver","FullTime"
"13847","35AndOver","FullTime"
"13848","35AndOver","FullTime"
"13849","35AndOver","FullTime"
"13850","35AndOver","FullTime"
"13851","35AndOver","FullTime"
"13852","35AndOver","FullTime"
"13853","35AndOver","FullTime"
"13854","35AndOver","FullTime"
"13855","35AndOver","FullTime"
"13856","35AndOver","FullTime"
"13857","35AndOver","FullTime"
"13858","35AndOver","FullTime"
"13859","35AndOver","FullTime"
"13860","35AndOver","FullTime"
"13861","35AndOver","FullTime"
"13862","35AndOver","FullTime"
"13863","35AndOver","FullTime"
"13864","35AndOver","FullTime"
"13865","35AndOver","FullTime"
"13866","35AndOver","FullTime"
"13867","35AndOver","FullTime"
"13868","35AndOver","FullTime"
"13869","35AndOver","FullTime"
"13870","35AndOver","FullTime"
"13871","35AndOver","FullTime"
"13872","35AndOver","FullTime"
"13873","35AndOver","FullTime"
"13874","35AndOver","FullTime"
"13875","35AndOver","FullTime"
"13876","35AndOver","FullTime"
"13877","35AndOver","FullTime"
"13878","35AndOver","FullTime"
"13879","35AndOver","FullTime"
"13880","35AndOver","FullTime"
"13881","35AndOver","FullTime"
"13882","35AndOver","FullTime"
"13883","35AndOver","FullTime"
"13884","35AndOver","FullTime"
"13885","35AndOver","FullTime"
"13886","35AndOver","FullTime"
"13887","35AndOver","FullTime"
"13888","35AndOver","FullTime"
"13889","35AndOver","FullTime"
"13890","35AndOver","FullTime"
"13891","35AndOver","FullTime"
"13892","35AndOver","FullTime"
"13893","35AndOver","FullTime"
"13894","35AndOver","FullTime"
"13895","35AndOver","FullTime"
"13896","35AndOver","FullTime"
"13897","35AndOver","FullTime"
"13898","35AndOver","FullTime"
"13899","35AndOver","FullTime"
"13900","35AndOver","FullTime"
"13901","35AndOver","FullTime"
"13902","35AndOver","FullTime"
"13903","35AndOver","FullTime"
"13904","35AndOver","FullTime"
"13905","35AndOver","FullTime"
"13906","35AndOver","FullTime"
"13907","35AndOver","FullTime"
"13908","35AndOver","FullTime"
"13909","35AndOver","FullTime"
"13910","35AndOver","FullTime"
"13911","35AndOver","FullTime"
"13912","35AndOver","FullTime"
"13913","35AndOver","FullTime"
"13914","35AndOver","FullTime"
"13915","35AndOver","FullTime"
"13916","35AndOver","FullTime"
"13917","35AndOver","FullTime"
"13918","35AndOver","FullTime"
"13919","35AndOver","FullTime"
"13920","35AndOver","FullTime"
"13921","35AndOver","FullTime"
"13922","35AndOver","FullTime"
"13923","35AndOver","FullTime"
"13924","35AndOver","FullTime"
"13925","35AndOver","FullTime"
"13926","35AndOver","FullTime"
"13927","35AndOver","FullTime"
"13928","35AndOver","FullTime"
"13929","35AndOver","FullTime"
"13930","35AndOver","FullTime"
"13931","35AndOver","FullTime"
"13932","35AndOver","FullTime"
"13933","35AndOver","FullTime"
"13934","35AndOver","FullTime"
"13935","35AndOver","FullTime"
"13936","35AndOver","FullTime"
"13937","35AndOver","FullTime"
"13938","35AndOver","FullTime"
"13939","35AndOver","FullTime"
"13940","35AndOver","FullTime"
"13941","35AndOver","FullTime"
"13942","35AndOver","FullTime"
"13943","35AndOver","FullTime"
"13944","35AndOver","FullTime"
"13945","35AndOver","FullTime"
"13946","35AndOver","FullTime"
"13947","35AndOver","FullTime"
"13948","35AndOver","FullTime"
"13949","35AndOver","FullTime"
"13950","35AndOver","FullTime"
"13951","35AndOver","FullTime"
"13952","35AndOver","FullTime"
"13953","35AndOver","FullTime"
"13954","35AndOver","FullTime"
"13955","35AndOver","FullTime"
"13956","35AndOver","FullTime"
"13957","35AndOver","FullTime"
"13958","35AndOver","FullTime"
"13959","35AndOver","FullTime"
"13960","35AndOver","FullTime"
"13961","35AndOver","FullTime"
"13962","35AndOver","FullTime"
"13963","35AndOver","FullTime"
"13964","35AndOver","FullTime"
"13965","35AndOver","FullTime"
"13966","35AndOver","FullTime"
"13967","35AndOver","FullTime"
"13968","35AndOver","FullTime"
"13969","35AndOver","FullTime"
"13970","35AndOver","FullTime"
"13971","35AndOver","FullTime"
"13972","35AndOver","FullTime"
"13973","35AndOver","FullTime"
"13974","35AndOver","FullTime"
"13975","35AndOver","FullTime"
"13976","35AndOver","FullTime"
"13977","35AndOver","FullTime"
"13978","35AndOver","FullTime"
"13979","35AndOver","FullTime"
"13980","35AndOver","FullTime"
"13981","35AndOver","FullTime"
"13982","35AndOver","FullTime"
"13983","35AndOver","FullTime"
"13984","35AndOver","FullTime"
"13985","35AndOver","FullTime"
"13986","35AndOver","FullTime"
"13987","35AndOver","FullTime"
"13988","35AndOver","FullTime"
"13989","35AndOver","FullTime"
"13990","35AndOver","FullTime"
"13991","35AndOver","FullTime"
"13992","35AndOver","FullTime"
"13993","35AndOver","FullTime"
"13994","35AndOver","FullTime"
"13995","35AndOver","FullTime"
"13996","35AndOver","FullTime"
"13997","35AndOver","FullTime"
"13998","35AndOver","FullTime"
"13999","35AndOver","FullTime"
"14000","35AndOver","FullTime"
"14001","35AndOver","FullTime"
"14002","35AndOver","FullTime"
"14003","35AndOver","FullTime"
"14004","35AndOver","FullTime"
"14005","35AndOver","FullTime"
"14006","35AndOver","FullTime"
"14007","35AndOver","FullTime"
"14008","35AndOver","FullTime"
"14009","35AndOver","FullTime"
"14010","35AndOver","FullTime"
"14011","35AndOver","FullTime"
"14012","35AndOver","FullTime"
"14013","35AndOver","FullTime"
"14014","35AndOver","FullTime"
"14015","35AndOver","FullTime"
"14016","35AndOver","FullTime"
"14017","35AndOver","FullTime"
"14018","35AndOver","FullTime"
"14019","35AndOver","FullTime"
"14020","35AndOver","FullTime"
"14021","35AndOver","FullTime"
"14022","35AndOver","FullTime"
"14023","35AndOver","FullTime"
"14024","35AndOver","FullTime"
"14025","35AndOver","FullTime"
"14026","35AndOver","FullTime"
"14027","35AndOver","FullTime"
"14028","35AndOver","FullTime"
"14029","35AndOver","FullTime"
"14030","35AndOver","FullTime"
"14031","35AndOver","FullTime"
"14032","35AndOver","FullTime"
"14033","35AndOver","FullTime"
"14034","35AndOver","FullTime"
"14035","35AndOver","FullTime"
"14036","35AndOver","FullTime"
"14037","35AndOver","FullTime"
"14038","35AndOver","FullTime"
"14039","35AndOver","FullTime"
"14040","35AndOver","FullTime"
"14041","35AndOver","FullTime"
"14042","35AndOver","FullTime"
"14043","35AndOver","FullTime"
"14044","35AndOver","FullTime"
"14045","35AndOver","FullTime"
"14046","35AndOver","FullTime"
"14047","35AndOver","FullTime"
"14048","35AndOver","FullTime"
"14049","35AndOver","FullTime"
"14050","35AndOver","FullTime"
"14051","35AndOver","FullTime"
"14052","35AndOver","FullTime"
"14053","35AndOver","FullTime"
"14054","35AndOver","FullTime"
"14055","35AndOver","FullTime"
"14056","35AndOver","FullTime"
"14057","35AndOver","FullTime"
"14058","35AndOver","FullTime"
"14059","35AndOver","FullTime"
"14060","35AndOver","FullTime"
"14061","35AndOver","FullTime"
"14062","35AndOver","FullTime"
"14063","35AndOver","FullTime"
"14064","35AndOver","FullTime"
"14065","35AndOver","FullTime"
"14066","35AndOver","FullTime"
"14067","35AndOver","FullTime"
"14068","35AndOver","FullTime"
"14069","35AndOver","FullTime"
"14070","35AndOver","FullTime"
"14071","35AndOver","FullTime"
"14072","35AndOver","FullTime"
"14073","35AndOver","FullTime"
"14074","35AndOver","FullTime"
"14075","35AndOver","FullTime"
"14076","35AndOver","FullTime"
"14077","35AndOver","FullTime"
"14078","35AndOver","FullTime"
"14079","35AndOver","FullTime"
"14080","35AndOver","FullTime"
"14081","35AndOver","FullTime"
"14082","35AndOver","FullTime"
"14083","35AndOver","FullTime"
"14084","35AndOver","FullTime"
"14085","35AndOver","FullTime"
"14086","35AndOver","FullTime"
"14087","35AndOver","FullTime"
"14088","35AndOver","FullTime"
"14089","35AndOver","FullTime"
"14090","35AndOver","FullTime"
"14091","35AndOver","FullTime"
"14092","35AndOver","FullTime"
"14093","35AndOver","FullTime"
"14094","35AndOver","FullTime"
"14095","35AndOver","FullTime"
"14096","35AndOver","FullTime"
"14097","35AndOver","FullTime"
"14098","35AndOver","FullTime"
"14099","35AndOver","FullTime"
"14100","35AndOver","FullTime"
"14101","35AndOver","FullTime"
"14102","35AndOver","FullTime"
"14103","35AndOver","FullTime"
"14104","35AndOver","FullTime"
"14105","35AndOver","FullTime"
"14106","35AndOver","FullTime"
"14107","35AndOver","FullTime"
"14108","35AndOver","FullTime"
"14109","35AndOver","FullTime"
"14110","35AndOver","FullTime"
"14111","35AndOver","FullTime"
"14112","35AndOver","FullTime"
"14113","35AndOver","FullTime"
"14114","35AndOver","FullTime"
"14115","35AndOver","FullTime"
"14116","35AndOver","FullTime"
"14117","35AndOver","FullTime"
"14118","35AndOver","FullTime"
"14119","35AndOver","FullTime"
"14120","35AndOver","FullTime"
"14121","35AndOver","FullTime"
"14122","35AndOver","FullTime"
"14123","35AndOver","FullTime"
"14124","35AndOver","FullTime"
"14125","35AndOver","FullTime"
"14126","35AndOver","FullTime"
"14127","35AndOver","FullTime"
"14128","35AndOver","FullTime"
"14129","35AndOver","FullTime"
"14130","35AndOver","FullTime"
"14131","35AndOver","FullTime"
"14132","35AndOver","FullTime"
"14133","35AndOver","FullTime"
"14134","35AndOver","FullTime"
"14135","35AndOver","FullTime"
"14136","35AndOver","FullTime"
"14137","35AndOver","FullTime"
"14138","35AndOver","FullTime"
"14139","35AndOver","FullTime"
"14140","35AndOver","FullTime"
"14141","35AndOver","FullTime"
"14142","35AndOver","FullTime"
"14143","35AndOver","FullTime"
"14144","35AndOver","FullTime"
"14145","35AndOver","FullTime"
"14146","35AndOver","FullTime"
"14147","35AndOver","FullTime"
"14148","35AndOver","FullTime"
"14149","35AndOver","FullTime"
"14150","35AndOver","FullTime"
"14151","35AndOver","FullTime"
"14152","35AndOver","FullTime"
"14153","35AndOver","FullTime"
"14154","35AndOver","FullTime"
"14155","35AndOver","FullTime"
"14156","35AndOver","FullTime"
"14157","35AndOver","FullTime"
"14158","35AndOver","FullTime"
"14159","35AndOver","FullTime"
"14160","35AndOver","FullTime"
"14161","35AndOver","FullTime"
"14162","35AndOver","FullTime"
"14163","35AndOver","FullTime"
"14164","35AndOver","FullTime"
"14165","35AndOver","FullTime"
"14166","35AndOver","FullTime"
"14167","35AndOver","FullTime"
"14168","35AndOver","FullTime"
"14169","35AndOver","FullTime"
"14170","35AndOver","FullTime"
"14171","35AndOver","FullTime"
"14172","35AndOver","FullTime"
"14173","35AndOver","FullTime"
"14174","35AndOver","FullTime"
"14175","35AndOver","FullTime"
"14176","35AndOver","FullTime"
"14177","35AndOver","FullTime"
"14178","35AndOver","FullTime"
"14179","35AndOver","FullTime"
"14180","35AndOver","FullTime"
"14181","35AndOver","FullTime"
"14182","35AndOver","FullTime"
"14183","35AndOver","FullTime"
"14184","35AndOver","FullTime"
"14185","35AndOver","FullTime"
"14186","35AndOver","FullTime"
"14187","35AndOver","FullTime"
"14188","35AndOver","FullTime"
"14189","35AndOver","FullTime"
"14190","35AndOver","FullTime"
"14191","35AndOver","FullTime"
"14192","35AndOver","FullTime"
"14193","35AndOver","FullTime"
"14194","35AndOver","FullTime"
"14195","35AndOver","FullTime"
"14196","35AndOver","FullTime"
"14197","35AndOver","FullTime"
"14198","35AndOver","FullTime"
"14199","35AndOver","FullTime"
"14200","35AndOver","FullTime"
"14201","35AndOver","FullTime"
"14202","35AndOver","FullTime"
"14203","35AndOver","FullTime"
"14204","35AndOver","FullTime"
"14205","35AndOver","FullTime"
"14206","35AndOver","FullTime"
"14207","35AndOver","FullTime"
"14208","35AndOver","FullTime"
"14209","35AndOver","FullTime"
"14210","35AndOver","FullTime"
"14211","35AndOver","FullTime"
"14212","35AndOver","FullTime"
"14213","35AndOver","FullTime"
"14214","35AndOver","FullTime"
"14215","35AndOver","FullTime"
"14216","35AndOver","FullTime"
"14217","35AndOver","FullTime"
"14218","35AndOver","FullTime"
"14219","35AndOver","FullTime"
"14220","35AndOver","FullTime"
"14221","35AndOver","FullTime"
"14222","35AndOver","FullTime"
"14223","35AndOver","FullTime"
"14224","35AndOver","FullTime"
"14225","35AndOver","FullTime"
"14226","35AndOver","FullTime"
"14227","35AndOver","FullTime"
"14228","35AndOver","FullTime"
"14229","35AndOver","FullTime"
"14230","35AndOver","FullTime"
"14231","35AndOver","FullTime"
"14232","35AndOver","FullTime"
"14233","35AndOver","FullTime"
"14234","35AndOver","FullTime"
"14235","35AndOver","FullTime"
"14236","35AndOver","FullTime"
"14237","35AndOver","FullTime"
"14238","35AndOver","FullTime"
"14239","35AndOver","FullTime"
"14240","35AndOver","FullTime"
"14241","35AndOver","FullTime"
"14242","35AndOver","FullTime"
"14243","35AndOver","FullTime"
"14244","35AndOver","FullTime"
"14245","35AndOver","FullTime"
"14246","35AndOver","FullTime"
"14247","35AndOver","FullTime"
"14248","35AndOver","FullTime"
"14249","35AndOver","FullTime"
"14250","35AndOver","FullTime"
"14251","35AndOver","FullTime"
"14252","35AndOver","FullTime"
"14253","35AndOver","FullTime"
"14254","35AndOver","FullTime"
"14255","35AndOver","FullTime"
"14256","35AndOver","FullTime"
"14257","35AndOver","FullTime"
"14258","35AndOver","FullTime"
"14259","35AndOver","FullTime"
"14260","35AndOver","FullTime"
"14261","35AndOver","FullTime"
"14262","35AndOver","FullTime"
"14263","35AndOver","FullTime"
"14264","35AndOver","FullTime"
"14265","35AndOver","FullTime"
"14266","35AndOver","FullTime"
"14267","35AndOver","FullTime"
"14268","35AndOver","FullTime"
"14269","35AndOver","FullTime"
"14270","35AndOver","FullTime"
"14271","35AndOver","FullTime"
"14272","35AndOver","FullTime"
"14273","35AndOver","FullTime"
"14274","35AndOver","FullTime"
"14275","35AndOver","FullTime"
"14276","35AndOver","FullTime"
"14277","35AndOver","FullTime"
"14278","35AndOver","FullTime"
"14279","35AndOver","FullTime"
"14280","35AndOver","FullTime"
"14281","35AndOver","FullTime"
"14282","35AndOver","FullTime"
"14283","35AndOver","FullTime"
"14284","35AndOver","FullTime"
"14285","35AndOver","FullTime"
"14286","35AndOver","FullTime"
"14287","35AndOver","FullTime"
"14288","35AndOver","FullTime"
"14289","35AndOver","FullTime"
"14290","35AndOver","FullTime"
"14291","35AndOver","FullTime"
"14292","35AndOver","FullTime"
"14293","35AndOver","FullTime"
"14294","35AndOver","FullTime"
"14295","35AndOver","FullTime"
"14296","35AndOver","FullTime"
"14297","35AndOver","FullTime"
"14298","35AndOver","FullTime"
"14299","35AndOver","FullTime"
"14300","35AndOver","FullTime"
"14301","35AndOver","FullTime"
"14302","35AndOver","FullTime"
"14303","35AndOver","FullTime"
"14304","35AndOver","FullTime"
"14305","35AndOver","FullTime"
"14306","35AndOver","FullTime"
"14307","35AndOver","FullTime"
"14308","35AndOver","FullTime"
"14309","35AndOver","FullTime"
"14310","35AndOver","FullTime"
"14311","35AndOver","FullTime"
"14312","35AndOver","FullTime"
"14313","35AndOver","FullTime"
"14314","35AndOver","FullTime"
"14315","35AndOver","FullTime"
"14316","35AndOver","FullTime"
"14317","35AndOver","FullTime"
"14318","35AndOver","FullTime"
"14319","35AndOver","FullTime"
"14320","35AndOver","FullTime"
"14321","35AndOver","FullTime"
"14322","35AndOver","FullTime"
"14323","35AndOver","FullTime"
"14324","35AndOver","FullTime"
"14325","35AndOver","FullTime"
"14326","35AndOver","FullTime"
"14327","35AndOver","FullTime"
"14328","35AndOver","FullTime"
"14329","35AndOver","FullTime"
"14330","35AndOver","FullTime"
"14331","35AndOver","FullTime"
"14332","35AndOver","FullTime"
"14333","35AndOver","FullTime"
"14334","35AndOver","FullTime"
"14335","35AndOver","FullTime"
"14336","35AndOver","FullTime"
"14337","35AndOver","FullTime"
"14338","35AndOver","FullTime"
"14339","35AndOver","FullTime"
"14340","35AndOver","FullTime"
"14341","35AndOver","FullTime"
"14342","35AndOver","FullTime"
"14343","35AndOver","FullTime"
"14344","35AndOver","PartTime"
"14345","35AndOver","PartTime"
"14346","35AndOver","PartTime"
"14347","35AndOver","PartTime"
"14348","35AndOver","PartTime"
"14349","35AndOver","PartTime"
"14350","35AndOver","PartTime"
"14351","35AndOver","PartTime"
"14352","35AndOver","PartTime"
"14353","35AndOver","PartTime"
"14354","35AndOver","PartTime"
"14355","35AndOver","PartTime"
"14356","35AndOver","PartTime"
"14357","35AndOver","PartTime"
"14358","35AndOver","PartTime"
"14359","35AndOver","PartTime"
"14360","35AndOver","PartTime"
"14361","35AndOver","PartTime"
"14362","35AndOver","PartTime"
"14363","35AndOver","PartTime"
"14364","35AndOver","PartTime"
"14365","35AndOver","PartTime"
"14366","35AndOver","PartTime"
"14367","35AndOver","PartTime"
"14368","35AndOver","PartTime"
"14369","35AndOver","PartTime"
"14370","35AndOver","PartTime"
"14371","35AndOver","PartTime"
"14372","35AndOver","PartTime"
"14373","35AndOver","PartTime"
"14374","35AndOver","PartTime"
"14375","35AndOver","PartTime"
"14376","35AndOver","PartTime"
"14377","35AndOver","PartTime"
"14378","35AndOver","PartTime"
"14379","35AndOver","PartTime"
"14380","35AndOver","PartTime"
"14381","35AndOver","PartTime"
"14382","35AndOver","PartTime"
"14383","35AndOver","PartTime"
"14384","35AndOver","PartTime"
"14385","35AndOver","PartTime"
"14386","35AndOver","PartTime"
"14387","35AndOver","PartTime"
"14388","35AndOver","PartTime"
"14389","35AndOver","PartTime"
"14390","35AndOver","PartTime"
"14391","35AndOver","PartTime"
"14392","35AndOver","PartTime"
"14393","35AndOver","PartTime"
"14394","35AndOver","PartTime"
"14395","35AndOver","PartTime"
"14396","35AndOver","PartTime"
"14397","35AndOver","PartTime"
"14398","35AndOver","PartTime"
"14399","35AndOver","PartTime"
"14400","35AndOver","PartTime"
"14401","35AndOver","PartTime"
"14402","35AndOver","PartTime"
"14403","35AndOver","PartTime"
"14404","35AndOver","PartTime"
"14405","35AndOver","PartTime"
"14406","35AndOver","PartTime"
"14407","35AndOver","PartTime"
"14408","35AndOver","PartTime"
"14409","35AndOver","PartTime"
"14410","35AndOver","PartTime"
"14411","35AndOver","PartTime"
"14412","35AndOver","PartTime"
"14413","35AndOver","PartTime"
"14414","35AndOver","PartTime"
"14415","35AndOver","PartTime"
"14416","35AndOver","PartTime"
"14417","35AndOver","PartTime"
"14418","35AndOver","PartTime"
"14419","35AndOver","PartTime"
"14420","35AndOver","PartTime"
"14421","35AndOver","PartTime"
"14422","35AndOver","PartTime"
"14423","35AndOver","PartTime"
"14424","35AndOver","PartTime"
"14425","35AndOver","PartTime"
"14426","35AndOver","PartTime"
"14427","35AndOver","PartTime"
"14428","35AndOver","PartTime"
"14429","35AndOver","PartTime"
"14430","35AndOver","PartTime"
"14431","35AndOver","PartTime"
"14432","35AndOver","PartTime"
"14433","35AndOver","PartTime"
"14434","35AndOver","PartTime"
"14435","35AndOver","PartTime"
"14436","35AndOver","PartTime"
"14437","35AndOver","PartTime"
"14438","35AndOver","PartTime"
"14439","35AndOver","PartTime"
"14440","35AndOver","PartTime"
"14441","35AndOver","PartTime"
"14442","35AndOver","PartTime"
"14443","35AndOver","PartTime"
"14444","35AndOver","PartTime"
"14445","35AndOver","PartTime"
"14446","35AndOver","PartTime"
"14447","35AndOver","PartTime"
"14448","35AndOver","PartTime"
"14449","35AndOver","PartTime"
"14450","35AndOver","PartTime"
"14451","35AndOver","PartTime"
"14452","35AndOver","PartTime"
"14453","35AndOver","PartTime"
"14454","35AndOver","PartTime"
"14455","35AndOver","PartTime"
"14456","35AndOver","PartTime"
"14457","35AndOver","PartTime"
"14458","35AndOver","PartTime"
"14459","35AndOver","PartTime"
"14460","35AndOver","PartTime"
"14461","35AndOver","PartTime"
"14462","35AndOver","PartTime"
"14463","35AndOver","PartTime"
"14464","35AndOver","PartTime"
"14465","35AndOver","PartTime"
"14466","35AndOver","PartTime"
"14467","35AndOver","PartTime"
"14468","35AndOver","PartTime"
"14469","35AndOver","PartTime"
"14470","35AndOver","PartTime"
"14471","35AndOver","PartTime"
"14472","35AndOver","PartTime"
"14473","35AndOver","PartTime"
"14474","35AndOver","PartTime"
"14475","35AndOver","PartTime"
"14476","35AndOver","PartTime"
"14477","35AndOver","PartTime"
"14478","35AndOver","PartTime"
"14479","35AndOver","PartTime"
"14480","35AndOver","PartTime"
"14481","35AndOver","PartTime"
"14482","35AndOver","PartTime"
"14483","35AndOver","PartTime"
"14484","35AndOver","PartTime"
"14485","35AndOver","PartTime"
"14486","35AndOver","PartTime"
"14487","35AndOver","PartTime"
"14488","35AndOver","PartTime"
"14489","35AndOver","PartTime"
"14490","35AndOver","PartTime"
"14491","35AndOver","PartTime"
"14492","35AndOver","PartTime"
"14493","35AndOver","PartTime"
"14494","35AndOver","PartTime"
"14495","35AndOver","PartTime"
"14496","35AndOver","PartTime"
"14497","35AndOver","PartTime"
"14498","35AndOver","PartTime"
"14499","35AndOver","PartTime"
"14500","35AndOver","PartTime"
"14501","35AndOver","PartTime"
"14502","35AndOver","PartTime"
"14503","35AndOver","PartTime"
"14504","35AndOver","PartTime"
"14505","35AndOver","PartTime"
"14506","35AndOver","PartTime"
"14507","35AndOver","PartTime"
"14508","35AndOver","PartTime"
"14509","35AndOver","PartTime"
"14510","35AndOver","PartTime"
"14511","35AndOver","PartTime"
"14512","35AndOver","PartTime"
"14513","35AndOver","PartTime"
"14514","35AndOver","PartTime"
"14515","35AndOver","PartTime"
"14516","35AndOver","PartTime"
"14517","35AndOver","PartTime"
"14518","35AndOver","PartTime"
"14519","35AndOver","PartTime"
"14520","35AndOver","PartTime"
"14521","35AndOver","PartTime"
"14522","35AndOver","PartTime"
"14523","35AndOver","PartTime"
"14524","35AndOver","PartTime"
"14525","35AndOver","PartTime"
"14526","35AndOver","PartTime"
"14527","35AndOver","PartTime"
"14528","35AndOver","PartTime"
"14529","35AndOver","PartTime"
"14530","35AndOver","PartTime"
"14531","35AndOver","PartTime"
"14532","35AndOver","PartTime"
"14533","35AndOver","PartTime"
"14534","35AndOver","PartTime"
"14535","35AndOver","PartTime"
"14536","35AndOver","PartTime"
"14537","35AndOver","PartTime"
"14538","35AndOver","PartTime"
"14539","35AndOver","PartTime"
"14540","35AndOver","PartTime"
"14541","35AndOver","PartTime"
"14542","35AndOver","PartTime"
"14543","35AndOver","PartTime"
"14544","35AndOver","PartTime"
"14545","35AndOver","PartTime"
"14546","35AndOver","PartTime"
"14547","35AndOver","PartTime"
"14548","35AndOver","PartTime"
"14549","35AndOver","PartTime"
"14550","35AndOver","PartTime"
"14551","35AndOver","PartTime"
"14552","35AndOver","PartTime"
"14553","35AndOver","PartTime"
"14554","35AndOver","PartTime"
"14555","35AndOver","PartTime"
"14556","35AndOver","PartTime"
"14557","35AndOver","PartTime"
"14558","35AndOver","PartTime"
"14559","35AndOver","PartTime"
"14560","35AndOver","PartTime"
"14561","35AndOver","PartTime"
"14562","35AndOver","PartTime"
"14563","35AndOver","PartTime"
"14564","35AndOver","PartTime"
"14565","35AndOver","PartTime"
"14566","35AndOver","PartTime"
"14567","35AndOver","PartTime"
"14568","35AndOver","PartTime"
"14569","35AndOver","PartTime"
"14570","35AndOver","PartTime"
"14571","35AndOver","PartTime"
"14572","35AndOver","PartTime"
"14573","35AndOver","PartTime"
"14574","35AndOver","PartTime"
"14575","35AndOver","PartTime"
"14576","35AndOver","PartTime"
"14577","35AndOver","PartTime"
"14578","35AndOver","PartTime"
"14579","35AndOver","PartTime"
"14580","35AndOver","PartTime"
"14581","35AndOver","PartTime"
"14582","35AndOver","PartTime"
"14583","35AndOver","PartTime"
"14584","35AndOver","PartTime"
"14585","35AndOver","PartTime"
"14586","35AndOver","PartTime"
"14587","35AndOver","PartTime"
"14588","35AndOver","PartTime"
"14589","35AndOver","PartTime"
"14590","35AndOver","PartTime"
"14591","35AndOver","PartTime"
"14592","35AndOver","PartTime"
"14593","35AndOver","PartTime"
"14594","35AndOver","PartTime"
"14595","35AndOver","PartTime"
"14596","35AndOver","PartTime"
"14597","35AndOver","PartTime"
"14598","35AndOver","PartTime"
"14599","35AndOver","PartTime"
"14600","35AndOver","PartTime"
"14601","35AndOver","PartTime"
"14602","35AndOver","PartTime"
"14603","35AndOver","PartTime"
"14604","35AndOver","PartTime"
"14605","35AndOver","PartTime"
"14606","35AndOver","PartTime"
"14607","35AndOver","PartTime"
"14608","35AndOver","PartTime"
"14609","35AndOver","PartTime"
"14610","35AndOver","PartTime"
"14611","35AndOver","PartTime"
"14612","35AndOver","PartTime"
"14613","35AndOver","PartTime"
"14614","35AndOver","PartTime"
"14615","35AndOver","PartTime"
"14616","35AndOver","PartTime"
"14617","35AndOver","PartTime"
"14618","35AndOver","PartTime"
"14619","35AndOver","PartTime"
"14620","35AndOver","PartTime"
"14621","35AndOver","PartTime"
"14622","35AndOver","PartTime"
"14623","35AndOver","PartTime"
"14624","35AndOver","PartTime"
"14625","35AndOver","PartTime"
"14626","35AndOver","PartTime"
"14627","35AndOver","PartTime"
"14628","35AndOver","PartTime"
"14629","35AndOver","PartTime"
"14630","35AndOver","PartTime"
"14631","35AndOver","PartTime"
"14632","35AndOver","PartTime"
"14633","35AndOver","PartTime"
"14634","35AndOver","PartTime"
"14635","35AndOver","PartTime"
"14636","35AndOver","PartTime"
"14637","35AndOver","PartTime"
"14638","35AndOver","PartTime"
"14639","35AndOver","PartTime"
"14640","35AndOver","PartTime"
"14641","35AndOver","PartTime"
"14642","35AndOver","PartTime"
"14643","35AndOver","PartTime"
"14644","35AndOver","PartTime"
"14645","35AndOver","PartTime"
"14646","35AndOver","PartTime"
"14647","35AndOver","PartTime"
"14648","35AndOver","PartTime"
"14649","35AndOver","PartTime"
"14650","35AndOver","PartTime"
"14651","35AndOver","PartTime"
"14652","35AndOver","PartTime"
"14653","35AndOver","PartTime"
"14654","35AndOver","PartTime"
"14655","35AndOver","PartTime"
"14656","35AndOver","PartTime"
"14657","35AndOver","PartTime"
"14658","35AndOver","PartTime"
"14659","35AndOver","PartTime"
"14660","35AndOver","PartTime"
"14661","35AndOver","PartTime"
"14662","35AndOver","PartTime"
"14663","35AndOver","PartTime"
"14664","35AndOver","PartTime"
"14665","35AndOver","PartTime"
"14666","35AndOver","PartTime"
"14667","35AndOver","PartTime"
"14668","35AndOver","PartTime"
"14669","35AndOver","PartTime"
"14670","35AndOver","PartTime"
"14671","35AndOver","PartTime"
"14672","35AndOver","PartTime"
"14673","35AndOver","PartTime"
"14674","35AndOver","PartTime"
"14675","35AndOver","PartTime"
"14676","35AndOver","PartTime"
"14677","35AndOver","PartTime"
"14678","35AndOver","PartTime"
"14679","35AndOver","PartTime"
"14680","35AndOver","PartTime"
"14681","35AndOver","PartTime"
"14682","35AndOver","PartTime"
"14683","35AndOver","PartTime"
"14684","35AndOver","PartTime"
"14685","35AndOver","PartTime"
"14686","35AndOver","PartTime"
"14687","35AndOver","PartTime"
"14688","35AndOver","PartTime"
"14689","35AndOver","PartTime"
"14690","35AndOver","PartTime"
"14691","35AndOver","PartTime"
"14692","35AndOver","PartTime"
"14693","35AndOver","PartTime"
"14694","35AndOver","PartTime"
"14695","35AndOver","PartTime"
"14696","35AndOver","PartTime"
"14697","35AndOver","PartTime"
"14698","35AndOver","PartTime"
"14699","35AndOver","PartTime"
"14700","35AndOver","PartTime"
"14701","35AndOver","PartTime"
"14702","35AndOver","PartTime"
"14703","35AndOver","PartTime"
"14704","35AndOver","PartTime"
"14705","35AndOver","PartTime"
"14706","35AndOver","PartTime"
"14707","35AndOver","PartTime"
"14708","35AndOver","PartTime"
"14709","35AndOver","PartTime"
"14710","35AndOver","PartTime"
"14711","35AndOver","PartTime"
"14712","35AndOver","PartTime"
"14713","35AndOver","PartTime"
"14714","35AndOver","PartTime"
"14715","35AndOver","PartTime"
"14716","35AndOver","PartTime"
"14717","35AndOver","PartTime"
"14718","35AndOver","PartTime"
"14719","35AndOver","PartTime"
"14720","35AndOver","PartTime"
"14721","35AndOver","PartTime"
"14722","35AndOver","PartTime"
"14723","35AndOver","PartTime"
"14724","35AndOver","PartTime"
"14725","35AndOver","PartTime"
"14726","35AndOver","PartTime"
"14727","35AndOver","PartTime"
"14728","35AndOver","PartTime"
"14729","35AndOver","PartTime"
"14730","35AndOver","PartTime"
"14731","35AndOver","PartTime"
"14732","35AndOver","PartTime"
"14733","35AndOver","PartTime"
"14734","35AndOver","PartTime"
"14735","35AndOver","PartTime"
"14736","35AndOver","PartTime"
"14737","35AndOver","PartTime"
"14738","35AndOver","PartTime"
"14739","35AndOver","PartTime"
"14740","35AndOver","PartTime"
"14741","35AndOver","PartTime"
"14742","35AndOver","PartTime"
"14743","35AndOver","PartTime"
"14744","35AndOver","PartTime"
"14745","35AndOver","PartTime"
"14746","35AndOver","PartTime"
"14747","35AndOver","PartTime"
"14748","35AndOver","PartTime"
"14749","35AndOver","PartTime"
"14750","35AndOver","PartTime"
"14751","35AndOver","PartTime"
"14752","35AndOver","PartTime"
"14753","35AndOver","PartTime"
"14754","35AndOver","PartTime"
"14755","35AndOver","PartTime"
"14756","35AndOver","PartTime"
"14757","35AndOver","PartTime"
"14758","35AndOver","PartTime"
"14759","35AndOver","PartTime"
"14760","35AndOver","PartTime"
"14761","35AndOver","PartTime"
"14762","35AndOver","PartTime"
"14763","35AndOver","PartTime"
"14764","35AndOver","PartTime"
"14765","35AndOver","PartTime"
"14766","35AndOver","PartTime"
"14767","35AndOver","PartTime"
"14768","35AndOver","PartTime"
"14769","35AndOver","PartTime"
"14770","35AndOver","PartTime"
"14771","35AndOver","PartTime"
"14772","35AndOver","PartTime"
"14773","35AndOver","PartTime"
"14774","35AndOver","PartTime"
"14775","35AndOver","PartTime"
"14776","35AndOver","PartTime"
"14777","35AndOver","PartTime"
"14778","35AndOver","PartTime"
"14779","35AndOver","PartTime"
"14780","35AndOver","PartTime"
"14781","35AndOver","PartTime"
"14782","35AndOver","PartTime"
"14783","35AndOver","PartTime"
"14784","35AndOver","PartTime"
"14785","35AndOver","PartTime"
"14786","35AndOver","PartTime"
"14787","35AndOver","PartTime"
"14788","35AndOver","PartTime"
"14789","35AndOver","PartTime"
"14790","35AndOver","PartTime"
"14791","35AndOver","PartTime"
"14792","35AndOver","PartTime"
"14793","35AndOver","PartTime"
"14794","35AndOver","PartTime"
"14795","35AndOver","PartTime"
"14796","35AndOver","PartTime"
"14797","35AndOver","PartTime"
"14798","35AndOver","PartTime"
"14799","35AndOver","PartTime"
"14800","35AndOver","PartTime"
"14801","35AndOver","PartTime"
"14802","35AndOver","PartTime"
"14803","35AndOver","PartTime"
"14804","35AndOver","PartTime"
"14805","35AndOver","PartTime"
"14806","35AndOver","PartTime"
"14807","35AndOver","PartTime"
"14808","35AndOver","PartTime"
"14809","35AndOver","PartTime"
"14810","35AndOver","PartTime"
"14811","35AndOver","PartTime"
"14812","35AndOver","PartTime"
"14813","35AndOver","PartTime"
"14814","35AndOver","PartTime"
"14815","35AndOver","PartTime"
"14816","35AndOver","PartTime"
"14817","35AndOver","PartTime"
"14818","35AndOver","PartTime"
"14819","35AndOver","PartTime"
"14820","35AndOver","PartTime"
"14821","35AndOver","PartTime"
"14822","35AndOver","PartTime"
"14823","35AndOver","PartTime"
"14824","35AndOver","PartTime"
"14825","35AndOver","PartTime"
"14826","35AndOver","PartTime"
"14827","35AndOver","PartTime"
"14828","35AndOver","PartTime"
"14829","35AndOver","PartTime"
"14830","35AndOver","PartTime"
"14831","35AndOver","PartTime"
"14832","35AndOver","PartTime"
"14833","35AndOver","PartTime"
"14834","35AndOver","PartTime"
"14835","35AndOver","PartTime"
"14836","35AndOver","PartTime"
"14837","35AndOver","PartTime"
"14838","35AndOver","PartTime"
"14839","35AndOver","PartTime"
"14840","35AndOver","PartTime"
"14841","35AndOver","PartTime"
"14842","35AndOver","PartTime"
"14843","35AndOver","PartTime"
"14844","35AndOver","PartTime"
"14845","35AndOver","PartTime"
"14846","35AndOver","PartTime"
"14847","35AndOver","PartTime"
"14848","35AndOver","PartTime"
"14849","35AndOver","PartTime"
"14850","35AndOver","PartTime"
"14851","35AndOver","PartTime"
"14852","35AndOver","PartTime"
"14853","35AndOver","PartTime"
"14854","35AndOver","PartTime"
"14855","35AndOver","PartTime"
"14856","35AndOver","PartTime"
"14857","35AndOver","PartTime"
"14858","35AndOver","PartTime"
"14859","35AndOver","PartTime"
"14860","35AndOver","PartTime"
"14861","35AndOver","PartTime"
"14862","35AndOver","PartTime"
"14863","35AndOver","PartTime"
"14864","35AndOver","PartTime"
"14865","35AndOver","PartTime"
"14866","35AndOver","PartTime"
"14867","35AndOver","PartTime"
"14868","35AndOver","PartTime"
"14869","35AndOver","PartTime"
"14870","35AndOver","PartTime"
"14871","35AndOver","PartTime"
"14872","35AndOver","PartTime"
"14873","35AndOver","PartTime"
"14874","35AndOver","PartTime"
"14875","35AndOver","PartTime"
"14876","35AndOver","PartTime"
"14877","35AndOver","PartTime"
"14878","35AndOver","PartTime"
"14879","35AndOver","PartTime"
"14880","35AndOver","PartTime"
"14881","35AndOver","PartTime"
"14882","35AndOver","PartTime"
"14883","35AndOver","PartTime"
"14884","35AndOver","PartTime"
"14885","35AndOver","PartTime"
"14886","35AndOver","PartTime"
"14887","35AndOver","PartTime"
"14888","35AndOver","PartTime"
"14889","35AndOver","PartTime"
"14890","35AndOver","PartTime"
"14891","35AndOver","PartTime"
"14892","35AndOver","PartTime"
"14893","35AndOver","PartTime"
"14894","35AndOver","PartTime"
"14895","35AndOver","PartTime"
"14896","35AndOver","PartTime"
"14897","35AndOver","PartTime"
"14898","35AndOver","PartTime"
"14899","35AndOver","PartTime"
"14900","35AndOver","PartTime"
"14901","35AndOver","PartTime"
"14902","35AndOver","PartTime"
"14903","35AndOver","PartTime"
"14904","35AndOver","PartTime"
"14905","35AndOver","PartTime"
"14906","35AndOver","PartTime"
"14907","35AndOver","PartTime"
"14908","35AndOver","PartTime"
"14909","35AndOver","PartTime"
"14910","35AndOver","PartTime"
"14911","35AndOver","PartTime"
"14912","35AndOver","PartTime"
"14913","35AndOver","PartTime"
"14914","35AndOver","PartTime"
"14915","35AndOver","PartTime"
"14916","35AndOver","PartTime"
"14917","35AndOver","PartTime"
"14918","35AndOver","PartTime"
"14919","35AndOver","PartTime"
"14920","35AndOver","PartTime"
"14921","35AndOver","PartTime"
"14922","35AndOver","PartTime"
"14923","35AndOver","PartTime"
"14924","35AndOver","PartTime"
"14925","35AndOver","PartTime"
"14926","35AndOver","PartTime"
"14927","35AndOver","PartTime"
"14928","35AndOver","PartTime"
"14929","35AndOver","PartTime"
"14930","35AndOver","PartTime"
"14931","35AndOver","PartTime"
"14932","35AndOver","PartTime"
"14933","35AndOver","PartTime"
"14934","35AndOver","PartTime"
"14935","35AndOver","PartTime"
"14936","35AndOver","PartTime"
"14937","35AndOver","PartTime"
"14938","35AndOver","PartTime"
"14939","35AndOver","PartTime"
"14940","35AndOver","PartTime"
"14941","35AndOver","PartTime"
"14942","35AndOver","PartTime"
"14943","35AndOver","PartTime"
"14944","35AndOver","PartTime"
"14945","35AndOver","PartTime"
"14946","35AndOver","PartTime"
"14947","35AndOver","PartTime"
"14948","35AndOver","PartTime"
"14949","35AndOver","PartTime"
"14950","35AndOver","PartTime"
"14951","35AndOver","PartTime"
"14952","35AndOver","PartTime"
"14953","35AndOver","PartTime"
"14954","35AndOver","PartTime"
"14955","35AndOver","PartTime"
"14956","35AndOver","PartTime"
"14957","35AndOver","PartTime"
"14958","35AndOver","PartTime"
"14959","35AndOver","PartTime"
"14960","35AndOver","PartTime"
"14961","35AndOver","PartTime"
"14962","35AndOver","PartTime"
"14963","35AndOver","PartTime"
"14964","35AndOver","PartTime"
"14965","35AndOver","PartTime"
"14966","35AndOver","PartTime"
"14967","35AndOver","PartTime"
"14968","35AndOver","PartTime"
"14969","35AndOver","PartTime"
"14970","35AndOver","PartTime"
"14971","35AndOver","PartTime"
"14972","35AndOver","PartTime"
"14973","35AndOver","PartTime"
"14974","35AndOver","PartTime"
"14975","35AndOver","PartTime"
"14976","35AndOver","PartTime"
"14977","35AndOver","PartTime"
"14978","35AndOver","PartTime"
"14979","35AndOver","PartTime"
"14980","35AndOver","PartTime"
"14981","35AndOver","PartTime"
"14982","35AndOver","PartTime"
"14983","35AndOver","PartTime"
"14984","35AndOver","PartTime"
"14985","35AndOver","PartTime"
"14986","35AndOver","PartTime"
"14987","35AndOver","PartTime"
"14988","35AndOver","PartTime"
"14989","35AndOver","PartTime"
"14990","35AndOver","PartTime"
"14991","35AndOver","PartTime"
"14992","35AndOver","PartTime"
"14993","35AndOver","PartTime"
"14994","35AndOver","PartTime"
"14995","35AndOver","PartTime"
"14996","35AndOver","PartTime"
"14997","35AndOver","PartTime"
"14998","35AndOver","PartTime"
"14999","35AndOver","PartTime"
"15000","35AndOver","PartTime"
"15001","35AndOver","PartTime"
"15002","35AndOver","PartTime"
"15003","35AndOver","PartTime"
"15004","35AndOver","PartTime"
"15005","35AndOver","PartTime"
"15006","35AndOver","PartTime"
"15007","35AndOver","PartTime"
"15008","35AndOver","PartTime"
"15009","35AndOver","PartTime"
"15010","35AndOver","PartTime"
"15011","35AndOver","PartTime"
"15012","35AndOver","PartTime"
"15013","35AndOver","PartTime"
"15014","35AndOver","PartTime"
"15015","35AndOver","PartTime"
"15016","35AndOver","PartTime"
"15017","35AndOver","PartTime"
"15018","35AndOver","PartTime"
"15019","35AndOver","PartTime"
"15020","35AndOver","PartTime"
"15021","35AndOver","PartTime"
"15022","35AndOver","PartTime"
"15023","35AndOver","PartTime"
"15024","35AndOver","PartTime"
"15025","35AndOver","PartTime"
"15026","35AndOver","PartTime"
"15027","35AndOver","PartTime"
"15028","35AndOver","PartTime"
"15029","35AndOver","PartTime"
"15030","35AndOver","PartTime"
"15031","35AndOver","PartTime"
"15032","35AndOver","PartTime"
"15033","35AndOver","PartTime"
"15034","35AndOver","PartTime"
"15035","35AndOver","PartTime"
"15036","35AndOver","PartTime"
"15037","35AndOver","PartTime"
"15038","35AndOver","PartTime"
"15039","35AndOver","PartTime"
"15040","35AndOver","PartTime"
"15041","35AndOver","PartTime"
"15042","35AndOver","PartTime"
"15043","35AndOver","PartTime"
"15044","35AndOver","PartTime"
"15045","35AndOver","PartTime"
"15046","35AndOver","PartTime"
"15047","35AndOver","PartTime"
"15048","35AndOver","PartTime"
"15049","35AndOver","PartTime"
"15050","35AndOver","PartTime"
"15051","35AndOver","PartTime"
"15052","35AndOver","PartTime"
"15053","35AndOver","PartTime"
"15054","35AndOver","PartTime"
"15055","35AndOver","PartTime"
"15056","35AndOver","PartTime"
"15057","35AndOver","PartTime"
"15058","35AndOver","PartTime"
"15059","35AndOver","PartTime"
"15060","35AndOver","PartTime"
"15061","35AndOver","PartTime"
"15062","35AndOver","PartTime"
"15063","35AndOver","PartTime"
"15064","35AndOver","PartTime"
"15065","35AndOver","PartTime"
"15066","35AndOver","PartTime"
"15067","35AndOver","PartTime"
"15068","35AndOver","PartTime"
"15069","35AndOver","PartTime"
"15070","35AndOver","PartTime"
"15071","35AndOver","PartTime"
"15072","35AndOver","PartTime"
"15073","35AndOver","PartTime"
"15074","35AndOver","PartTime"
"15075","35AndOver","PartTime"
"15076","35AndOver","PartTime"
"15077","35AndOver","PartTime"
"15078","35AndOver","PartTime"
"15079","35AndOver","PartTime"
"15080","35AndOver","PartTime"
"15081","35AndOver","PartTime"
"15082","35AndOver","PartTime"
"15083","35AndOver","PartTime"
"15084","35AndOver","PartTime"
"15085","35AndOver","PartTime"
"15086","35AndOver","PartTime"
"15087","35AndOver","PartTime"
"15088","35AndOver","PartTime"
"15089","35AndOver","PartTime"
"15090","35AndOver","PartTime"
"15091","35AndOver","PartTime"
"15092","35AndOver","PartTime"
"15093","35AndOver","PartTime"
"15094","35AndOver","PartTime"
"15095","35AndOver","PartTime"
"15096","35AndOver","PartTime"
"15097","35AndOver","PartTime"
"15098","35AndOver","PartTime"
"15099","35AndOver","PartTime"
"15100","35AndOver","PartTime"
"15101","35AndOver","PartTime"
"15102","35AndOver","PartTime"
"15103","35AndOver","PartTime"
"15104","35AndOver","PartTime"
"15105","35AndOver","PartTime"
"15106","35AndOver","PartTime"
"15107","35AndOver","PartTime"
"15108","35AndOver","PartTime"
"15109","35AndOver","PartTime"
"15110","35AndOver","PartTime"
"15111","35AndOver","PartTime"
"15112","35AndOver","PartTime"
"15113","35AndOver","PartTime"
"15114","35AndOver","PartTime"
"15115","35AndOver","PartTime"
"15116","35AndOver","PartTime"
"15117","35AndOver","PartTime"
"15118","35AndOver","PartTime"
"15119","35AndOver","PartTime"
"15120","35AndOver","PartTime"
"15121","35AndOver","PartTime"
"15122","35AndOver","PartTime"
"15123","35AndOver","PartTime"
"15124","35AndOver","PartTime"
"15125","35AndOver","PartTime"
"15126","35AndOver","PartTime"
"15127","35AndOver","PartTime"
"15128","35AndOver","PartTime"
"15129","35AndOver","PartTime"
"15130","35AndOver","PartTime"
"15131","35AndOver","PartTime"
"15132","35AndOver","PartTime"
"15133","35AndOver","PartTime"
"15134","35AndOver","PartTime"
"15135","35AndOver","PartTime"
"15136","35AndOver","PartTime"
"15137","35AndOver","PartTime"
"15138","35AndOver","PartTime"
"15139","35AndOver","PartTime"
"15140","35AndOver","PartTime"
"15141","35AndOver","PartTime"
"15142","35AndOver","PartTime"
"15143","35AndOver","PartTime"
"15144","35AndOver","PartTime"
"15145","35AndOver","PartTime"
"15146","35AndOver","PartTime"
"15147","35AndOver","PartTime"
"15148","35AndOver","PartTime"
"15149","35AndOver","PartTime"
"15150","35AndOver","PartTime"
"15151","35AndOver","PartTime"
"15152","35AndOver","PartTime"
"15153","35AndOver","PartTime"
"15154","35AndOver","PartTime"
"15155","35AndOver","PartTime"
"15156","35AndOver","PartTime"
"15157","35AndOver","PartTime"
"15158","35AndOver","PartTime"
"15159","35AndOver","PartTime"
"15160","35AndOver","PartTime"
"15161","35AndOver","PartTime"
"15162","35AndOver","PartTime"
"15163","35AndOver","PartTime"
"15164","35AndOver","PartTime"
"15165","35AndOver","PartTime"
"15166","35AndOver","PartTime"
"15167","35AndOver","PartTime"
"15168","35AndOver","PartTime"
"15169","35AndOver","PartTime"
"15170","35AndOver","PartTime"
"15171","35AndOver","PartTime"
"15172","35AndOver","PartTime"
"15173","35AndOver","PartTime"
"15174","35AndOver","PartTime"
"15175","35AndOver","PartTime"
"15176","35AndOver","PartTime"
"15177","35AndOver","PartTime"
"15178","35AndOver","PartTime"
"15179","35AndOver","PartTime"
"15180","35AndOver","PartTime"
"15181","35AndOver","PartTime"
"15182","35AndOver","PartTime"
"15183","35AndOver","PartTime"
"15184","35AndOver","PartTime"
"15185","35AndOver","PartTime"
"15186","35AndOver","PartTime"
"15187","35AndOver","PartTime"
"15188","35AndOver","PartTime"
"15189","35AndOver","PartTime"
"15190","35AndOver","PartTime"
"15191","35AndOver","PartTime"
"15192","35AndOver","PartTime"
"15193","35AndOver","PartTime"
"15194","35AndOver","PartTime"
"15195","35AndOver","PartTime"
"15196","35AndOver","PartTime"
"15197","35AndOver","PartTime"
"15198","35AndOver","PartTime"
"15199","35AndOver","PartTime"
"15200","35AndOver","PartTime"
"15201","35AndOver","PartTime"
"15202","35AndOver","PartTime"
"15203","35AndOver","PartTime"
"15204","35AndOver","PartTime"
"15205","35AndOver","PartTime"
"15206","35AndOver","PartTime"
"15207","35AndOver","PartTime"
"15208","35AndOver","PartTime"
"15209","35AndOver","PartTime"
"15210","35AndOver","PartTime"
"15211","35AndOver","PartTime"
"15212","35AndOver","PartTime"
"15213","35AndOver","PartTime"
"15214","35AndOver","PartTime"
"15215","35AndOver","PartTime"
"15216","35AndOver","PartTime"
"15217","35AndOver","PartTime"
"15218","35AndOver","PartTime"
"15219","35AndOver","PartTime"
"15220","35AndOver","PartTime"
"15221","35AndOver","PartTime"
"15222","35AndOver","PartTime"
"15223","35AndOver","PartTime"
"15224","35AndOver","PartTime"
"15225","35AndOver","PartTime"
"15226","35AndOver","PartTime"
"15227","35AndOver","PartTime"
"15228","35AndOver","PartTime"
"15229","35AndOver","PartTime"
"15230","35AndOver","PartTime"
"15231","35AndOver","PartTime"
"15232","35AndOver","PartTime"
"15233","35AndOver","PartTime"
"15234","35AndOver","PartTime"
"15235","35AndOver","PartTime"
"15236","35AndOver","PartTime"
"15237","35AndOver","PartTime"
"15238","35AndOver","PartTime"
"15239","35AndOver","PartTime"
"15240","35AndOver","PartTime"
"15241","35AndOver","PartTime"
"15242","35AndOver","PartTime"
"15243","35AndOver","PartTime"
"15244","35AndOver","PartTime"
"15245","35AndOver","PartTime"
"15246","35AndOver","PartTime"
"15247","35AndOver","PartTime"
"15248","35AndOver","PartTime"
"15249","35AndOver","PartTime"
"15250","35AndOver","PartTime"
"15251","35AndOver","PartTime"
"15252","35AndOver","PartTime"
"15253","35AndOver","PartTime"
"15254","35AndOver","PartTime"
"15255","35AndOver","PartTime"
"15256","35AndOver","PartTime"
"15257","35AndOver","PartTime"
"15258","35AndOver","PartTime"
"15259","35AndOver","PartTime"
"15260","35AndOver","PartTime"
"15261","35AndOver","PartTime"
"15262","35AndOver","PartTime"
"15263","35AndOver","PartTime"
"15264","35AndOver","PartTime"
"15265","35AndOver","PartTime"
"15266","35AndOver","PartTime"
"15267","35AndOver","PartTime"
"15268","35AndOver","PartTime"
"15269","35AndOver","PartTime"
"15270","35AndOver","PartTime"
"15271","35AndOver","PartTime"
"15272","35AndOver","PartTime"
"15273","35AndOver","PartTime"
"15274","35AndOver","PartTime"
"15275","35AndOver","PartTime"
"15276","35AndOver","PartTime"
"15277","35AndOver","PartTime"
"15278","35AndOver","PartTime"
"15279","35AndOver","PartTime"
"15280","35AndOver","PartTime"
"15281","35AndOver","PartTime"
"15282","35AndOver","PartTime"
"15283","35AndOver","PartTime"
"15284","35AndOver","PartTime"
"15285","35AndOver","PartTime"
"15286","35AndOver","PartTime"
"15287","35AndOver","PartTime"
"15288","35AndOver","PartTime"
"15289","35AndOver","PartTime"
"15290","35AndOver","PartTime"
"15291","35AndOver","PartTime"
"15292","35AndOver","PartTime"
"15293","35AndOver","PartTime"
"15294","35AndOver","PartTime"
"15295","35AndOver","PartTime"
"15296","35AndOver","PartTime"
"15297","35AndOver","PartTime"
"15298","35AndOver","PartTime"
"15299","35AndOver","PartTime"
"15300","35AndOver","PartTime"
"15301","35AndOver","PartTime"
"15302","35AndOver","PartTime"
"15303","35AndOver","PartTime"
"15304","35AndOver","PartTime"
"15305","35AndOver","PartTime"
"15306","35AndOver","PartTime"
"15307","35AndOver","PartTime"
"15308","35AndOver","PartTime"
"15309","35AndOver","PartTime"
"15310","35AndOver","PartTime"
"15311","35AndOver","PartTime"
"15312","35AndOver","PartTime"
"15313","35AndOver","PartTime"
"15314","35AndOver","PartTime"
"15315","35AndOver","PartTime"
"15316","35AndOver","PartTime"
"15317","35AndOver","PartTime"
"15318","35AndOver","PartTime"
"15319","35AndOver","PartTime"
"15320","35AndOver","PartTime"
"15321","35AndOver","PartTime"
"15322","35AndOver","PartTime"
"15323","35AndOver","PartTime"
"15324","35AndOver","PartTime"
"15325","35AndOver","PartTime"
"15326","35AndOver","PartTime"
"15327","35AndOver","PartTime"
"15328","35AndOver","PartTime"
"15329","35AndOver","PartTime"
"15330","35AndOver","PartTime"
"15331","35AndOver","PartTime"
"15332","35AndOver","PartTime"
"15333","35AndOver","PartTime"
"15334","35AndOver","PartTime"
"15335","35AndOver","PartTime"
"15336","35AndOver","PartTime"
"15337","35AndOver","PartTime"
"15338","35AndOver","PartTime"
"15339","35AndOver","PartTime"
"15340","35AndOver","PartTime"
"15341","35AndOver","PartTime"
"15342","35AndOver","PartTime"
"15343","35AndOver","PartTime"
"15344","35AndOver","PartTime"
"15345","35AndOver","PartTime"
"15346","35AndOver","PartTime"
"15347","35AndOver","PartTime"
"15348","35AndOver","PartTime"
"15349","35AndOver","PartTime"
"15350","35AndOver","PartTime"
"15351","35AndOver","PartTime"
"15352","35AndOver","PartTime"
"15353","35AndOver","PartTime"
"15354","35AndOver","PartTime"
"15355","35AndOver","PartTime"
"15356","35AndOver","PartTime"
"15357","35AndOver","PartTime"
"15358","35AndOver","PartTime"
"15359","35AndOver","PartTime"
"15360","35AndOver","PartTime"
"15361","35AndOver","PartTime"
"15362","35AndOver","PartTime"
"15363","35AndOver","PartTime"
"15364","35AndOver","PartTime"
"15365","35AndOver","PartTime"
"15366","35AndOver","PartTime"
"15367","35AndOver","PartTime"
"15368","35AndOver","PartTime"
"15369","35AndOver","PartTime"
"15370","35AndOver","PartTime"
"15371","35AndOver","PartTime"
"15372","35AndOver","PartTime"
"15373","35AndOver","PartTime"
"15374","35AndOver","PartTime"
"15375","35AndOver","PartTime"
"15376","35AndOver","PartTime"
"15377","35AndOver","PartTime"
"15378","35AndOver","PartTime"
"15379","35AndOver","PartTime"
"15380","35AndOver","PartTime"
"15381","35AndOver","PartTime"
"15382","35AndOver","PartTime"
"15383","35AndOver","PartTime"
"15384","35AndOver","PartTime"
"15385","35AndOver","PartTime"
"15386","35AndOver","PartTime"
"15387","35AndOver","PartTime"
"15388","35AndOver","PartTime"
"15389","35AndOver","PartTime"
"15390","35AndOver","PartTime"
"15391","35AndOver","PartTime"
"15392","35AndOver","PartTime"
"15393","35AndOver","PartTime"
"15394","35AndOver","PartTime"
"15395","35AndOver","PartTime"
"15396","35AndOver","PartTime"
"15397","35AndOver","PartTime"
"15398","35AndOver","PartTime"
"15399","35AndOver","PartTime"
"15400","35AndOver","PartTime"
"15401","35AndOver","PartTime"
"15402","35AndOver","PartTime"
"15403","35AndOver","PartTime"
"15404","35AndOver","PartTime"
"15405","35AndOver","PartTime"
"15406","35AndOver","PartTime"
"15407","35AndOver","PartTime"
"15408","35AndOver","PartTime"
"15409","35AndOver","PartTime"
"15410","35AndOver","PartTime"
"15411","35AndOver","PartTime"
"15412","35AndOver","PartTime"
"15413","35AndOver","PartTime"
"15414","35AndOver","PartTime"
"15415","35AndOver","PartTime"
"15416","35AndOver","PartTime"
"15417","35AndOver","PartTime"
"15418","35AndOver","PartTime"
"15419","35AndOver","PartTime"
"15420","35AndOver","PartTime"
"15421","35AndOver","PartTime"
"15422","35AndOver","PartTime"
"15423","35AndOver","PartTime"
"15424","35AndOver","PartTime"
"15425","35AndOver","PartTime"
"15426","35AndOver","PartTime"
"15427","35AndOver","PartTime"
"15428","35AndOver","PartTime"
"15429","35AndOver","PartTime"
"15430","35AndOver","PartTime"
"15431","35AndOver","PartTime"
"15432","35AndOver","PartTime"
"15433","35AndOver","PartTime"
"15434","35AndOver","PartTime"
"15435","35AndOver","PartTime"
"15436","35AndOver","PartTime"
"15437","35AndOver","PartTime"
"15438","35AndOver","PartTime"
"15439","35AndOver","PartTime"
"15440","35AndOver","PartTime"
"15441","35AndOver","PartTime"
"15442","35AndOver","PartTime"
"15443","35AndOver","PartTime"
"15444","35AndOver","PartTime"
"15445","35AndOver","PartTime"
"15446","35AndOver","PartTime"
"15447","35AndOver","PartTime"
"15448","35AndOver","PartTime"
"15449","35AndOver","PartTime"
"15450","35AndOver","PartTime"
"15451","35AndOver","PartTime"
"15452","35AndOver","PartTime"
"15453","35AndOver","PartTime"
"15454","35AndOver","PartTime"
"15455","35AndOver","PartTime"
"15456","35AndOver","PartTime"
"15457","35AndOver","PartTime"
"15458","35AndOver","PartTime"
"15459","35AndOver","PartTime"
"15460","35AndOver","PartTime"
"15461","35AndOver","PartTime"
"15462","35AndOver","PartTime"
"15463","35AndOver","PartTime"
"15464","35AndOver","PartTime"
"15465","35AndOver","PartTime"
"15466","35AndOver","PartTime"
"15467","35AndOver","PartTime"
"15468","35AndOver","PartTime"
"15469","35AndOver","PartTime"
"15470","35AndOver","PartTime"
"15471","35AndOver","PartTime"
"15472","35AndOver","PartTime"
"15473","35AndOver","PartTime"
"15474","35AndOver","PartTime"
"15475","35AndOver","PartTime"
"15476","35AndOver","PartTime"
"15477","35AndOver","PartTime"
"15478","35AndOver","PartTime"
"15479","35AndOver","PartTime"
"15480","35AndOver","PartTime"
"15481","35AndOver","PartTime"
"15482","35AndOver","PartTime"
"15483","35AndOver","PartTime"
"15484","35AndOver","PartTime"
"15485","35AndOver","PartTime"
"15486","35AndOver","PartTime"
"15487","35AndOver","PartTime"
"15488","35AndOver","PartTime"
"15489","35AndOver","PartTime"
"15490","35AndOver","PartTime"
"15491","35AndOver","PartTime"
"15492","35AndOver","PartTime"
"15493","35AndOver","PartTime"
"15494","35AndOver","PartTime"
"15495","35AndOver","PartTime"
"15496","35AndOver","PartTime"
"15497","35AndOver","PartTime"
"15498","35AndOver","PartTime"
"15499","35AndOver","PartTime"
"15500","35AndOver","PartTime"
"15501","35AndOver","PartTime"
"15502","35AndOver","PartTime"
"15503","35AndOver","PartTime"
"15504","35AndOver","PartTime"
"15505","35AndOver","PartTime"
"15506","35AndOver","PartTime"
"15507","35AndOver","PartTime"
"15508","35AndOver","PartTime"
"15509","35AndOver","PartTime"
"15510","35AndOver","PartTime"
"15511","35AndOver","PartTime"
"15512","35AndOver","PartTime"
"15513","35AndOver","PartTime"
"15514","35AndOver","PartTime"
"15515","35AndOver","PartTime"
"15516","35AndOver","PartTime"
"15517","35AndOver","PartTime"
"15518","35AndOver","PartTime"
"15519","35AndOver","PartTime"
"15520","35AndOver","PartTime"
"15521","35AndOver","PartTime"
"15522","35AndOver","PartTime"
"15523","35AndOver","PartTime"
"15524","35AndOver","PartTime"
"15525","35AndOver","PartTime"
"15526","35AndOver","PartTime"
"15527","35AndOver","PartTime"
"15528","35AndOver","PartTime"
"15529","35AndOver","PartTime"
"15530","35AndOver","PartTime"
"15531","35AndOver","PartTime"
"15532","35AndOver","PartTime"
"15533","35AndOver","PartTime"
"15534","35AndOver","PartTime"
"15535","35AndOver","PartTime"
"15536","35AndOver","PartTime"
"15537","35AndOver","PartTime"
"15538","35AndOver","PartTime"
"15539","35AndOver","PartTime"
"15540","35AndOver","PartTime"
"15541","35AndOver","PartTime"
"15542","35AndOver","PartTime"
"15543","35AndOver","PartTime"
"15544","35AndOver","PartTime"
"15545","35AndOver","PartTime"
"15546","35AndOver","PartTime"
"15547","35AndOver","PartTime"
"15548","35AndOver","PartTime"
"15549","35AndOver","PartTime"
"15550","35AndOver","PartTime"
"15551","35AndOver","PartTime"
"15552","35AndOver","PartTime"
"15553","35AndOver","PartTime"
"15554","35AndOver","PartTime"
"15555","35AndOver","PartTime"
"15556","35AndOver","PartTime"
"15557","35AndOver","PartTime"
"15558","35AndOver","PartTime"
"15559","35AndOver","PartTime"
"15560","35AndOver","PartTime"
"15561","35AndOver","PartTime"
"15562","35AndOver","PartTime"
"15563","35AndOver","PartTime"
"15564","35AndOver","PartTime"
"15565","35AndOver","PartTime"
"15566","35AndOver","PartTime"
"15567","35AndOver","PartTime"
"15568","35AndOver","PartTime"
"15569","35AndOver","PartTime"
"15570","35AndOver","PartTime"
"15571","35AndOver","PartTime"
"15572","35AndOver","PartTime"
"15573","35AndOver","PartTime"
"15574","35AndOver","PartTime"
"15575","35AndOver","PartTime"
"15576","35AndOver","PartTime"
"15577","35AndOver","PartTime"
"15578","35AndOver","PartTime"
"15579","35AndOver","PartTime"
"15580","35AndOver","PartTime"
"15581","35AndOver","PartTime"
"15582","35AndOver","PartTime"
"15583","35AndOver","PartTime"
"15584","35AndOver","PartTime"
"15585","35AndOver","PartTime"
"15586","35AndOver","PartTime"
"15587","35AndOver","PartTime"
"15588","35AndOver","PartTime"
"15589","35AndOver","PartTime"
"15590","35AndOver","PartTime"
"15591","35AndOver","PartTime"
"15592","35AndOver","PartTime"
"15593","35AndOver","PartTime"
"15594","35AndOver","PartTime"
"15595","35AndOver","PartTime"
"15596","35AndOver","PartTime"
"15597","35AndOver","PartTime"
"15598","35AndOver","PartTime"
"15599","35AndOver","PartTime"
"15600","35AndOver","PartTime"
"15601","35AndOver","PartTime"
"15602","35AndOver","PartTime"
"15603","35AndOver","PartTime"
"15604","35AndOver","PartTime"
"15605","35AndOver","PartTime"
"15606","35AndOver","PartTime"
"15607","35AndOver","PartTime"
"15608","35AndOver","PartTime"
"15609","35AndOver","PartTime"
"15610","35AndOver","PartTime"
"15611","35AndOver","PartTime"
"15612","35AndOver","PartTime"
"15613","35AndOver","PartTime"
"15614","35AndOver","PartTime"
"15615","35AndOver","PartTime"
"15616","35AndOver","PartTime"
"15617","35AndOver","PartTime"
"15618","35AndOver","PartTime"
"15619","35AndOver","PartTime"
"15620","35AndOver","PartTime"
"15621","35AndOver","PartTime"
"15622","35AndOver","PartTime"
"15623","35AndOver","PartTime"
"15624","35AndOver","PartTime"
"15625","35AndOver","PartTime"
"15626","35AndOver","PartTime"
"15627","35AndOver","PartTime"
"15628","35AndOver","PartTime"
"15629","35AndOver","PartTime"
"15630","35AndOver","PartTime"
"15631","35AndOver","PartTime"
"15632","35AndOver","PartTime"
"15633","35AndOver","PartTime"
"15634","35AndOver","PartTime"
"15635","35AndOver","PartTime"
"15636","35AndOver","PartTime"
"15637","35AndOver","PartTime"
"15638","35AndOver","PartTime"
"15639","35AndOver","PartTime"
"15640","35AndOver","PartTime"
"15641","35AndOver","PartTime"
"15642","35AndOver","PartTime"
"15643","35AndOver","PartTime"
"15644","35AndOver","PartTime"
"15645","35AndOver","PartTime"
"15646","35AndOver","PartTime"
"15647","35AndOver","PartTime"
"15648","35AndOver","PartTime"
"15649","35AndOver","PartTime"
"15650","35AndOver","PartTime"
"15651","35AndOver","PartTime"
"15652","35AndOver","PartTime"
"15653","35AndOver","PartTime"
"15654","35AndOver","PartTime"
"15655","35AndOver","PartTime"
"15656","35AndOver","PartTime"
"15657","35AndOver","PartTime"
"15658","35AndOver","PartTime"
"15659","35AndOver","PartTime"
"15660","35AndOver","PartTime"
"15661","35AndOver","PartTime"
"15662","35AndOver","PartTime"
"15663","35AndOver","PartTime"
"15664","35AndOver","PartTime"
"15665","35AndOver","PartTime"
"15666","35AndOver","PartTime"
"15667","35AndOver","PartTime"
"15668","35AndOver","PartTime"
"15669","35AndOver","PartTime"
"15670","35AndOver","PartTime"
"15671","35AndOver","PartTime"
"15672","35AndOver","PartTime"
"15673","35AndOver","PartTime"
"15674","35AndOver","PartTime"
"15675","35AndOver","PartTime"
"15676","35AndOver","PartTime"
"15677","35AndOver","PartTime"
"15678","35AndOver","PartTime"
"15679","35AndOver","PartTime"
"15680","35AndOver","PartTime"
"15681","35AndOver","PartTime"
"15682","35AndOver","PartTime"
"15683","35AndOver","PartTime"
"15684","35AndOver","PartTime"
"15685","35AndOver","PartTime"
"15686","35AndOver","PartTime"
"15687","35AndOver","PartTime"
"15688","35AndOver","PartTime"
"15689","35AndOver","PartTime"
"15690","35AndOver","PartTime"
"15691","35AndOver","PartTime"
"15692","35AndOver","PartTime"
"15693","35AndOver","PartTime"
"15694","35AndOver","PartTime"
"15695","35AndOver","PartTime"
"15696","35AndOver","PartTime"
"15697","35AndOver","PartTime"
"15698","35AndOver","PartTime"
"15699","35AndOver","PartTime"
"15700","35AndOver","PartTime"
"15701","35AndOver","PartTime"
"15702","35AndOver","PartTime"
"15703","35AndOver","PartTime"
"15704","35AndOver","PartTime"
"15705","35AndOver","PartTime"
"15706","35AndOver","PartTime"
"15707","35AndOver","PartTime"
"15708","35AndOver","PartTime"
"15709","35AndOver","PartTime"
"15710","35AndOver","PartTime"
"15711","35AndOver","PartTime"
"15712","35AndOver","PartTime"
"15713","35AndOver","PartTime"
"15714","35AndOver","PartTime"
"15715","35AndOver","PartTime"
"15716","35AndOver","PartTime"
"15717","35AndOver","PartTime"
"15718","35AndOver","PartTime"
"15719","35AndOver","PartTime"
"15720","35AndOver","PartTime"
"15721","35AndOver","PartTime"
"15722","35AndOver","PartTime"
"15723","35AndOver","PartTime"
"15724","35AndOver","PartTime"
"15725","35AndOver","PartTime"
"15726","35AndOver","PartTime"
"15727","35AndOver","PartTime"
"15728","35AndOver","PartTime"
"15729","35AndOver","PartTime"
"15730","35AndOver","PartTime"
"15731","35AndOver","PartTime"
"15732","35AndOver","PartTime"
"15733","35AndOver","PartTime"
"15734","35AndOver","PartTime"
"15735","35AndOver","PartTime"
"15736","35AndOver","PartTime"
"15737","35AndOver","PartTime"
"15738","35AndOver","PartTime"
"15739","35AndOver","PartTime"
"15740","35AndOver","PartTime"
"15741","35AndOver","PartTime"
"15742","35AndOver","PartTime"
"15743","35AndOver","PartTime"
"15744","35AndOver","PartTime"
"15745","35AndOver","PartTime"
"15746","35AndOver","PartTime"
"15747","35AndOver","PartTime"
"15748","35AndOver","PartTime"
"15749","35AndOver","PartTime"
"15750","35AndOver","PartTime"
"15751","35AndOver","PartTime"
"15752","35AndOver","PartTime"
"15753","35AndOver","PartTime"
"15754","35AndOver","PartTime"
"15755","35AndOver","PartTime"
"15756","35AndOver","PartTime"
"15757","35AndOver","PartTime"
"15758","35AndOver","PartTime"
"15759","35AndOver","PartTime"
"15760","35AndOver","PartTime"
"15761","35AndOver","PartTime"
"15762","35AndOver","PartTime"
"15763","35AndOver","PartTime"
"15764","35AndOver","PartTime"
"15765","35AndOver","PartTime"
"15766","35AndOver","PartTime"
"15767","35AndOver","PartTime"
"15768","35AndOver","PartTime"
"15769","35AndOver","PartTime"
"15770","35AndOver","PartTime"
"15771","35AndOver","PartTime"
"15772","35AndOver","PartTime"
"15773","35AndOver","PartTime"
"15774","35AndOver","PartTime"
"15775","35AndOver","PartTime"
"15776","35AndOver","PartTime"
"15777","35AndOver","PartTime"
"15778","35AndOver","PartTime"
"15779","35AndOver","PartTime"
"15780","35AndOver","PartTime"
"15781","35AndOver","PartTime"
"15782","35AndOver","PartTime"
"15783","35AndOver","PartTime"
"15784","35AndOver","PartTime"
"15785","35AndOver","PartTime"
"15786","35AndOver","PartTime"
"15787","35AndOver","PartTime"
"15788","35AndOver","PartTime"
"15789","35AndOver","PartTime"
"15790","35AndOver","PartTime"
"15791","35AndOver","PartTime"
"15792","35AndOver","PartTime"
"15793","35AndOver","PartTime"
"15794","35AndOver","PartTime"
"15795","35AndOver","PartTime"
"15796","35AndOver","PartTime"
"15797","35AndOver","PartTime"
"15798","35AndOver","PartTime"
"15799","35AndOver","PartTime"
"15800","35AndOver","PartTime"
"15801","35AndOver","PartTime"
"15802","35AndOver","PartTime"
"15803","35AndOver","PartTime"
"15804","35AndOver","PartTime"
"15805","35AndOver","PartTime"
"15806","35AndOver","PartTime"
"15807","35AndOver","PartTime"
"15808","35AndOver","PartTime"
"15809","35AndOver","PartTime"
"15810","35AndOver","PartTime"
"15811","35AndOver","PartTime"
"15812","35AndOver","PartTime"
"15813","35AndOver","PartTime"
"15814","35AndOver","PartTime"
"15815","35AndOver","PartTime"
"15816","35AndOver","PartTime"
"15817","35AndOver","PartTime"
"15818","35AndOver","PartTime"
"15819","35AndOver","PartTime"
"15820","35AndOver","PartTime"
"15821","35AndOver","PartTime"
"15822","35AndOver","PartTime"
"15823","35AndOver","PartTime"
"15824","35AndOver","PartTime"
"15825","35AndOver","PartTime"
"15826","35AndOver","PartTime"
"15827","35AndOver","PartTime"
"15828","35AndOver","PartTime"
"15829","35AndOver","PartTime"
"15830","35AndOver","PartTime"
"15831","35AndOver","PartTime"
"15832","35AndOver","PartTime"
"15833","35AndOver","PartTime"
"15834","35AndOver","PartTime"
"15835","35AndOver","PartTime"
"15836","35AndOver","PartTime"
"15837","35AndOver","PartTime"
"15838","35AndOver","PartTime"
"15839","35AndOver","PartTime"
"15840","35AndOver","PartTime"
"15841","35AndOver","PartTime"
"15842","35AndOver","PartTime"
"15843","35AndOver","PartTime"
"15844","35AndOver","PartTime"
"15845","35AndOver","PartTime"
"15846","35AndOver","PartTime"
"15847","35AndOver","PartTime"
"15848","35AndOver","PartTime"
"15849","35AndOver","PartTime"
"15850","35AndOver","PartTime"
"15851","35AndOver","PartTime"
"15852","35AndOver","PartTime"
"15853","35AndOver","PartTime"
"15854","35AndOver","PartTime"
"15855","35AndOver","PartTime"
"15856","35AndOver","PartTime"
"15857","35AndOver","PartTime"
"15858","35AndOver","PartTime"
"15859","35AndOver","PartTime"
"15860","35AndOver","PartTime"
"15861","35AndOver","PartTime"
"15862","35AndOver","PartTime"
"15863","35AndOver","PartTime"
"15864","35AndOver","PartTime"
"15865","35AndOver","PartTime"
"15866","35AndOver","PartTime"
"15867","35AndOver","PartTime"
"15868","35AndOver","PartTime"
"15869","35AndOver","PartTime"
"15870","35AndOver","PartTime"
"15871","35AndOver","PartTime"
"15872","35AndOver","PartTime"
"15873","35AndOver","PartTime"
"15874","35AndOver","PartTime"
"15875","35AndOver","PartTime"
"15876","35AndOver","PartTime"
"15877","35AndOver","PartTime"
"15878","35AndOver","PartTime"
"15879","35AndOver","PartTime"
"15880","35AndOver","PartTime"
"15881","35AndOver","PartTime"
"15882","35AndOver","PartTime"
"15883","35AndOver","PartTime"
"15884","35AndOver","PartTime"
"15885","35AndOver","PartTime"
"15886","35AndOver","PartTime"
"15887","35AndOver","PartTime"
"15888","35AndOver","PartTime"
"15889","35AndOver","PartTime"
"15890","35AndOver","PartTime"
"15891","35AndOver","PartTime"
"15892","35AndOver","PartTime"
"15893","35AndOver","PartTime"
"15894","35AndOver","PartTime"
"15895","35AndOver","PartTime"
"15896","35AndOver","PartTime"
"15897","35AndOver","PartTime"
"15898","35AndOver","PartTime"
"15899","35AndOver","PartTime"
"15900","35AndOver","PartTime"
"15901","35AndOver","PartTime"
"15902","35AndOver","PartTime"
"15903","35AndOver","PartTime"
"15904","35AndOver","PartTime"
"15905","35AndOver","PartTime"
"15906","35AndOver","PartTime"
"15907","35AndOver","PartTime"
"15908","35AndOver","PartTime"
"15909","35AndOver","PartTime"
"15910","35AndOver","PartTime"
"15911","35AndOver","PartTime"
"15912","35AndOver","PartTime"
"15913","35AndOver","PartTime"
"15914","35AndOver","PartTime"
"15915","35AndOver","PartTime"
"15916","35AndOver","PartTime"
"15917","35AndOver","PartTime"
"15918","35AndOver","PartTime"
"15919","35AndOver","PartTime"
"15920","35AndOver","PartTime"
"15921","35AndOver","PartTime"
"15922","35AndOver","PartTime"
"15923","35AndOver","PartTime"
"15924","35AndOver","PartTime"
"15925","35AndOver","PartTime"
"15926","35AndOver","PartTime"
"15927","35AndOver","PartTime"
"15928","35AndOver","PartTime"
"15929","35AndOver","PartTime"
"15930","35AndOver","PartTime"
"15931","35AndOver","PartTime"
"15932","35AndOver","PartTime"
"15933","35AndOver","PartTime"
"15934","35AndOver","PartTime"
"15935","35AndOver","PartTime"
"15936","35AndOver","PartTime"
"15937","35AndOver","PartTime"
"15938","35AndOver","PartTime"
"15939","35AndOver","PartTime"
"15940","35AndOver","PartTime"
"15941","35AndOver","PartTime"
"15942","35AndOver","PartTime"
"15943","35AndOver","PartTime"
"15944","35AndOver","PartTime"
"15945","35AndOver","PartTime"
"15946","35AndOver","PartTime"
"15947","35AndOver","PartTime"
"15948","35AndOver","PartTime"
"15949","35AndOver","PartTime"
"15950","35AndOver","PartTime"
"15951","35AndOver","PartTime"
"15952","35AndOver","PartTime"
"15953","35AndOver","PartTime"
"15954","35AndOver","PartTime"
"15955","35AndOver","PartTime"
"15956","35AndOver","PartTime"
"15957","35AndOver","PartTime"
"15958","35AndOver","PartTime"
"15959","35AndOver","PartTime"
"15960","35AndOver","PartTime"
"15961","35AndOver","PartTime"
"15962","35AndOver","PartTime"
"15963","35AndOver","PartTime"
"15964","35AndOver","PartTime"
"15965","35AndOver","PartTime"
"15966","35AndOver","PartTime"
"15967","35AndOver","PartTime"
"15968","35AndOver","PartTime"
"15969","35AndOver","PartTime"
"15970","35AndOver","PartTime"
"15971","35AndOver","PartTime"
"15972","35AndOver","PartTime"
"15973","35AndOver","PartTime"
"15974","35AndOver","PartTime"
"15975","35AndOver","PartTime"
"15976","35AndOver","PartTime"
"15977","35AndOver","PartTime"
"15978","35AndOver","PartTime"
"15979","35AndOver","PartTime"
"15980","35AndOver","PartTime"
"15981","35AndOver","PartTime"
"15982","35AndOver","PartTime"
"15983","35AndOver","PartTime"
"15984","35AndOver","PartTime"
"15985","35AndOver","PartTime"
"15986","35AndOver","PartTime"
"15987","35AndOver","PartTime"
"15988","35AndOver","PartTime"
"15989","35AndOver","PartTime"
"15990","35AndOver","PartTime"
"15991","35AndOver","PartTime"
"15992","35AndOver","PartTime"
"15993","35AndOver","PartTime"
"15994","35AndOver","PartTime"
"15995","35AndOver","PartTime"
"15996","35AndOver","PartTime"
"15997","35AndOver","PartTime"
"15998","35AndOver","PartTime"
"15999","35AndOver","PartTime"
"16000","35AndOver","PartTime"
"16001","35AndOver","PartTime"
"16002","35AndOver","PartTime"
"16003","35AndOver","PartTime"
"16004","35AndOver","PartTime"
"16005","35AndOver","PartTime"
"16006","35AndOver","PartTime"
"16007","35AndOver","PartTime"
"16008","35AndOver","PartTime"
"16009","35AndOver","PartTime"
"16010","35AndOver","PartTime"
"16011","35AndOver","PartTime"
"16012","35AndOver","PartTime"
"16013","35AndOver","PartTime"
"16014","35AndOver","PartTime"
"16015","35AndOver","PartTime"
"16016","35AndOver","PartTime"
"16017","35AndOver","PartTime"
"16018","35AndOver","PartTime"
"16019","35AndOver","PartTime"
"16020","35AndOver","PartTime"
"16021","35AndOver","PartTime"
"16022","35AndOver","PartTime"
"16023","35AndOver","PartTime"
"16024","35AndOver","PartTime"
"16025","35AndOver","PartTime"
"16026","35AndOver","PartTime"
"16027","35AndOver","PartTime"
"16028","35AndOver","PartTime"
"16029","35AndOver","PartTime"
"16030","35AndOver","PartTime"
"16031","35AndOver","PartTime"
"16032","35AndOver","PartTime"
"16033","35AndOver","PartTime"
"16034","35AndOver","PartTime"
"16035","35AndOver","PartTime"
"16036","35AndOver","PartTime"
"16037","35AndOver","PartTime"
"16038","35AndOver","PartTime"
"16039","35AndOver","PartTime"
"16040","35AndOver","PartTime"
"16041","35AndOver","PartTime"
"16042","35AndOver","PartTime"
"16043","35AndOver","PartTime"
"16044","35AndOver","PartTime"
"16045","35AndOver","PartTime"
"16046","35AndOver","PartTime"
"16047","35AndOver","PartTime"
"16048","35AndOver","PartTime"
"16049","35AndOver","PartTime"
"16050","35AndOver","PartTime"
"16051","35AndOver","PartTime"
"16052","35AndOver","PartTime"
"16053","35AndOver","PartTime"
"16054","35AndOver","PartTime"
"16055","35AndOver","PartTime"
"16056","35AndOver","PartTime"
"16057","35AndOver","PartTime"
"16058","35AndOver","PartTime"
"16059","35AndOver","PartTime"
"16060","35AndOver","PartTime"
"16061","35AndOver","PartTime"
"16062","35AndOver","PartTime"
"16063","35AndOver","PartTime"
"16064","35AndOver","PartTime"
"16065","35AndOver","PartTime"
"16066","35AndOver","PartTime"
"16067","35AndOver","PartTime"
"16068","35AndOver","PartTime"
"16069","35AndOver","PartTime"
"16070","35AndOver","PartTime"
"16071","35AndOver","PartTime"
"16072","35AndOver","PartTime"
"16073","35AndOver","PartTime"
"16074","35AndOver","PartTime"
"16075","35AndOver","PartTime"
"16076","35AndOver","PartTime"
"16077","35AndOver","PartTime"
"16078","35AndOver","PartTime"
"16079","35AndOver","PartTime"
"16080","35AndOver","PartTime"
"16081","35AndOver","PartTime"
"16082","35AndOver","PartTime"
"16083","35AndOver","PartTime"
"16084","35AndOver","PartTime"
"16085","35AndOver","PartTime"
"16086","35AndOver","PartTime"
"16087","35AndOver","PartTime"
"16088","35AndOver","PartTime"
"16089","35AndOver","PartTime"
"16090","35AndOver","PartTime"
"16091","35AndOver","PartTime"
"16092","35AndOver","PartTime"
"16093","35AndOver","PartTime"
"16094","35AndOver","PartTime"
"16095","35AndOver","PartTime"
"16096","35AndOver","PartTime"
"16097","35AndOver","PartTime"
"16098","35AndOver","PartTime"
"16099","35AndOver","PartTime"
"16100","35AndOver","PartTime"
"16101","35AndOver","PartTime"
"16102","35AndOver","PartTime"
"16103","35AndOver","PartTime"
"16104","35AndOver","PartTime"
"16105","35AndOver","PartTime"
"16106","35AndOver","PartTime"
"16107","35AndOver","PartTime"
"16108","35AndOver","PartTime"
"16109","35AndOver","PartTime"
"16110","35AndOver","PartTime"
"16111","35AndOver","PartTime"
"16112","35AndOver","PartTime"
"16113","35AndOver","PartTime"
"16114","35AndOver","PartTime"
"16115","35AndOver","PartTime"
"16116","35AndOver","PartTime"
"16117","35AndOver","PartTime"
"16118","35AndOver","PartTime"
"16119","35AndOver","PartTime"
"16120","35AndOver","PartTime"
"16121","35AndOver","PartTime"
"16122","35AndOver","PartTime"
"16123","35AndOver","PartTime"
"16124","35AndOver","PartTime"
"16125","35AndOver","PartTime"
"16126","35AndOver","PartTime"
"16127","35AndOver","PartTime"
"16128","35AndOver","PartTime"
"16129","35AndOver","PartTime"
"16130","35AndOver","PartTime"
"16131","35AndOver","PartTime"
"16132","35AndOver","PartTime"
"16133","35AndOver","PartTime"
"16134","35AndOver","PartTime"
"16135","35AndOver","PartTime"
"16136","35AndOver","PartTime"
"16137","35AndOver","PartTime"
"16138","35AndOver","PartTime"
"16139","35AndOver","PartTime"
"16140","35AndOver","PartTime"
"16141","35AndOver","PartTime"
"16142","35AndOver","PartTime"
"16143","35AndOver","PartTime"
"16144","35AndOver","PartTime"
"16145","35AndOver","PartTime"
"16146","35AndOver","PartTime"
"16147","35AndOver","PartTime"
"16148","35AndOver","PartTime"
"16149","35AndOver","PartTime"
"16150","35AndOver","PartTime"
"16151","35AndOver","PartTime"
"16152","35AndOver","PartTime"
"16153","35AndOver","PartTime"
"16154","35AndOver","PartTime"
"16155","35AndOver","PartTime"
"16156","35AndOver","PartTime"
"16157","35AndOver","PartTime"
"16158","35AndOver","PartTime"
"16159","35AndOver","PartTime"
"16160","35AndOver","PartTime"
"16161","35AndOver","PartTime"
"16162","35AndOver","PartTime"
"16163","35AndOver","PartTime"
"16164","35AndOver","PartTime"
"16165","35AndOver","PartTime"
"16166","35AndOver","PartTime"
"16167","35AndOver","PartTime"
"16168","35AndOver","PartTime"
"16169","35AndOver","PartTime"
"16170","35AndOver","PartTime"
"16171","35AndOver","PartTime"
"16172","35AndOver","PartTime"
"16173","35AndOver","PartTime"
"16174","35AndOver","PartTime"
"16175","35AndOver","PartTime"
"16176","35AndOver","PartTime"
"16177","35AndOver","PartTime"
"16178","35AndOver","PartTime"
"16179","35AndOver","PartTime"
"16180","35AndOver","PartTime"
"16181","35AndOver","PartTime"
"16182","35AndOver","PartTime"
"16183","35AndOver","PartTime"
"16184","35AndOver","PartTime"
"16185","35AndOver","PartTime"
"16186","35AndOver","PartTime"
"16187","35AndOver","PartTime"
"16188","35AndOver","PartTime"
"16189","35AndOver","PartTime"
"16190","35AndOver","PartTime"
"16191","35AndOver","PartTime"
"16192","35AndOver","PartTime"
"16193","35AndOver","PartTime"
"16194","35AndOver","PartTime"
"16195","35AndOver","PartTime"
"16196","35AndOver","PartTime"
"16197","35AndOver","PartTime"
"16198","35AndOver","PartTime"
"16199","35AndOver","PartTime"
"16200","35AndOver","PartTime"
"16201","35AndOver","PartTime"
"16202","35AndOver","PartTime"
"16203","35AndOver","PartTime"
"16204","35AndOver","PartTime"
"16205","35AndOver","PartTime"
"16206","35AndOver","PartTime"
"16207","35AndOver","PartTime"
"16208","35AndOver","PartTime"
"16209","35AndOver","PartTime"
"16210","35AndOver","PartTime"
"16211","35AndOver","PartTime"
"16212","35AndOver","PartTime"
"16213","35AndOver","PartTime"
"16214","35AndOver","PartTime"
"16215","35AndOver","PartTime"
"16216","35AndOver","PartTime"
"16217","35AndOver","PartTime"
"16218","35AndOver","PartTime"
"16219","35AndOver","PartTime"
"16220","35AndOver","PartTime"
"16221","35AndOver","PartTime"
"16222","35AndOver","PartTime"
"16223","35AndOver","PartTime"
"16224","35AndOver","PartTime"
"16225","35AndOver","PartTime"
"16226","35AndOver","PartTime"
"16227","35AndOver","PartTime"
"16228","35AndOver","PartTime"
"16229","35AndOver","PartTime"
"16230","35AndOver","PartTime"
"16231","35AndOver","PartTime"
"16232","35AndOver","PartTime"
"16233","35AndOver","PartTime"
"16234","35AndOver","PartTime"
"16235","35AndOver","PartTime"
"16236","35AndOver","PartTime"
"16237","35AndOver","PartTime"
"16238","35AndOver","PartTime"
"16239","35AndOver","PartTime"
"16240","35AndOver","PartTime"
"16241","35AndOver","PartTime"
"16242","35AndOver","PartTime"
"16243","35AndOver","PartTime"
"16244","35AndOver","PartTime"
"16245","35AndOver","PartTime"
"16246","35AndOver","PartTime"
"16247","35AndOver","PartTime"
"16248","35AndOver","PartTime"
"16249","35AndOver","PartTime"
"16250","35AndOver","PartTime"
"16251","35AndOver","PartTime"
"16252","35AndOver","PartTime"
"16253","35AndOver","PartTime"
"16254","35AndOver","PartTime"
"16255","35AndOver","PartTime"
"16256","35AndOver","PartTime"
"16257","35AndOver","PartTime"
"16258","35AndOver","PartTime"
"16259","35AndOver","PartTime"
"16260","35AndOver","PartTime"
"16261","35AndOver","PartTime"
"16262","35AndOver","PartTime"
"16263","35AndOver","PartTime"
"16264","35AndOver","PartTime"
"16265","35AndOver","PartTime"
"16266","35AndOver","PartTime"
"16267","35AndOver","PartTime"
"16268","35AndOver","PartTime"
"16269","35AndOver","PartTime"
"16270","35AndOver","PartTime"
"16271","35AndOver","PartTime"
"16272","35AndOver","PartTime"
"16273","35AndOver","PartTime"
"16274","35AndOver","PartTime"
"16275","35AndOver","PartTime"
"16276","35AndOver","PartTime"
"16277","35AndOver","PartTime"
"16278","35AndOver","PartTime"
"16279","35AndOver","PartTime"
"16280","35AndOver","PartTime"
"16281","35AndOver","PartTime"
"16282","35AndOver","PartTime"
"16283","35AndOver","PartTime"
"16284","35AndOver","PartTime"
"16285","35AndOver","PartTime"
"16286","35AndOver","PartTime"
"16287","35AndOver","PartTime"
"16288","35AndOver","PartTime"
"16289","35AndOver","PartTime"
"16290","35AndOver","PartTime"
"16291","35AndOver","PartTime"
"16292","35AndOver","PartTime"
"16293","35AndOver","PartTime"
"16294","35AndOver","PartTime"
"16295","35AndOver","PartTime"
"16296","35AndOver","PartTime"
"16297","35AndOver","PartTime"
"16298","35AndOver","PartTime"
"16299","35AndOver","PartTime"
"16300","35AndOver","PartTime"
"16301","35AndOver","PartTime"
"16302","35AndOver","PartTime"
"16303","35AndOver","PartTime"
"16304","35AndOver","PartTime"
"16305","35AndOver","PartTime"
"16306","35AndOver","PartTime"
"16307","35AndOver","PartTime"
"16308","35AndOver","PartTime"
"16309","35AndOver","PartTime"
"16310","35AndOver","PartTime"
"16311","35AndOver","PartTime"
"16312","35AndOver","PartTime"
"16313","35AndOver","PartTime"
"16314","35AndOver","PartTime"
"16315","35AndOver","PartTime"
"16316","35AndOver","PartTime"
"16317","35AndOver","PartTime"
"16318","35AndOver","PartTime"
"16319","35AndOver","PartTime"
"16320","35AndOver","PartTime"
"16321","35AndOver","PartTime"
"16322","35AndOver","PartTime"
"16323","35AndOver","PartTime"
"16324","35AndOver","PartTime"
"16325","35AndOver","PartTime"
"16326","35AndOver","PartTime"
"16327","35AndOver","PartTime"
"16328","35AndOver","PartTime"
"16329","35AndOver","PartTime"
"16330","35AndOver","PartTime"
"16331","35AndOver","PartTime"
"16332","35AndOver","PartTime"
"16333","35AndOver","PartTime"
"16334","35AndOver","PartTime"
"16335","35AndOver","PartTime"
"16336","35AndOver","PartTime"
"16337","35AndOver","PartTime"
"16338","35AndOver","PartTime"
"16339","35AndOver","PartTime"
"16340","35AndOver","PartTime"
"16341","35AndOver","PartTime"
"16342","35AndOver","PartTime"
"16343","35AndOver","PartTime"
"16344","35AndOver","PartTime"
"16345","35AndOver","PartTime"
"16346","35AndOver","PartTime"
"16347","35AndOver","PartTime"
"16348","35AndOver","PartTime"
"16349","35AndOver","PartTime"
"16350","35AndOver","PartTime"
"16351","35AndOver","PartTime"
"16352","35AndOver","PartTime"
"16353","35AndOver","PartTime"
"16354","35AndOver","PartTime"
"16355","35AndOver","PartTime"
"16356","35AndOver","PartTime"
"16357","35AndOver","PartTime"
"16358","35AndOver","PartTime"
"16359","35AndOver","PartTime"
"16360","35AndOver","PartTime"
"16361","35AndOver","PartTime"
"16362","35AndOver","PartTime"
"16363","35AndOver","PartTime"
"16364","35AndOver","PartTime"
"16365","35AndOver","PartTime"
"16366","35AndOver","PartTime"
"16367","35AndOver","PartTime"
"16368","35AndOver","PartTime"
"16369","35AndOver","PartTime"
"16370","35AndOver","PartTime"
"16371","35AndOver","PartTime"
"16372","35AndOver","PartTime"
"16373","35AndOver","PartTime"
"16374","35AndOver","PartTime"
"16375","35AndOver","PartTime"
"16376","35AndOver","PartTime"
"16377","35AndOver","PartTime"
"16378","35AndOver","PartTime"
"16379","35AndOver","PartTime"
"16380","35AndOver","PartTime"
"16381","35AndOver","PartTime"
"16382","35AndOver","PartTime"
"16383","35AndOver","PartTime"
"16384","35AndOver","PartTime"
"16385","35AndOver","PartTime"
"16386","35AndOver","PartTime"
"16387","35AndOver","PartTime"
"16388","35AndOver","PartTime"
