01001;94.4359;221;81.6601;107.2116;12.1594;-37.9201;165
01003;81.2672;845;75.7344;86.8;6.2337;-17.5085;737
01005;85.3274;164;72.0987;98.5562;2.598;-29.2647;132
01007;93.06;144;77.7693;108.3507;8.2686;-39.0592;108
01009;76.8747;349;68.7898;84.9595;-0.7109;-15.668;315
01011;78.9638;42;54.1888;103.7388;-15.3119;-34.4473;38
01013;75.372;156;63.4258;87.3182;-6.0749;-18.0267;147
01015;85.785;898;80.1447;91.4252;10.644;-22.1337;723
01017;69.809;270;61.4233;78.1947;-8.0774;-8.9032;271
01019;74.2882;180;63.3928;85.1836;-6.1079;-15.8921;169
01021;86.3327;311;76.711;95.9543;7.2103;-26.6628;250
01023;94.096;118;77.1031;111.0888;7.6024;-41.7973;87
01025;77.4753;168;65.7281;89.2225;-3.7726;-19.931;150
01027;69.1248;118;56.4175;81.8321;-13.0832;-12.5406;125
01029;70.2868;108;56.9206;83.6531;-12.5801;-14.3616;107
01031;84.1482;332;75.07;93.2265;5.5693;-23.935;275
01033;87.1487;494;79.4418;94.8555;9.9411;-25.564;390
01035;81.6715;117;66.6517;96.6914;-2.849;-27.3999;102
01037;61.5711;73;47.1518;75.9904;-22.3489;-6.6989;83
01039;85.8207;414;77.4995;94.142;7.9988;-24.8505;339
01041;81.6094;131;67.4087;95.8102;-2.092;-26.5187;114
01043;79.8305;663;73.7444;85.9166;4.2437;-16.6251;577
01045;78.041;273;68.7203;87.3618;-0.7804;-18.0703;242
01047;82.2;242;71.7698;92.6302;2.2691;-23.3387;205
01049;66.5896;456;60.4638;72.7154;-9.0369;-3.4239;478
01051;83.2798;359;74.6412;91.9184;5.1405;-22.6269;298
01053;97.5112;317;86.7819;108.2405;17.2812;-38.949;225
01055;87.702;1020;82.2874;93.1165;12.7867;-23.825;808
01057;77.1706;178;65.7707;88.5706;-3.73;-19.2791;160
01059;78.8262;283;69.6209;88.0315;0.1202;-18.74;251
01061;86.7508;270;76.3341;97.1675;6.8334;-27.876;216
01063;58.2623;24;33.5816;82.9431;-35.9191;-13.6516;28
01065;56.3289;52;40.7851;71.8726;-28.7156;-2.5811;66
01067;92.7274;135;76.8592;108.5956;7.3585;-39.3041;104
01069;85.0015;560;77.9194;92.0836;8.4187;-22.7921;456
01071;83.7263;445;75.9033;91.5492;6.4026;-22.2577;366
01073;91.5075;4946;88.9537;94.0613;19.453;-24.7698;3747
01075;83.5258;169;70.816;96.2355;1.3153;-26.944;144
01077;71.6798;619;66.0228;77.3368;-3.4779;-8.0453;596
01079;83.779;246;73.2586;94.2994;3.7579;-25.0079;204
01081;74.0331;333;65.9791;82.0871;-3.5216;-12.7956;317
01083;85.1393;396;76.7276;93.551;7.2269;-24.2595;321
01085;60.309;30;35.8267;84.7913;-33.674;-15.4998;33
01087;63.9655;52;45.5084;82.4226;-23.9923;-13.1311;57
01089;77.619;1255;73.1763;82.0617;3.6756;-12.7702;1129
01091;78.6764;120;64.5686;92.7841;-4.9321;-23.4926;106
01093;69.2804;268;60.9599;77.6009;-8.5408;-8.3094;272
01095;75.534;631;69.6348;81.4331;0.1341;-12.1416;576
01097;99.3956;2733;95.6433;103.148;26.1426;-33.8565;1913
01099;76.5837;139;63.8275;89.34;-5.6732;-20.0485;126
01101;85.2261;1110;80.1755;90.2767;10.6748;-20.9852;905
01103;75.957;702;70.3099;81.604;0.8092;-12.3125;638
01105;74.0972;61;55.0666;93.1277;-14.4341;-23.8362;60
01107;76.7099;147;64.1399;89.2799;-5.3608;-19.9884;134
01109;86.1454;198;74.0008;98.2901;4.5001;-28.9986;160
01111;64.4633;151;54.0569;74.8697;-15.4438;-5.5782;164
01113;101.7814;344;90.899;112.6637;21.3983;-43.3722;231
01115;89.3292;405;80.6076;98.0509;11.1069;-28.7594;314
01117;76.7149;464;69.6349;83.795;0.1342;-14.5035;419
01119;77.7746;57;57.158;98.3911;-12.3427;-29.0996;51
01121;79.1049;516;72.2412;85.9686;2.7405;-16.6771;451
01123;72.5047;303;64.2691;80.7404;-5.2316;-11.4489;291
01125;81.6765;935;76.4316;86.9215;6.9309;-17.63;790
01127;95.4113;759;88.6185;102.204;19.1178;-32.9125;550
01129;77.0078;111;62.6742;91.3413;-6.8265;-22.0498;99
01131;72.9097;51;52.6067;93.2127;-16.894;-23.9212;48
01133;69.9146;190;59.9449;79.8843;-9.5558;-10.5928;188
02999;68.9851;1318;64.7306;73.2396;-4.7701;-3.9481;1481
04001;35.692;39;23.7616;47.6225;-45.7391;21.669;80
04003;62.3194;643;57.4571;67.1817;-12.0436;2.1098;730
04005;44.256;172;37.2944;51.2176;-32.2063;18.0739;283
04007;61.6127;349;54.9811;68.2443;-14.5196;1.0472;398
04009;51.9499;135;43.0832;60.8166;-26.4175;8.4749;179
04011;48.1318;50;34.1274;62.1361;-35.3733;7.1554;73
04013;61.6479;11707;60.5243;62.7715;-8.9764;6.52;13361
04015;83.9788;1052;78.6439;89.3137;9.1432;-20.0222;908
04017;64.051;232;55.6434;72.4586;-13.8573;-3.1671;255
04019;64.1597;4233;62.2134;66.1059;-7.2873;3.1856;4631
04021;58.4714;700;54.078;62.8648;-15.4227;6.4267;838
04023;41.5005;94;32.9665;50.0345;-36.5342;19.257;163
04025;65.3467;1066;61.205;69.4883;-8.2957;-0.1968;1178
04027;63.1462;808;58.6967;67.5957;-10.804;1.6958;906
05001;91.2726;245;79.8083;102.7368;10.3076;-33.4453;187
05003;99.5699;242;87.027;112.1128;17.5263;-42.8213;168
05005;81.6791;550;74.0276;89.3306;4.5269;-20.0391;497
05007;68.0739;898;63.4951;72.6527;-6.0056;-3.3612;932
05009;82.2028;339;73.2954;91.1102;3.7947;-21.8187;287
05011;81.6432;132;67.4663;95.8202;-2.0344;-26.5287;110
05013;94.5619;65;71.0787;118.0451;1.578;-48.7536;48
05015;68.4138;199;58.6385;78.1892;-10.8622;-8.8977;210
05017;72.2844;83;56.6109;87.9578;-12.8898;-18.6663;80
05019;71.9205;175;61.156;82.685;-8.3447;-13.3935;169
05021;89.7709;300;79.3766;100.1651;9.8759;-30.8736;236
05023;68.576;227;59.4102;77.7419;-10.0905;-8.4504;232
05025;92.7772;92;73.7543;111.8001;4.2536;-42.5086;68
05027;81.8396;216;70.8306;92.8487;1.3299;-23.5572;185
05029;74.0905;170;62.8897;85.2912;-6.611;-15.9997;161
05031;93.4897;642;86.2624;100.717;16.7617;-31.4255;474
05033;91.1218;405;82.2406;100.003;12.7399;-30.7115;309
05035;98.4987;265;86.4422;110.5551;16.9415;-41.2636;186
05037;98.9535;190;84.8387;113.0683;15.338;-43.7768;134
05039;98.3536;108;79.3293;117.3778;9.8286;-48.0863;77
05041;94.557;134;78.5026;110.6114;9.0019;-41.3199;98
05043;83.9498;137;69.7891;98.1106;0.2884;-28.8191;113
05045;86.1346;428;77.9743;94.2949;8.4736;-25.0034;345
05047;78.2856;170;66.3198;90.2515;-3.1809;-20.96;153
05049;81.8554;147;68.1421;95.5686;-1.3586;-26.2771;132
05051;81.0351;988;75.7734;86.2967;6.2727;-17.0052;880
05053;103.9658;168;88.2186;119.7131;18.7179;-50.4216;112
05055;77.6943;333;69.2922;86.0963;-0.2085;-16.8048;299
05057;84.3553;208;72.6956;96.015;3.1949;-26.7235;175
05059;86.6149;291;76.6139;96.6158;7.1132;-27.3243;235
05061;75.7639;127;62.1807;89.347;-7.32;-20.0555;121
05063;78.734;317;70.0247;87.4433;0.524;-18.1518;282
05065;72.9035;174;61.3688;84.4381;-8.1319;-15.1466;167
05067;91.4789;243;79.8732;103.0846;10.3725;-33.7931;185
05069;82.4298;537;75.4388;89.4208;5.9381;-20.1293;451
05071;86.1398;236;74.8972;97.3824;5.3965;-28.0909;196
05073;89.2205;86;70.0107;108.4304;0.51;-39.1389;70
05075;96.9432;266;85.0176;108.8689;15.5169;-39.5774;199
05077;96.5263;89;76.4228;116.6298;6.9221;-47.3383;64
05079;89.6094;97;71.728;107.4908;2.2273;-38.1993;75
05081;85.7288;117;70.0461;101.4115;0.5454;-32.12;94
05083;75.8473;238;66.0494;85.6451;-3.4513;-16.3536;219
05085;81.1575;297;71.9356;90.3795;2.4349;-21.088;254
05087;64.7344;117;52.8193;76.6495;-16.6814;-7.358;127
05089;71.1573;168;59.8649;82.4498;-9.6358;-13.1583;163
05091;87.8626;338;78.4668;97.2583;8.9661;-27.9668;270
05093;104.7598;500;95.5584;113.9612;26.0577;-44.6697;328
05095;103.4409;126;85.1909;121.6909;15.6902;-52.3994;85
05097;68.5391;101;54.3951;82.6832;-15.1056;-13.3917;101
05099;82.2127;108;66.1705;98.255;-3.3302;-28.9635;92
05101;84.2075;93;66.9191;101.4959;-2.5816;-32.2044;79
05103;90.6829;273;79.8646;101.5013;10.3639;-32.2098;210
05105;87.4675;99;70.0327;104.9022;0.532;-35.6107;80
05107;103.0407;202;88.7904;117.2909;19.2897;-47.9994;137
05109;83.2776;131;68.8088;97.7465;-0.6919;-28.455;109
05111;108.5581;351;97.1807;119.9355;27.68;-50.644;223
05113;72.0241;210;62.0113;82.037;-7.4894;-12.7455;208
05115;85.5503;403;77.1873;93.9132;7.6866;-24.6217;330
05117;83.6351;114;68.17;99.1003;-1.3307;-29.8088;94
05119;91.8427;2542;88.2644;95.4211;18.7637;-26.1296;1908
05121;83.8075;212;72.3465;95.2685;2.8458;-25.977;178
05123;104.8567;207;90.5561;119.1573;21.0554;-49.8658;136
05125;76.9589;459;69.884;84.0337;0.3833;-14.7422;411
05127;84.9674;135;70.4333;99.5015;0.9326;-30.21;113
05129;71.3381;106;57.4136;85.2626;-12.0871;-15.9711;106
05131;89.5591;972;83.925;95.1933;14.4243;-25.9018;755
05133;73.9892;139;61.4947;86.4838;-8.006;-17.1923;132
05135;69.6442;208;59.3195;79.9689;-10.1812;-10.6774;220
05137;66.2389;101;53.1009;79.3768;-16.3998;-10.0853;110
05139;86.2225;445;78.1494;94.2957;8.6487;-25.0042;359
05141;70.9345;178;59.9862;81.8828;-9.5145;-12.5913;186
05143;76.8054;833;71.5849;82.026;2.0842;-12.7345;757
05145;96.9609;648;89.4506;104.4713;19.9499;-35.1798;467
05147;107.6574;119;88.0031;127.3116;18.5024;-58.0201;77
05149;80.8464;213;69.8202;91.8726;0.3195;-22.5811;187
06001;65.0366;6122;63.4073;66.6659;-6.0934;2.6256;6507
06003;41.3987;3;0;155.203;-69.5007;-85.9115;6
06005;63.6304;243;55.4493;71.8116;-14.0514;-2.5201;269
06007;70.5247;1609;66.9645;74.0849;-2.5362;-4.7934;1600
06009;67.0154;285;59.0409;74.99;-10.4598;-5.6985;299
06011;72.6566;139;60.5132;84.8;-8.9875;-15.5085;131
06013;61.544;4024;59.632;63.4561;-9.8687;5.8354;4590
06015;81.3929;204;70.1228;92.6629;0.6221;-23.3714;177
06017;60.2859;681;55.6901;64.8817;-13.8106;4.4098;806
06019;63.1496;3328;61.0049;65.2943;-8.4958;3.9972;3668
06021;71.9264;224;62.4568;81.396;-7.0439;-12.1045;211
06023;74.2002;938;69.4448;78.9556;-0.0559;-9.6641;877
06025;66.23;664;61.1541;71.3059;-8.3466;-2.0144;702
06027;67.1657;191;57.4158;76.9156;-12.0849;-7.6241;198
06029;71.5997;3048;69.0426;74.1567;-0.4581;-4.8652;2981
06031;66.3015;445;60.13;72.4729;-9.3707;-3.1814;466
06033;89.8524;739;82.9523;96.7524;13.4516;-27.4609;597
06035;55.6475;138;46.2792;65.0159;-23.2215;4.2756;177
06037;60.0921;40526;59.5061;60.678;-9.9946;8.6135;46804
06039;68.0526;552;62.3536;73.7515;-7.1471;-4.46;566
06041;54.6833;1321;51.7121;57.6544;-17.7886;11.6371;1706
06043;53.2282;110;42.9985;63.458;-26.5022;5.8335;144
06045;71.9106;632;66.2795;77.5418;-3.2212;-8.2503;618
06047;74.4432;972;69.752;79.1344;0.2513;-9.8429;914
06049;54.5236;76;42.1101;66.9371;-27.3906;2.3544;98
06051;48.9887;30;29.9693;68.0081;-39.5314;1.2834;46
06053;61.8354;1640;58.8394;64.8314;-10.6613;4.4601;1852
06055;57.3916;879;53.5498;61.2334;-15.9509;8.0581;1054
06057;56.1104;568;51.3822;60.8386;-18.1185;8.4529;695
06059;62.735;10993;61.5546;63.9153;-7.9461;5.3762;12329
06061;68.2694;1076;64.1839;72.3549;-5.3168;-3.0634;1107
06063;58.1849;157;48.8724;67.4974;-20.6283;1.7941;191
06065;62.6751;6473;61.1174;64.2327;-8.3833;5.0588;7284
06067;72.8944;5686;70.9933;74.7954;1.4926;-5.5039;5481
06069;48.5424;147;40.6736;56.4112;-28.8271;12.8803;211
06071;69.0844;6636;67.421;70.7478;-2.0797;-1.4563;6684
06073;64.0233;12663;62.9059;65.1407;-6.5948;4.1508;13839
06075;65.398;4577;63.4878;67.3082;-6.0129;1.9833;4774
06077;70.1223;2774;67.5133;72.7312;-1.9874;-3.4397;2744
06079;61.058;1360;57.768;64.348;-11.7327;4.9435;1556
06081;60.4821;3782;58.5476;62.4166;-10.9531;6.8749;4374
06083;54.2344;1877;51.7786;56.6902;-17.7221;12.6013;2406
06085;57.5504;5923;56.0666;59.0342;-13.4341;10.2573;7288
06087;58.7705;1308;55.5498;61.9911;-13.9509;7.3004;1516
06089;81.959;1278;77.4362;86.4817;7.9355;-17.1902;1091
06091;40.2085;22;21.4711;58.9458;-48.0296;10.3457;38
06093;63.0578;370;56.5759;69.5397;-12.9248;-0.2482;412
06095;74.8604;1420;70.9444;78.7764;1.4437;-9.4849;1327
06097;63.8156;2539;61.3085;66.3227;-8.1922;2.9688;2768
06099;71.7803;2237;68.8042;74.7564;-0.6965;-5.4649;2168
06101;80.8771;489;73.7096;88.0446;4.2089;-18.7531;421
06103;73.5511;481;66.894;80.2082;-2.6067;-10.9167;453
06105;67.798;120;55.4592;80.1369;-14.0415;-10.8454;121
06107;67.7594;1868;64.6826;70.8363;-4.8181;-1.5448;1917
06109;63.9946;370;57.2492;70.74;-12.2515;-1.4485;413
06111;60.2186;2996;58.0526;62.3846;-11.4481;6.9069;3502
06113;73.1157;809;68.0802;78.1513;-1.4205;-8.8598;771
06115;87.8847;451;79.7218;96.0475;10.2211;-26.756;359
08001;63.5218;1115;59.6654;67.3783;-9.8353;1.9132;1269
08003;32.4257;39;22.1957;42.6556;-47.305;26.6359;82
08005;51.6992;1161;48.6126;54.7857;-20.8881;14.5058;1653
08007;42.7416;22;22.4669;63.0162;-47.0338;6.2753;40
08009;52.2979;44;36.4644;68.1314;-33.0363;1.1601;59
08011;49.8258;52;36.1365;63.515;-33.3642;5.7765;74
08013;43.3814;627;39.9503;46.8125;-29.5504;22.479;1026
08015;47.159;81;36.7016;57.6164;-32.7991;11.6751;118
08017;75.0532;25;44.3036;105.8028;-25.1971;-36.5113;24
08019;62.6996;38;42.2754;83.1238;-27.2253;-13.8323;45
08021;16.957;17;6.2644;27.6496;-63.2363;41.6419;69
08023;22.5466;11;1.211;43.8821;-68.2897;25.4094;34
08025;59.5292;35;38.4563;80.6022;-31.0444;-11.3107;40
08027;41.3616;11;13.5702;69.153;-55.9305;0.1385;18
08029;54.5065;215;46.9093;62.1037;-22.5914;7.1878;276
08031;52.6789;2794;50.7216;54.6362;-18.7791;14.6553;3634
08033;90.1326;20;45.8771;134.388;-23.6236;-65.0965;15
08035;39.956;90;31.2278;48.6843;-38.2729;20.6072;173
08037;42.8015;30;25.4575;60.1454;-44.0432;9.1461;57
08039;35.5536;29;21.5311;49.5762;-47.9696;19.7153;57
08041;49.6308;1270;46.8659;52.3957;-22.6348;16.8958;1799
08043;56.2861;284;49.5962;62.9761;-19.9045;6.3154;345
08045;52.5557;137;43.7398;61.3717;-25.7609;7.9198;181
08047;54.7868;12;17.3499;92.2238;-52.1508;-22.9323;17
08049;41.3384;25;23.498;59.1787;-46.0027;10.1128;46
08051;25.8319;16;11.561;40.1029;-57.9397;29.1886;47
08053;25.9367;2;0;108.4698;-69.5007;-39.1783;4
08055;41.292;49;29.311;53.273;-40.1897;16.0185;82
08057;20.5393;4;0;55.7542;-69.5007;13.5373;15
08059;52.3349;1574;49.6669;55.003;-19.8338;14.2885;2180
08061;31.2848;11;8.2047;54.3648;-61.296;14.9267;24
08063;47.5958;54;34.3436;60.848;-35.1571;8.4435;77
08065;61.1618;33;38.4583;83.8654;-31.0424;-14.5739;38
08067;43.5222;126;35.8842;51.1603;-33.6165;18.1312;200
08069;44.0456;626;40.5904;47.5009;-28.9103;21.7906;990
08071;39.3215;99;30.831;47.812;-38.6697;21.4795;171
08073;41.5054;33;25.5657;57.4451;-43.935;11.8464;54
08075;48.9997;122;40.2579;57.7416;-29.2428;11.5499;171
08077;63.1024;656;58.2533;67.9516;-11.2474;1.3399;728
08079;57.4986;3;0;150.2559;-69.5007;-80.9644;6
08081;58.8389;55;43.1011;74.5767;-26.3996;-5.2852;67
08083;55.519;107;44.8247;66.2133;-24.676;3.0782;135
08085;68.2496;222;59.2244;77.2747;-10.2763;-7.9832;230
08087;49.772;147;41.6467;57.8973;-27.854;11.3942;204
08089;53.6828;171;45.532;61.8335;-23.9687;7.458;214
08091;33.415;10;4.4156;62.4144;-65.0851;6.8771;20
08093;27.6925;17;8.8912;46.4939;-60.6095;22.7976;39
08095;32.2187;24;18.0085;46.429;-51.4922;22.8625;54
08097;28.8839;16;9.8574;47.9103;-59.6433;21.3812;44
08099;63.254;105;51.1113;75.3968;-18.3894;-6.1053;112
08101;54.0611;847;50.4178;57.7044;-19.0829;11.5871;1083
08103;51.1474;28;30.7931;71.5017;-38.7076;-2.2102;40
08105;31.8506;49;22.6784;41.0229;-46.8223;28.2686;106
08107;44.4288;37;29.6553;59.2024;-39.8454;10.0891;61
08109;32.5789;18;16.7144;48.4434;-52.7863;20.8481;37
08111;33.9384;3;0;117.9896;-69.5007;-48.6981;5
08113;76.4793;15;33.1889;119.7696;-36.3118;-50.4781;16
08115;68.6517;37;45.7992;91.5042;-23.7015;-22.2127;39
08117;22.3701;15;0;54.9458;-69.5007;14.3457;29
08119;60.4333;51;43.1116;77.755;-26.3891;-8.4635;63
08121;38.7471;35;24.9364;52.5579;-44.5643;16.7336;61
08123;46.9142;559;43.0239;50.8046;-26.4768;18.4869;829
08125;29.5681;44;19.2676;39.8686;-50.2331;29.4229;101
09001;58.4953;5534;56.95;60.0406;-12.5507;9.2509;6627
09003;62.0667;6014;60.4984;63.635;-9.0023;5.6565;6748
09005;55.9192;1181;52.7285;59.1098;-16.7722;10.1817;1466
09007;67.2733;1058;63.2201;71.3265;-6.2806;-2.035;1094
09009;65.704;6146;64.0611;67.3468;-5.4396;1.9447;6480
09011;69.2593;1790;66.0471;72.4714;-3.4536;-3.1799;1802
09013;61.657;638;56.8184;66.4956;-12.6823;2.7959;737
09015;70.125;768;65.1647;75.0853;-4.336;-5.7938;760
10001;75.5922;643;69.7361;81.4482;0.2354;-12.1567;589
10003;79.3685;3024;76.5173;82.2197;7.0166;-12.9282;2674
10005;83.8291;1072;78.7445;88.9137;9.2438;-19.6222;902
11001;55.7118;1413;52.7925;58.631;-16.7082;10.6605;1720
12001;84.4116;856;78.7377;90.0855;9.237;-20.794;712
12003;103.6402;133;85.9376;121.3429;16.4369;-52.0514;89
12005;92.7608;1018;87.0082;98.5133;17.5075;-29.2218;763
12007;96.3804;200;82.9552;109.8056;13.4545;-40.5141;146
12009;79.0548;3414;76.3649;81.7446;6.8642;-12.4531;3091
12011;63.0958;11381;61.8576;64.3339;-7.6431;4.9576;13081
12013;103.4443;122;84.8906;121.998;15.3899;-52.7065;83
12015;63.5549;1336;59.4615;67.6483;-10.0392;1.6432;1586
12017;81.2885;1388;76.4186;86.1584;6.9179;-16.8669;1290
12019;88.5681;598;81.4054;95.7308;11.9047;-26.4393;469
12021;61.2743;1237;57.6416;64.9069;-11.8591;4.3846;1509
12023;105.6139;392;95.0744;116.1534;25.5737;-46.8619;260
12025;58.0504;12655;57.0297;59.0711;-12.471;10.2204;15063
12027;70.0557;205;59.9884;80.123;-9.5123;-10.8315;217
12029;98.2091;118;80.2015;116.2167;10.7008;-46.9252;83
12031;97.7483;4569;94.8887;100.6078;25.388;-31.3163;3252
12033;93.7655;1946;89.5602;97.9707;20.0595;-28.6792;1445
12035;61.8093;209;52.4587;71.1599;-17.042;-1.8684;264
12037;110.5589;129;91.262;129.8558;21.7613;-60.5643;82
12039;78.8857;206;68.0858;89.6856;-1.4149;-20.3941;180
12041;96.6989;93;76.7941;116.6038;7.2934;-47.3123;66
12043;93.5038;92;73.4274;113.5802;3.9267;-44.2887;74
12045;89.3232;108;72.3167;106.3297;2.816;-37.0382;85
12047;109.3925;84;85.8283;132.9566;16.3276;-63.6651;53
12049;79.4071;190;67.9649;90.8493;-1.5358;-21.5578;169
12051;84.0972;165;71.184;97.0104;1.6833;-27.7189;136
12053;75.1249;1152;70.1237;80.1262;0.623;-10.8347;1172
12055;65.0644;807;59.8463;70.2826;-9.6544;-0.9911;940
12057;84.5688;6297;82.4767;86.6609;12.976;-17.3694;5201
12059;92.4964;198;79.5303;105.4626;10.0296;-36.1711;148
12061;75.3505;1023;70.2876;80.4135;0.7869;-11.122;1010
12063;92.1606;363;82.6485;101.6727;13.1478;-32.3812;275
12065;85.0386;69;64.8016;105.2755;-4.6991;-35.984;58
12067;84.0732;48;60.1539;107.9925;-9.3468;-38.701;38
12069;65.9241;1673;62.4281;69.4201;-7.0726;-0.1286;1856
12071;69.2217;3410;66.7012;71.7421;-2.7995;-2.4506;3655
12073;77.6278;711;71.8478;83.4078;2.3471;-14.1163;652
12075;93.427;305;82.5996;104.2543;13.0989;-34.9628;238
12077;92.4578;47;65.1865;119.7291;-4.3142;-50.4376;35
12079;90.6231;122;74.3241;106.922;4.8234;-37.6305;93
12081;66.2334;2345;63.1705;69.2964;-6.3302;-0.0049;2665
12083;84.1534;2030;80.3041;88.0027;10.8034;-18.7112;1758
12085;67.301;1063;62.7822;71.8198;-6.7185;-2.5283;1191
12087;66.4033;704;61.3746;71.4321;-8.1261;-2.1406;758
12089;102.512;324;91.1232;113.9008;21.6225;-44.6093;221
12091;87.8822;880;81.8728;93.8916;12.3721;-24.6001;705
12093;98.3401;315;87.1474;109.5328;17.6467;-40.2413;229
12095;78.0127;3949;75.5777;80.4476;6.077;-11.1561;3523
12097;70.3974;676;64.9853;75.8094;-4.5154;-6.5179;689
12099;59.8752;7327;58.3715;61.3789;-11.1292;7.9126;8993
12101;73.4407;4004;70.779;76.1024;1.2783;-6.8109;4091
12103;68.5381;11028;67.1202;69.9559;-2.3805;-0.6644;11463
12105;79.4765;3757;76.8791;82.0739;7.3784;-12.7824;3376
12107;96.4474;737;89.2743;103.6205;19.7736;-34.329;547
12109;80.3206;668;74.144;86.4972;4.6433;-17.2057;589
12111;73.9602;1249;69.5499;78.3704;0.0492;-9.0789;1267
12113;84.36;512;76.913;91.8071;7.4123;-22.5156;416
12115;61.2929;3453;58.9614;63.6245;-10.5393;5.667;4047
12117;68.1814;1366;64.5491;71.8137;-4.9516;-2.5222;1406
12119;88.756;393;79.544;97.968;10.0433;-28.6765;314
12121;97.1111;282;85.6792;108.5429;16.1785;-39.2514;206
12123;95.6237;173;81.2258;110.0215;11.7251;-40.73;126
12125;150.474;118;122.528;178.42;53.0273;-109.1285;51
12127;72.8015;3911;70.3662;75.2367;0.8655;-5.9452;3822
12129;107.7223;131;89.1264;126.3182;19.6257;-57.0267;85
12131;80.3478;283;70.8782;89.8173;1.3775;-20.5258;248
12133;84.3617;168;71.3808;97.3427;1.8801;-28.0512;149
13001;81.1179;121;66.6378;95.5979;-2.8629;-26.3064;102
13003;97.7473;54;71.4107;124.0838;1.91;-54.7923;37
13005;108.4331;103;87.211;129.6553;17.7103;-60.3638;66
13007;126.8048;31;80.1109;173.4987;10.6102;-104.2072;17
13009;64.4895;185;55.0874;73.8916;-14.4133;-4.6001;200
13011;61.1642;65;46.1983;76.1301;-23.3024;-6.8386;73
13013;84.6236;196;72.7551;96.4922;3.2544;-27.2007;159
13015;97.057;411;87.5591;106.5548;18.0584;-37.2633;289
13017;109.0009;154;91.6592;126.3426;22.1585;-57.0511;98
13019;112.0658;165;94.8657;129.266;25.365;-59.9745;102
13021;91.9983;988;86.1989;97.7976;16.6982;-28.5061;750
13023;114.191;112;92.8639;135.5181;23.3632;-66.2266;68
13025;110.202;98;88.0299;132.3741;18.5292;-63.0826;61
13027;89.6986;119;73.4182;105.979;3.9175;-36.6875;92
13029;106.1097;91;83.6906;128.5289;14.1899;-59.2374;59
13031;77.2672;219;67.0074;87.527;-2.4933;-18.2355;198
13033;94.1073;104;75.8449;112.3698;6.3442;-43.0783;77
13035;94.2764;107;76.3113;112.2415;6.8106;-42.95;80
13037;99.1552;33;62.592;135.7185;-6.9087;-66.427;24
13039;83.9935;84;65.1463;102.8407;-4.3544;-33.5492;71
13043;92.5494;76;71.0584;114.0404;1.5577;-44.7489;55
13045;83.2404;458;75.6048;90.8761;6.1041;-21.5846;379
13047;92.6997;352;82.8672;102.5321;13.3665;-33.2406;263
13049;115.9781;70;88.2264;143.7298;18.7257;-74.4383;41
13051;89.4166;1321;84.5367;94.2965;15.036;-25.005;1034
13053;127.0852;16;54.6431;199.5273;-14.8576;-130.2358;10
13055;88.987;235;77.5834;100.3906;8.0827;-31.0991;181
13057;70.5413;370;63.2481;77.8344;-6.2526;-8.5429;356
13059;67.1895;291;59.4301;74.9489;-10.0706;-5.6574;301
13061;82.4652;22;44.6163;120.314;-24.8844;-51.0225;18
13063;102.5624;894;95.3813;109.7436;25.8806;-40.4521;617
13065;101.0864;57;74.7209;127.4519;5.2202;-58.1604;38
13067;79.511;1814;75.6356;83.3864;6.1349;-14.0949;1627
13069;86.6143;202;74.589;98.6396;5.0883;-29.3481;161
13071;95.9336;351;85.8742;105.993;16.3735;-36.7015;253
13073;92.8583;260;80.5858;105.1308;11.0851;-35.8393;202
13075;99.2092;125;81.7093;116.709;12.2086;-47.4175;87
13077;81.2516;297;71.9303;90.5728;2.4296;-21.2813;253
13079;73.328;35;46.7668;99.8892;-22.7339;-30.5977;36
13081;120.2219;190;103.0543;137.3894;33.5536;-68.0979;109
13083;94.4821;120;77.4483;111.5158;7.9476;-42.2243;88
13085;65.4956;48;45.4251;85.5661;-24.0756;-16.2746;50
13087;99.9325;199;85.9591;113.906;16.4584;-44.6145;137
13089;71.339;2325;68.3746;74.3034;-1.1261;-5.0119;2318
13091;98.9107;168;83.8937;113.9278;14.393;-44.6363;117
13093;79.0946;66;59.0797;99.1096;-10.421;-29.8181;58
13095;91.7194;484;83.2925;100.1464;13.7918;-30.8549;369
13097;95.3132;411;85.8389;104.7874;16.3382;-35.4959;293
13099;95.3754;96;76.2083;114.5425;6.7076;-45.251;70
13101;88.591;21;48.5594;128.6227;-20.9413;-59.3312;16
13103;94.5185;150;78.8146;110.2223;9.3139;-40.9308;111
13105;82.4935;153;69.3607;95.6263;-0.14;-26.3348;131
13107;97.9063;190;83.9076;111.905;14.4069;-42.6135;133
13109;77.4167;58;56.6925;98.1409;-12.8082;-28.8494;52
13111;73.2669;172;62.185;84.3488;-7.3157;-15.0573;169
13113;64.9423;197;55.52;74.3646;-13.9807;-5.0731;218
13115;95.0015;801;88.3879;101.615;18.8872;-32.3235;586
13117;68.0104;224;58.9584;77.0624;-10.5423;-7.7709;225
13119;63.3435;123;52.0878;74.5992;-17.4129;-5.3077;136
13121;74.1563;2717;71.3628;76.9498;1.8621;-7.6583;2530
13123;67.518;107;54.264;80.772;-15.2367;-11.4805;111
13125;89.469;27;53.0995;125.8385;-16.4012;-56.547;21
13127;89.9679;478;81.8582;98.0777;12.3575;-28.7862;369
13129;94.3425;304;83.686;104.999;14.1853;-35.7075;217
13131;95.066;181;81.1192;109.0127;11.6185;-39.7212;133
13133;85.7013;80;66.301;105.1015;-3.1997;-35.81;65
13135;77.3208;1009;72.3015;82.34;2.8008;-13.0485;935
13137;63.819;191;54.7384;72.8997;-14.7623;-3.6082;208
13139;70.1894;556;64.3123;76.0665;-5.1884;-6.775;552
13141;79.4251;31;49.6937;109.1565;-19.807;-39.865;27
13143;80.782;180;68.9067;92.6574;-0.594;-23.3659;154
13145;75.767;114;61.7746;89.7595;-7.7261;-20.468;104
13147;76.2792;163;64.4686;88.0897;-5.0321;-18.7982;150
13149;75.02;59;55.8269;94.2131;-13.6738;-24.9216;55
13151;91.0589;323;80.9087;101.209;11.408;-31.9175;247
13153;84.3989;419;75.6097;93.1882;6.109;-23.8967;367
13155;86.4095;78;67.1082;105.7109;-2.3925;-36.4194;62
13157;78.4008;220;68.026;88.7757;-1.4747;-19.4842;194
13159;77.3738;51;55.4067;99.341;-14.094;-30.0495;48
13161;107.7933;114;87.6281;127.9586;18.1274;-58.6671;72
13163;81.77;94;64.9099;98.63;-4.5908;-29.3385;82
13165;113.3576;87;88.8343;137.8809;19.3336;-68.5894;51
13167;89.6941;74;68.9376;110.4505;-0.5631;-41.159;57
13169;68.2843;81;52.9778;83.5907;-16.5229;-14.2992;84
13171;69.048;74;53.0347;85.0613;-16.466;-15.7698;74
13173;77.832;38;51.6007;104.0634;-17.9;-34.7719;34
13175;87.9289;319;78.2328;97.625;8.7321;-28.3335;249
13177;101.7043;75;76.3289;127.0796;6.8282;-57.7881;49
13179;110.5714;114;89.0472;132.0956;19.5465;-62.8041;71
13181;80.462;52;57.3639;103.5601;-12.1368;-34.2686;45
13183;106.7577;38;71.3829;142.1325;1.8822;-72.841;24
13185;91.7555;405;82.7555;100.7555;13.2548;-31.464;309
13187;54.1469;67;41.0702;67.2236;-28.4305;2.0679;86
13189;76.938;107;62.0898;91.7862;-7.4109;-22.4947;96
13191;89.6342;55;63.8516;115.4169;-5.6491;-46.1254;42
13193;68.8519;57;50.3163;87.3876;-19.1844;-18.0961;56
13195;80.8858;149;67.7983;93.9734;-1.7024;-24.6819;126
13197;73.6853;28;44.8854;102.4852;-24.6153;-33.1937;26
13199;83.6686;134;69.3438;97.9934;-0.1569;-28.7019;111
13201;93.1035;68;70.3991;115.808;0.8984;-46.5165;51
13205;111.479;154;93.8287;129.1292;24.328;-59.8377;97
13207;93.1366;105;74.9684;111.3049;5.4677;-42.0134;79
13209;98.7621;61;73.6098;123.9145;4.1091;-54.623;42
13211;93.6501;89;74.121;113.1791;4.6203;-43.8876;67
13213;87.7904;168;74.3849;101.196;4.8842;-31.9045;131
13215;90.693;1040;85.084;96.3021;15.5833;-27.0106;795
13217;90.3038;274;79.56;101.0476;10.0593;-31.7561;209
13219;68.8719;80;53.6939;84.05;-15.8068;-14.7585;81
13221;79.0931;67;60.0921;98.0941;-9.4086;-28.8026;58
13223;84.4681;229;73.4265;95.5098;3.9258;-26.2183;184
13225;80.0506;89;63.2533;96.8479;-6.2474;-27.5564;75
13227;70.2713;110;57.0677;83.4749;-12.433;-14.1834;111
13229;102.7072;125;84.613;120.8014;15.1123;-51.5099;83
13231;62.4457;56;45.9174;78.974;-23.5833;-9.6825;63
13233;86.6718;311;77.0124;96.3311;7.5117;-27.0396;247
13235;117.9204;89;93.3174;142.5234;23.8167;-73.2319;52
13237;76.8769;77;58.8935;94.8604;-10.6072;-25.5689;71
13239;80.418;17;37.3087;123.5272;-32.192;-54.2357;15
13241;69.0614;112;56.1454;81.9774;-13.3553;-12.6859;117
13243;81.9328;50;58.7821;105.0835;-10.7186;-35.792;42
13245;98.4845;1094;92.5601;104.4088;23.0594;-35.1173;767
13247;87.1897;276;76.5408;97.8386;7.0401;-28.5471;225
13249;120.5599;31;76.6475;164.4723;7.1468;-95.1808;18
13251;82.5938;94;64.9652;100.2223;-4.5355;-30.9308;78
13253;113.098;94;89.8873;136.3088;20.3866;-67.0173;59
13255;86.6657;362;77.6867;95.6448;8.186;-26.3533;290
13257;81.1635;207;70.0211;92.3059;0.5204;-23.0144;179
13259;61.8604;21;33.2859;90.435;-36.2148;-21.1435;25
13261;76.2269;145;63.8041;88.6498;-5.6966;-19.3583;132
13263;98.2774;40;66.9151;129.6397;-2.5856;-60.3482;28
13265;129.8719;20;68.3869;191.357;-1.1138;-122.0655;11
13267;94.4664;161;79.833;109.0998;10.3323;-39.8083;117
13269;63.7397;42;43.5579;83.9215;-25.9428;-14.63;46
13271;85.0085;98;68.0031;102.0139;-1.4976;-32.7224;80
13273;82.5934;61;61.251;103.9359;-8.2497;-34.6444;51
13275;81.7495;253;71.6168;91.8821;2.1161;-22.5906;213
13277;90.2775;235;78.6136;101.9414;9.1129;-32.6499;180
13279;95.4668;187;81.6908;109.2427;12.1901;-39.9512;134
13281;48.8821;60;35.5593;62.2048;-33.9414;7.0867;82
13283;87.5106;51;63.0449;111.9763;-6.4558;-42.6848;41
13285;92.2459;418;83.3732;101.1185;13.8725;-31.827;315
13287;73.776;62;55.2657;92.2863;-14.235;-22.9948;58
13289;101.6298;58;74.904;128.3557;5.4033;-59.0642;40
13291;52.5025;88;41.3705;63.6344;-28.1302;5.6571;119
13293;75.7161;206;65.2992;86.133;-4.2015;-16.8415;188
13295;95.4937;618;87.9565;103.0309;18.4558;-33.7394;445
13297;73.4974;224;63.8517;83.1431;-5.649;-13.8516;211
13299;93.2263;320;82.9792;103.4735;13.4785;-34.182;236
13301;81.926;38;54.977;108.8749;-14.5237;-39.5834;32
13303;76.9677;97;61.507;92.4284;-7.9937;-23.1369;88
13305;85.2639;176;72.6303;97.8975;3.1296;-28.606;143
13307;102.4623;17;51.2484;153.6762;-18.2523;-84.3847;12
13309;85.8039;47;60.245;111.3629;-9.2557;-42.0714;37
13311;63.6228;95;50.7179;76.5278;-18.7828;-7.2363;104
13313;96.274;598;88.4734;104.0747;18.9727;-34.7832;424
13315;97.8966;77;75.5833;120.2098;6.0826;-50.9183;55
13317;67.6714;62;50.6437;84.6991;-18.857;-15.4076;64
13319;93.1146;71;70.9212;115.308;1.4205;-46.0165;53
13321;81.0021;123;66.6498;95.3544;-2.8509;-26.0629;105
15999;55.3969;1649;52.6809;58.1129;-16.8198;11.1786;2117
16001;57.1217;987;53.5566;60.6867;-15.9441;8.6048;1208
16003;65.44;34;43.1963;87.6838;-26.3044;-18.3923;35
16005;39.8336;232;34.6925;44.9746;-34.8082;24.3169;407
16007;16.1902;15;4.0165;28.3639;-65.4842;40.9276;62
16009;67.2627;71;51.5077;83.0178;-17.993;-13.7263;73
16011;34.874;123;28.3743;41.3736;-41.1264;27.9179;243
16013;37.8864;32;23.8479;51.925;-45.6528;17.3665;63
16015;46.455;18;23.8633;69.0467;-45.6374;0.2448;27
16017;58.4063;204;50.3491;66.4635;-19.1516;2.828;241
16019;32.7649;190;28.0651;37.4646;-41.4356;31.8269;407
16021;52.2851;51;36.6172;67.953;-32.8835;1.3385;67
16023;47.6469;21;23.837;71.4569;-45.6637;-2.1654;29
16025;46.8388;5;0;100.1426;-69.5007;-30.8511;7
16027;52.0567;538;47.6259;56.4874;-21.8748;12.8041;722
16029;22.5968;18;9.5033;35.6903;-59.9974;33.6012;55
16031;31.8942;71;23.9894;39.799;-45.5113;29.4925;154
16033;32.9994;4;0;79.9903;-69.5007;-10.6988;8
16035;57.2772;75;43.7174;70.8371;-25.7833;-1.5456;92
16037;36.226;21;18.8254;53.6266;-50.6753;15.6649;39
16039;77.4353;113;62.9079;91.9626;-6.5928;-22.6711;104
16041;13.788;17;4.2046;23.3713;-65.2961;45.9202;83
16043;29.7146;36;19.2266;40.2025;-50.2741;29.089;83
16045;59.9651;108;48.3775;71.5527;-21.1232;-2.2612;128
16047;54.2562;102;43.1732;65.3392;-26.3275;3.9523;129
16049;44.9659;93;35.7545;54.1772;-33.7462;15.1143;143
16051;28.2379;45;19.8189;36.657;-49.6818;32.6345;111
16053;49.188;94;38.8847;59.4913;-30.616;9.8002;133
16055;64.7429;499;59.034;70.4518;-10.4667;-1.1603;540
16057;42.9144;120;35.1785;50.6504;-34.3222;18.6411;193
16059;67.3587;71;51.3034;83.414;-18.1973;-14.1225;75
16061;49.6237;31;30.1915;69.056;-39.3092;0.2355;42
16063;39.7391;20;20.1693;59.309;-49.3314;9.9825;34
16065;13.1671;16;6.4712;19.863;-63.0295;49.4285;85
16067;45.8774;100;36.8217;54.933;-32.679;14.3585;154
16069;62.3224;284;55.0471;69.5977;-14.4536;-0.3062;314
16071;30.2144;14;11.8107;48.6181;-57.69;20.6734;37
16073;49.8504;54;36.3393;63.3615;-33.1614;5.93;74
16075;53.5088;128;44.001;63.0165;-25.4997;6.275;164
16077;45.9724;31;29.1907;62.7542;-40.31;6.5373;47
16079;95.585;218;82.7832;108.3867;13.2825;-39.0952;158
16081;24.1015;10;0;48.4902;-69.5007;20.8013;27
16083;46.8419;327;41.7197;51.9642;-27.781;17.3273;484
16085;60.7157;44;41.4346;79.9968;-28.0661;-10.7053;50
16087;60.715;91;47.7448;73.6853;-21.7559;-4.3938;104
17001;76.1277;769;70.6856;81.5699;1.1849;-12.2784;699
17003;110.9859;152;92.9972;128.9746;23.4965;-59.6831;97
17005;75.0063;170;63.5489;86.4637;-5.9518;-17.1722;159
17007;61.0295;200;52.5612;69.4978;-16.9395;-0.2063;228
17009;66.2503;65;49.1415;83.3591;-20.3592;-14.0676;67
17011;60.3242;347;53.9007;66.7478;-15.6;2.5437;399
17013;68.9141;70;52.0647;85.7634;-17.436;-16.4719;72
17015;58.7382;171;49.8317;67.6446;-19.669;1.6469;199
17017;71.4631;148;59.8285;83.0977;-9.6722;-13.8062;144
17019;65.5917;793;61.0221;70.1613;-8.4786;-0.8698;848
17021;89.2041;466;81.0568;97.3514;11.5561;-28.0599;359
17023;64.6744;170;54.7924;74.5564;-14.7083;-5.2649;184
17025;73.4949;178;62.3397;84.6502;-7.161;-15.3587;172
17027;67.0553;271;59.0426;75.068;-10.4581;-5.7765;280
17029;75.3272;438;68.2561;82.3983;-1.2446;-13.1068;403
17031;68.6754;33169;67.9351;69.4156;-1.5656;-0.1241;33389
17033;74.949;245;65.4415;84.4565;-4.0592;-15.165;229
17035;84.9551;134;70.4173;99.4929;0.9166;-30.2014;108
17037;55.9204;384;50.3245;61.5164;-19.1762;7.7751;476
17039;71.2589;174;60.6083;81.9096;-8.8924;-12.6181;169
17041;65.1723;169;55.2572;75.0873;-14.2435;-5.7958;180
17043;63.9609;3561;61.8116;66.1102;-7.6891;3.1813;3980
17045;75.0168;246;65.5257;84.5079;-3.975;-15.2164;227
17047;65.1007;85;50.8364;79.3651;-18.6643;-10.0736;92
17049;66.3384;255;58.1315;74.5454;-11.3692;-5.2539;265
17051;70.622;246;61.6409;79.603;-7.8598;-10.3115;239
17053;67.4036;154;56.6755;78.1316;-12.8252;-8.8401;160
17055;93.3248;633;85.9093;100.7404;16.4086;-31.4489;477
17057;68.1913;436;61.7066;74.6761;-7.7941;-5.3846;444
17059;103.2109;123;84.7094;121.7124;15.2087;-52.4209;84
17061;65.0172;170;55.0259;75.0084;-14.4748;-5.7169;182
17063;66.3573;242;57.9826;74.7321;-11.5181;-5.4406;254
17065;63.823;106;51.3272;76.3188;-18.1735;-7.0273;114
17067;63.2605;233;55.0173;71.5038;-14.4834;-2.2123;249
17069;96.0339;84;75.3189;116.7488;5.8182;-47.4573;61
17071;74.7309;97;59.4881;89.9738;-10.0126;-20.6823;90
17073;60.922;452;55.2871;66.5569;-14.2136;2.7346;514
17075;65.3475;321;58.1136;72.5815;-11.3871;-3.29;343
17077;67.6147;357;60.5679;74.6615;-8.9328;-5.37;368
17079;53.967;93;42.6178;65.3162;-26.8829;3.9753;122
17081;82.2523;427;74.377;90.1276;4.8763;-20.8361;358
17083;70.7082;179;60.3489;81.0675;-9.1518;-11.776;176
17085;62.0784;202;53.4732;70.6835;-16.0275;-1.392;225
17087;77.2694;123;63.3602;91.1787;-6.1405;-21.8872;112
17089;64.045;1689;60.9813;67.1086;-8.5194;2.1829;1820
17091;77.5512;828;72.2631;82.8393;2.7624;-13.5478;741
17093;57.9;188;49.5395;66.2605;-19.9612;3.031;225
17095;70.6693;569;64.8364;76.5022;-4.6643;-7.2107;563
17097;64.4587;2481;61.8782;67.0392;-7.6225;2.2523;2716
17099;70.0368;1101;65.8843;74.1892;-3.6164;-4.8977;1092
17101;76.4631;207;65.8501;87.0761;-3.6506;-17.7846;192
17103;54.5635;247;47.7312;61.3958;-21.7695;7.8957;315
17105;60.2916;327;53.7227;66.8605;-15.778;2.431;374
17107;71.8453;302;63.7126;79.9779;-5.7881;-10.6864;290
17109;65.7932;266;57.815;73.7715;-11.6857;-4.48;279
17111;64.8544;1006;60.8369;68.8718;-8.6638;0.4197;1079
17113;68.5993;779;63.784;73.4146;-5.7167;-4.1231;786
17115;77.1906;1104;72.6412;81.7399;3.1405;-12.4484;988
17117;64.1449;478;58.3117;69.9781;-11.189;-0.6866;515
17119;81.8869;2376;78.5928;85.1811;9.0921;-15.8896;2013
17121;92.6629;549;84.8348;100.491;15.3341;-31.1995;416
17123;59.0492;124;48.5225;69.576;-20.9782;-0.2845;146
17125;73.2584;195;62.8424;83.6744;-6.6583;-14.3829;186
17127;85.682;190;73.3865;97.9774;3.8858;-28.6859;156
17129;66.0478;104;53.2285;78.8672;-16.2722;-9.5757;106
17131;66.9167;174;56.8145;77.0189;-12.6862;-7.7274;180
17133;63.1007;174;53.7038;72.4976;-15.7969;-3.2061;191
17135;81.458;399;73.3576;89.5584;3.8569;-20.2669;338
17137;70.958;342;63.3957;78.5203;-6.105;-9.2288;333
17139;61.1046;131;50.4114;71.7978;-19.0893;-2.5063;148
17141;54.5373;317;48.5214;60.5532;-20.9793;8.7383;403
17143;80.811;1766;77.0414;84.5806;7.5407;-15.2891;1510
17145;71.5926;223;62.1046;81.0806;-7.3961;-11.7891;215
17147;65.5027;142;54.723;76.2823;-14.7777;-6.9908;149
17149;67.037;217;57.8863;76.1877;-11.6144;-6.8962;227
17151;75.6239;57;55.2991;95.9487;-14.2016;-26.6572;52
17153;84.9527;85;66.4065;103.4989;-3.0942;-34.2074;69
17155;71.4826;57;52.7959;90.1694;-16.7048;-20.8779;56
17157;65.1466;305;57.7624;72.5308;-11.7383;-3.2393;330
17159;64.5352;162;54.5149;74.5554;-14.9858;-5.2639;175
17161;73.3464;1422;69.5327;77.1601;0.032;-7.8686;1338
17163;83.7443;2040;80.1086;87.38;10.6079;-18.0885;1683
17165;94.8962;423;85.6517;104.1408;16.151;-34.8493;313
17167;81.8218;1612;77.829;85.8146;8.3283;-16.5231;1361
17169;73.8024;97;58.6193;88.9856;-10.8814;-19.6941;95
17171;70.6544;69;53.5924;87.7164;-15.9083;-18.4249;66
17173;66.7243;248;58.3197;75.129;-11.181;-5.8375;254
17175;66.7355;75;51.3522;82.1187;-18.1485;-12.8272;76
17177;59.25;375;53.2309;65.2692;-16.2698;4.0223;442
17179;73.2559;1047;68.812;77.6998;-0.6887;-8.4083;995
17181;61.6225;192;52.7203;70.5248;-16.7804;-1.2333;219
17183;80.0018;965;74.9498;85.0539;5.4491;-15.7624;834
17185;65.6716;125;53.982;77.3612;-15.5187;-8.0697;131
17187;57.7166;166;48.7591;66.6741;-20.7416;2.6174;200
17189;56.0348;141;46.5703;65.4993;-22.9304;3.7922;181
17191;69.7788;209;60.1064;79.4512;-9.3943;-10.1597;211
17193;81.8853;248;71.4701;92.3005;1.9694;-23.009;209
17195;60.9421;485;55.5149;66.3694;-13.9858;2.9221;553
17197;73.2836;1946;69.9939;76.5733;0.4932;-7.2818;1835
17199;93.5674;745;86.8182;100.3166;17.3175;-31.0251;551
17201;65.9661;1780;62.903;69.0292;-6.5977;0.2623;1868
17203;53.0208;208;45.7846;60.2569;-23.7161;9.0346;272
18001;50.5141;175;42.9862;58.0421;-26.5145;11.2494;242
18003;69.753;1972;66.673;72.833;-2.8277;-3.5415;1967
18005;73.2024;470;66.563;79.8417;-2.9377;-10.5502;447
18007;72.417;105;58.4912;86.3428;-11.0095;-17.0513;99
18009;76.4244;148;64.0886;88.7602;-5.4121;-19.4687;133
18011;73.504;304;65.2302;81.7779;-4.2705;-12.4864;288
18013;65.1472;108;52.6922;77.6021;-16.8085;-8.3106;114
18015;59.3376;153;49.9134;68.7618;-19.5873;0.5297;178
18017;74.0931;376;66.6024;81.5839;-2.8983;-12.2924;350
18019;93.1773;804;86.7029;99.6516;17.2022;-30.3601;597
18021;86.7027;310;76.9686;96.4368;7.4679;-27.1453;248
18023;67.5163;277;59.5301;75.5025;-9.9706;-6.211;288
18025;71.1855;95;56.6831;85.688;-12.8176;-16.3965;94
18027;66.1328;253;57.9101;74.3555;-11.5906;-5.064;265
18029;79.2449;329;70.6829;87.8068;1.1822;-18.5153;286
18031;69.5071;206;59.9753;79.0389;-9.5254;-9.7474;205
18033;62.055;237;54.1421;69.9679;-15.3586;-0.6764;265
18035;84.1718;1047;79.0659;89.2777;9.5652;-19.9862;864
18037;57.6865;230;50.2209;65.1522;-19.2798;4.1393;276
18039;61.7072;898;57.669;65.7454;-11.8317;3.5461;1007
18041;84.8619;279;74.8866;94.8371;5.3859;-25.5456;227
18043;91.9284;634;84.7762;99.0806;15.2755;-29.7891;476
18045;78.8914;204;68.0526;89.7302;-1.4481;-20.4387;179
18047;70.5096;161;59.6066;81.4127;-9.8941;-12.1212;158
18049;63.3452;172;53.8398;72.8506;-15.6609;-3.5591;187
18051;81.8614;367;73.4487;90.274;3.948;-20.9825;309
18053;72.0002;658;66.4993;77.501;-3.0014;-8.2095;630
18055;83.7565;368;75.0989;92.4141;5.5982;-23.1226;311
18057;65.7481;517;59.9881;71.5081;-9.5126;-2.2166;557
18059;63.3183;278;55.8306;70.8059;-13.6701;-1.5144;304
18061;73.4291;231;63.958;82.9002;-5.5427;-13.6087;217
18063;77.8988;515;71.0863;84.7113;1.5856;-15.4198;464
18065;75.6516;487;68.9343;82.3689;-0.5664;-13.0774;446
18067;91.0924;750;84.5346;97.6501;15.0339;-28.3586;574
18069;60.3928;265;53.1046;67.681;-16.3961;1.6105;302
18071;67.4912;302;59.8771;75.1053;-9.6236;-5.8138;311
18073;69.9634;193;60.0892;79.8376;-9.4115;-10.5461;191
18075;68.1067;208;58.8246;77.3888;-10.6761;-8.0973;211
18077;67.4999;242;58.9829;76.0169;-10.5178;-6.7254;248
18079;83.4263;214;72.2419;94.6108;2.7412;-25.3193;178
18081;87.4233;633;80.5764;94.2701;11.0757;-24.9786;509
18083;82.4101;465;74.8724;89.9477;5.3717;-20.6562;388
18085;59.5791;414;53.8323;65.326;-15.6684;3.9655;480
18087;50.6214;142;42.2671;58.9757;-27.2336;10.3158;194
18089;76.7496;3469;74.1717;79.3276;4.671;-10.0361;3133
18091;69.8917;855;65.1984;74.585;-4.3023;-5.2935;849
18093;79.4168;435;71.9529;86.8806;2.4522;-17.5891;379
18095;85.486;1304;80.8392;90.1329;11.3385;-20.8414;1057
18097;94.5817;6446;92.2675;96.8959;22.7668;-27.6044;4714
18099;62.991;315;56.0295;69.9526;-13.4712;-0.6611;345
18101;69.8899;97;55.8528;83.927;-13.6479;-14.6355;96
18103;73.5717;295;65.1706;81.9729;-4.3301;-12.6814;276
18105;71.152;545;65.1766;77.1274;-4.3241;-7.8359;534
18107;73.007;321;65.0135;81.0005;-4.4872;-11.709;307
18109;83.694;454;75.9694;91.4186;6.4687;-22.1271;375
18111;71.4766;125;58.928;84.0252;-10.5727;-14.7337;120
18113;70.584;287;62.4194;78.7486;-7.0813;-9.4571;282
18115;64.3776;41;43.8281;84.9271;-25.6726;-15.6356;45
18117;65.1172;166;55.1151;75.1193;-14.3856;-5.8278;178
18119;73.9287;164;62.581;85.2763;-6.9197;-15.9848;154
18121;79.903;188;68.38;91.426;-1.1207;-22.1345;165
18123;63.4266;162;53.6176;73.2356;-15.8831;-3.9441;177
18125;75.7765;150;63.4922;88.0607;-6.0085;-18.7692;137
18127;68.0697;722;63.0445;73.0948;-6.4562;-3.8033;742
18129;71.8697;213;62.2226;81.5167;-7.2781;-12.2252;206
18131;68.9418;128;56.8425;81.0411;-12.6582;-11.7496;126
18133;79.373;284;70.1333;88.6126;0.6326;-19.3211;248
18135;66.6918;253;58.4533;74.9304;-11.0474;-5.6389;263
18137;65.3236;208;56.3854;74.2618;-13.1153;-4.9703;223
18139;75.0382;189;64.2475;85.8289;-5.2532;-16.5374;174
18141;71.2994;1985;68.161;74.4378;-1.3397;-5.1463;1928
18143;92.1897;210;79.7292;104.6502;10.2285;-35.3587;158
18145;79.7564;363;71.551;87.9618;2.0503;-18.6703;313
18147;69.5531;178;59.2775;79.8288;-10.2232;-10.5373;179
18149;73.4173;213;63.4812;83.3535;-6.0195;-14.062;203
18151;60.1714;192;51.6244;68.7183;-17.8763;0.5732;223
18153;85.32;262;74.8736;95.7665;5.3729;-26.475;214
18155;78.0945;88;61.5987;94.5902;-7.902;-25.2987;78
18157;79.246;821;73.8272;84.6649;4.3265;-15.3734;721
18159;64.6953;134;53.7186;75.6721;-15.7821;-6.3806;144
18161;76.1181;65;57.5428;94.6935;-11.9579;-25.402;60
18163;85.2456;1732;81.2271;89.2641;11.7264;-19.9726;1407
18165;90.6661;232;78.8968;102.4354;9.3961;-33.1439;177
18167;92.858;1203;87.6042;98.1118;18.1035;-28.8203;892
18169;63.537;270;55.9535;71.1204;-13.5472;-1.8289;296
18171;72.1838;86;56.8972;87.4703;-12.6035;-18.1788;82
18173;78.2871;329;69.8077;86.7664;0.307;-17.4749;291
18175;65.6159;188;56.1874;75.0445;-13.3133;-5.753;202
18177;79.6826;724;73.8785;85.4868;4.3778;-16.1953;630
18179;53.7071;161;45.3901;62.0241;-24.1106;7.2674;207
18181;75.8577;251;66.4317;85.2836;-3.069;-15.9921;228
18183;70.9402;227;61.7126;80.1678;-7.7881;-10.8763;221
19001;57.2461;107;45.9814;68.5107;-23.5193;0.7808;119
19003;58.4745;57;42.7032;74.2458;-26.7975;-4.9543;72
19005;54.1305;136;44.7408;63.5203;-24.7599;5.7712;168
19007;61.3632;153;51.2607;71.4657;-18.24;-2.1742;178
19009;52.6281;76;40.3451;64.911;-29.1556;4.3805;103
19011;67.4927;230;58.699;76.2865;-10.8017;-6.995;233
19013;73.6853;1035;69.2001;78.1704;-0.3006;-8.8789;971
19015;58.0084;227;50.3649;65.652;-19.1358;3.6395;269
19017;45.5394;149;38.1319;52.9469;-31.3688;16.3446;223
19019;59.2544;169;50.1808;68.3281;-19.3199;0.9634;200
19021;53.1892;167;44.9495;61.4289;-24.5512;7.8626;221
19023;58.3289;161;49.0427;67.615;-20.458;1.6765;193
19025;55.152;130;45.3509;64.9531;-24.1498;4.3384;161
19027;62.1825;198;53.3845;70.9806;-16.1162;-1.6891;222
19029;64.4455;186;54.9361;73.9548;-14.5646;-4.6633;194
19031;55.1982;155;46.4158;63.9805;-23.0849;5.311;190
19033;66.7989;446;60.576;73.0218;-8.9247;-3.7303;459
19035;57.5889;140;47.9041;67.2737;-21.5966;2.0178;168
19037;52.8161;117;43.004;62.6282;-26.4967;6.6633;151
19039;64.507;88;50.6382;78.3758;-18.8625;-9.0843;96
19041;59.4331;153;49.9426;68.9236;-19.5581;0.3679;178
19043;55.8607;189;47.7393;63.982;-21.7614;5.3095;231
19045;75.1499;542;68.8136;81.4861;-0.6871;-12.1946;498
19047;55.5548;149;46.5455;64.5642;-22.9552;4.7273;185
19049;67.258;252;58.9044;75.6116;-10.5963;-6.3201;260
19051;43.7478;63;32.0783;55.4173;-37.4224;13.8742;100
19053;47.0052;78;35.8357;58.1746;-33.665;11.1169;110
19055;60.0733;145;50.2257;69.9208;-19.275;-0.6293;168
19057;67.9288;402;61.2699;74.5876;-8.2308;-5.2961;408
19059;64.3316;163;54.1264;74.5367;-15.3743;-5.2452;177
19061;79.7776;784;74.1998;85.3554;4.6991;-16.0639;682
19063;60.6211;114;49.2064;72.0358;-20.2943;-2.7443;129
19065;58.4815;226;50.7343;66.2288;-18.7664;3.0627;265
19067;65.9137;189;56.408;75.4194;-13.0927;-6.1279;198
19069;49.3491;105;39.6209;59.0773;-29.8798;10.2142;145
19071;54.5102;89;42.7399;66.2805;-26.7608;3.011;110
19073;54.8383;110;44.3054;65.3712;-25.1953;3.9203;139
19075;50.5272;108;40.8895;60.1649;-28.6112;9.1266;145
19077;63.9884;141;53.1833;74.7935;-16.3174;-5.502;149
19079;57.2462;155;48.155;66.3374;-21.3457;2.9541;186
19081;43.8859;91;34.7322;53.0395;-34.7685;16.252;141
19083;57.7608;199;49.4736;66.048;-20.0271;3.2435;234
19085;66.4106;170;56.2345;76.5867;-13.2662;-7.2952;179
19087;67.9445;181;57.9007;77.9883;-11.6;-8.6968;185
19089;43.5387;86;33.8761;53.2012;-35.6246;16.0903;136
19091;56.6608;116;46.0445;67.2771;-23.4562;2.0144;138
19093;55.293;82;42.9922;67.5937;-26.5085;1.6978;103
19095;48.6241;117;39.6983;57.5499;-29.8024;11.7416;164
19097;69.5798;210;60.0366;79.1231;-9.4641;-9.8316;212
19099;68.9098;343;61.5921;76.2275;-7.9086;-6.936;344
19101;63.3931;140;52.7453;74.041;-16.7554;-4.7495;153
19103;61.8622;379;55.6266;68.0978;-13.8741;1.1937;426
19105;60.3148;169;51.1546;69.4751;-18.3461;-0.1836;191
19107;52.7918;126;43.2889;62.2947;-26.2118;6.9968;158
19109;44.3608;147;37.0884;51.6332;-32.4123;17.6583;222
19111;74.3445;409;67.1263;81.5627;-2.3744;-12.2712;381
19113;70.84;1254;66.9213;74.7586;-2.5794;-5.4671;1228
19115;57.9374;98;46.3421;69.5326;-23.1586;-0.2411;115
19117;68.2384;118;55.4994;80.9774;-14.0013;-11.6859;119
19119;56.2075;110;45.4425;66.9725;-24.0582;2.319;134
19121;61.3323;121;49.8948;72.7698;-19.6059;-3.4783;137
19123;67.4182;226;58.4633;76.373;-11.0374;-7.0815;234
19125;55.1372;241;48.0677;62.2066;-21.433;7.0849;307
19127;75.6867;451;68.6373;82.736;-0.8634;-13.4445;409
19129;68.5273;119;56.1735;80.8811;-13.3272;-11.5896;119
19131;52.3448;109;42.0986;62.5909;-27.4021;6.7006;144
19133;53.7824;117;43.5973;63.9674;-25.9034;5.3241;147
19135;70.7726;103;56.5412;85.0039;-12.9595;-15.7124;106
19137;65.6377;145;54.5513;76.7241;-14.9494;-7.4326;156
19139;73.4975;356;65.8445;81.1504;-3.6562;-11.8589;334
19141;52.3235;145;43.5708;61.0762;-25.9299;8.2153;189
19143;48.7692;66;36.5674;60.9711;-32.9333;8.3204;92
19145;53.6688;172;45.4873;61.8503;-24.0134;7.4412;213
19147;60.5168;120;49.4727;71.5609;-20.028;-2.2694;138
19149;45.5018;160;38.3568;52.6468;-31.1439;16.6447;239
19151;55.7536;107;44.8178;66.6894;-24.6829;2.6021;132
19153;81.7449;2518;78.5513;84.9385;9.0506;-15.647;2134
19155;82.3012;846;76.7597;87.8426;7.259;-18.5511;711
19157;50.463;135;41.8783;59.0476;-27.6224;10.2439;184
19159;55.4495;67;41.1067;69.7924;-28.394;-0.5009;81
19161;55.4754;138;45.9789;64.9719;-23.5218;4.3196;168
19163;79.7871;1222;75.3127;84.2615;5.812;-14.97;1063
19165;45.3901;108;36.6345;54.1457;-32.8662;15.1458;163
19167;45.2584;177;38.415;52.1018;-31.0857;17.1897;265
19169;54.6475;325;48.697;60.598;-20.8037;8.6935;411
19171;49.8369;155;41.7261;57.9476;-27.7746;11.3439;213
19173;59.4045;93;46.5246;72.2844;-22.9761;-2.9929;108
19175;66.8628;145;55.7549;77.9707;-13.7458;-8.6792;147
19177;61.6832;91;48.4777;74.8888;-21.023;-5.5973;105
19179;77.6203;468;70.508;84.7327;1.0073;-15.4412;419
19181;64.2847;220;55.7686;72.8008;-13.7321;-3.5093;239
19183;51.8327;154;43.4494;60.216;-26.0513;9.0755;205
19185;48.6678;77;36.9579;60.3777;-32.5428;8.9138;116
19187;64.6318;398;58.2457;71.0179;-11.255;-1.7264;424
19189;45.8516;96;36.3478;55.3555;-33.1529;13.936;143
19191;43.0384;137;35.6381;50.4386;-33.8626;18.8529;210
19193;67.0657;855;62.5589;71.5726;-6.9418;-2.2811;876
19195;52.5548;78;40.395;64.7145;-29.1057;4.577;106
19197;58.9076;164;49.6887;68.1264;-19.812;1.1651;188
20001;70.9024;173;59.8657;81.9391;-9.635;-12.6476;176
20003;50.0621;84;37.9184;62.2058;-31.5823;7.0857;109
20005;59.8213;138;49.7441;69.8985;-19.7566;-0.607;162
20007;72.0459;82;56.1305;87.9612;-13.3702;-18.6697;81
20009;68.3888;287;60.4553;76.3222;-9.0454;-7.0307;291
20011;81.479;204;69.9556;93.0024;0.4549;-23.7109;178
20013;57.9366;114;46.6999;69.1734;-22.8008;0.1181;143
20015;64.8665;380;58.3384;71.3945;-11.1623;-2.103;406
20017;59.8086;36;38.8827;80.7345;-30.618;-11.443;44
20019;67.5995;70;50.6883;84.5107;-18.8124;-15.2192;73
20021;90.5662;298;80.1881;100.9442;10.6874;-31.6527;225
20023;39.4082;29;23.7515;55.0648;-45.7492;14.2267;49
20025;38.9619;21;19.3203;58.6036;-50.1804;10.6879;35
20027;46.9268;89;36.5858;57.2678;-32.9149;12.0237;128
20029;61.3332;129;50.0722;72.5943;-19.4285;-3.3028;152
20031;59.1499;90;45.7936;72.5061;-23.7071;-3.2146;110
20033;76.9355;37;49.4313;104.4397;-20.0694;-35.1482;35
20035;68.7358;354;61.4956;75.9759;-8.0051;-6.6844;354
20037;77.1094;448;69.7682;84.4506;0.2675;-15.1591;401
20039;46.3422;42;30.6732;62.0111;-38.8275;7.2804;62
20041;56.9803;190;48.6171;65.3435;-20.8836;3.948;232
20043;59.5977;83;45.9913;73.2041;-23.5094;-3.9126;95
20045;57.2959;298;50.7801;63.8118;-18.7206;5.4797;363
20047;51.6581;41;34.5172;68.799;-34.9835;0.4925;54
20049;78.8122;66;58.2278;99.3966;-11.2729;-30.1051;59
20051;52.7392;149;44.2347;61.2436;-25.266;8.0479;196
20053;38.4692;47;26.5015;50.4368;-42.9992;18.8547;87
20055;68.8597;156;58.016;79.7034;-11.4847;-10.4119;157
20057;59.4486;181;50.7594;68.1378;-18.7413;1.1537;210
20059;63.2145;200;54.2514;72.1776;-15.2493;-2.8861;218
20061;77.978;156;65.7339;90.2222;-3.7668;-20.9307;138
20063;27.914;17;12.5412;43.2867;-56.9595;26.0048;41
20065;48.8449;33;31.5796;66.1102;-37.9211;3.1813;46
20067;65.3872;40;44.5934;86.1811;-24.9073;-16.8896;43
20069;35.3527;24;20.4269;50.2785;-49.0738;19.013;46
20071;55.2391;15;20.5152;89.963;-48.9855;-20.6715;19
20073;62.1815;116;50.0858;74.2771;-19.4149;-4.9856;127
20075;78.5734;33;51.1995;105.9473;-18.3012;-36.6558;29
20077;57.512;85;44.8474;70.1765;-24.6533;-0.885;99
20079;44.7056;181;38.1088;51.3024;-31.3919;17.9891;282
20081;76.2328;30;48.4928;103.9729;-21.0079;-34.6814;28
20083;46.8553;19;23.1698;70.5408;-46.3309;-1.2493;28
20085;66.195;112;53.6276;78.7623;-15.8731;-9.4708;115
20087;65.083;143;54.3122;75.8537;-15.1885;-6.5622;150
20089;65.1416;71;48.6477;81.6356;-20.853;-12.3441;74
20091;61.8623;1621;58.8002;64.9244;-10.7005;4.3671;1880
20093;62.1446;26;37.5468;86.7425;-31.9539;-17.451;29
20095;58.9962;85;46.2215;71.7708;-23.2792;-2.4793;101
20097;47.1922;35;30.4056;63.9788;-39.0951;5.3127;49
20099;71.1795;252;62.1795;80.1795;-7.3212;-10.888;250
20101;52.9108;23;29.4302;76.3915;-40.0705;-7.1;29
20103;71.7244;414;64.7999;78.6488;-4.7008;-9.3573;402
20105;28.765;26;15.9443;41.5858;-53.5564;27.7057;60
20107;64.9091;106;52.1118;77.7065;-17.3889;-8.415;110
20109;48.4237;25;28.1769;68.6704;-41.3238;0.6211;39
20111;60.4643;230;52.5414;68.3872;-16.9593;0.9043;258
20113;42.3442;165;35.7401;48.9484;-33.7606;20.3431;273
20115;41.4935;103;32.9646;50.0223;-36.5361;19.2692;180
20117;55.7084;140;46.0157;65.4012;-23.485;3.8903;169
20119;56.0723;41;38.3937;73.751;-31.107;-4.4595;51
20121;60.5429;183;51.724;69.3619;-17.7767;-0.0704;208
20123;61.2932;83;47.1462;75.4402;-22.3545;-6.1487;93
20125;78.7818;474;71.553;86.0106;2.0523;-16.7191;416
20127;54.3807;71;41.1634;67.5979;-28.3373;1.6936;89
20129;72.2123;31;45.245;99.1797;-24.2557;-29.8882;30
20131;42.9802;80;32.7414;53.219;-36.7593;16.0725;134
20133;74.9188;224;64.9207;84.9169;-4.58;-15.6254;203
20135;32.3754;27;18.9854;45.7655;-50.5153;23.526;58
20137;56.2007;71;42.4608;69.9406;-27.0399;-0.6491;84
20139;65.3569;155;54.835;75.8788;-14.6657;-6.5873;167
20141;53.2985;61;38.9418;67.6551;-30.5589;1.6364;84
20143;69.6105;79;53.6182;85.6027;-15.8825;-16.3112;76
20145;49.5296;67;37.3676;61.6916;-32.1331;7.5999;90
20147;62.0407;83;48.0879;75.9934;-21.4128;-6.7019;94
20149;56.0089;124;45.8903;66.1275;-23.6104;3.164;150
20151;61.0623;98;48.5744;73.5502;-20.9263;-4.2587;112
20153;37.0015;28;20.7991;53.2038;-48.7016;16.0877;50
20155;56.0814;472;50.9941;61.1686;-18.5066;8.1229;583
20157;50.2066;84;38.7488;61.6644;-30.7519;7.6271;114
20159;63.8287;122;52.145;75.5124;-17.3557;-6.2209;134
20161;52.4267;184;44.8198;60.0336;-24.6809;9.2579;242
20163;44.413;53;31.4367;57.3892;-38.064;11.9023;83
20165;51.7777;48;36.4318;67.1237;-33.0689;2.1678;63
20167;56.0749;91;44.1859;67.9638;-25.3148;1.3277;113
20169;63.2037;361;56.676;69.7313;-12.8247;-0.4398;396
20171;48.1216;37;32.3192;63.924;-37.1815;5.3675;52
20173;74.6305;2706;71.8114;77.4496;2.3107;-8.1581;2527
20175;68.4086;111;55.5768;81.2404;-13.9239;-11.9489;114
20177;72.0895;1224;68.0544;76.1246;-1.4463;-6.8331;1177
20179;43.2306;25;25.0384;61.4228;-44.4623;7.8687;38
20181;51.766;53;36.2587;67.2734;-33.242;2.0181;71
20183;37.1929;48;25.2124;49.1734;-44.2883;20.1181;88
20185;47.6708;52;33.9301;61.4115;-35.5706;7.88;80
20187;70.7298;19;35.7493;105.7103;-33.7514;-36.4188;18
20189;44.1293;27;27.1907;61.068;-42.31;8.2235;42
20191;72.0484;271;63.3564;80.7405;-6.1443;-11.449;260
20193;68.4433;75;52.851;84.0357;-16.6497;-14.7442;74
20195;47.9744;40;30.742;65.2067;-38.7587;4.0848;52
20197;59.5712;71;44.6634;74.479;-24.8373;-5.1875;82
20199;39.2698;13;12.3802;66.1594;-57.1205;3.1321;22
20201;43.6424;82;31.6923;55.5926;-37.8084;13.6989;122
20203;37.4215;15;14.9113;59.9317;-54.5894;9.3598;27
20205;70.3537;150;58.5486;82.1588;-10.9521;-12.8673;145
20207;55.3114;56;39.8081;70.8148;-29.6926;-1.5233;69
20209;87.4739;1362;82.8279;92.1199;13.3272;-22.8284;1073
21001;73.5782;163;62.1544;85.0021;-7.3463;-15.7106;157
21003;68.9019;144;57.5091;80.2946;-11.9916;-11.0031;149
21005;85.8067;130;71.0303;100.5831;1.5296;-31.2916;105
21007;101.489;133;83.9389;119.0391;14.4382;-49.7476;92
21009;83.4896;369;74.944;92.0353;5.4433;-22.7438;308
21011;63.435;85;49.6994;77.1707;-19.8013;-7.8792;95
21013;103.1094;391;92.8785;113.3402;23.3778;-44.0487;261
21015;98.7699;407;89.011;108.5289;19.5103;-39.2374;284
21017;88.8355;190;76.1908;101.4801;6.6901;-32.1886;148
21019;89.9931;602;82.8058;97.1804;13.3051;-27.8889;461
21021;86.1181;243;75.2812;96.955;5.7805;-27.6635;195
21023;80.6817;91;64.0272;97.3362;-5.4735;-28.0447;79
21025;79.3899;143;66.3397;92.4401;-3.161;-23.1486;124
21027;68.8467;166;58.2676;79.4258;-11.2331;-10.1343;167
21029;103.0014;333;91.6242;114.3786;22.1235;-45.0871;226
21031;78.3513;123;64.3562;92.3463;-5.1445;-23.0548;111
21033;92.3998;184;78.8324;105.9673;9.3317;-36.6758;142
21035;70.2598;281;61.8854;78.6342;-7.6153;-9.3427;283
21037;96.7802;941;90.5936;102.9668;21.0929;-33.6753;671
21039;94.5965;84;73.9382;115.2548;4.4375;-45.9633;63
21041;68.8487;84;54.0106;83.6868;-15.4901;-14.3953;85
21043;78.301;230;68.1409;88.4611;-1.3598;-19.1696;205
21045;85.3309;179;72.7591;97.9027;3.2584;-28.6112;146
21047;76.7922;365;68.9062;84.6782;-0.5945;-15.3867;331
21049;79.3304;231;69.0892;89.5717;-0.4115;-20.2802;203
21051;85.3179;201;73.5078;97.1281;4.0071;-27.8366;165
21053;87.4756;114;71.2253;103.726;1.7246;-34.4345;92
21055;89.9771;128;74.1829;105.7713;4.6822;-36.4798;99
21057;57.2509;64;42.7747;71.7272;-26.726;-2.4357;78
21059;91.5022;840;85.3176;97.6869;15.8169;-28.3954;634
21061;77.6103;109;63.0134;92.2072;-6.4873;-22.9157;95
21063;69.9192;58;51.8126;88.0258;-17.6881;-18.7343;58
21065;79.8373;144;66.702;92.9726;-2.7987;-23.6811;128
21067;85.7191;1393;81.1985;90.2397;11.6978;-20.9482;1131
21069;73.1434;126;60.1576;86.1292;-9.3431;-16.8377;122
21071;91.5617;462;83.2134;99.9099;13.7127;-30.6184;347
21073;91.1568;398;82.1861;100.1275;12.6854;-30.836;302
21075;97.1283;113;78.9041;115.3526;9.4034;-46.0611;82
21077;106.083;65;80.2081;131.9579;10.7074;-62.6664;41
21079;72.3168;110;58.7557;85.8779;-10.745;-16.5864;106
21081;86.5418;149;72.5277;100.5559;3.027;-31.2644;119
21083;84.3568;427;76.2489;92.4647;6.7482;-23.1732;350
21085;83.6949;253;73.309;94.0807;3.8083;-24.7892;209
21087;71.6913;116;58.43;84.9527;-11.0707;-15.6612;114
21089;86.1925;362;77.2882;95.0968;7.7875;-25.8053;290
21091;60.8046;54;44.0653;77.5439;-25.4354;-8.2524;61
21093;89.7498;525;82.0303;97.4693;12.5296;-28.1778;407
21095;105.7635;460;96.0874;115.4395;26.5867;-46.148;298
21097;72.8393;161;61.4703;84.2083;-8.0304;-14.9168;155
21099;93.8386;191;80.45;107.2271;10.9493;-37.9356;142
21101;96.6148;430;87.4902;105.7393;17.9895;-36.4478;308
21103;77.5427;134;64.3739;90.7114;-5.1268;-21.4199;120
21105;61.0846;56;44.4181;77.7511;-25.0826;-8.4596;65
21107;98.1725;536;89.8426;106.5024;20.3419;-37.2109;380
21109;74.4651;113;60.5811;88.3492;-8.9196;-19.0577;110
21111;97.1092;6409;94.7254;99.4931;25.2247;-30.2016;4558
21113;85.0384;197;73.1209;96.9558;3.6202;-27.6643;159
21115;88.5759;249;77.5561;99.5956;8.0554;-30.3041;195
21117;101.4711;1436;96.2192;106.7229;26.7185;-37.4314;974
21119;98.3502;182;84.0462;112.6542;14.5455;-43.3627;128
21121;92.9431;311;82.5764;103.3097;13.0757;-34.0182;236
21123;78.5317;129;64.8978;92.1655;-4.6029;-22.874;116
21125;76.6518;351;68.6242;84.6794;-0.8765;-15.3879;320
21127;79.6357;146;66.6364;92.635;-2.8643;-23.3435;128
21129;90.9628;99;72.7751;109.1506;3.2744;-39.8591;76
21131;95.4111;129;78.9366;111.8855;9.4359;-42.594;93
21133;101.3754;318;90.2289;112.522;20.7282;-43.2305;216
21135;75.751;134;62.8551;88.6468;-6.6456;-19.3553;122
21137;74.0614;185;63.3415;84.7813;-6.1592;-15.4898;177
21139;80.0134;106;64.359;95.6677;-5.1417;-26.3762;93
21141;78.8908;249;69.0358;88.7459;-0.4649;-19.4544;220
21143;71.2061;74;54.7428;87.6694;-14.7579;-18.3779;71
21145;93.8658;711;86.9584;100.7733;17.4577;-31.4818;526
21147;120.3945;204;103.8229;136.9662;34.3222;-67.6747;118
21149;85.8728;121;70.4521;101.2935;0.9514;-32.002;100
21151;73.7639;351;66.0438;81.4839;-3.4569;-12.1924;329
21153;73.8095;100;59.2453;88.3737;-10.2554;-19.0822;95
21155;87.0151;157;73.3801;100.65;3.8794;-31.3585;125
21157;73.1843;293;64.736;81.6326;-4.7647;-12.3411;277
21159;73.8748;89;58.5103;89.2392;-10.9904;-19.9477;83
21161;70.7421;158;59.6712;81.8129;-9.8295;-12.5214;155
21163;96.6316;155;81.343;111.9202;11.8423;-42.6287;111
21165;84.2448;53;61.0127;107.4769;-8.488;-38.1854;44
21167;92.7183;221;80.4823;104.9542;10.9816;-35.6627;166
21169;68.388;90;54.1086;82.6675;-15.3921;-13.376;93
21171;82.9952;142;69.2042;96.7861;-0.2965;-27.4946;122
21173;87.8135;183;75.0914;100.5356;5.5907;-31.2441;144
21175;61.2845;93;48.7456;73.8233;-20.7551;-4.5318;108
21177;95.9281;392;86.3986;105.4575;16.8979;-36.166;287
21179;76.6763;209;66.2828;87.0699;-3.2179;-17.7784;188
21181;74.9384;77;58.1229;91.7539;-11.3778;-22.4624;70
21183;85.4124;258;74.8826;95.9423;5.3819;-26.6508;212
21185;72.1449;159;60.6336;83.6562;-8.8671;-14.3647;151
21187;74.2628;96;59.2326;89.293;-10.2681;-20.0015;92
21189;51.9244;43;35.2566;68.5922;-34.2441;0.6993;58
21191;90.4733;128;74.7435;106.203;5.2428;-36.9115;100
21193;115.6964;376;104.0123;127.3805;34.5116;-58.089;224
21195;96.5166;755;89.6189;103.4143;20.1182;-34.1228;535
21197;97.4437;114;79.5338;115.3537;10.0331;-46.0622;81
21199;85.9001;525;78.5386;93.2617;9.0379;-23.9702;425
21201;72.3319;27;43.3835;101.2804;-26.1172;-31.9889;26
21203;93.8127;177;79.9429;107.6824;10.4422;-38.3909;133
21205;76.3798;142;63.8106;88.9489;-5.6901;-19.6574;129
21207;92.0006;188;78.742;105.2593;9.2413;-35.9678;144
21209;79.4938;174;67.6787;91.3089;-1.822;-22.0174;152
21211;88.5575;245;77.4501;99.665;7.9494;-30.3735;192
21213;74.0695;126;61.0938;87.0452;-8.4069;-17.7537;120
21215;83.1422;64;62.7331;103.5512;-6.7676;-34.2597;53
21217;73.3778;184;62.7391;84.0166;-6.7616;-14.7251;176
21219;72.702;109;58.7955;86.6085;-10.7052;-17.317;104
21221;82.4371;125;67.6755;97.1987;-1.8252;-27.9072;107
21223;71.2802;56;52.4128;90.1475;-17.0879;-20.856;56
21225;79.4313;138;66.0615;92.8011;-3.4392;-23.5096;120
21227;81.6363;559;74.871;88.4016;5.3703;-19.1101;474
21229;72.0722;96;57.5418;86.6026;-11.9589;-17.3111;91
21231;79.168;182;67.5715;90.7645;-1.9292;-21.473;159
21233;82.7544;168;70.0416;95.4672;0.5409;-26.1757;142
21235;103.6949;400;93.5139;113.8759;24.0132;-44.5844;267
21237;73.4215;64;55.2016;91.6414;-14.2991;-22.3499;60
21239;79.1153;135;65.7198;92.5108;-3.7809;-23.2193;119
22001;97.1379;515;88.7385;105.5374;19.2378;-36.2459;366
22003;82.9018;180;70.7021;95.1015;1.2014;-25.81;151
22005;88.8562;300;78.6856;99.0267;9.1849;-29.7352;239
22007;104.341;168;88.5135;120.1685;19.0128;-50.877;112
22009;78.2713;333;69.7998;86.7429;0.2991;-17.4514;297
22011;83.0338;232;72.3196;93.7481;2.8189;-24.4566;193
22013;81.1352;128;66.7951;95.4752;-2.7056;-26.1837;110
22015;95.6529;518;87.1728;104.133;17.6721;-34.8415;383
22017;88.5032;1709;84.3043;92.702;14.8036;-23.4105;1343
22019;89.6104;1208;84.5011;94.7198;15.0004;-25.4283;940
22021;77.9111;94;62.0027;93.8195;-7.498;-24.528;84
22023;92.1274;88;72.708;111.5467;3.2073;-42.2552;66
22025;76.8849;88;60.7446;93.0253;-8.7561;-23.7338;80
22027;67.7281;114;55.0628;80.3935;-14.4379;-11.102;114
22029;87.3457;138;72.4688;102.2227;2.9681;-32.9312;110
22031;86.1488;174;73.2748;99.0228;3.7741;-29.7313;139
22033;76.5603;1603;72.7346;80.3861;3.2339;-11.0946;1494
22035;86.6843;49;61.982;111.3865;-7.5187;-42.095;40
22037;68.2614;91;54.1747;82.3481;-15.326;-13.0566;92
22039;97.8722;331;87.217;108.5273;17.7163;-39.2358;238
22041;96.9478;230;84.2645;109.6312;14.7638;-40.3397;164
22043;88.6055;169;75.1619;102.049;5.6612;-32.7575;134
22045;95.1056;460;86.374;103.8373;16.8733;-34.5458;338
22047;74.4421;152;62.5716;86.3126;-6.9291;-17.0211;141
22049;90.57;158;76.3168;104.8233;6.8161;-35.5318;123
22051;93.5996;3154;90.2372;96.962;20.7365;-27.6705;2393
22053;84.3075;257;73.9685;94.6466;4.4678;-25.3551;213
22055;86.2149;843;80.2806;92.1493;10.7799;-22.8578;691
22057;84.7848;552;77.5761;91.9935;8.0754;-22.702;456
22059;80.7946;153;67.8389;93.7504;-1.6618;-24.4589;133
22061;78.5106;202;67.6585;89.3627;-1.8422;-20.0712;178
22063;94.6415;463;85.8781;103.4049;16.3774;-34.1134;343
22065;88.4293;70;67.0208;109.8378;-2.4799;-40.5463;55
22067;77.0144;213;66.5849;87.4438;-2.9158;-18.1523;193
22069;72.8265;223;63.1981;82.455;-6.3026;-13.1635;212
22071;86.9041;3004;83.7851;90.0231;14.2844;-20.7316;2383
22073;83.7875;862;78.1792;89.3958;8.6785;-20.1043;715
22075;88.1367;159;73.6777;102.5957;4.177;-33.3042;122
22077;75.6265;136;62.7774;88.4755;-6.7233;-19.184;123
22079;78.8639;834;73.4914;84.2363;3.9907;-14.9448;735
22081;63.1101;58;46.6056;79.6145;-22.8951;-10.323;67
22083;96.8008;199;83.2208;110.3808;13.7201;-41.0893;145
22085;69.5256;216;60.1203;78.931;-9.3804;-9.6395;216
22087;103.4415;598;94.7738;112.1092;25.2731;-42.8177;409
22089;89.5647;212;77.0466;102.0828;7.5459;-32.7913;169
22091;103.2054;61;76.3742;130.0365;6.8735;-60.745;43
22093;83.6216;98;66.9305;100.3127;-2.5702;-31.0212;81
22095;77.1338;127;63.2402;91.0273;-6.2605;-21.7358;117
22097;85.6071;533;78.3013;92.913;8.8006;-23.6215;430
22099;88.3694;249;77.3342;99.4047;7.8335;-30.1132;197
22101;93.9011;370;84.2032;103.5991;14.7025;-34.3076;275
22103;96.0662;948;89.8415;102.2909;20.3408;-32.9994;687
22105;76.8214;489;69.9909;83.6518;0.4902;-14.3603;445
22107;92.8888;52;66.4206;119.357;-3.0801;-50.0655;39
22109;97.3822;609;89.4889;105.2755;19.9882;-35.984;434
22111;89.4304;207;77.0764;101.7844;7.5757;-32.4929;158
22113;82.032;431;74.2729;89.791;4.7722;-20.4995;363
22115;83.1372;275;73.2898;92.9845;3.7891;-23.693;229
22117;97.0234;392;87.367;106.6797;17.8663;-37.3882;280
22119;89.1805;382;80.2034;98.1576;10.7027;-28.8661;300
22121;85.2405;94;67.5743;102.9068;-1.9264;-33.6153;77
22123;98.5917;155;82.9942;114.1892;13.4935;-44.8977;109
22125;62.9091;34;38.767;87.0512;-30.7337;-17.7597;36
22127;90.6586;163;76.6061;104.711;7.1054;-35.4195;127
23001;74.6263;895;69.7362;79.5164;0.2355;-10.2249;831
23003;77.685;811;72.3387;83.0313;2.838;-13.7398;724
23005;77.6987;2038;74.326;81.0715;4.8253;-11.78;1821
23007;71.3392;235;62.2125;80.4658;-7.2882;-11.1743;228
23009;77.3143;468;70.2547;84.3738;0.754;-15.0823;426
23011;72.919;984;68.3642;77.4738;-1.1365;-8.1823;934
23013;73.0943;369;65.5667;80.6219;-3.934;-11.3304;353
23015;78.741;326;70.1118;87.3701;0.6111;-18.0786;288
23017;76.8131;527;70.2362;83.3901;0.7355;-14.0986;479
23019;79.4197;1188;74.9061;83.9333;5.4054;-14.6418;1037
23021;85.1791;223;73.9512;96.4071;4.4505;-27.1156;182
23023;83.8984;276;73.9925;93.8042;4.4918;-24.5127;227
23025;79.4758;468;72.2724;86.6793;2.7717;-17.3878;409
23027;73.511;278;64.8374;82.1847;-4.6633;-12.8932;262
23029;68.4244;350;61.1927;75.6562;-8.308;-6.3647;354
23031;73.6488;1302;69.6428;77.6548;0.1421;-8.3633;1226
24001;74.9558;867;69.9465;79.9652;0.4458;-10.6737;803
24003;88.498;2633;84.9826;92.0134;15.4819;-22.7219;2166
24005;79.2657;5955;77.2356;81.2958;7.7349;-12.0043;5302
24009;85.2094;262;74.7208;95.698;5.2201;-26.4065;218
24011;74.5832;214;64.5317;84.6348;-4.969;-15.3433;198
24013;67.8197;703;62.7938;72.8457;-6.7069;-3.5542;724
24015;77.897;514;71.123;84.6709;1.6223;-15.3794;459
24017;86.2751;385;77.265;95.2851;7.7643;-25.9936;322
24019;85.2902;306;75.6549;94.9254;6.1542;-25.6339;250
24021;76.2887;877;71.2132;81.3642;1.7125;-12.0727;800
24023;53.1203;184;45.4209;60.8197;-24.0798;8.4718;240
24025;75.8102;927;70.7824;80.8381;1.2817;-11.5466;866
24027;61.8738;507;56.2428;67.5048;-13.2579;1.7867;619
24029;72.6234;154;60.9791;84.2677;-8.5216;-14.9762;149
24031;50.7932;2904;48.9196;52.6667;-20.5811;16.6248;4074
24033;77.7204;2844;74.7533;80.6875;5.2526;-11.396;2557
24035;73.9174;238;64.4427;83.3921;-5.058;-14.1006;224
24037;84.0679;379;75.5224;92.6134;6.0217;-23.3219;318
24039;102.5433;227;89.1222;115.9643;19.6215;-46.6728;153
24041;64.2945;253;56.2283;72.3607;-13.2724;-3.0692;274
24043;72.4131;1019;67.9655;76.8606;-1.5352;-7.5691;976
24045;92.1364;587;84.6786;99.5941;15.1779;-30.3026;441
24047;82.673;320;73.4622;91.8838;3.9615;-22.5923;270
24510;98.8;5483;96.1612;101.4388;26.6605;-32.1473;3834
25001;60.1136;1668;57.0896;63.1376;-12.4111;6.1539;1958
25003;63.4322;1253;59.9133;66.9511;-9.5874;2.3404;1364
25005;70.0887;4174;67.9609;72.2165;-1.5398;-2.925;4134
25007;69.2288;91;54.8188;83.6388;-14.6819;-14.3473;92
25009;69.1485;5567;67.3334;70.9636;-2.1673;-1.6721;5558
25011;67.6459;578;62.1137;73.1781;-7.387;-3.8866;591
25013;68.1022;3688;65.9034;70.301;-3.5973;-1.0095;3751
25015;63.6892;921;59.5728;67.8056;-9.9279;1.4859;1003
25017;67.5117;10183;66.2008;68.8227;-3.2999;0.4688;10464
25019;93.8654;69;71.588;116.1428;2.0873;-46.8513;51
25021;65.2758;4754;63.421;67.1305;-6.0797;2.161;5065
25023;68.1336;2886;65.6469;70.6203;-3.8538;-1.3288;2942
25025;78.7467;5112;76.5767;80.9166;7.076;-11.6251;4460
25027;65.0072;5300;63.2571;66.7573;-6.2436;2.5342;5639
26001;69.9038;145;57.8974;81.9103;-11.6033;-12.6188;148
26003;60.7246;86;47.7177;73.7315;-21.783;-4.44;99
26005;61.3214;559;56.2368;66.406;-13.2639;2.8855;633
26007;69.5672;278;61.3833;77.7512;-8.1174;-8.4597;279
26009;59.6676;160;50.1202;69.2151;-19.3805;0.0764;189
26011;90.244;206;77.8027;102.6853;8.302;-33.3938;158
26013;63.7883;90;49.7351;77.8414;-19.7656;-8.5499;93
26015;60.0353;338;53.6263;66.4443;-15.8744;2.8472;392
26017;74.4311;980;69.7559;79.1063;0.2552;-9.8148;916
26019;73.2384;128;60.3278;86.1491;-9.1729;-16.8576;123
26021;70.5189;1274;66.6486;74.3892;-2.8521;-5.0977;1253
26023;72.6625;360;65.1412;80.1837;-4.3595;-10.8922;342
26025;66.802;1047;62.7556;70.8484;-6.7451;-1.5569;1083
26027;71.1701;390;64.0703;78.27;-5.4304;-8.9785;383
26029;68.8558;180;58.7486;78.9629;-10.7521;-9.6714;182
26031;77.4826;240;67.5036;87.4616;-1.9971;-18.1701;219
26033;58.8829;226;50.9918;66.7741;-18.5089;2.5174;263
26035;79.3021;309;70.197;88.4072;0.6963;-19.1157;273
26037;59.0652;306;52.4065;65.7239;-17.0942;3.5676;366
26039;87.691;124;71.9954;103.3867;2.4947;-34.0952;101
26041;63.7825;338;56.9608;70.6042;-12.5399;-1.3127;366
26043;58.9977;258;51.6499;66.3456;-17.8508;2.9459;297
26045;50.897;409;45.9389;55.855;-23.5618;13.4365;563
26047;70.6317;205;60.8857;80.3778;-8.615;-11.0863;201
26049;74.9461;2749;72.129;77.7633;2.6283;-8.4718;2532
26051;79.2019;262;69.4298;88.9741;-0.0709;-19.6826;233
26053;58.0474;224;50.0651;66.0297;-19.4356;3.2618;269
26055;59.6938;370;53.5985;65.789;-15.9022;3.5025;432
26057;59.7533;278;52.7133;66.7932;-16.7874;2.4983;324
26059;63.3665;340;56.6094;70.1236;-12.8913;-0.8321;373
26061;63.0372;366;56.3669;69.7074;-13.1338;-0.4159;400
26063;49.6552;283;43.7568;55.5535;-25.7439;13.738;395
26065;67.0895;1376;63.5398;70.6392;-5.9609;-1.3477;1423
26067;68.0419;361;61.0295;75.0542;-8.4712;-5.7627;367
26069;73.968;291;65.2872;82.6487;-4.2135;-13.3572;275
26071;80.0989;249;69.8008;90.397;0.3001;-21.1055;208
26073;64.8722;275;57.1787;72.5657;-12.322;-3.2742;293
26075;76.8212;1218;72.5036;81.1388;3.0029;-11.8473;1099
26077;70.1584;1355;66.4183;73.8985;-3.0824;-4.607;1348
26079;71.0867;107;57.1058;85.0677;-12.3949;-15.7762;107
26081;60.1058;2706;57.8428;62.3688;-11.6579;6.9227;3118
26083;51.9297;26;27.8358;76.0235;-41.6649;-6.732;35
26085;86.9009;117;70.3741;103.4278;0.8734;-34.1363;96
26087;68.2108;429;61.714;74.7076;-7.7867;-5.4161;436
26089;49.2872;110;39.4416;59.1327;-30.0591;10.1588;150
26091;72.0698;703;66.739;77.4007;-2.7617;-8.1092;678
26093;66.2023;584;60.7636;71.641;-8.7371;-2.3495;617
26095;59.2332;57;43.6277;74.8386;-25.873;-5.5471;67
26097;71.6654;116;58.4387;84.892;-11.062;-15.6005;111
26099;73.4783;5030;71.4188;75.5378;1.9181;-6.2463;4821
26101;64.7626;225;56.1625;73.3627;-13.3382;-4.0712;246
26103;66.5927;479;60.628;72.5574;-8.8727;-3.2659;500
26105;59.7253;235;51.9879;67.4628;-17.5128;1.8287;273
26107;71.9657;273;63.3899;80.5415;-6.1108;-11.25;259
26109;56.5029;222;48.9761;64.0296;-20.5246;5.2619;271
26111;67.8178;454;61.5015;74.1341;-7.9992;-4.8426;472
26113;62.0205;94;49.1734;74.8676;-20.3273;-5.5761;106
26115;74.9218;958;70.154;79.6897;0.6533;-10.3982;893
26117;65.9931;405;59.5494;72.4368;-9.9513;-3.1453;426
26119;73.5674;114;59.3798;87.755;-10.1209;-18.4635;113
26121;74.0045;1241;69.8828;78.1263;0.3821;-8.8348;1161
26123;70.9785;339;63.3899;78.5672;-6.1108;-9.2757;332
26125;63.4452;6310;61.8657;65.0247;-7.635;4.2668;7025
26127;65.1144;190;55.7423;74.4864;-13.7584;-5.1949;200
26129;78.0979;230;67.7564;88.4394;-1.7443;-19.1479;205
26131;61.8846;105;49.8015;73.9677;-19.6992;-4.6762;118
26133;65.4736;176;55.6509;75.2963;-13.8498;-6.0048;185
26135;66.2648;93;52.1149;80.4148;-17.3858;-11.1233;97
26137;63.9556;126;52.6902;75.2211;-16.8105;-5.9296;139
26139;47.2613;743;43.8591;50.6634;-25.6416;18.6281;1099
26141;55.1811;129;45.4328;64.9293;-24.0679;4.3622;165
26143;82.1081;314;72.4632;91.7531;2.9625;-22.4616;270
26145;68.8944;1416;65.3058;72.4829;-4.1949;-3.1914;1426
26147;72.2853;1139;68.0866;76.4839;-1.4141;-7.1924;1092
26149;74.9826;497;68.3879;81.5773;-1.1128;-12.2858;459
26151;54.8857;317;48.7684;61.0031;-20.7323;8.2884;405
26153;76.8472;107;61.9465;91.7478;-7.5542;-22.4563;96
26155;68.1429;477;62.0119;74.274;-7.4888;-4.9825;486
26157;57.6193;356;51.6326;63.606;-17.8681;5.6855;428
26159;71.6892;539;65.6294;77.7491;-3.8713;-8.4576;522
26161;61.6134;1072;57.8897;65.3372;-11.611;3.9543;1222
26163;76.9644;14603;75.7161;78.2127;6.2154;-8.9212;13010
26165;72.7268;243;63.5252;81.9284;-5.9755;-12.6369;231
27001;52.9005;147;43.8513;61.9497;-25.6494;7.3418;191
27003;67.84;852;63.0467;72.6333;-6.454;-3.3418;913
27005;48.1442;202;41.3681;54.9203;-28.1326;14.3712;289
27007;51.4931;176;43.7953;59.1908;-25.7054;10.1007;237
27009;47.1002;134;39.0059;55.1944;-30.4948;14.0971;201
27011;49.7182;67;37.1409;62.2954;-32.3598;6.9961;97
27013;53.2097;305;47.19;59.2293;-22.3107;10.0622;395
27015;38.6049;164;32.6013;44.6085;-36.8994;24.683;293
27017;51.6219;211;44.6465;58.5974;-24.8542;10.6941;279
27019;37.2859;143;31.1552;43.4165;-38.3455;25.875;264
27021;57.245;228;49.4875;65.0025;-20.0132;4.289;278
27023;44.0317;109;35.3437;52.7198;-34.157;16.5717;172
27025;51.9699;172;44.1153;59.8245;-25.3854;9.467;234
27027;47.1164;248;41.2237;53.0092;-28.277;16.2823;368
27029;43.4334;65;32.0812;54.7857;-37.4195;14.5058;109
27031;31.4492;21;13.0925;49.806;-56.4082;19.4855;43
27033;43.4484;107;34.7744;52.1225;-34.7263;17.169;173
27035;56.7112;386;50.9533;62.4692;-18.5474;6.8223;462
27037;54.6045;829;50.8169;58.3921;-18.6838;10.8994;1079
27039;45.344;88;35.6849;55.003;-33.8158;14.2885;137
27041;45.6229;204;39.1919;52.0539;-30.3088;17.2376;310
27043;53.98;177;45.734;62.2261;-23.7667;7.0654;225
27045;36.5635;140;30.2497;42.8772;-39.251;26.4143;266
27047;54.7533;293;48.4308;61.0759;-21.0699;8.2156;372
27049;41.932;242;36.5371;47.3269;-32.9636;21.9646;394
27051;41.1106;55;29.6585;52.5626;-39.8422;16.7289;98
27053;60.0952;5917;58.5648;61.6255;-10.9359;7.666;6818
27055;46.6312;129;38.3076;54.9547;-31.1931;14.3368;189
27057;52.8676;129;43.4297;62.3055;-26.071;6.986;173
27059;47.1483;127;38.8335;55.463;-30.6672;13.8285;187
27061;59.0234;355;52.7843;65.2626;-16.7164;4.0289;412
27063;39.8932;87;31.2442;48.5422;-38.2565;20.7493;152
27065;56.1514;103;45.1045;67.1983;-24.3962;2.0932;128
27067;40.7975;214;35.1477;46.4473;-34.353;22.8442;363
27069;51.694;58;37.7612;65.6268;-31.7395;3.6647;84
27071;57.0098;135;47.357;66.6626;-22.1437;2.6289;162
27073;39.015;79;29.8111;48.219;-39.6896;21.0725;140
27075;50.312;87;39.7179;60.906;-29.7828;8.3855;121
27077;50.5789;35;32.7689;68.3889;-36.7318;0.9026;47
27079;47.2939;161;39.7508;54.837;-29.7499;14.4545;235
27081;46.3066;75;34.8632;57.7499;-34.6375;11.5416;106
27083;44.1123;146;36.8549;51.3698;-32.6458;17.9217;232
27085;34.3853;147;28.7511;40.0194;-40.7496;29.2721;292
27087;35.8024;31;21.3252;50.2796;-48.1755;19.0119;58
27089;37.3545;80;28.9969;45.7121;-40.5038;23.5794;146
27091;43.2706;172;36.6572;49.884;-32.8435;19.4075;275
27093;35.6963;119;29.1303;42.2623;-40.3704;27.0292;228
27095;46.0832;133;37.9764;54.19;-31.5243;15.1015;201
27097;40.7994;169;34.4964;47.1025;-35.0043;22.189;297
27099;48.1766;312;42.7894;53.5639;-26.7113;15.7276;446
27101;38.6333;77;29.6792;47.5875;-39.8215;21.704;132
27103;43.5706;127;35.8812;51.26;-33.6195;18.0315;203
27105;46.5726;155;39.018;54.1273;-30.4827;15.1642;226
27107;44.4742;82;34.0514;54.8969;-35.4493;14.3946;127
27109;46.864;418;42.3597;51.3683;-27.141;17.9232;615
27111;40.0398;370;35.8323;44.2473;-33.6684;25.0442;637
27113;43.6781;86;34.1168;53.2394;-35.3839;16.0521;142
27115;50.2008;162;42.3405;58.0611;-27.1602;11.2304;223
27117;48.0584;94;37.9101;58.2066;-31.5906;11.0849;134
27119;43.4338;231;37.6378;49.2298;-31.8629;20.0617;365
27121;46.2116;98;36.5729;55.8503;-32.9278;13.4412;151
27123;62.483;3031;60.2601;64.7059;-9.2406;4.5856;3351
27125;60.7711;51;43.4463;78.0959;-26.0544;-8.8044;59
27127;37.9118;122;30.9779;44.8457;-38.5228;24.4458;223
27129;41.3134;143;34.0023;48.6245;-35.4984;20.667;241
27131;47.3127;245;41.3483;53.2771;-28.1524;16.0144;361
27133;41.4247;72;31.2652;51.5843;-38.2355;17.7072;117
27135;44.5445;87;34.9924;54.0965;-34.5083;15.195;140
27137;59.2519;1731;56.4478;62.0561;-13.0529;7.2354;2019
27139;51.8956;206;44.7595;59.0316;-24.7412;10.2599;276
27141;50.3631;142;41.9919;58.7342;-27.5088;10.5573;193
27143;38.9937;95;30.9336;47.0537;-38.5671;22.2378;176
27145;47.6654;559;43.703;51.6278;-25.7977;17.6637;812
27147;40.6234;156;34.2016;47.0451;-35.2991;22.2464;266
27149;52.7494;83;41.0691;64.4298;-28.4316;4.8617;106
27151;48.2162;109;38.8615;57.5709;-30.6392;11.7206;152
27153;46.8527;187;39.8868;53.8186;-29.6139;15.4729;274
27155;40.5662;41;27.2412;53.8912;-42.2595;15.4003;74
27157;53.3473;159;44.9208;61.7737;-24.5799;7.5178;203
27159;45.1236;97;35.8917;54.3555;-33.609;14.936;155
27161;46.1136;114;37.4193;54.808;-32.0814;14.4835;171
27163;56.4796;510;51.4647;61.4944;-18.036;7.7971;641
27165;50.0595;101;40.0627;60.0562;-29.438;9.2353;142
27167;43.7005;57;31.5389;55.862;-37.9618;13.4295;87
27169;49.9273;286;44.0701;55.7846;-25.4306;13.5069;408
27171;42.5648;274;37.4923;47.6372;-32.0084;21.6543;445
27173;50.1773;120;40.7462;59.6084;-28.7545;9.6831;166
28001;77.1931;188;66.0648;88.3214;-3.4359;-19.0299;171
28003;67.5995;247;59.1463;76.0527;-10.3544;-6.7612;258
28005;69.1367;83;53.8789;84.3944;-15.6218;-15.1029;83
28007;71.6817;152;59.9741;83.3893;-9.5266;-14.0978;143
28009;56.9236;48;40.2727;73.5745;-29.228;-4.283;58
28011;89.7065;194;77.0601;102.3529;7.5594;-33.0614;148
28013;74.78;137;61.9058;87.6542;-7.5949;-18.3627;128
28015;75.9791;67;57.45;94.5081;-12.0507;-25.2166;62
28017;88.2946;137;73.4702;103.1191;3.9695;-33.8276;107
28019;64.3827;60;47.7322;81.0332;-21.7685;-11.7417;67
28021;88.5721;38;60.0357;117.1084;-9.465;-47.8169;30
28023;78.0372;123;64.1446;91.9298;-5.3561;-22.6383;110
28025;65.319;89;51.6145;79.0234;-17.8862;-9.7319;95
28027;94.2326;158;79.4451;109.0201;9.9444;-39.7286;117
28029;90.3139;182;77.0918;103.536;7.5911;-34.2445;137
28031;97.4458;145;81.5228;113.3689;12.0221;-44.0774;102
28033;95.9093;360;85.5764;106.2423;16.0757;-36.9508;273
28035;97.9388;509;89.4249;106.4527;19.9242;-37.1612;359
28037;83.6089;73;64.105;103.1128;-5.3957;-33.8213;61
28039;101.1614;161;85.5139;116.809;16.0132;-47.5175;111
28041;94.6905;90;75.091;114.29;5.5903;-44.9985;66
28043;88.8219;146;74.2951;103.3487;4.7944;-34.0572;113
28045;88.5391;300;78.3581;98.7201;8.8574;-29.4286;237
28047;91.6866;1247;86.5763;96.7969;17.0756;-27.5054;940
28049;81.6391;1239;77.0713;86.2068;7.5706;-16.9153;1057
28051;83.0177;90;65.466;100.5693;-4.0347;-31.2778;74
28053;113.0202;73;86.9975;139.043;17.4968;-69.7515;45
28055;48.9864;6;0;98.7415;-69.5007;-29.45;8
28057;85.5463;214;74.0295;97.063;4.5288;-27.7715;179
28059;101.1241;878;94.2307;108.0175;24.73;-38.726;612
28061;69.965;97;55.8149;84.1152;-13.6858;-14.8237;96
28063;94.4924;28;58.5305;130.4542;-10.9702;-61.1627;21
28065;108.3499;104;87.4016;129.2983;17.9009;-60.0068;66
28067;84.7933;532;77.5784;92.0083;8.0777;-22.7168;436
28069;82.3506;68;62.4513;102.2499;-7.0494;-32.9584;58
28071;84.7964;178;72.342;97.2508;2.8413;-27.9593;146
28073;95.7772;214;82.8409;108.7134;13.3402;-39.4219;152
28075;87.3973;555;80.115;94.6796;10.6143;-25.3881;439
28077;98.5016;110;80.0502;116.953;10.5495;-47.6615;76
28079;74.0781;140;61.6287;86.5274;-7.872;-17.2359;132
28081;75.457;398;68.0292;82.8848;-1.4715;-13.5933;363
28083;104.7229;228;91.062;118.3839;21.5613;-49.0924;151
28085;71.1683;211;61.5113;80.8253;-7.9894;-11.5338;205
28087;89.9706;320;80.067;99.8742;10.5663;-30.5827;248
28089;79.3072;173;67.4617;91.1527;-2.039;-21.8612;151
28091;78.1366;185;66.7958;89.4773;-2.7049;-20.1858;165
28093;96.5847;164;81.6725;111.4969;12.1718;-42.2054;118
28095;87.3807;294;77.3799;97.3815;7.8792;-28.09;232
28097;79.0209;97;63.0463;94.9956;-6.4544;-25.7041;86
28099;65.724;167;55.6671;75.781;-13.8336;-6.4895;179
28101;90.0216;196;77.3234;102.7197;7.8227;-33.4282;152
28103;75.0012;53;54.64;95.3625;-14.8607;-26.071;48
28105;66.7476;124;54.9794;78.5158;-14.5213;-9.2243;130
28107;98.0343;217;84.9056;111.1631;15.4049;-41.8716;154
28109;97.1997;335;86.681;107.7184;17.1803;-38.4269;240
28111;107.8914;100;86.7269;129.0558;17.2262;-59.7643;63
28113;86.2662;253;75.5687;96.9636;6.068;-27.6721;202
28115;80.4155;198;69.1602;91.6708;-0.3405;-22.3793;169
28117;74.6543;207;64.4469;84.8616;-5.0538;-15.5701;194
28119;84.4353;67;63.9761;104.8944;-5.5246;-35.6029;55
28121;74.5203;409;67.1568;81.8839;-2.3439;-12.5924;379
28123;89.3395;180;76.2775;102.4014;6.7768;-33.1099;140
28125;82.5017;33;53.9779;111.0255;-15.5228;-41.734;28
28127;108.4844;242;94.7883;122.1806;25.2876;-52.8891;154
28129;82.5926;143;68.9058;96.2795;-0.5949;-26.988;120
28131;107.2724;105;86.723;127.8218;17.2223;-58.5303;68
28133;82.7124;150;69.43;95.9949;-0.0707;-26.7034;124
28135;79.7017;90;62.9627;96.4406;-6.538;-27.1491;76
28137;89.9351;141;75.0671;104.8031;5.5664;-35.5116;109
28139;63.6959;145;53.2465;74.1452;-16.2542;-4.8537;158
28141;89.997;221;78.0499;101.9441;8.5492;-32.6526;172
28143;79.1962;30;48.9609;109.4314;-20.5398;-40.1399;25
28145;71.0327;186;60.7682;81.2972;-8.7325;-12.0057;185
28147;77.3848;94;61.5416;93.228;-7.9591;-23.9365;86
28149;93.6942;304;83.1162;104.2722;13.6155;-34.9807;227
28151;93.8088;328;83.5814;104.0363;14.0807;-34.7448;245
28153;68.7565;106;55.5661;81.947;-13.9346;-12.6555;106
28155;92.438;125;75.8684;109.0076;6.3677;-39.7161;96
28157;90.1998;47;63.6661;116.7336;-5.8346;-47.4421;37
28159;78.158;142;65.2197;91.0964;-4.281;-21.8049;128
28161;104.3086;134;86.3317;122.2856;16.831;-52.9941;90
28163;72.1951;128;59.6354;84.7548;-9.8653;-15.4633;125
29001;60.703;169;51.382;70.0239;-18.1187;-0.7324;194
29003;53.5399;111;43.3558;63.7239;-26.1449;5.5676;145
29005;57.8484;81;44.7032;70.9936;-24.7975;-1.7021;99
29007;66.2998;242;57.8629;74.7367;-11.6378;-5.4452;255
29009;65.2872;295;57.6501;72.9243;-11.8506;-3.6328;312
29011;67.7126;140;55.9207;79.5046;-13.58;-10.2131;143
29013;68.7744;198;58.9251;78.6238;-10.5756;-9.3323;195
29015;84.3118;230;72.8736;95.75;3.3729;-26.4585;193
29017;72.8557;124;59.6912;86.0202;-9.8095;-16.7287;123
29019;67.2156;504;61.3469;73.0842;-8.1538;-3.7927;522
29021;80.5664;936;75.384;85.7487;5.8833;-16.4572;797
29023;90.593;491;82.5145;98.6715;13.0138;-29.38;377
29025;59.7544;92;47.204;72.3047;-22.2967;-3.0132;110
29027;68.4769;256;60.0579;76.896;-9.4428;-7.6045;259
29029;69.5762;304;61.4912;77.6612;-8.0095;-8.3697;302
29031;72.1296;504;65.8145;78.4447;-3.6862;-9.1532;482
29033;63.328;126;51.8655;74.7904;-17.6352;-5.4989;141
29035;69.6169;59;51.5461;87.6878;-17.9546;-18.3963;59
29037;69.3251;389;62.4303;76.22;-7.0704;-6.9285;392
29039;66.4788;162;55.674;77.2837;-13.8267;-7.9922;172
29041;54.2926;103;43.199;65.3862;-26.3017;3.9053;131
29043;62.4443;190;53.5542;71.3345;-15.9465;-2.043;210
29045;65.4474;86;51.2295;79.6654;-18.2712;-10.3739;90
29047;75.9285;998;71.1419;80.7151;1.6412;-11.4236;935
29049;57.5403;123;47.2741;67.8066;-22.2266;1.4849;149
29051;62.7054;374;56.3498;69.061;-13.1509;0.2305;415
29053;62.4567;136;51.7556;73.1579;-17.7451;-3.8664;153
29055;77.7815;230;67.4373;88.1256;-2.0634;-18.8341;210
29057;68.4087;102;54.3936;82.4238;-15.1071;-13.1323;105
29059;66.8892;151;55.861;77.9174;-13.6397;-8.6259;156
29061;67.101;108;53.9458;80.2562;-15.5549;-10.9647;108
29063;57.4904;80;44.4993;70.4816;-25.0014;-1.1901;97
29065;73.4388;163;61.9128;84.9648;-7.5879;-15.6733;158
29067;72.5829;139;60.3185;84.8473;-9.1822;-15.5558;133
29069;103.415;498;94.2226;112.6075;24.7219;-43.316;339
29071;76.5702;667;70.7533;82.3871;1.2526;-13.0956;603
29073;56.2283;140;46.572;65.8846;-22.9287;3.4069;177
29075;72.7649;109;58.3677;87.1621;-11.133;-17.8706;105
29077;77.5157;1658;73.7831;81.2484;4.2824;-11.9569;1483
29079;75.1001;148;62.6364;87.5638;-6.8643;-18.2723;138
29081;75.6822;142;62.6157;88.7488;-6.885;-19.4573;134
29083;85.0802;291;74.9234;95.2371;5.4227;-25.9456;244
29085;60.2604;106;47.9022;72.6186;-21.5985;-3.3271;119
29087;67.9597;91;53.188;82.7314;-16.3127;-13.4399;90
29089;69.039;102;55.0835;82.9945;-14.4172;-13.703;105
29091;85.5252;394;76.9928;94.0576;7.4921;-24.7661;319
29093;88.759;145;74.0737;103.4442;4.573;-34.1527;116
29095;77.1879;4725;74.9897;79.3862;5.489;-10.0947;4225
29097;88.7528;1019;83.2782;94.2274;13.7775;-24.9359;799
29099;87.22;1148;82.1233;92.3167;12.6226;-23.0252;912
29101;58.2735;208;50.334;66.213;-19.1667;3.0785;246
29103;42.6928;41;27.6086;57.7771;-41.8921;11.5144;66
29105;79.1033;280;69.7646;88.442;0.2639;-19.1505;249
29107;67.2095;290;59.3841;75.035;-10.1166;-5.7435;301
29109;76.5075;356;68.4041;84.6109;-1.0966;-15.3194;326
29111;66.8904;109;54.0862;79.6946;-15.4145;-10.4031;110
29113;73.3818;229;63.8504;82.9133;-5.6503;-13.6218;215
29115;65.5222;185;55.5649;75.4794;-13.9358;-6.1879;196
29117;61.8686;145;51.6054;72.1317;-17.8953;-2.8402;167
29119;85.19;198;73.2266;97.1535;3.7259;-27.862;162
29121;62.3497;183;53.0622;71.6371;-16.4385;-2.3456;200
29123;83.4823;158;70.0543;96.9103;0.5536;-27.6188;133
29125;65.5982;88;51.3687;79.8278;-18.132;-10.5363;93
29127;81.8345;322;72.73;90.939;3.2293;-21.6475;280
29129;58.5316;58;42.7068;74.3565;-26.7939;-5.065;68
29131;61.6373;179;52.4518;70.8227;-17.0489;-1.5312;203
29133;107.5695;192;92.1647;122.9744;22.664;-53.6829;124
29135;55.5865;103;44.6092;66.5639;-24.8915;2.7276;128
29137;64.5991;101;51.3844;77.8137;-18.1163;-8.5222;107
29139;61.799;119;50.3574;73.2406;-19.1433;-3.9491;137
29141;71.8688;206;61.6958;82.0418;-7.8049;-12.7503;199
29143;87.317;227;75.9027;98.7313;6.402;-29.4398;181
29145;73.9471;417;66.823;81.0712;-2.6777;-11.7797;392
29147;57.5033;171;48.6575;66.3491;-20.8432;2.9424;208
29149;74.5593;126;61.1313;87.9874;-8.3694;-18.6959;124
29151;45.3025;80;34.6421;55.9629;-34.8586;13.3286;126
29153;76.5065;127;62.8402;90.1728;-6.6605;-20.8813;116
29155;99.4094;258;87.1828;111.636;17.6821;-42.3445;181
29157;62.5629;163;52.6904;72.4353;-16.8103;-3.1438;183
29159;74.5071;373;66.8497;82.1645;-2.651;-12.873;349
29161;74.7852;309;66.3892;83.1812;-3.1115;-13.8897;291
29163;73.567;180;62.6588;84.4753;-6.8419;-15.1838;166
29165;69.4094;293;61.3217;77.4971;-8.179;-8.2056;304
29167;71.8437;223;62.1716;81.5158;-7.3291;-12.2243;219
29169;83.459;212;72.2141;94.704;2.7134;-25.4125;178
29171;50.2945;59;36.3639;64.2251;-33.1368;5.0664;80
29173;62.818;85;49.2263;76.4098;-20.2744;-7.1183;93
29175;71.377;246;62.3052;80.4489;-7.1955;-11.1574;236
29177;75.8978;210;65.6185;86.177;-3.8822;-16.8855;190
29179;76.3378;83;59.721;92.9546;-9.7797;-23.6631;75
29181;69.2899;150;57.8183;80.7615;-11.6824;-11.47;152
29183;76.9309;908;71.7828;82.079;2.2821;-12.7875;841
29185;76.8327;134;63.0259;90.6395;-6.4748;-21.348;125
29186;53.6565;112;43.5671;63.7459;-25.9336;5.5456;143
29187;93.8148;592;86.1929;101.4366;16.6922;-32.1451;437
29189;71.7388;7359;70.0944;73.3831;0.5937;-4.0916;7184
29195;73.0822;263;64.0421;82.1222;-5.4586;-12.8307;251
29197;59.0192;53;42.247;75.7914;-27.2537;-6.4999;60
29199;50.8381;49;35.5932;66.083;-33.9075;3.2085;70
29201;93.8477;409;84.7336;102.9618;15.2329;-33.6703;303
29203;75.5775;91;59.9252;91.2299;-9.5755;-21.9384;85
29205;63.1654;90;49.3971;76.9338;-20.1036;-7.6423;97
29207;80.303;344;71.7335;88.8726;2.2328;-19.5811;296
29209;64.9019;220;55.9192;73.8845;-13.5815;-4.593;241
29211;57.8506;82;44.6809;71.0203;-24.8198;-1.7288;101
29213;73.4105;335;65.1917;81.6292;-4.309;-12.3377;318
29215;78.5653;266;69.0169;88.1138;-0.4838;-18.8223;234
29217;77.0982;244;67.2775;86.9189;-2.2232;-17.6274;216
29219;63.3942;149;53.1081;73.6804;-16.3926;-4.3889;161
29221;86.2583;197;74.1571;98.3595;4.6564;-29.068;157
29223;91.1258;197;78.0543;104.1974;8.5536;-34.9059;153
29225;76.3354;215;66.0835;86.5872;-3.4172;-17.2957;195
29227;57.0735;34;35.708;78.4389;-33.7927;-9.1474;41
29229;77.643;202;66.7394;88.5467;-2.7613;-19.2552;184
29510;101.1502;3984;97.9376;104.3628;28.4369;-35.0713;2754
30001;61.432;73;46.8114;76.0526;-22.6893;-6.7611;80
30003;54.085;41;36.1082;72.0618;-33.3925;-2.7703;54
30005;49.4627;38;32.8285;66.0968;-36.6722;3.1947;53
30007;70.7495;37;47.7263;93.7727;-21.7744;-24.4812;36
30009;55.8683;84;43.5032;68.2335;-25.9975;1.058;104
30011;26.241;8;2.7237;49.7584;-66.777;19.5331;21
30013;60.4968;533;55.3639;65.6296;-14.1368;3.6619;612
30015;51.0277;48;36.0313;66.0242;-33.4694;3.2673;66
30017;56.9959;106;45.9926;67.9992;-23.5081;1.2923;128
30019;60.4269;29;37.7451;83.1087;-31.7556;-13.8172;34
30021;52.835;71;40.1043;65.5656;-29.3964;3.7259;93
30023;76.3129;148;63.7351;88.8906;-5.7656;-19.5991;133
30025;46.7684;22;26.3449;67.1919;-43.1558;2.0996;34
30027;49.5946;107;39.8607;59.3286;-29.64;9.9629;147
30029;58.1267;385;52.3051;63.9482;-17.1956;5.3433;462
30031;41.1747;161;34.7549;47.5945;-34.7458;21.697;274
30033;63.0982;15;27.9288;98.2675;-41.5719;-28.976;17
30035;69.7994;54;51.0852;88.5135;-18.4155;-19.222;54
30037;62.831;11;19.777;105.8849;-49.7237;-36.5934;12
30039;68.5861;32;43.8503;93.3218;-25.6504;-24.0303;32
30041;60.2204;112;49.026;71.4147;-20.4747;-2.1232;127
30043;55.6893;45;39.2333;72.1453;-30.2674;-2.8538;58
30045;32.4859;15;13.1322;51.8395;-56.3685;17.452;31
30047;52.1608;140;43.3122;61.0095;-26.1885;8.282;187
30049;60.2146;285;53.2181;67.2111;-16.2826;2.0804;331
30051;25.5622;8;0;51.3636;-69.5007;17.9279;22
30053;70.2219;143;58.5416;81.9021;-10.9591;-12.6106;141
30055;41.0678;16;16.6413;65.4942;-52.8594;3.7973;26
30057;54.3871;53;39.0639;69.7103;-30.4368;-0.4188;67
30059;51.8817;18;25.9449;77.8185;-43.5558;-8.527;24
30061;54.002;24;31.2228;76.7812;-38.2779;-7.4897;31
30063;56.2153;387;50.5995;61.8311;-18.9012;7.4604;479
30065;53.5782;41;36.1145;71.0418;-33.3862;-1.7503;53
30067;53.462;111;43.0405;63.8836;-26.4602;5.4079;139
30069;170.8012;10;56.0785;285.5238;-13.4222;-216.2323;6
30071;54.7848;43;37.4044;72.1651;-32.0963;-2.8736;54
30073;43.9806;40;30.032;57.9292;-39.4687;11.3623;62
30075;57.4179;19;28.3188;86.517;-41.1819;-17.2255;23
30077;69.6106;64;52.4815;86.7398;-17.0192;-17.4483;63
30079;56.1446;21;25.4135;86.8758;-44.0872;-17.5843;24
30081;43.878;156;36.9219;50.8342;-32.5788;18.4573;244
30083;56.3586;80;43.5284;69.1887;-25.9723;0.1028;98
30085;48.8459;46;34.1956;63.4962;-35.3051;5.7953;66
30087;37.5273;29;22.0017;53.0529;-47.499;16.2386;52
30089;54.3246;74;41.6345;67.0146;-27.8662;2.2769;93
30091;56.6688;51;40.7875;72.55;-28.7132;-3.2585;64
30093;64.8119;348;57.9555;71.6682;-11.5452;-2.3767;369
30095;54.3117;52;38.7507;69.8727;-30.75;-0.5812;67
30097;33.9106;22;17.9418;49.8794;-51.5589;19.4121;43
30099;52.4316;55;38.3741;66.489;-31.1266;2.8025;73
30101;65.0086;49;46.5916;83.4256;-22.9091;-14.1341;53
30103;60.9534;9;15.6405;106.2663;-53.8602;-36.9748;11
30105;66.1616;86;52.09;80.2332;-17.4107;-10.9417;90
30107;57.3631;23;31.6867;83.0396;-37.814;-13.7481;29
30109;42.1262;9;8.9628;75.2895;-60.5379;-5.998;15
30111;58.5707;686;54.182;62.9594;-15.3187;6.3321;818
31001;67.6128;283;59.6408;75.5848;-9.8599;-6.2933;291
31003;39.8067;58;29.0817;50.5317;-40.419;18.7598;100
31005;26.2812;2;0;86.17;-69.5007;-16.8785;6
31007;54.1713;8;7.987;100.3555;-61.5137;-31.064;10
31009;46.0071;7;1.9988;90.0154;-67.5019;-20.7239;10
31011;48.7849;63;36.171;61.3988;-33.3297;7.8927;88
31013;50.4727;78;38.6207;62.3246;-30.88;6.9669;108
31015;57.5135;37;37.8603;77.1666;-31.6404;-7.8751;48
31017;55.3467;39;36.5627;74.1308;-32.938;-4.8393;50
31019;57.8762;232;50.3456;65.4069;-19.1551;3.8846;274
31021;53.7259;90;42.1845;65.2674;-27.3162;4.0241;113
31023;45.0971;78;34.3149;55.8794;-35.1858;13.4121;116
31025;57.5087;153;48.3479;66.6695;-21.1528;2.622;185
31027;51.2817;95;40.6104;61.953;-28.8903;7.3385;126
31029;52.835;38;35.4941;70.1758;-34.0066;-0.8843;50
31031;47.906;50;33.8774;61.9347;-35.6233;7.3568;71
31033;43.9757;65;33.1271;54.8244;-36.3736;14.4671;104
31035;65.008;86;50.83;79.1861;-18.6707;-9.8946;93
31037;46.6855;81;35.6155;57.7555;-33.8852;11.536;122
31039;49.9859;94;39.6118;60.3599;-29.8889;8.9316;130
31041;35.4186;92;27.7912;43.0459;-41.7095;26.2456;172
31043;79.5542;140;66.3467;92.7617;-3.154;-23.4702;121
31045;53.2633;67;39.806;66.7206;-29.6947;2.5709;87
31047;51.7612;157;43.5526;59.9698;-25.9481;9.3217;216
31049;45.2313;23;23.435;67.0276;-46.0657;2.2639;33
31051;40.4513;52;28.2699;52.6328;-41.2308;16.6587;85
31053;63.3079;316;56.2568;70.3591;-13.2439;-1.0676;345
31055;78.5953;3053;75.809;81.3816;6.3083;-12.0901;2690
31057;43.3206;26;23.5444;63.0969;-45.9563;6.1946;38
31059;43.8263;61;32.1666;55.486;-37.3341;13.8055;95
31061;60.8242;56;43.5657;78.0827;-25.935;-8.7912;65
31063;52.1414;29;32.213;72.0699;-37.2877;-2.7784;40
31065;56.1002;78;42.1674;70.0331;-27.3333;-0.7416;94
31067;60.7085;241;52.9107;68.5063;-16.59;0.7852;271
31069;51.7406;29;31.4138;72.0675;-38.0869;-2.776;39
31071;65.1189;29;39.4386;90.7992;-30.0621;-21.5077;32
31073;25.7324;10;3.6569;47.8078;-65.8438;21.4837;27
31075;62.7215;8;5.1155;120.3274;-64.3852;-51.0359;8
31077;62.9886;40;41.0199;84.9572;-28.4808;-15.6657;43
31079;70.5965;427;63.86;77.333;-5.6407;-8.0415;416
31081;41.295;52;29.5603;53.0296;-39.9404;16.2619;89
31083;53.7712;46;36.7258;70.8166;-32.7749;-1.5251;59
31085;31.0563;7;0.1245;61.9882;-69.3762;7.3033;15
31087;38.2647;28;23.135;53.3945;-46.3657;15.897;50
31089;52.109;104;41.8023;62.4158;-27.6984;6.8757;142
31091;55.0246;10;15.4491;94.6;-54.0516;-25.3085;12
31093;51.2043;60;37.9609;64.4476;-31.5398;4.8439;78
31095;40.6758;75;30.6763;50.6754;-38.8244;18.6161;126
31097;44.9604;46;30.6252;59.2955;-38.8755;9.996;70
31099;29.9578;33;19.3123;40.6034;-50.1884;28.6881;75
31101;54.831;73;42.0487;67.6132;-27.452;1.6783;91
31103;48.0006;10;8.452;87.5492;-61.0487;-18.2577;15
31105;52.4118;37;35.4004;69.4231;-34.1003;-0.1316;50
31107;45.6744;96;36.0253;55.3235;-33.4754;13.968;142
31109;58.0456;1113;54.6372;61.454;-14.8635;7.8375;1328
31111;62.2523;270;54.7415;69.763;-14.7592;-0.4715;301
31113;55.1211;8;8.1251;102.1171;-61.3756;-32.8256;10
31115;32.5615;5;0;75.6572;-69.5007;-6.3657;10
31117;36.6774;4;0;92.4423;-69.5007;-23.1508;8
31119;63.1547;261;55.3835;70.9259;-14.1172;-1.6344;288
31121;49.7449;68;37.7257;61.764;-31.775;7.5275;95
31123;35.7397;37;23.1621;48.3172;-46.3386;20.9743;67
31125;52.6423;46;36.3852;68.8994;-33.1155;0.3921;59
31127;61.0324;85;47.0196;75.0452;-22.4811;-5.7537;94
31129;70.4423;83;54.5639;86.3206;-14.9368;-17.0291;87
31131;57.4395;149;47.8484;67.0306;-21.6523;2.2609;179
31133;49.0305;42;32.8996;65.1613;-36.6011;4.1302;61
31135;77.8779;50;54.7023;101.0535;-14.7984;-31.762;43
31137;45.3151;67;34.0085;56.6217;-35.4922;12.6698;105
31139;40.3601;59;29.3678;51.3524;-40.1329;17.9391;95
31141;58.1722;205;50.1141;66.2302;-19.3866;3.0613;244
31143;39.2405;47;27.284;51.197;-42.2167;18.0945;80
31145;55.9557;104;44.9821;66.9293;-24.5186;2.3622;126
31147;54.7556;117;44.1108;65.4003;-25.3899;3.8912;147
31149;48.19;19;24.2122;72.1677;-45.2885;-2.8762;26
31151;57.6095;131;47.2774;67.9416;-22.2233;1.3499;157
31153;62.1611;292;54.6416;69.6807;-14.8591;-0.3892;332
31155;53.5492;154;44.9208;62.1776;-24.5799;7.1139;200
31157;49.8759;250;43.6433;56.1084;-25.8574;13.1831;346
31159;40.9097;86;31.6909;50.1284;-37.8098;19.1631;148
31161;41.859;54;29.6301;54.0879;-39.8706;15.2036;85
31163;35.0446;32;19.694;50.3952;-49.8067;18.8963;56
31165;39.41;12;10.6944;68.1256;-58.8063;1.1659;21
31167;54.9781;47;38.4699;71.4863;-31.0308;-2.1948;57
31169;43.5044;68;32.2816;54.7272;-37.2191;14.5643;105
31171;23.4763;3;0;67.7915;-69.5007;1.5;10
31173;55.0249;47;38.1186;71.9311;-31.3821;-2.6396;56
31175;47.9686;51;33.4953;62.4418;-36.0054;6.8497;74
31177;62.2456;129;51.469;73.0222;-18.0317;-3.7307;143
31179;35.7875;45;24.6829;46.892;-44.8178;22.3995;87
31181;49.501;50;34.7104;64.2915;-34.7903;5;70
31183;44.0874;7;0;89.1097;-69.5007;-19.8182;11
31185;46.8628;97;37.3887;56.3368;-32.112;12.9547;146
32001;69.8885;134;57.9757;81.8013;-11.525;-12.5098;136
32003;80.9397;4418;78.4711;83.4083;8.9704;-14.1168;3893
32005;52.3972;124;42.1514;62.6429;-27.3493;6.6486;179
32007;61.4903;120;50.2564;72.7242;-19.2443;-3.4327;140
32009;44.207;8;6.7838;81.6302;-62.7169;-12.3387;12
32011;46.2935;7;2.252;90.3351;-67.2487;-21.0436;11
32013;64.2669;67;48.2391;80.2947;-21.2616;-11.0032;73
32015;64.468;22;35.4853;93.4508;-34.0154;-24.1593;25
32017;54.777;26;32.5003;77.0537;-37.0004;-7.7622;35
32019;63.5894;150;53.1749;74.0039;-16.3258;-4.7124;161
32021;66.086;49;47.0648;85.1072;-22.4359;-15.8157;53
32023;64.9892;119;52.1858;77.7927;-17.3149;-8.5012;123
32027;61.5589;31;39.2747;83.8432;-30.226;-14.5517;34
32029;87.3798;19;43.9305;130.8292;-25.5702;-61.5377;16
32031;71.4368;1548;67.828;75.0455;-1.6727;-5.754;1514
32033;66.6566;75;51.5007;81.8124;-18;-12.5209;77
32510;73.5408;309;65.2176;81.8639;-4.2831;-12.5724;297
33001;76.1175;437;68.9563;83.2787;-0.5444;-13.9872;401
33003;66.4486;298;58.7276;74.1696;-10.7731;-4.8781;320
33005;66.0539;520;60.3716;71.7362;-9.1291;-2.4447;547
33007;85.0748;433;77.0485;93.1011;7.5478;-23.8096;349
33009;70.6048;575;64.8203;76.3892;-4.6804;-7.0977;561
33011;72.9467;2159;69.8655;76.0279;0.3648;-6.7364;2052
33013;67.8035;819;63.1569;72.4501;-6.3438;-3.1586;836
33015;70.6481;1398;66.9323;74.3639;-2.5684;-5.0724;1384
33017;77.7168;718;72.0214;83.4123;2.5207;-14.1208;644
33019;69.451;343;62.0748;76.8272;-7.4259;-7.5357;343
34001;74.3015;1830;70.8644;77.7386;1.3637;-8.4471;1708
34003;64.696;7126;63.1864;66.2056;-6.3143;3.0859;7761
34005;73.8682;2415;70.8921;76.8443;1.3914;-7.5528;2300
34007;79.9416;3850;77.4043;82.4789;7.9036;-13.1874;3362
34009;75.0294;1102;70.4548;79.604;0.9541;-10.3125;1021
34011;71.9541;1033;67.5615;76.3468;-1.9392;-7.0553;996
34013;62.009;4649;60.2251;63.7929;-9.2756;5.4986;5153
34015;83.1259;1618;79.0366;87.2153;9.5359;-17.9238;1354
34017;78.2667;4961;76.0825;80.4508;6.5818;-11.1593;4382
34019;61.2061;603;56.2781;66.134;-13.2226;3.1575;689
34021;67.6788;2207;64.8514;70.5062;-4.6493;-1.2147;2258
34023;75.8362;4761;73.6457;78.0267;4.145;-8.7352;4442
34025;70.1015;3978;67.9239;72.2791;-1.5768;-2.9876;3942
34027;64.3794;2607;61.8719;66.8868;-7.6288;2.4047;2883
34029;75.25;4864;72.9878;77.5122;3.4871;-8.2207;4559
34031;64.9624;3309;62.7485;67.1763;-6.7522;2.1152;3526
34033;70.3318;508;64.2095;76.4541;-5.2912;-7.1626;504
34035;67.6938;1517;64.229;71.1586;-5.2717;-1.8671;1592
34037;77.1538;837;71.901;82.4066;2.4003;-13.1151;762
34039;62.3532;3853;60.3772;64.3291;-9.1235;4.9624;4305
34041;70.9419;741;65.8315;76.0524;-3.6692;-6.7609;723
35001;49.6064;1930;47.3777;51.8351;-22.123;17.4564;2755
35003;13.8915;7;0;34.6294;-69.5007;34.6621;30
35005;66.0659;457;59.9508;72.1809;-9.5499;-2.8894;482
35007;43.5523;86;34.2048;52.8998;-35.2959;16.3917;135
35009;58.6718;229;51.0644;66.2792;-18.4363;3.0123;274
35011;52.008;23;28.968;75.048;-40.5327;-5.7565;33
35013;50.4849;469;45.8871;55.0827;-23.6136;14.2088;663
35015;67.2249;419;60.7475;73.7023;-8.7532;-4.4108;433
35017;48.3915;155;40.7381;56.045;-28.7626;13.2465;224
35019;36.4526;21;18.2576;54.6476;-51.2431;14.6439;42
35021;17.2151;4;0;51.7917;-69.5007;17.4998;15
35023;49.7207;32;31.8191;67.6224;-37.6816;1.6691;45
35025;68.7905;371;61.7032;75.8778;-7.7975;-6.5863;381
35027;38.1501;62;28.3602;47.94;-41.1405;21.3515;118
35028;33.399;37;20.5073;46.2907;-48.9934;23.0008;115
35029;53.7441;155;44.9013;62.5869;-24.5994;6.7046;199
35031;50.4735;78;38.849;62.0979;-30.6517;7.1936;110
35033;27.816;21;13.1959;42.4361;-56.3048;26.8554;48
35035;51.3738;196;44.0423;58.7054;-25.4584;10.5861;271
35037;49.1633;83;38.3452;59.9814;-31.1555;9.3101;116
35039;29.6411;85;23.2478;36.0344;-46.2529;33.2571;201
35041;48.5616;99;38.862;58.2612;-30.6387;11.0303;141
35043;44.1034;167;37.3103;50.8965;-32.1904;18.395;271
35045;50.1945;239;43.7177;56.6712;-25.783;12.6203;337
35047;30.618;89;24.0636;37.1725;-45.4371;32.119;197
35049;34.0292;267;29.9264;38.1319;-39.5743;31.1596;559
35051;57.4331;141;46.4701;68.3961;-23.0306;0.8954;179
35053;44.5988;60;33.2825;55.9151;-36.2182;13.3764;94
35055;29.216;65;22.0645;36.3675;-47.4362;32.924;153
35057;59.2216;64;44.4876;73.9555;-25.0131;-4.664;76
35059;40.8322;33;26.2568;55.4077;-43.2439;13.8838;55
35061;55.1095;275;48.5294;61.6895;-20.9713;7.602;351
36001;74.9121;2617;72.0391;77.7851;2.5384;-8.4936;2414
36003;69.7368;431;63.127;76.3466;-6.3737;-7.0551;431
36007;66.1688;1800;63.1107;69.2269;-6.39;0.0646;1889
36009;67.6693;728;62.7465;72.5921;-6.7542;-3.3006;742
36011;66.8611;674;61.8054;71.9169;-7.6953;-2.6254;698
36013;58.531;1159;55.1487;61.9132;-14.352;7.3783;1375
36015;80.6188;954;75.5031;85.7344;6.0024;-16.4429;819
36017;64.7884;413;58.5313;71.0456;-10.9694;-1.7541;444
36019;82.1027;600;75.5218;88.6836;6.0211;-19.3921;509
36021;69.6122;627;64.1049;75.1194;-5.3958;-5.8279;621
36023;67.5889;354;60.5466;74.6312;-8.9541;-5.3397;363
36025;59.6564;413;53.8632;65.4496;-15.6375;3.8419;478
36027;68.3193;1814;65.1764;71.4623;-4.3243;-2.1708;1839
36029;75.9702;9062;74.403;77.5374;4.9023;-8.2459;8282
36031;83.9606;428;75.9677;91.9536;6.467;-22.6621;351
36033;83.1142;446;75.392;90.8364;5.8913;-21.5449;368
36035;74.4696;587;68.4112;80.528;-1.0895;-11.2365;541
36037;69.9633;507;63.8766;76.05;-5.6241;-6.7585;501
36039;76.1783;491;69.3694;82.9873;-0.1313;-13.6958;438
36041;73.6613;68;55.6498;91.6729;-13.8509;-22.3814;64
36043;66.2783;632;61.0975;71.4592;-8.4032;-2.1677;655
36045;80.934;880;75.5874;86.2805;6.0867;-16.989;746
36049;69.0737;215;59.773;78.3745;-9.7277;-9.083;216
36051;72.3633;463;65.775;78.9516;-3.7257;-9.6601;442
36053;71.9833;520;65.7954;78.1711;-3.7053;-8.8796;500
36055;63.8157;4764;62.0053;65.626;-7.4954;3.6655;5161
36057;67.6374;582;62.0963;73.1785;-7.4044;-3.887;588
36059;61.9464;9857;60.707;63.1857;-8.7937;6.1058;11339
36061;58.4976;42538;57.9397;59.0554;-11.561;10.2361;49920
36063;76.4231;2152;73.1911;79.6551;3.6904;-10.3636;1951
36065;63.9562;2102;61.2194;66.693;-8.2813;2.5985;2278
36067;74.7037;3796;72.3281;77.0792;2.8274;-7.7877;3524
36069;62.8341;700;58.18;67.4883;-11.3207;1.8032;773
36071;79.0319;2218;75.7432;82.3205;6.2425;-13.029;1940
36073;64.7553;308;57.5201;71.9904;-11.9806;-2.6989;328
36075;80.3145;971;75.2609;85.3681;5.7602;-16.0766;835
36077;61.258;499;55.8404;66.6757;-13.6603;2.6158;560
36079;75.5665;583;69.4011;81.7319;-0.0996;-12.4404;537
36083;79.1134;1435;75.0207;83.2062;5.52;-13.9147;1253
36087;62.2017;1439;58.9435;65.4599;-10.5572;3.8316;1652
36089;72.334;914;67.6447;77.0233;-1.856;-7.7318;872
36091;75.7877;1230;71.5318;80.0435;2.0311;-10.752;1127
36093;69.9341;1443;66.3201;73.5481;-3.1806;-4.2566;1431
36095;67.4077;274;59.3913;75.4241;-10.1094;-6.1326;280
36097;74.812;177;63.7768;85.8471;-5.7239;-16.5556;164
36099;60.8527;281;53.7234;67.9819;-15.7773;1.3096;318
36101;71.9926;964;67.4433;76.5419;-2.0574;-7.2504;927
36103;75.1751;9244;73.6344;76.7157;4.1337;-7.4242;8631
36105;74.0474;703;68.5306;79.5642;-0.9701;-10.2727;657
36107;73.6747;388;66.31;81.0393;-3.1907;-11.7478;369
36109;63.5786;453;57.7273;69.4298;-11.7734;-0.1383;496
36111;68.343;1339;64.6808;72.0052;-4.8199;-2.7137;1348
36113;75.3527;528;68.9145;81.7909;-0.5862;-12.4994;486
36115;75.2649;518;68.7781;81.7518;-0.7226;-12.4603;478
36117;75.2266;720;69.734;80.7191;0.2333;-11.4276;661
36119;59.9922;6296;58.5102;61.4742;-10.9905;7.8173;7289
36121;67.1169;321;59.7715;74.4623;-9.7292;-5.1708;330
36123;74.5532;232;64.8584;84.2479;-4.6423;-14.9564;216
37001;75.7222;803;70.4449;80.9995;0.9442;-11.708;744
37003;60.8437;155;51.168;70.5194;-18.3327;-1.2279;175
37005;76.5727;108;61.8904;91.2549;-7.6103;-21.9634;100
37007;79.0563;156;66.5687;91.5438;-2.932;-22.2523;136
37009;60.7118;199;52.2297;69.194;-17.271;0.0975;229
37011;70.0581;128;57.885;82.2312;-11.6157;-12.9397;128
37013;94.806;364;85.0038;104.6081;15.5031;-35.3166;263
37015;91.3627;125;75.1889;107.5365;5.6882;-38.245;94
37017;81.7449;191;70.1188;93.3711;0.6181;-24.0796;160
37019;76.9026;376;68.9259;84.8793;-0.5748;-15.5878;343
37021;69.4057;1427;65.798;73.0133;-3.7027;-3.7218;1435
37023;69.6309;544;63.737;75.5248;-5.7637;-6.2333;536
37025;71.5848;689;66.2039;76.9656;-3.2968;-7.6741;666
37027;78.0028;539;71.3568;84.6487;1.8561;-15.3572;482
37029;75.3803;44;52.124;98.6366;-17.3767;-29.3451;40
37031;87.9598;487;80.0598;95.8598;10.5591;-26.5683;393
37033;59.8404;94;47.704;71.9768;-21.7967;-2.6853;108
37035;75.9651;826;70.7216;81.2086;1.2209;-11.9171;753
37037;67.1679;235;58.5539;75.7819;-10.9468;-6.4904;242
37039;76.3903;219;66.1428;86.6378;-3.3579;-17.3463;207
37041;85.154;105;68.6789;101.6292;-0.8218;-32.3377;87
37043;53.522;62;39.8457;67.1983;-29.655;2.0932;83
37045;68.7611;553;63.0079;74.5142;-6.4928;-5.2227;558
37047;95.3651;397;85.9281;104.802;16.4274;-35.5105;284
37049;80.6857;413;72.7131;88.6583;3.2124;-19.3668;359
37051;95.8196;1023;89.5962;102.0431;20.0955;-32.7516;742
37053;95.8225;125;78.6993;112.9457;9.1986;-43.6542;91
37055;84.8557;170;71.6335;98.0779;2.1328;-28.7864;147
37057;69.1261;827;64.3728;73.8795;-5.1279;-4.588;834
37059;60.3622;172;51.321;69.4034;-18.1797;-0.1119;197
37061;86.7609;295;76.781;96.7408;7.2803;-27.4493;234
37063;90.3927;950;84.6234;96.1619;15.1227;-26.8704;733
37065;92.1359;302;81.6506;102.6212;12.1499;-33.3297;227
37067;72.5205;1513;68.8383;76.2027;-0.6624;-6.9112;1463
37069;95.3209;250;83.449;107.1927;13.9483;-37.9012;182
37071;82.4072;1319;77.9126;86.9018;8.4119;-17.6103;1101
37073;79.4069;59;58.8413;99.9725;-10.6594;-30.681;53
37075;83.4883;83;65.2764;101.7003;-4.2243;-32.4088;71
37077;73.8775;188;63.249;84.5059;-6.2517;-15.2144;177
37079;103.1573;107;83.2843;123.0303;13.7836;-53.7388;73
37081;77.7376;2168;74.4477;81.0275;4.947;-11.736;1942
37083;77.3153;308;68.6401;85.9905;-0.8606;-16.699;273
37085;89.0236;468;80.8854;97.1617;11.3847;-27.8702;359
37087;61.6026;417;55.6701;67.535;-13.8306;1.7565;475
37089;61.5115;619;56.5053;66.5176;-12.9954;2.7739;727
37091;93.1095;128;76.8493;109.3698;7.3486;-40.0783;95
37093;93.1238;94;73.8285;112.4191;4.3278;-43.1276;70
37095;91.6375;52;66.0023;117.2728;-3.4984;-47.9813;39
37097;65.604;598;60.3324;70.8755;-9.1683;-1.584;629
37099;57.8925;167;49.0755;66.7094;-20.4252;2.5821;201
37101;88.0734;627;81.0959;95.0509;11.5952;-25.7594;492
37103;76.2899;60;55.8271;96.7526;-13.6736;-27.4611;53
37105;83.7727;290;74.0394;93.5061;4.5387;-24.2146;242
37107;86.583;369;77.6064;95.5596;8.1057;-26.2681;294
37109;68.2625;316;60.6796;75.8453;-8.8211;-6.5538;318
37111;71.9551;302;63.8204;80.0899;-5.6803;-10.7984;292
37113;58.3129;230;50.516;66.1099;-18.9847;3.1816;282
37115;56.7119;146;47.4286;65.9953;-22.0721;3.2962;178
37117;98.0505;185;83.7508;112.3503;14.2501;-43.0588;129
37119;77.2621;2393;74.1178;80.4064;4.6171;-11.1149;2193
37121;74.1707;163;62.708;85.6334;-6.7927;-16.3419;152
37123;66.5792;147;55.7886;77.3699;-13.7121;-8.0784;154
37125;62.6344;437;56.5591;68.7098;-12.9416;0.5817;504
37127;78.5905;447;71.2555;85.9254;1.7548;-16.6339;390
37129;89.5987;840;83.46;95.7375;13.9593;-26.446;659
37131;67.3124;102;53.9834;80.6415;-15.5173;-11.35;105
37133;95.9662;447;86.611;105.3214;17.1103;-36.0299;336
37135;60.3598;312;53.6463;67.0733;-15.8544;2.2182;361
37137;100.4091;121;82.3683;118.45;12.8676;-49.1585;84
37139;95.4461;217;82.6393;108.2529;13.1386;-38.9614;160
37141;79.4584;182;67.649;91.2678;-1.8517;-21.9763;160
37143;72.2281;79;56.0481;88.4081;-13.4526;-19.1166;76
37145;78.2833;206;67.5446;89.0221;-1.9561;-19.7306;182
37147;88.3474;488;80.3411;96.3537;10.8404;-27.0622;388
37149;64.9374;151;54.1777;75.6972;-15.323;-6.4057;171
37151;67.1407;696;62.1255;72.1558;-7.3752;-2.8643;711
37153;80.9596;327;72.0677;89.8515;2.567;-20.56;277
37155;94.0367;449;85.2539;102.8195;15.7532;-33.528;330
37157;79.6839;677;73.6623;85.7054;4.1616;-16.4139;588
37159;67.0952;812;62.463;71.7275;-7.0377;-2.436;843
37161;66.4623;437;60.1992;72.7255;-9.3015;-3.434;460
37163;85.0355;356;76.1569;93.9141;6.6562;-24.6226;288
37165;81.0838;160;68.2569;93.9108;-1.2438;-24.6193;136
37167;65.9432;379;59.2579;72.6284;-10.2428;-3.3369;396
37169;77.2634;271;68.0582;86.4686;-1.4425;-17.1771;241
37171;74.7628;536;68.4261;81.0995;-1.0746;-11.808;496
37173;62.311;78;48.2888;76.3332;-21.2119;-7.0417;89
37175;64.3154;214;55.5873;73.0436;-13.9134;-3.7521;237
37177;84.5393;36;55.9581;113.1204;-13.5426;-43.8289;29
37179;74.754;472;67.9508;81.5571;-1.5499;-12.2656;435
37181;99.0285;261;86.9441;111.1128;17.4434;-41.8213;182
37183;74.6008;1599;70.8588;78.3429;1.3581;-9.0514;1516
37185;92.9073;107;74.8958;110.9188;5.3951;-41.6273;85
37187;77.1104;86;60.5455;93.6752;-8.9552;-24.3837;77
37189;52.4959;175;44.708;60.2839;-24.7927;9.0076;230
37191;85.1486;537;77.7523;92.5448;8.2516;-23.2533;438
37193;59.8059;388;53.8426;65.7692;-15.6581;3.5223;448
37195;96.0238;442;86.8939;105.1537;17.3932;-35.8622;322
37197;57.3288;213;49.6006;65.0569;-19.9001;4.2346;257
37199;58.7579;129;48.4523;69.0636;-21.0484;0.2279;153
38001;40.4846;26;23.3979;57.5714;-46.1028;11.7201;43
38003;44.5229;100;35.4905;53.5554;-34.0102;15.7361;160
38005;43.4061;48;30.4329;56.3793;-39.0678;12.9122;77
38007;22.746;4;0;63.011;-69.5007;6.2805;12
38009;45.9593;78;35.2405;56.6782;-34.2602;12.6133;113
38011;44.5777;26;26.7388;62.4166;-42.7619;6.8749;41
38013;51.3964;41;34.551;68.2418;-34.9497;1.0497;53
38015;45.1051;236;39.3459;50.8643;-30.1548;18.4272;367
38017;57.5656;515;52.5926;62.5385;-16.9081;6.753;618
38019;40.5063;53;29.2342;51.7784;-40.2665;17.5131;89
38021;41.3676;50;28.9909;53.7442;-40.5098;15.5473;84
38023;30.3675;24;14.5488;46.1863;-54.9519;23.1052;52
38025;30.4657;20;14.5877;46.3437;-54.913;22.9478;46
38027;43.5458;30;26.7382;60.3535;-42.7625;8.938;48
38029;41.4926;42;28.0659;54.9193;-41.4348;14.3722;70
38031;39.7946;30;24.1239;55.4653;-45.3768;13.8262;52
38033;30.1295;13;5.5981;54.6609;-63.9026;14.6306;27
38035;53.6407;293;47.4879;59.7935;-22.0128;9.498;379
38037;42.8862;30;27.0592;58.7133;-42.4415;10.5782;51
38039;28.4322;23;15.169;41.6954;-54.3317;27.5961;54
38041;38.3413;27;22.6858;53.9969;-46.8149;15.2946;50
38043;56.7705;36;37.7619;75.7792;-31.7388;-6.4877;45
38045;37.1826;44;25.6967;48.6684;-43.804;20.6231;81
38047;45.5555;29;27.8104;63.3007;-41.6903;5.9908;45
38049;43.8542;58;32.2265;55.482;-37.2742;13.8095;99
38051;37.6781;40;25.2157;50.1406;-44.285;19.1509;73
38053;40.9057;37;27.4951;54.3162;-42.0056;14.9753;61
38055;46.8486;90;36.9665;56.7306;-32.5342;12.5609;133
38057;52.6082;60;38.7848;66.4317;-30.7159;2.8598;78
38059;65.7025;189;56.3241;75.0808;-13.1766;-5.7893;201
38061;44.959;55;32.6567;57.2614;-36.844;12.0301;84
38063;42.7648;52;29.7278;55.8018;-39.7729;13.4897;79
38065;31.7703;9;2.3168;61.2238;-67.1839;8.0677;20
38067;61.7566;103;49.4324;74.0808;-20.0683;-4.7893;117
38069;40.6605;45;28.0257;53.2952;-41.475;15.9963;72
38071;53.2292;107;42.9273;63.531;-26.5734;5.7605;142
38073;39.0915;54;27.1411;51.0418;-42.3596;18.2497;90
38075;38.7395;23;20.9493;56.5297;-48.5514;12.7618;43
38077;44.9305;121;36.7153;53.1457;-32.7854;16.1458;189
38079;44.4184;36;29.404;59.4328;-40.0967;9.8587;57
38081;52.6633;46;36.7486;68.578;-32.7521;0.7135;60
38083;33.2805;17;15.1808;51.3802;-54.3199;17.9113;37
38085;27.5213;5;0;68.0202;-69.5007;1.2713;11
38087;44.3181;8;1.6035;87.0327;-67.8972;-17.7412;11
38089;47.495;124;39.0854;55.9045;-30.4153;13.387;182
38091;32.2631;17;16.2004;48.3257;-53.3003;20.9658;39
38093;47.9572;161;40.4844;55.4301;-29.0163;13.8614;228
38095;38.6196;32;23.8915;53.3477;-45.6092;15.9438;53
38097;38.2849;65;28.6138;47.956;-40.8869;21.3355;116
38099;42.904;107;34.5917;51.2163;-34.909;18.0752;175
38101;52.3777;295;46.3816;58.3738;-23.1191;10.9177;394
38103;43.1892;59;31.46;54.9184;-38.0407;14.3731;93
38105;49.9253;136;41.4932;58.3575;-28.0075;10.934;189
39001;72.5081;245;63.3102;81.7059;-6.1905;-12.4144;239
39003;76.0768;918;71.1583;80.9952;1.6576;-11.7037;834
39005;63.8814;359;57.2654;70.4973;-12.2353;-1.2058;391
39007;69.4464;889;64.8773;74.0156;-4.6234;-4.7241;886
39009;80.9786;431;73.3225;88.6347;3.8218;-19.3432;369
39011;64.3021;334;57.3995;71.2046;-12.1012;-1.9131;361
39013;80.0325;920;74.8413;85.2237;5.3406;-15.9322;794
39015;74.5426;304;66.1464;82.9389;-3.3543;-13.6474;283
39017;83.7747;2110;80.1847;87.3648;10.684;-18.0733;1746
39019;56.672;188;48.5457;64.7982;-20.955;4.4933;229
39021;66.2639;267;58.3197;74.2081;-11.181;-4.9166;279
39023;84.0117;1382;79.5867;88.4368;10.086;-19.1453;1137
39025;90.3087;1042;84.7572;95.8602;15.2565;-26.5687;797
39027;76.5214;305;67.9247;85.1181;-1.576;-15.8266;276
39029;73.0801;1047;68.6451;77.5151;-0.8556;-8.2236;991
39031;67.5402;318;60.1074;74.9729;-9.3933;-5.6814;325
39033;75.4091;455;68.4836;82.3345;-1.0171;-13.043;416
39035;71.5772;11601;70.2725;72.8818;0.7718;-3.5903;11222
39037;64.2242;437;58.1868;70.2615;-11.3139;-0.97;468
39039;64.8985;266;57.0979;72.6991;-12.4028;-3.4076;284
39041;63.1957;349;56.5139;69.8776;-12.9868;-0.5861;384
39043;68.9018;633;63.5227;74.281;-5.978;-4.9895;636
39045;75.4343;783;70.1486;80.7201;0.6479;-11.4286;719
39047;77.1985;270;67.9734;86.4237;-1.5273;-17.1322;243
39049;85.9174;6087;83.7454;88.0894;14.2447;-18.7979;4892
39051;47.2554;199;40.6858;53.8251;-28.8149;15.4664;292
39053;76.927;278;67.8741;85.9799;-1.6266;-16.6884;251
39055;55.9302;421;50.4961;61.3643;-19.0046;7.9272;532
39057;71.1719;789;66.0769;76.2669;-3.4238;-6.9754;776
39059;78.1669;425;70.6996;85.6341;1.1989;-16.3426;378
39061;84.5217;7226;82.5744;86.469;13.0737;-17.1775;5911
39063;61.81;461;56.1693;67.4506;-13.3314;1.8409;516
39065;85.6967;318;76.273;95.1204;6.7723;-25.8289;257
39067;78.91;198;67.7836;90.0365;-1.7171;-20.745;174
39069;60.9261;215;52.761;69.0911;-16.7397;0.2004;244
39071;75.4005;357;67.5036;83.2974;-1.9971;-14.0059;332
39073;76.6609;242;66.98;86.3419;-2.5207;-17.0504;219
39075;42.9104;135;35.65;50.1708;-33.8507;19.1207;219
39077;70.6591;423;63.9263;77.3919;-5.5744;-8.1004;415
39079;86.8167;332;77.4549;96.1785;7.9542;-26.887;267
39081;85.6825;1031;80.4399;90.9251;10.9392;-21.6336;832
39083;69.2923;408;62.5575;76.027;-6.9432;-6.7355;409
39085;80.6682;1719;76.7891;84.5472;7.2884;-15.2557;1506
39087;87.5645;644;80.7974;94.3316;11.2967;-25.0401;507
39089;84.7223;1146;79.8139;89.6308;10.3132;-20.3393;936
39091;73.8591;392;66.5328;81.1853;-2.9679;-11.8938;367
39093;77.7186;2015;74.3001;81.1372;4.7994;-11.8457;1819
39095;81.1091;3980;78.5892;83.6291;9.0885;-14.3376;3387
39097;73.0775;251;64.01;82.1451;-5.4907;-12.8536;236
39099;71.2217;2482;68.4153;74.0282;-1.0854;-4.7367;2415
39101;88.6854;637;81.7985;95.5723;12.2978;-26.2808;496
39103;64.0522;651;59.0853;69.0191;-10.4154;0.2724;715
39105;87.7338;271;77.2449;98.2227;7.7442;-28.9312;216
39107;56.7071;262;49.8133;63.601;-19.6874;5.6905;322
39109;69.9865;721;64.8726;75.1004;-4.6281;-5.8089;712
39111;55.59;128;45.8839;65.2962;-23.6168;3.9953;161
39113;81.2342;4481;78.8495;83.619;9.3488;-14.3275;3822
39115;68.2767;132;56.4787;80.0746;-13.022;-10.7831;138
39117;66.4709;203;57.3284;75.6133;-12.1723;-6.3218;211
39119;89.5116;873;83.5774;95.4457;14.0767;-26.1542;673
39121;55.814;88;44.066;67.562;-25.4347;1.7295;111
39123;64.6163;349;57.8038;71.4287;-11.6969;-2.1372;375
39125;77.524;175;66.0297;89.0184;-3.471;-19.7269;156
39127;91.8737;347;82.2037;101.5438;12.703;-32.2523;261
39129;69.3831;334;61.9136;76.8526;-7.5871;-7.5611;330
39131;76.7259;228;66.7167;86.7351;-2.784;-17.4436;208
39133;69.5617;851;64.8514;74.2721;-4.6493;-4.9806;845
39135;70.5968;328;62.948;78.2456;-6.5527;-8.9541;323
39137;57.2941;215;49.6295;64.9588;-19.8712;4.3327;259
39139;71.1072;1009;66.708;75.5064;-2.7927;-6.2149;985
39141;69.2669;563;63.5461;74.9877;-5.9546;-5.6962;559
39143;64.3125;466;58.4739;70.151;-11.0268;-0.8595;503
39145;87.2573;922;81.6113;92.9032;12.1106;-23.6117;734
39147;72.4659;509;66.1724;78.7595;-3.3283;-9.468;484
39149;67.36;314;59.9094;74.8105;-9.5913;-5.519;323
39151;71.9954;3169;69.4898;74.5011;-0.0109;-5.2096;3046
39153;71.2149;4133;69.0427;73.3871;-0.458;-4.0956;4022
39155;72.0243;1963;68.8285;75.2201;-0.6722;-5.9286;1892
39157;71.5374;791;66.5491;76.5256;-2.9516;-7.2341;764
39159;66.2139;214;57.3362;75.0915;-12.1645;-5.8;224
39161;62.9507;251;55.1337;70.7677;-14.367;-1.4762;277
39163;74.2844;112;60.4089;88.1598;-9.0918;-18.8683;105
39165;80.2331;740;74.363;86.1033;4.8623;-16.8118;643
39167;71.3252;535;65.2836;77.3668;-4.2171;-8.0753;521
39169;56.6196;588;52.0427;61.1964;-17.458;8.0951;719
39171;64.1237;288;56.7087;71.5386;-12.792;-2.2471;311
39173;63.7135;644;58.7861;68.6409;-10.7146;0.6506;700
39175;62.3649;182;53.2659;71.4639;-16.2348;-2.1724;202
40001;84.3443;157;70.9803;97.7083;1.4796;-28.4168;128
40003;59.4373;84;46.1127;72.7618;-23.388;-3.4703;97
40005;66.1852;116;54.0781;78.2923;-15.4226;-9.0008;119
40007;57.9293;57;42.7151;73.1435;-26.7856;-3.852;69
40009;73.4885;213;63.2648;83.7123;-6.2359;-14.4208;211
40011;62.1223;116;50.5311;73.7135;-18.9696;-4.422;134
40013;86.0472;361;77.0071;95.0873;7.5064;-25.7958;297
40015;78.6827;319;69.8917;87.4738;0.391;-18.1823;285
40017;69.7863;373;62.6563;76.9163;-6.8444;-7.6248;368
40019;93.1982;528;85.1846;101.2118;15.6839;-31.9203;396
40021;70.5805;224;61.226;79.9351;-8.2747;-10.6436;223
40023;88.0036;191;75.3288;100.6785;5.8281;-31.387;148
40025;45.1254;26;26.9827;63.268;-42.518;6.0235;40
40027;69.1521;682;63.8865;74.4177;-5.6142;-5.1262;694
40029;99.4057;88;78.0313;120.7801;8.5306;-51.4886;64
40031;84.0996;639;77.5328;90.6664;8.0321;-21.3749;529
40033;72.707;84;56.4969;88.9171;-13.0038;-19.6256;80
40035;102.5927;216;88.7123;116.4732;19.2116;-47.1817;146
40037;84.8497;568;77.8778;91.8216;8.3771;-22.5301;463
40039;61.8328;195;53.0438;70.6217;-16.4569;-1.3302;218
40041;85.578;351;76.1946;94.9613;6.6939;-25.6698;294
40043;53.6874;60;39.1551;68.2196;-30.3456;1.0719;74
40045;59.9937;57;43.7202;76.2671;-25.7805;-6.9756;66
40047;71.9815;539;65.8893;78.0736;-3.6114;-8.7821;518
40049;79.5389;342;70.9439;88.134;1.4432;-18.8425;305
40051;71.4818;350;63.9614;79.0022;-5.5393;-9.7107;341
40053;56.084;73;42.7663;69.4016;-26.7344;-0.1101;88
40055;82.5087;120;66.9551;98.0624;-2.5456;-28.7709;98
40057;59.9639;49;41.5051;78.4227;-27.9956;-9.1312;56
40059;55.1388;44;38.5615;71.716;-30.9392;-2.4245;55
40061;99.107;171;83.9493;114.2648;14.4486;-44.9733;120
40063;86.6737;206;74.4172;98.9301;4.9165;-29.6386;162
40065;74.0694;219;64.2268;83.9119;-5.2739;-14.6204;204
40067;67.4017;93;52.8946;81.9088;-16.6061;-12.6173;97
40069;101.2034;145;84.1678;118.2389;14.6671;-48.9474;104
40071;76.2934;540;69.8052;82.7815;0.3045;-13.49;487
40073;69.6253;133;57.5474;81.7032;-11.9533;-12.4117;131
40075;75.7072;160;63.3986;88.0159;-6.1021;-18.7244;149
40077;92.0698;137;76.2592;107.8803;6.7585;-38.5888;103
40079;100.6535;530;92.0165;109.2904;22.5158;-39.9989;368
40081;71.0315;273;62.5496;79.5134;-6.9511;-10.2219;262
40083;77.0614;240;67.2445;86.8783;-2.2562;-17.5868;215
40085;76.6792;85;60.0527;93.3056;-9.448;-24.0141;77
40087;73.9409;187;63.3359;84.5459;-6.1648;-15.2544;175
40089;95.2809;349;85.2694;105.2923;15.7687;-36.0008;254
40091;78.7385;210;67.7682;89.7089;-1.7325;-20.4174;187
40093;45.7874;63;33.9448;57.63;-35.5559;11.6615;95
40095;77.635;146;64.4244;90.8457;-5.0763;-21.5542;139
40097;95.6943;410;86.3514;105.0371;16.8507;-35.7456;299
40099;89.5746;180;76.1093;103.0398;6.6086;-33.7483;140
40101;93.571;690;86.5678;100.5742;17.0671;-31.2827;507
40103;67.8664;110;54.9426;80.7901;-14.5581;-11.4986;111
40105;80.2099;131;66.2569;94.1629;-3.2438;-24.8714;111
40107;76.7245;109;62.0055;91.4434;-7.4952;-22.1519;102
40109;84.3264;4631;81.8929;86.76;12.3922;-17.4685;3821
40111;82.0426;387;73.7737;90.3116;4.273;-21.0201;328
40113;77.3104;348;69.1764;85.4443;-0.3243;-16.1528;312
40115;103.0245;425;93.1833;112.8657;23.6826;-43.5742;285
40117;73.8366;160;62.2068;85.4664;-7.2939;-16.1749;154
40119;62.8523;349;56.2135;69.4911;-13.2872;-0.1996;386
40121;91.8992;522;83.9558;99.8427;14.4551;-30.5512;401
40123;74.5036;332;66.3941;82.6132;-3.1066;-13.3217;306
40125;81.9952;561;75.1733;88.8171;5.6726;-19.5256;481
40127;102.8928;182;87.5522;118.2334;18.0515;-48.9419;123
40129;51.536;42;35.4391;67.6328;-34.0616;1.6587;55
40131;77.0112;367;69.0975;84.9249;-0.4032;-15.6334;332
40133;72.8164;265;63.8342;81.7986;-5.6665;-12.5071;254
40135;87.2245;302;77.362;97.0869;7.8613;-27.7954;240
40137;76.1465;473;69.2428;83.0501;-0.2579;-13.7586;430
40139;61.5501;127;50.8298;72.2705;-18.6709;-2.979;143
40141;68.5643;121;55.9785;81.1502;-13.5222;-11.8587;119
40143;86.825;3764;84.045;89.6049;14.5443;-20.3134;3025
40145;78.2421;301;69.3607;87.1234;-0.14;-17.8319;269
40147;75.0605;451;68.1291;81.9918;-1.3716;-12.7003;421
40149;46.2511;98;36.846;55.6562;-32.6547;13.6353;148
40151;57.036;107;45.4144;68.6577;-24.0863;0.6338;125
40153;55.9375;131;46.3346;65.5404;-23.1661;3.7511;162
41001;59.7184;164;50.3507;69.0861;-19.15;0.2054;187
41003;54.778;309;48.6698;60.8862;-20.8309;8.4053;393
41005;64.9903;1730;61.9229;68.0576;-7.5778;1.2339;1857
41007;68.0498;324;60.5529;75.5468;-8.9478;-6.2553;332
41009;75.2772;345;67.3272;83.2272;-2.1735;-13.9357;316
41011;77.3347;694;71.5453;83.1241;2.0446;-13.8326;624
41013;80.0018;155;67.2435;92.7602;-2.2572;-23.4687;135
41015;63.5286;220;54.7643;72.2929;-14.7364;-3.0014;246
41017;64.4457;513;58.8025;70.089;-10.6982;-0.7975;568
41019;74.3019;927;69.5054;79.0985;0.0047;-9.807;867
41021;42.5755;14;18.7302;66.4209;-50.7705;2.8706;23
41023;58.101;69;44.1983;72.0038;-25.3024;-2.7123;82
41025;79.1952;78;61.4826;96.9079;-8.0181;-27.6164;69
41027;63.576;136;52.778;74.374;-16.7227;-5.0825;148
41029;70.8176;1363;67.0311;74.6041;-2.4696;-5.3126;1333
41031;53.5779;77;40.901;66.2547;-28.5997;3.0368;97
41033;63.9209;625;58.7909;69.051;-10.7098;0.2405;691
41035;65.9583;486;60.0595;71.8571;-9.4412;-2.5656;514
41037;51.9487;56;38.1012;65.7962;-31.3995;3.4953;74
41039;64.7605;1921;61.8615;67.6594;-7.6392;1.6321;2067
41041;72.4342;460;65.6095;79.2589;-3.8912;-9.9674;447
41043;65.7215;742;60.9777;70.4652;-8.523;-1.1737;789
41045;62.6056;225;54.3453;70.8658;-15.1554;-1.5743;247
41047;63.7181;1652;60.62;66.8161;-8.8807;2.4754;1792
41049;76.9247;71;58.5559;95.2935;-10.9448;-26.002;63
41051;76.3503;5078;74.2456;78.4551;4.7449;-9.1636;4570
41053;54.502;322;48.5007;60.5034;-21;8.7881;411
41055;84.701;29;51.3472;118.0548;-18.1535;-48.7633;23
41057;68.0756;257;59.5583;76.593;-9.9424;-7.3015;262
41059;61.9325;457;56.2376;67.6274;-13.2631;1.6641;509
41061;46.0977;142;38.4687;53.7268;-31.032;15.5647;211
41063;29.658;37;19.2337;40.0823;-50.267;29.2092;83
41065;73.1066;235;63.6495;82.5637;-5.8512;-13.2722;223
41067;61.38;1466;58.2342;64.5258;-11.2665;4.7657;1681
41069;41.118;14;14.0866;68.1495;-55.4141;1.142;22
41071;62.3257;450;56.5166;68.1348;-12.9841;1.1567;502
42001;57.9475;504;52.8796;63.0154;-16.6211;6.2761;609
42003;76.9328;14225;75.6654;78.2003;6.1647;-8.9088;12801
42005;66.6794;757;61.8931;71.4657;-7.6076;-2.1742;791
42007;73.6247;1953;70.346;76.9033;0.8453;-7.6118;1851
42009;53.7018;347;48.0245;59.3791;-21.4762;9.9124;448
42011;61.1336;2732;58.8362;63.431;-10.6645;5.8605;3100
42013;74.3481;1387;70.4259;78.2704;0.9252;-8.9789;1288
42015;62.4438;493;56.9276;67.96;-12.5731;1.3315;546
42017;67.3697;3259;65.0185;69.7209;-4.4822;-0.4294;3443
42019;65.277;1144;61.4951;69.0589;-8.0056;0.2326;1216
42021;63.8553;1638;60.7498;66.9608;-8.7509;2.3307;1765
42023;58.3875;55;42.778;73.997;-26.7227;-4.7055;66
42025;63.0452;545;57.7042;68.3861;-11.7965;0.9054;600
42027;58.6792;566;53.835;63.5234;-15.6657;5.7681;674
42029;62.5626;2076;59.8507;65.2744;-9.65;4.0171;2335
42031;51.3937;272;45.2543;57.5331;-24.2464;11.7584;366
42033;64.5482;734;59.8552;69.2412;-9.6455;0.0503;784
42035;64.9921;334;57.9816;72.0026;-11.5191;-2.7111;358
42037;58.7405;489;53.514;63.967;-15.9867;5.3245;578
42039;59.6577;697;55.2067;64.1087;-14.294;5.1828;811
42041;63.5273;1330;60.1076;66.947;-9.3931;2.3445;1466
42043;69.307;1854;66.1488;72.4653;-3.3519;-3.1738;1849
42045;72.9707;4885;70.9191;75.0222;1.4184;-5.7307;4671
42047;60.9908;306;54.0759;67.9056;-15.4248;1.3859;350
42049;68.6426;2210;65.7765;71.5086;-3.7242;-2.2171;2231
42051;71.361;1571;67.812;74.91;-1.6887;-5.6185;1534
42053;63.272;61;46.959;79.5849;-22.5417;-10.2934;66
42055;57.3412;828;53.4332;61.2492;-16.0675;8.0423;1005
42057;56.6087;96;45.2636;67.9539;-24.2371;1.3376;117
42059;63.943;362;57.2837;70.6023;-12.217;-1.3108;393
42061;71.1858;379;63.9913;78.3804;-5.5094;-9.0889;368
42063;53.5238;586;49.1796;57.8679;-20.3211;11.4236;756
42065;50.3176;348;44.9603;55.675;-24.5404;13.6165;484
42067;52.0272;134;43.1105;60.9439;-26.3902;8.3476;177
42069;66.7156;2258;63.942;69.4892;-5.5587;-0.1977;2360
42071;59.3389;2644;57.0762;61.6016;-12.4245;7.6899;3104
42073;70.5852;1036;66.2758;74.8946;-3.2249;-5.6031;1016
42075;61.2512;886;57.2136;65.2887;-12.2871;4.0028;1003
42077;62.9887;2327;60.4256;65.5517;-9.0751;3.7398;2570
42079;62.2511;3176;60.0663;64.4358;-9.4344;4.8557;3554
42081;63.0292;958;59.0319;67.0266;-10.4688;2.2649;1055
42083;57.6734;426;52.1605;63.1864;-17.3402;6.1051;514
42085;61.3969;1049;57.6741;65.1197;-11.8266;4.1718;1189
42087;72.9329;443;66.1113;79.7546;-3.3894;-10.4631;427
42089;68.6117;673;63.3882;73.8352;-6.1125;-4.5437;689
42091;60.2827;4912;58.5956;61.9698;-10.9051;7.3217;5692
42093;49.0509;119;40.1806;57.9212;-29.3201;11.3703;166
42095;68.9386;2106;65.9878;71.8894;-3.5129;-2.5979;2125
42097;62.4534;941;58.4314;66.4754;-11.0693;2.8161;1050
42099;72.8004;316;64.7563;80.8445;-4.7444;-11.553;300
42101;82.1532;12561;80.7052;83.6011;11.2045;-14.3096;10576
42103;64.4229;226;55.8412;73.0046;-13.6595;-3.7131;246
42105;52.8803;130;43.6237;62.137;-25.877;7.1545;169
42107;61.3066;1558;58.2266;64.3866;-11.2741;4.9049;1774
42109;50.5998;205;43.6484;57.5512;-25.8523;11.7403;282
42111;51.3592;591;47.2039;55.5145;-22.2968;13.777;796
42113;60.8517;65;45.5372;76.1662;-23.9635;-6.8747;75
42115;66.48;355;59.5309;73.4292;-9.9698;-4.1377;370
42117;55.9126;302;49.584;62.2411;-19.9167;7.0504;377
42119;51.131;194;43.9215;58.3406;-25.5792;10.9509;264
42121;66.5316;555;60.9897;72.0735;-8.511;-2.782;576
42123;55.7368;374;50.0734;61.4003;-19.4273;7.8912;463
42125;73.0494;2181;69.9748;76.124;0.4741;-6.8325;2074
42127;58.366;332;52.0311;64.7008;-17.4696;4.5907;391
42129;66.7308;3548;64.5301;68.9315;-4.9706;0.36;3696
42131;61.8297;192;53.0415;70.618;-16.4592;-1.3265;215
42133;61.0189;2360;58.5565;63.4814;-10.9442;5.8101;2678
44001;60.9507;392;54.9081;66.9932;-14.5926;2.2983;450
44003;80.3672;1528;76.3242;84.4102;6.8235;-15.1187;1334
44005;75.7087;683;70.016;81.4014;0.5153;-12.1099;630
44007;75.0789;5671;73.1188;77.0389;3.6181;-7.7474;5245
44009;65.194;678;60.2804;70.1076;-9.2203;-0.8161;727
45001;59.8377;129;49.4773;70.1981;-20.0234;-0.9066;150
45003;86.9379;821;80.8548;93.021;11.3541;-23.7295;659
45005;109.7612;60;81.4364;138.0861;11.9357;-68.7946;37
45007;69.8598;945;65.3588;74.3608;-4.1419;-5.0693;944
45009;95.2895;107;76.7504;113.8287;7.2497;-44.5372;77
45011;94.8862;125;77.9775;111.7949;8.4768;-42.5034;94
45013;62.4833;325;55.1713;69.7953;-14.3294;-0.5038;401
45015;103.2762;462;92.9324;113.62;23.4317;-44.3285;328
45017;61.1726;49;43.5786;78.7667;-25.9221;-9.4752;56
45019;88.2415;1474;83.6279;92.8552;14.1272;-23.5637;1175
45021;80.5715;317;71.6579;89.4851;2.1572;-20.1936;273
45023;88.8826;230;77.2098;100.5555;7.7091;-31.264;180
45025;78.6321;229;68.2795;88.9846;-1.2212;-19.6931;208
45027;89.6587;140;74.5833;104.734;5.0826;-35.4425;110
45029;98.6154;231;85.7947;111.436;16.294;-42.1445;162
45031;85.598;346;76.423;94.773;6.9223;-25.4815;281
45033;88.4959;174;75.1862;101.8055;5.6855;-32.514;137
45035;92.1587;309;81.4873;102.8301;11.9866;-33.5386;244
45037;70.9178;83;55.486;86.3497;-14.0147;-17.0582;83
45039;70.734;94;56.2587;85.2094;-13.242;-15.9179;93
45041;94.4758;664;87.1398;101.8119;17.6391;-32.5204;490
45043;91.032;278;79.9751;102.0888;10.4744;-32.7973;217
45045;76.5883;2021;73.2119;79.9647;3.7112;-10.6732;1834
45047;84.914;434;76.8757;92.9523;7.375;-23.6608;356
45049;89.7124;102;72.1704;107.2543;2.6697;-37.9628;77
45051;77.6621;887;72.3904;82.9338;2.8897;-13.6423;812
45053;86.9241;63;64.5059;109.3424;-4.9948;-40.0509;53
45055;95.0329;301;84.019;106.0469;14.5183;-36.7554;225
45057;73.5166;337;65.5871;81.446;-3.9136;-12.1545;315
45059;78.8854;379;70.8823;86.8884;1.3816;-17.5969;335
45061;82.9059;83;64.9388;100.8731;-4.5619;-31.5816;68
45063;88.3001;1003;82.6782;93.922;13.1775;-24.6305;802
45065;91.3134;45;63.6276;118.9993;-5.8731;-49.7078;35
45067;90.4268;174;76.8161;104.0374;7.3154;-34.7459;132
45069;91.735;174;77.9353;105.5347;8.4346;-36.2432;131
45071;69.0743;225;59.9838;78.1648;-9.5169;-8.8733;225
45073;71.4981;414;64.543;78.4532;-4.9577;-9.1617;402
45075;77.8905;375;69.9439;85.8371;0.4432;-16.5456;332
45077;69.158;531;63.2545;75.0614;-6.2462;-5.7699;533
45079;79.9376;1272;75.4866;84.3885;5.9859;-15.097;1110
45081;72.3486;115;59.0339;85.6633;-10.4668;-16.3718;110
45083;76.1455;1492;72.2552;80.0357;2.7545;-10.7442;1355
45085;87.3709;378;78.3351;96.4068;8.8344;-27.1153;305
45087;80.1074;221;69.3395;90.8752;-0.1612;-21.5837;193
45089;103.2818;168;87.4966;119.067;17.9959;-49.7755;113
45091;80.4765;739;74.5674;86.3857;5.0667;-17.0942;640
46003;55.0321;37;35.5376;74.5267;-33.9631;-5.2352;44
46005;60.3581;167;51.1171;69.599;-18.3836;-0.3075;191
46007;45.307;14;18.7638;71.8502;-50.7369;-2.5587;22
46009;62.0827;88;48.4093;75.7562;-21.0914;-6.4647;97
46011;42.8912;113;34.9182;50.8642;-34.5825;18.4273;182
46013;48.1959;221;41.8046;54.5872;-27.6961;14.7043;315
46015;60.7278;49;43.027;78.4285;-26.4737;-9.137;57
46017;104.4565;6;8.4146;200.4983;-61.0861;-131.2068;5
46019;78.4767;93;62.2922;94.6613;-7.2085;-25.3698;82
46021;39.9429;17;14.1387;65.7471;-55.362;3.5444;29
46023;54.6788;75;41.9398;67.4178;-27.5609;1.8737;95
46025;46.4062;47;32.5816;60.2308;-36.9191;9.0607;67
46027;48.9408;60;36.2972;61.5845;-33.2035;7.707;84
46029;51.0109;147;42.6549;59.3669;-26.8458;9.9246;201
46031;47.3624;18;22.8163;71.9086;-46.6844;-2.6171;27
46033;59.578;51;42.6963;76.4598;-26.8044;-7.1683;60
46035;58.6146;140;48.7057;68.5235;-20.795;0.768;167
46037;46.464;67;34.7432;58.1849;-34.7575;11.1066;107
46039;39.6922;37;26.4719;52.9125;-43.0288;16.379;68
46041;70.551;24;39.798;101.3039;-29.7027;-32.0124;23
46043;54.884;37;35.0406;74.7273;-34.4601;-5.4358;48
46045;53.8459;52;38.7102;68.9816;-30.7905;0.3099;65
46047;65.9546;108;52.9598;78.9495;-16.5409;-9.658;113
46049;36.4739;21;19.1678;53.7799;-50.3329;15.5116;40
46051;52.054;75;39.5489;64.559;-29.9518;4.7325;98
46053;51.9904;58;37.8976;66.0831;-31.6031;3.2084;74
46055;50.8509;19;25.0389;76.6629;-44.4618;-7.3714;25
46057;41.7272;43;28.3111;55.1433;-41.1896;14.1482;73
46059;40.4458;34;24.6592;56.2323;-44.8415;13.0592;58
46061;44.9305;24;25.3229;64.5381;-44.1778;4.7534;36
46063;50.8109;13;19.1747;82.4471;-50.326;-13.1556;17
46065;63.3896;91;50.3285;76.4508;-19.1722;-7.1593;100
46067;36.2558;68;27.2066;45.305;-42.2941;23.9865;130
46069;46.872;16;21.2019;72.5422;-48.2988;-3.2507;25
46071;33.2499;10;6.5017;59.9981;-62.999;9.2934;21
46073;38.4398;20;16.6504;60.2292;-52.8503;9.0623;38
46075;45.3399;11;14.0833;76.5965;-55.4174;-7.305;18
46077;44.9431;62;32.5272;57.359;-36.9735;11.9325;91
46079;47.3998;81;36.2328;58.5667;-33.2679;10.7248;119
46081;64.793;157;54.6039;74.9821;-14.8968;-5.6906;167
46083;47.5151;95;37.629;57.4011;-31.8717;11.8904;141
46085;68.8404;34;44.7459;92.935;-24.7548;-23.6435;35
46087;53.2655;62;39.3813;67.1497;-30.1194;2.1418;80
46089;38.6339;33;24.0428;53.2251;-45.4579;16.0664;57
46091;40.4149;39;25.1053;55.7246;-44.3954;13.5669;69
46093;63.8656;132;52.9298;74.8015;-16.5709;-5.51;144
46095;29.8053;7;1.3808;58.2298;-68.1199;11.0617;16
46097;44.4799;35;28.4584;60.5013;-41.0423;8.7902;54
46099;61.4279;741;57.0079;65.848;-12.4928;3.4435;835
46101;45.7043;51;32.2643;59.1442;-37.2364;10.1473;77
46103;60.9331;411;55.037;66.8292;-14.4637;2.4623;471
46105;36.744;29;21.1977;52.2904;-48.303;17.0011;53
46107;39.4359;27;21.9746;56.8972;-47.5261;12.3943;46
46109;36.4811;66;27.0617;45.9005;-42.439;23.391;121
46111;40.8803;24;22.1798;59.5808;-47.3209;9.7107;41
46113;9.3302;1;0;61.1978;-69.5007;8.0937;7
46115;45.1004;65;33.9295;56.2712;-35.5712;13.0203;101
46117;81.7074;24;47.4149;116;-22.0858;-46.7085;20
46119;31.2173;9;5.6368;56.7979;-63.8639;12.4936;19
46121;66.0129;15;26.6426;105.3832;-42.8581;-36.0917;15
46123;56.2646;63;42.0646;70.4645;-27.4361;-1.173;77
46125;49.0978;94;38.538;59.6576;-30.9627;9.6339;127
46127;58.9117;96;46.5804;71.2429;-22.9203;-1.9514;110
46129;49.9145;56;36.5939;63.2352;-32.9068;6.0563;81
46135;50.7799;123;41.7577;59.802;-27.743;9.4895;171
46137;30.7323;4;0;78.189;-69.5007;-8.8975;9
47001;87.9957;723;81.5112;94.4803;12.0105;-25.1888;573
47003;82.1011;293;72.6848;91.5174;3.1841;-22.2259;249
47005;87.2292;193;74.7716;99.6868;5.2709;-30.3953;156
47007;79.4419;89;62.8036;96.0802;-6.6971;-26.7887;77
47009;72.8498;714;67.4905;78.2092;-2.0102;-8.9177;683
47011;85.3795;572;78.3535;92.4055;8.8528;-23.114;461
47013;112.2167;494;102.2999;122.1336;32.7992;-52.8421;307
47015;71.2402;100;57.1221;85.3583;-12.3786;-16.0668;100
47017;82.9204;314;73.6513;92.1895;4.1506;-22.898;268
47019;78.517;508;71.6831;85.351;2.1824;-16.0595;450
47021;96.9861;210;83.7953;110.1769;14.2946;-40.8854;151
47023;68.5905;100;55.0766;82.1044;-14.4241;-12.8129;101
47025;97.1961;295;86.0904;108.3019;16.5897;-39.0104;210
47027;84.8755;93;67.4644;102.2866;-2.0363;-32.9951;77
47029;76.3984;259;67.0723;85.7245;-2.4284;-16.433;235
47031;81.3731;380;73.1804;89.5658;3.6797;-20.2743;323
47033;76.4005;145;63.7661;89.0349;-5.7346;-19.7434;131
47035;74.4039;324;66.1887;82.6191;-3.312;-13.3276;312
47037;89.0981;3649;86.2007;91.9955;16.7;-22.704;2835
47039;65.0249;110;52.3644;77.6853;-17.1363;-8.3938;117
47041;77.8999;151;65.1822;90.6176;-4.3185;-21.3261;135
47043;83.1139;307;73.8125;92.4153;4.3118;-23.1238;257
47045;89.3308;351;79.9473;98.7142;10.4466;-29.4227;273
47047;64.4192;111;52.3747;76.4636;-17.126;-7.1721;120
47049;92.7428;173;78.8731;106.6125;9.3724;-37.321;132
47051;76.4838;304;67.866;85.1017;-1.6347;-15.8102;277
47053;82.1747;498;74.8931;89.4563;5.3924;-20.1648;426
47055;84.0433;267;73.9294;94.1571;4.4287;-24.8656;221
47057;81.1692;170;68.9406;93.3979;-0.5601;-24.1064;146
47059;73.5949;495;67.1013;80.0886;-2.3994;-10.7971;460
47061;58.7138;94;46.7176;70.7099;-22.7831;-1.4184;113
47063;81.1752;417;73.3124;89.0379;3.8117;-19.7464;348
47065;86.372;2324;82.8556;89.8883;13.3549;-20.5968;1857
47067;81.9693;77;63.5184;100.4202;-5.9823;-31.1287;68
47069;73.7943;166;62.4781;85.1105;-7.0226;-15.819;158
47071;78.9289;234;68.7619;89.096;-0.7388;-19.8045;209
47073;79.2134;400;71.4385;86.9883;1.9378;-17.6968;349
47075;87.1496;125;71.7417;102.5575;2.241;-33.266;101
47077;89.1425;242;77.8825;100.4025;8.3818;-31.111;191
47079;80.8287;337;72.0632;89.5942;2.5625;-20.3027;294
47081;87.5543;169;74.2864;100.8222;4.7857;-31.5307;135
47083;79.3073;82;61.3307;97.2839;-8.17;-27.9924;72
47085;90.4135;185;77.349;103.478;7.8483;-34.1865;142
47087;77.4164;110;62.7939;92.0389;-6.7068;-22.7474;99
47089;68.7154;261;60.3707;77.0601;-9.13;-7.7686;265
47091;67.9407;132;56.2686;79.6128;-13.2321;-10.3213;139
47093;89.3043;2936;86.0718;92.5368;16.5711;-23.2453;2272
47095;96.5676;85;75.8824;117.2528;6.3817;-47.9613;61
47097;94.367;218;81.7856;106.9485;12.2849;-37.657;159
47099;95.8949;417;86.678;105.1118;17.1773;-35.8203;303
47101;107.2487;125;88.3567;126.1406;18.856;-56.8491;81
47103;85.711;293;75.8324;95.5895;6.3317;-26.298;239
47105;84.7329;320;75.4148;94.0509;5.9141;-24.7594;264
47107;83.9692;419;75.9144;92.0241;6.4137;-22.7326;347
47109;78.8764;240;68.8608;88.892;-0.6399;-19.6005;214
47111;77.2055;160;65.0972;89.3137;-4.4035;-20.0222;146
47113;87.5471;591;80.4877;94.6065;10.987;-25.315;469
47115;90.7044;246;79.3446;102.0643;9.8439;-32.7728;186
47117;88.4263;224;76.8014;100.0511;7.3007;-30.7596;177
47119;93.2325;507;85.1163;101.3486;15.6156;-32.0571;375
47121;71.8112;63;53.5987;90.0237;-15.902;-20.7322;61
47123;82.399;288;72.8732;91.9248;3.3725;-22.6333;243
47125;76.618;467;69.6318;83.6042;0.1311;-14.3127;424
47127;59.9928;36;40.0984;79.8871;-29.4023;-10.5956;41
47129;106.5789;214;92.2843;120.8734;22.7836;-51.5819;139
47131;74.5689;308;66.188;82.9498;-3.3127;-13.6583;286
47133;82.2036;198;70.688;93.7193;1.1873;-24.4278;170
47135;89.5617;88;70.6793;108.4441;1.1786;-39.1526;69
47137;78.5381;51;55.6616;101.4147;-13.8391;-32.1232;48
47139;102.4844;172;87.1217;117.8472;17.621;-48.5557;116
47141;75.8304;414;68.5111;83.1497;-0.9896;-13.8582;381
47143;88.8438;246;77.7059;99.9818;8.2052;-30.6903;194
47145;90.6521;526;82.8626;98.4417;13.3619;-29.1502;401
47147;77.3258;324;68.9012;85.7504;-0.5995;-16.4589;291
47149;85.4752;672;78.9914;91.9591;9.4907;-22.6676;542
47151;104.2172;217;90.3438;118.0906;20.8431;-48.7991;144
47153;80.5566;76;62.4114;98.7018;-7.0893;-29.4103;66
47155;76.9961;414;69.5528;84.4393;0.0521;-15.1478;374
47157;86.7636;4109;84.0877;89.4396;14.587;-20.1481;3308
47159;70.534;143;58.8597;82.2083;-10.641;-12.9168;142
47161;84.7372;121;69.4786;99.9957;-0.0221;-30.7042;102
47163;82.8615;1373;78.4427;87.2804;8.942;-17.9889;1159
47165;77.5851;658;71.6263;83.5439;2.1256;-14.2524;587
47167;82.7627;232;72.0826;93.4428;2.5819;-24.1513;191
47169;89.6661;62;66.9311;112.4012;-2.5696;-43.1097;49
47171;89.3419;207;77.1335;101.5503;7.6328;-32.2588;162
47173;87.3132;121;71.7384;102.8879;2.2377;-33.5964;98
47175;52.6767;31;33.384;71.9694;-36.1167;-2.6779;41
47177;80.0752;318;71.2666;88.8838;1.7659;-19.5923;277
47179;76.8687;817;71.5948;82.1425;2.0941;-12.851;735
47181;83.252;150;69.8682;96.6359;0.3675;-27.3444;127
47183;74.8086;325;66.5563;83.0609;-2.9444;-13.7694;304
47185;72.5242;196;62.3163;82.7321;-7.1844;-13.4406;189
47187;70.1052;392;63.0586;77.1518;-6.4421;-7.8603;390
47189;78.4608;442;71.12;85.8015;1.6193;-16.51;390
48001;80.2513;352;71.7807;88.7218;2.28;-19.4303;306
48003;75.6451;99;60.3151;90.9751;-9.1856;-21.6836;91
48005;85.6624;580;78.6816;92.6433;9.1809;-23.3518;471
48007;81.8434;209;70.2731;93.4137;0.7724;-24.1222;189
48009;61.1165;65;45.7104;76.5225;-23.7903;-7.231;73
48011;43.4961;17;20.8515;66.1406;-48.6492;3.1509;26
48013;61.206;203;52.7604;69.6515;-16.7403;-0.36;228
48015;55.5789;151;46.4892;64.6685;-23.0115;4.623;190
48017;47.3343;45;32.8962;61.7725;-36.6045;7.519;67
48019;72.3363;112;58.61;86.0627;-10.8907;-16.7712;110
48021;67.0297;235;58.4131;75.6464;-11.0876;-6.3549;245
48023;65.9376;66;49.1564;82.7188;-20.3443;-13.4273;67
48025;76.0471;193;65.298;86.7963;-4.2027;-17.5048;177
48027;67.869;869;63.3558;72.3821;-6.1449;-3.0906;889
48029;63.0741;5683;61.4283;64.72;-8.0724;4.5715;6321
48031;72.1023;65;54.082;90.1225;-15.4187;-20.831;65
48033;39.1893;5;0;88.3855;-69.5007;-19.094;8
48035;69.6311;206;59.4772;79.785;-10.0235;-10.4935;209
48037;86.6502;704;80.2438;93.0567;10.7431;-23.7652;564
48039;84.1478;1074;78.9461;89.3496;9.4454;-20.0581;904
48041;66.3225;376;59.6128;73.0322;-9.8879;-3.7407;398
48043;43.7768;43;30.1099;57.4438;-39.3908;11.8477;70
48045;67.4451;25;38.4774;96.4127;-31.0233;-27.1212;26
48047;58.8402;59;43.7058;73.9746;-25.7949;-4.6831;69
48049;82.4347;404;74.212;90.6574;4.7113;-21.3659;340
48051;64.5554;117;52.5583;76.5524;-16.9424;-7.2609;125
48053;75.6631;300;66.6156;84.7106;-2.8851;-15.4191;282
48055;72.0111;198;61.8457;82.1765;-7.655;-12.885;190
48057;88.5906;175;75.1664;102.0147;5.6657;-32.7232;141
48059;64.5377;124;52.7823;76.2931;-16.7184;-7.0016;133
48061;49.8917;1134;46.9686;52.8147;-22.5321;16.4768;1589
48063;106.109;114;86.4053;125.8126;16.9046;-56.5211;76
48065;45.3676;44;31.2914;59.4438;-38.2093;9.8477;66
48067;78.6312;276;69.2533;88.0091;-0.2474;-18.7176;244
48069;61.3586;53;44.4314;78.2858;-25.0693;-8.9943;61
48071;96.8476;152;81.107;112.5883;11.6063;-43.2968;110
48073;86.4709;435;78.216;94.7258;8.7153;-25.4343;353
48075;91.5472;113;73.7516;109.3428;4.2509;-40.0513;82
48077;67.0965;105;54.0949;80.0981;-15.4058;-10.8066;108
48079;40.3115;22;22.2927;58.3303;-47.208;10.9612;37
48081;73.4094;52;52.5272;94.2915;-16.9735;-25;50
48083;82.1538;169;68.7389;95.5687;-0.7618;-26.2772;149
48085;65.915;751;61.0806;70.7494;-8.4201;-1.4579;812
48087;51.0168;37;33.5029;68.5308;-35.9978;0.7607;52
48089;55.393;146;46.2568;64.5292;-23.2439;4.7623;182
48091;54.2629;336;48.4189;60.1068;-21.0818;9.1847;430
48093;56.4646;148;46.7531;66.1761;-22.7476;3.1154;184
48095;31.9479;21;12.3779;51.5179;-57.1228;17.7736;39
48097;73.6105;285;64.9259;82.2951;-4.5748;-13.0036;268
48099;71.9568;228;62.6031;81.3104;-6.8976;-12.0189;220
48101;70.4332;34;45.0965;95.77;-24.4042;-26.4785;34
48103;52.6584;24;28.3374;76.9793;-41.1633;-7.6878;31
48105;59.7032;29;37.1437;82.2626;-32.357;-12.9711;34
48107;50.4024;53;36.5698;64.2349;-32.9309;5.0566;73
48109;40.087;12;13.3095;66.8645;-56.1912;2.427;23
48111;54.3056;44;38.0075;70.6036;-31.4932;-1.3121;55
48113;78.7223;9041;77.0752;80.3694;7.5745;-11.0779;8014
48115;58.2889;116;47.6273;68.9506;-21.8734;0.3409;136
48117;43.5713;83;34.1819;52.9606;-35.3188;16.3309;133
48119;76.9691;71;57.5899;96.3482;-11.9108;-27.0567;67
48121;64.8382;728;60.0243;69.652;-9.4764;-0.3605;792
48123;57.4332;177;48.59;66.2765;-20.9107;3.015;209
48125;66.8647;38;44.1234;89.606;-25.3773;-20.3145;44
48127;49.6708;61;36.6874;62.6542;-32.8133;6.6373;84
48129;88.7541;74;67.1916;110.3166;-2.3091;-41.0251;55
48131;48.4748;80;37.602;59.3476;-31.8987;9.9439;116
48133;70.0861;255;61.0307;79.1416;-8.47;-9.8501;256
48135;81.506;817;75.7418;87.2701;6.2411;-17.9786;706
48137;79.831;24;46.9702;112.6918;-22.5305;-43.4003;20
48139;68.2555;449;61.9422;74.5687;-7.5585;-5.2772;457
48141;49.2994;1902;47.0593;51.5395;-22.4414;17.752;2765
48143;66.8694;242;58.0493;75.6896;-11.4514;-6.3981;253
48145;78.9189;201;67.4958;90.3419;-2.0049;-21.0504;180
48147;69.244;298;61.1102;77.3778;-8.3905;-8.0863;308
48149;51.2434;196;43.7624;58.7245;-25.7383;10.567;267
48151;57.6176;59;42.0066;73.2285;-27.4941;-3.937;70
48153;44.2528;57;32.2018;56.3039;-37.2989;12.9876;89
48155;87.6098;38;57.6706;117.5489;-11.8301;-48.2574;29
48157;63.1789;524;57.5871;68.7707;-11.9136;0.5208;594
48159;62.7171;75;48.1159;77.3184;-21.3848;-8.0269;84
48161;82.9257;157;69.5551;96.2964;0.0544;-27.0049;138
48163;48.6108;70;37.0706;60.151;-32.4301;9.1405;100
48165;54.1649;68;40.9963;67.3335;-28.5044;1.958;91
48167;89.6901;1562;85.1634;94.2168;15.6627;-24.9253;1228
48169;70.9639;52;51.3727;90.555;-18.128;-21.2635;50
48171;53.0932;157;44.255;61.9314;-25.2457;7.3601;212
48173;65.5844;7;1.6161;129.5527;-67.8846;-60.2612;9
48175;58.4296;46;41.2823;75.5768;-28.2184;-6.2853;55
48177;67.7558;171;57.3932;78.1184;-12.1075;-8.8269;173
48179;80.4086;296;71.2077;89.6095;1.707;-20.318;255
48181;76.2782;902;71.2655;81.2909;1.7648;-11.9994;827
48183;84.8169;798;78.9322;90.7016;9.4315;-21.4101;653
48185;84.0136;149;70.4351;97.5921;0.9344;-28.3006;121
48187;64.1623;373;57.6494;70.6752;-11.8513;-1.3837;406
48189;53.5792;215;46.41;60.7485;-23.0907;8.543;277
48191;69.115;61;50.5299;87.7001;-18.9708;-18.4086;62
48193;57.4574;103;45.3924;69.5224;-24.1083;-0.2309;129
48195;74.3556;52;53.9895;94.7217;-15.5112;-25.4302;49
48197;67.474;71;51.1939;83.7541;-18.3068;-14.4626;74
48199;92.3639;394;83.209;101.5188;13.7083;-32.2273;295
48201;78.781;11946;77.3168;80.2453;7.8161;-10.9538;10619
48203;66.6655;306;59.1829;74.148;-10.3178;-4.8565;319
48205;40.842;21;21.5906;60.0935;-47.9101;9.198;36
48207;62.2813;88;48.6222;75.9405;-20.8785;-6.649;101
48209;56.1401;221;48.7101;63.5702;-20.7906;5.7213;275
48211;56.17;28;34.6892;77.6508;-34.8115;-8.3593;35
48213;80.8242;616;74.2803;87.3681;4.7796;-18.0766;543
48215;40.2275;1235;37.9698;42.4852;-31.5309;26.8063;2135
48217;67.0871;287;59.0781;75.0961;-10.4226;-5.8046;307
48219;66.8336;159;56.3997;77.2675;-13.101;-7.976;166
48221;83.7262;276;73.6588;93.7936;4.1581;-24.5021;233
48223;77.0915;284;67.9663;86.2167;-1.5344;-16.9252;260
48225;82.3839;211;70.9625;93.8052;1.4618;-24.5137;183
48227;68.0491;296;60.2615;75.8367;-9.2392;-6.5452;302
48229;60.9289;18;30.1195;91.7383;-39.3812;-22.4468;21
48231;76.6433;551;70.2297;83.0569;0.729;-13.7654;498
48233;61.8277;222;53.4604;70.1951;-16.0403;-0.9036;255
48235;54.03;14;16.8746;91.1855;-52.6261;-21.894;17
48237;72.0711;93;56.9664;87.1758;-12.5343;-17.8843;90
48239;77.609;128;63.9684;91.2496;-5.5323;-21.9581;117
48241;96.3092;357;86.2358;106.3827;16.7351;-37.0912;255
48243;47.2879;15;14.4605;80.1153;-55.0402;-10.8238;21
48245;85.0599;1923;81.2487;88.8711;11.748;-19.5796;1579
48247;42.032;27;25.6545;58.4096;-43.8462;10.8819;46
48249;53.7151;217;46.5344;60.8958;-22.9663;8.3957;283
48251;80.7408;669;74.6245;86.8572;5.1238;-17.5657;575
48253;62.7878;179;53.3931;72.1825;-16.1076;-2.891;195
48255;66.078;131;54.6494;77.5067;-14.8513;-8.2152;133
48257;90.1295;423;81.5474;98.7117;12.0467;-29.4202;324
48259;64.0937;117;52.3919;75.7955;-17.1088;-6.504;125
48261;22.9408;1;0;94.8805;-69.5007;-25.589;5
48263;66.958;15;28.9806;104.9353;-40.5201;-35.6438;15
48265;71.0866;439;63.9477;78.2255;-5.553;-8.934;441
48267;65.7795;51;46.1222;85.4368;-23.3785;-16.1453;54
48269;120.0478;3;0;280.4178;-69.5007;-211.1263;3
48271;54.624;23;30.2269;79.021;-39.2738;-9.7295;31
48273;58.3196;151;48.9547;67.6846;-20.546;1.6069;181
48275;57.5026;57;41.4308;73.5744;-28.0699;-4.2829;67
48277;81.2825;445;73.642;88.923;4.1413;-19.6315;384
48279;50.6492;128;41.6752;59.6233;-27.8255;9.6682;169
48281;71.7353;131;59.358;84.1127;-10.1427;-14.8212;128
48283;47.5608;32;30.3006;64.8211;-39.2001;4.4704;48
48285;59.3147;200;50.5428;68.0865;-18.9579;1.205;242
48287;57.7872;91;45.287;70.2875;-24.2137;-0.996;112
48289;101.163;167;85.3491;116.9769;15.8484;-47.6854;117
48291;95.0878;471;86.4791;103.6965;16.9784;-34.405;343
48293;86.8513;236;75.4015;98.3011;5.9008;-29.0096;191
48295;49.6246;26;28.4929;70.7563;-41.0078;-1.4648;37
48297;55.6123;76;42.8688;68.3558;-26.6319;0.9357;95
48299;74.953;226;64.1728;85.7333;-5.3279;-16.4418;215
48301;88.2949;2;0;245.3261;-69.5007;-176.0346;1
48303;57.9573;1004;54.3619;61.5527;-15.1388;7.7388;1208
48305;42.8743;47;30.4903;55.2583;-39.0104;14.0332;74
48307;67.4204;109;53.9754;80.8655;-15.5253;-11.574;114
48309;74.3714;1400;70.4679;78.2748;0.9672;-8.9833;1308
48311;57.539;9;11.3876;103.6903;-58.1131;-34.3988;10
48313;81.7262;101;65.2756;98.1768;-4.2251;-28.8853;85
48315;83.2962;96;66.0853;100.507;-3.4154;-31.2155;83
48317;53.1123;32;33.5232;72.7014;-35.9775;-3.4099;41
48319;61.6945;47;41.6925;81.6966;-27.8082;-12.4051;50
48321;69.7383;236;60.8193;78.6572;-8.6814;-9.3657;237
48323;41.2811;109;33.3815;49.1806;-36.1192;20.1109;189
48325;54.0225;184;46.165;61.88;-23.3357;7.4115;236
48327;80.9708;38;53.2354;108.7061;-16.2653;-39.4146;34
48329;62.8444;483;57.0569;68.6318;-12.4438;0.6597;546
48331;63.7276;207;54.8305;72.6246;-14.6702;-3.3331;230
48333;46.9122;54;32.1862;61.6382;-37.3145;7.6533;74
48335;77.1247;114;62.38;91.8694;-7.1207;-22.5779;102
48337;78.7284;255;68.7015;88.7554;-0.7992;-19.4639;227
48339;87.1743;1048;81.7578;92.5907;12.2571;-23.2992;851
48341;72.4835;118;59.2036;85.7634;-10.2971;-16.4719;115
48343;88.3985;136;73.4699;103.3272;3.9692;-34.0357;106
48345;64.2225;25;35.7847;92.6604;-33.716;-23.3689;26
48347;84.3991;363;75.66;93.1381;6.1593;-23.8466;303
48349;73.2356;360;65.5104;80.9609;-3.9903;-11.6694;339
48351;70.6894;102;56.7542;84.6246;-12.7465;-15.3331;101
48353;63.3803;154;53.2628;73.4978;-16.2379;-4.2063;168
48355;75.3761;1838;71.8983;78.8539;2.3976;-9.5624;1729
48357;69.3286;68;52.6146;86.0425;-16.8861;-16.751;71
48359;66.3061;17;32.5852;100.027;-36.9155;-30.7355;17
48361;95.7901;712;88.5712;103.009;19.0705;-33.7175;520
48363;79.1381;283;69.8274;88.4487;0.3267;-19.1572;248
48365;81.4744;200;70.0934;92.8554;0.5927;-23.5639;169
48367;72.5598;441;65.7789;79.3407;-3.7218;-10.0492;421
48369;39.1573;43;26.557;51.7576;-42.9437;17.5339;77
48371;62.3188;85;48.8047;75.8329;-20.696;-6.5414;101
48373;88.9454;371;79.5405;98.3504;10.0398;-29.0589;300
48375;75.2432;782;69.9642;80.5221;0.4635;-11.2306;722
48377;31.9785;26;18.6386;45.3183;-50.8621;23.9732;56
48379;74.6565;71;56.9165;92.3964;-12.5842;-23.1049;66
48381;53.8474;377;48.3179;59.3768;-21.1828;9.9147;494
48383;103.375;31;62.4329;144.317;-7.0678;-75.0255;24
48385;78.0376;34;49.9704;106.1048;-19.5303;-36.8133;29
48387;81.3245;190;69.4051;93.2439;-0.0956;-23.9524;160
48389;49.7359;76;38.4756;60.9961;-31.0251;8.2954;107
48391;56.9061;66;42.8844;70.9278;-26.6163;-1.6363;81
48393;83.4114;9;18.1104;148.7124;-51.3903;-79.4209;10
48395;72.9537;140;60.1527;85.7548;-9.348;-16.4633;130
48397;69.7135;114;56.624;82.803;-12.8767;-13.5115;113
48399;69.7403;139;57.7625;81.718;-11.7382;-12.4265;144
48401;73.2309;385;65.793;80.6689;-3.7077;-11.3774;365
48403;85.0552;143;70.3627;99.7476;0.862;-30.4561;118
48405;59.6094;70;44.5861;74.6327;-24.9146;-5.3412;87
48407;80.5139;136;66.6188;94.4089;-2.8819;-25.1174;122
48409;84.0414;484;76.5346;91.5482;7.0339;-22.2567;401
48411;62.7304;73;46.8912;78.5695;-22.6095;-9.278;81
48413;35.439;14;13.1739;57.7042;-56.3268;11.5873;28
48415;65.2838;148;54.741;75.8266;-14.7597;-6.5351;159
48417;102.0324;65;76.2054;127.8595;6.7047;-58.568;45
48419;77.0004;231;66.8251;87.1758;-2.6756;-17.8843;216
48421;53.7179;22;30.534;76.9018;-38.9667;-7.6103;29
48423;79.6472;1078;74.8745;84.4199;5.3738;-15.1284;948
48425;69.6611;42;47.8937;91.4284;-21.607;-22.1369;41
48427;33.5241;94;26.735;40.3131;-42.7657;28.9784;195
48429;88.195;131;72.8333;103.5567;3.3326;-34.2652;106
48431;37.1538;6;0;75.798;-69.5007;-6.5065;12
48433;75.0193;33;46.1515;103.8871;-23.3492;-34.5956;30
48435;68.947;31;43.5562;94.3378;-25.9445;-25.0463;33
48437;55.9196;70;42.2392;69.6001;-27.2615;-0.3086;87
48439;80.7412;6064;78.6812;82.8012;9.1805;-13.5097;5259
48441;67.0265;766;62.2816;71.7714;-7.2191;-2.4799;793
48443;35.0863;8;3.3868;66.7858;-66.1139;2.5057;16
48445;62.0678;103;50.0447;74.0908;-19.456;-4.7993;114
48447;67.0758;32;40.2078;93.9439;-29.2929;-24.6524;31
48449;88.3806;242;77.1019;99.6592;7.6012;-30.3677;190
48451;69.7943;689;64.5768;75.0119;-4.9239;-5.7204;684
48453;65.7645;2057;62.8945;68.6345;-6.6062;0.657;2195
48455;80.8153;132;66.3803;95.2503;-3.1204;-25.9588;120
48457;85.0917;223;73.4562;96.7272;3.9555;-27.4357;193
48459;78.8873;278;69.577;88.1975;0.0763;-18.906;243
48461;65.0914;31;41.325;88.8578;-28.1757;-19.5663;33
48463;59.7505;159;50.4307;69.0703;-19.07;0.2212;184
48465;59.9866;194;51.4998;68.4733;-18.0009;0.8182;228
48467;77.9956;426;70.4852;85.5059;0.9845;-16.2144;381
48469;79.9161;505;72.9069;86.9254;3.4062;-17.6339;444
48471;62.4694;200;53.7273;71.2115;-15.7734;-1.92;222
48473;71.2418;118;58.3691;84.1146;-11.1316;-14.8231;115
48475;73.173;103;58.7417;87.6043;-10.759;-18.3128;99
48477;58.4546;176;49.6042;67.3049;-19.8965;1.9866;215
48479;39.3411;353;35.2338;43.4484;-34.2669;25.8431;624
48481;70.4349;303;62.4734;78.3963;-7.0273;-9.1048;297
48483;65.0857;76;49.5738;80.5976;-19.9269;-11.3061;82
48485;80.7598;1010;75.7826;85.737;6.2819;-16.4455;867
48487;74.8134;180;63.5088;86.118;-5.9919;-16.8265;171
48489;51.1531;101;41.1099;61.1962;-28.3908;8.0953;135
48491;61.4884;500;56.08;66.8968;-13.4207;2.3947;565
48493;62.7225;150;52.6413;72.8036;-16.8594;-3.5121;168
48495;71.5428;78;55.4508;87.6348;-14.0499;-18.3433;76
48497;65.8862;253;57.7435;74.0289;-11.7572;-4.7374;268
48499;83.5135;363;74.6639;92.3631;5.1632;-23.0716;311
48501;63.3583;47;44.3865;82.3301;-25.1142;-13.0386;56
48503;75.8077;231;65.8439;85.7716;-3.6568;-16.4801;208
48505;39.029;48;26.3997;51.6583;-43.101;17.6332;82
48507;48.5207;63;35.5023;61.5391;-33.9984;7.7524;86
49001;34.7544;24;18.8669;50.6419;-50.6338;18.6496;48
49003;26.7102;89;21.0482;32.3722;-48.4525;36.9193;232
49005;15.7085;79;12.1974;19.2196;-57.3033;50.0719;344
49007;37.161;91;29.4641;44.8579;-40.0366;24.4336;171
49009;0;0;0;58.8702;-69.5007;10.4213;6
49011;27.9385;275;24.5413;31.3357;-44.9594;37.9558;712
49013;32.482;35;21.226;43.7379;-48.2747;25.5536;76
49015;39.983;35;26.5647;53.4014;-42.936;15.8901;60
49017;29.4403;16;10.8183;48.0623;-58.6824;21.2292;37
49019;95.0275;72;72.7622;117.2928;3.2615;-48.0013;53
49021;25.2098;43;16.8795;33.5401;-52.6212;35.7514;117
49023;29.2437;19;14.7239;43.7634;-54.7768;25.5281;51
49025;26.0267;14;9.6818;42.3715;-59.8189;26.92;40
49027;24.8438;33;15.4644;34.2231;-54.0363;35.0684;89
49029;25.0293;11;3.7857;46.2729;-65.715;23.0186;33
49031;68.3064;17;27.2818;109.331;-42.2189;-40.0395;17
49033;11.0138;2;0;46.8999;-69.5007;22.3916;15
49035;37.8895;1979;36.217;39.5619;-33.2837;29.7296;3656
49037;51.3838;26;29.4799;73.2876;-40.0208;-3.9961;37
49039;31.6538;63;22.5568;40.7508;-46.9439;28.5407;137
49041;26.7959;51;19.1381;34.4538;-50.3626;34.8377;132
49043;25.8285;23;14.6887;36.9683;-54.812;32.3232;65
49045;49.7767;109;40.2359;59.3176;-29.2648;9.9739;157
49047;34.8401;57;24.8438;44.8364;-44.6569;24.4551;114
49049;25.8202;398;23.2717;28.3686;-46.229;40.9229;1078
49051;29.1227;25;15.3849;42.8606;-54.1158;26.4309;60
49053;31.7614;157;26.3739;37.1489;-43.1268;32.1426;348
49055;23.935;7;0;52.5878;-69.5007;16.7037;21
49057;35.6577;520;32.5877;38.7278;-36.913;30.5637;1018
50001;70.3934;220;61.086;79.7008;-8.4147;-10.4093;216
50003;64.5685;300;57.222;71.915;-12.2787;-2.6235;320
50005;68.5177;227;59.5785;77.4568;-9.9222;-8.1653;227
50007;73.6642;683;68.0994;79.2289;-1.4013;-9.9374;654
50009;63.6143;58;46.2906;80.938;-23.2101;-11.6465;62
50011;79.1169;317;70.4013;87.8324;0.9006;-18.5409;277
50013;68.4896;42;46.8046;90.1747;-22.6961;-20.8832;42
50015;59.8683;113;48.7302;71.0064;-20.7705;-1.7149;131
50017;58.2687;167;49.3892;67.1481;-20.1115;2.1434;198
50019;70.2922;207;60.6408;79.9436;-8.8599;-10.6521;203
50021;72.0301;534;65.9156;78.1446;-3.5851;-8.8531;510
50023;72.4596;438;65.6657;79.2535;-3.835;-9.962;418
50025;70.1388;332;62.5839;77.6937;-6.9168;-8.4022;327
50027;66.1202;464;60.0942;72.1461;-9.4065;-2.8546;485
51001;97.196;351;86.8999;107.4922;17.3992;-38.2007;251
51003;65.8369;526;60.2053;71.4684;-9.2954;-2.1769;556
51005;75.8212;269;66.7394;84.903;-2.7613;-15.6115;244
51007;68.558;47;48.4643;88.6516;-21.0364;-19.3601;48
51009;74.0238;1406;70.1554;77.8921;0.6547;-8.6006;1322
51011;83.4438;108;67.6493;99.2383;-1.8514;-29.9468;91
51015;68.9765;756;64.0382;73.9147;-5.4625;-4.6232;762
51017;60.7407;44;42.194;79.2874;-27.3067;-9.9959;51
51021;75.8505;64;56.7199;94.981;-12.7808;-25.6895;58
51023;66.285;186;56.6903;75.8798;-12.8104;-6.5883;194
51025;78.8942;83;61.6945;96.0938;-7.8062;-26.8023;73
51027;72.4299;226;62.851;82.0088;-6.6497;-12.7173;211
51029;72.5089;81;56.6064;88.4115;-12.8943;-19.12;79
51033;96.4808;121;79.209;113.7525;9.7083;-44.461;88
51035;64.1926;462;58.321;70.0643;-11.1797;-0.7728;502
51036;89.0445;18;45.1955;132.8935;-24.3052;-63.602;15
51037;72.1182;93;57.2053;87.0311;-12.2954;-17.7396;89
51041;86.5286;4549;83.9973;89.06;14.4966;-19.7685;3675
51043;83.9289;107;67.7082;100.1496;-1.7925;-30.8581;88
51045;82.1812;46;58.3441;106.0182;-11.1566;-36.7267;39
51047;67.0928;161;56.6604;77.5253;-12.8403;-8.2338;167
51049;67.1989;42;46.4249;87.973;-23.0758;-18.6815;43
51051;93.4051;198;80.3296;106.4806;10.8289;-37.1891;146
51057;85.5972;74;65.487;105.7073;-4.0137;-36.4158;59
51059;59.7831;4172;57.8642;61.7019;-11.6365;7.5896;5100
51061;75.3981;260;66.1268;84.6694;-3.3739;-15.3779;241
51063;49.6905;85;39.0266;60.3545;-30.4741;8.937;122
51065;79.5057;91;63.0036;96.0077;-6.4971;-26.7162;79
51067;61.8238;256;54.2392;69.4084;-15.2615;-0.1169;286
51069;92.4952;578;84.9157;100.0747;15.415;-30.7832;439
51071;82.0665;192;70.3197;93.8133;0.819;-24.5218;162
51073;100.3772;227;87.2482;113.5062;17.7475;-44.2147;158
51075;85.0172;88;67.1618;102.8727;-2.3389;-33.5812;72
51079;69.9612;58;51.8241;88.0982;-17.6766;-18.8067;58
51081;79.6204;90;62.6964;96.5444;-6.8043;-27.2529;81
51083;80.5304;276;70.9936;90.0671;1.4929;-20.7756;238
51085;91.1875;450;82.6126;99.7624;13.1119;-30.4709;348
51089;63.8759;445;57.8992;69.8527;-11.6015;-0.5612;492
51091;61.973;29;38.8652;85.0808;-30.6355;-15.7893;32
51093;79.144;128;65.2072;93.0809;-4.2935;-23.7894;114
51095;86.7362;2034;82.8898;90.5827;13.3891;-21.2912;1660
51097;62.3838;35;39.44;85.3276;-30.0607;-16.0361;37
51099;91.277;82;70.776;111.7781;1.2753;-42.4866;62
51101;70.6038;53;51.4189;89.7887;-18.0818;-20.4972;52
51103;76.5143;123;62.2748;90.7539;-7.2259;-21.4624;117
51105;96.6802;335;86.2476;107.1129;16.7469;-37.8214;244
51107;74.2429;324;66.0099;82.4759;-3.4908;-13.1844;318
51109;80.8253;150;67.8093;93.8412;-1.6914;-24.5497;130
51111;73.8241;83;57.6696;89.9786;-11.8311;-20.6871;79
51113;50.8422;66;38.3507;63.3338;-31.15;5.9577;93
51115;69.1456;98;55.0048;83.2864;-14.4959;-13.9949;96
51117;78.3541;226;68.0242;88.6841;-1.4765;-19.3926;200
51119;88.3985;107;71.3608;105.4363;1.8601;-36.1448;81
51121;65.2319;637;60.1445;70.3194;-9.3562;-1.0279;685
51125;71.164;109;57.5808;84.7472;-11.9199;-15.4557;107
51127;92.2515;61;68.5441;115.9589;-0.9566;-46.6674;47
51131;98.2594;129;80.8661;115.6526;11.3654;-46.3611;92
51133;81.0274;133;66.5394;95.5154;-2.9613;-26.2239;115
51135;83.7389;122;68.6679;98.8099;-0.8328;-29.5184;100
51137;82.0489;193;70.3486;93.7492;0.8479;-24.4577;164
51139;74.6629;199;64.2029;85.123;-5.2978;-15.8315;185
51141;65.9725;155;55.5739;76.371;-13.9268;-7.0795;164
51143;85.0622;938;79.6037;90.5208;10.103;-21.2293;768
51145;87.4125;83;67.8885;106.9365;-1.6122;-37.645;66
51147;69.8978;93;55.6065;84.1892;-13.8942;-14.8977;91
51153;88.0892;652;80.386;95.7924;10.8853;-26.5009;547
51157;62.3268;50;44.9602;79.6934;-24.5405;-10.4019;56
51159;82.9827;63;62.1141;103.8513;-7.3866;-34.5598;56
51161;73.8575;1663;70.309;77.4061;0.8083;-8.1146;1561
51163;67.6296;255;59.2906;75.9685;-10.2101;-6.677;262
51165;55.0807;462;50.0578;60.1036;-19.4429;9.1879;585
51167;76.8597;270;67.6876;86.0319;-1.8131;-16.7404;240
51169;76.7229;268;67.5097;85.936;-1.991;-16.6445;244
51171;70.7724;299;62.7201;78.8247;-6.7806;-9.5332;291
51173;88.1066;381;79.237;96.9762;9.7363;-27.6847;298
51175;89.4315;152;75.1239;103.7391;5.6232;-34.4476;118
51177;84.8612;640;78.1629;91.5595;8.6622;-22.268;531
51181;67.6513;31;41.208;94.0946;-28.2927;-24.8031;31
51183;83.8529;57;61.9319;105.7739;-7.5688;-36.4824;47
51185;85.8477;465;77.9869;93.7085;8.4862;-24.417;373
51187;83.186;227;72.2423;94.1297;2.7416;-24.8382;189
51191;79.1903;639;73.0441;85.3364;3.5434;-16.0449;561
51193;90.6597;163;75.9478;105.3716;6.4471;-36.0801;127
51195;96.3186;498;87.828;104.8093;18.3273;-35.5178;356
51197;76.101;239;66.4369;85.7652;-3.0638;-16.4737;217
51550;91.6804;4331;88.9004;94.4604;19.3997;-25.1689;3345
51800;82.0355;271;72.1499;91.9212;2.6492;-22.6297;229
53001;62.125;92;49.3713;74.8788;-20.1294;-5.5873;105
53003;66.5876;160;56.0623;77.1129;-13.4384;-7.8214;168
53005;64.9251;629;59.7806;70.0696;-9.7201;-0.7781;694
53007;74.096;520;67.6854;80.5066;-1.8153;-11.2151;485
53009;66.4165;552;60.7421;72.0909;-8.7586;-2.7994;579
53011;74.3525;1535;70.6282;78.0769;1.1275;-8.7854;1436
53013;43.3682;33;27.5641;59.1723;-41.9366;10.1192;51
53015;70.4527;674;65.1342;75.7712;-4.3665;-6.4797;666
53017;65.838;187;56.3465;75.3294;-13.1542;-6.0379;201
53019;50.8607;29;30.628;71.0933;-38.8727;-1.8018;40
53021;65.168;212;56.2799;74.056;-13.2208;-4.7645;231
53023;66.1973;31;41.8629;90.5318;-27.6378;-21.2403;32
53025;58.9101;364;52.8318;64.9884;-16.6689;4.3031;431
53027;73.5169;659;67.8679;79.1658;-1.6328;-9.8743;625
53029;66.8523;397;60.1149;73.5896;-9.3858;-4.2981;419
53031;64.2756;203;54.8379;73.7133;-14.6628;-4.4218;218
53033;64.5397;8444;63.1618;65.9176;-6.3389;3.3739;9131
53035;70.3141;1164;66.2719;74.3562;-3.2288;-5.0647;1154
53037;58.4094;188;50.0248;66.7939;-19.4759;2.4976;218
53039;67.7249;146;56.6998;78.7499;-12.8009;-9.4584;147
53041;67.1119;540;61.4065;72.8173;-8.0942;-3.5258;557
53043;49.0141;86;38.0403;59.9878;-31.4604;9.3037;120
53045;69.5654;354;62.1895;76.9413;-7.3112;-7.6498;360
53047;73.3541;310;65.113;81.5951;-4.3877;-12.3036;291
53049;77.1656;260;67.431;86.9002;-2.0697;-17.6087;233
53051;75.8654;96;60.5826;91.1482;-8.9181;-21.8567;87
53053;72.9934;3632;70.6199;75.3668;1.1192;-6.0753;3459
53055;34.4806;57;24.4251;44.536;-45.0756;24.7555;114
53057;64.133;632;59.0878;69.1782;-10.4129;0.1133;690
53059;63.5354;57;46.8148;80.256;-22.6859;-10.9645;64
53061;67.6431;2411;64.9356;70.3505;-4.5651;-1.059;2490
53063;66.9581;2693;64.4271;69.4892;-5.0736;-0.1977;2783
53065;58.3478;204;50.2896;66.406;-19.2111;2.8855;243
53067;69.2606;980;64.9239;73.5972;-4.5768;-4.3057;992
53069;55.2589;31;34.7864;75.7315;-34.7143;-6.44;42
53071;55.4145;360;49.6364;61.1927;-19.8643;8.0988;452
53073;58.5774;759;54.3958;62.7591;-15.1049;6.5324;894
53075;46.2695;167;39.1397;53.3994;-30.361;15.8921;246
53077;72.1126;1539;68.4998;75.7255;-1.0009;-6.434;1476
54001;75.0859;169;63.5394;86.6323;-5.9613;-17.3408;159
54003;82.6628;503;75.4056;89.92;5.9049;-20.6285;418
54005;100.4189;329;89.5436;111.2941;20.0429;-42.0026;225
54007;64.832;134;53.6941;75.9699;-15.8066;-6.6784;149
54009;81.1994;307;72.0875;90.3114;2.5868;-21.0199;263
54011;94.5238;1237;89.2537;99.7939;19.753;-30.5024;906
54013;81.6532;99;65.2267;98.0796;-4.274;-28.7881;87
54015;83.3208;114;67.9294;98.7123;-1.5713;-29.4208;96
54017;65.7511;74;50.3499;81.1522;-19.1508;-11.8607;80
54019;100.5805;682;92.9949;108.1661;23.4942;-38.8746;470
54021;57.9007;68;43.6989;72.1026;-25.8018;-2.8111;82
54023;43.3799;59;32.1219;54.6379;-37.3788;14.6536;94
54025;81.7795;403;73.7417;89.8173;4.241;-20.5258;346
54027;83.214;171;70.6413;95.7866;1.1406;-26.4951;144
54029;78.2963;391;70.5059;86.0867;1.0052;-16.7952;347
54031;45.8235;70;34.8824;56.7646;-34.6183;12.5269;106
54033;79.2364;836;73.8458;84.6269;4.3451;-15.3354;734
54035;69.3896;218;60.1253;78.654;-9.3754;-9.3625;218
54037;89.9852;293;79.6148;100.3557;10.1141;-31.0642;224
54039;90.7754;2440;87.1641;94.3867;17.6634;-25.0952;1867
54041;65.1502;178;55.4762;74.8241;-14.0245;-5.5326;191
54043;90.5551;248;79.279;101.8313;9.7783;-32.5398;190
54045;113.0162;571;103.686;122.3465;34.1853;-53.055;352
54047;88.3247;382;79.4005;97.2488;9.8998;-27.9573;295
54049;73.5204;633;67.7627;79.278;-1.738;-9.9865;595
54051;82.0346;425;74.2255;89.8436;4.7248;-20.5521;356
54053;82.3572;276;72.6391;92.0753;3.1384;-22.7838;232
54055;77.1069;645;71.1388;83.0751;1.6381;-13.7836;577
54057;74.7169;251;65.4459;83.9879;-4.0548;-14.6964;230
54059;103.1949;369;92.6311;113.7588;23.1304;-44.4673;245
54061;72.657;512;66.3664;78.9476;-3.1343;-9.6561;486
54063;67.6288;126;55.7454;79.5121;-13.7553;-10.2206;130
54065;89.2982;141;74.4491;104.1474;4.9484;-34.8559;111
54067;66.7917;229;58.1279;75.4554;-11.3728;-6.1639;237
54069;83.7207;685;77.4072;90.0343;7.9065;-20.7428;565
54071;35.2764;44;23.9532;46.5996;-45.5475;22.6919;88
54073;70.5864;67;53.665;87.5078;-15.8357;-18.2163;66
54075;60.6129;94;48.1493;73.0764;-21.3514;-3.7849;110
54077;65.9053;257;57.8241;73.9866;-11.6766;-4.6951;272
54079;77.6953;332;69.2969;86.0937;-0.2038;-16.8022;296
54081;79.0229;739;73.3113;84.7345;3.8106;-15.443;645
54083;69.687;262;61.1862;78.1878;-8.3145;-8.8963;264
54085;73.6135;120;60.0922;87.1347;-9.4085;-17.8432;121
54087;79.301;186;67.8261;90.7758;-1.6746;-21.4843;162
54089;83.3404;175;70.8555;95.8253;1.3548;-26.5338;146
54091;89.2969;191;76.5885;102.0052;7.0878;-32.7137;149
54093;60.0575;74;45.7243;74.3907;-23.7764;-5.0992;85
54095;61.1704;92;48.5765;73.7643;-20.9242;-4.4728;105
54097;65.378;187;55.9244;74.8316;-13.5763;-5.5401;202
54099;80.339;431;72.7547;87.9233;3.254;-18.6318;372
54101;87.2021;139;72.5112;101.893;3.0105;-32.6015;113
54103;74.5118;204;64.2748;84.7487;-5.2259;-15.4572;191
54105;83.9832;61;62.2205;105.7459;-7.2802;-36.4544;50
54107;83.121;909;77.7212;88.5209;8.2205;-19.2294;758
54109;83.3144;266;73.0788;93.5501;3.5781;-24.2586;220
55001;53.7938;148;44.7494;62.8382;-24.7513;6.4533;190
55003;58.7718;149;48.9303;68.6132;-20.5704;0.6783;177
55005;52.4758;322;46.5216;58.4301;-22.9791;10.8614;426
55007;46.0523;114;36.8732;55.2314;-32.6275;14.0601;168
55009;53.7127;952;50.3008;57.1245;-19.1999;12.167;1233
55011;37.9822;89;29.1543;46.8101;-40.3464;22.4814;159
55013;57.1805;136;47.1314;67.2296;-22.3693;2.0619;167
55015;42.7326;151;35.8936;49.5716;-33.6071;19.7199;245
55017;46.3399;314;41.1704;51.5095;-28.3303;17.782;478
55019;45.2392;245;39.3335;51.1449;-30.1672;18.1466;357
55021;55.6963;354;49.8452;61.5474;-19.6555;7.7441;439
55023;51.7494;131;42.6995;60.7993;-26.8012;8.4922;178
55025;54.1909;1576;51.5125;56.8693;-17.9882;12.4222;2022
55027;44.6562;454;40.5132;48.7991;-28.9875;20.4924;703
55029;53.3531;208;45.8696;60.8365;-23.6311;8.455;274
55031;68.1021;419;61.5449;74.6592;-7.9558;-5.3677;423
55033;36.9536;152;30.9865;42.9207;-38.5142;26.3708;287
55035;53.5023;472;48.6663;58.3383;-20.8344;10.9532;609
55037;53.6402;41;36.1589;71.1216;-33.3418;-1.8301;51
55039;53.4293;576;49.0569;57.8018;-20.4438;11.4897;752
55041;60.8623;93;47.8661;73.8585;-21.6346;-4.567;108
55043;49.9737;322;44.4506;55.4968;-25.0501;13.7947;442
55045;50.2538;211;43.3978;57.1098;-26.1029;12.1817;288
55047;46.2071;144;38.3686;54.0455;-31.1321;15.246;215
55049;50.101;136;41.5151;58.6869;-27.9856;10.6046;190
55051;63.939;90;49.3309;78.5471;-20.1698;-9.2556;97
55053;60.35;164;50.9089;69.791;-18.5918;-0.4995;189
55055;51.5796;430;46.6943;56.465;-22.8064;12.8265;575
55057;54.8976;188;46.8993;62.8959;-22.6014;6.3956;237
55059;72.6052;1032;68.1788;77.0315;-1.3219;-7.74;984
55061;45.5274;128;37.4579;53.5969;-32.0428;15.6946;194
55063;57.8314;611;53.2321;62.4308;-16.2686;6.8607;729
55065;47.9249;115;39.0904;56.7594;-30.4103;12.5321;165
55067;54.7893;182;46.7053;62.8733;-22.7954;6.4182;221
55069;54.0037;217;46.7333;61.2741;-22.7674;8.0174;281
55071;47.1722;538;43.1624;51.1819;-26.3383;18.1096;786
55073;48.6511;637;44.8688;52.4334;-24.6319;16.8581;908
55075;53.9659;340;48.1251;59.8068;-21.3756;9.4847;437
55077;53.1929;123;43.37;63.0158;-26.1307;6.2757;161
55078;47.9521;508;43.7;52.2042;-25.8007;17.0873;740
55079;66.1392;7142;64.6036;67.6747;-4.8971;1.6168;7448
55081;49.1794;259;43.1501;55.2086;-26.3506;14.0829;365
55085;63.524;320;56.411;70.637;-13.0897;-1.3455;351
55087;54.1521;737;50.2426;58.0617;-19.2581;11.2298;947
55089;51.4094;368;46.1222;56.6966;-23.3785;12.5949;507
55091;45.1016;53;32.2674;57.9358;-37.2333;11.3557;83
55093;41.4676;141;34.5158;48.4195;-34.9849;20.872;238
55095;45.8637;231;39.8108;51.9165;-29.6899;17.375;356
55097;42.3131;256;37.1151;47.5111;-32.3856;21.7804;418
55099;51.1754;151;42.7973;59.5536;-26.7034;9.7379;202
55101;59.6453;1096;56.1169;63.1737;-13.3838;6.1178;1271
55103;61.8507;163;52.1888;71.5126;-17.3119;-2.2211;188
55105;69.1621;1061;65.0039;73.3202;-4.4968;-4.0287;1064
55107;46.5647;120;38.0809;55.0485;-31.4198;14.243;174
55109;51.7293;245;45.2054;58.2532;-24.2953;11.0383;328
55111;49.8213;323;44.3122;55.3305;-25.1885;13.961;448
55113;67.9949;164;57.0818;78.908;-12.4189;-9.6165;167
55117;44.3279;597;40.7592;47.8966;-28.7415;21.3949;927
55119;40.5994;117;33.0632;48.1356;-36.4375;21.1559;195
55121;41.2541;177;34.9714;47.5368;-34.5293;21.7547;300
55123;44.7146;199;38.3532;51.0759;-31.1475;18.2156;306
55125;64.7591;215;55.635;73.8832;-13.8657;-4.5917;233
55127;55.4168;508;50.568;60.2656;-18.9327;9.0259;630
55129;71.9415;169;60.7897;83.0933;-8.711;-13.8018;166
55131;47.6327;409;43.003;52.2625;-26.4977;17.029;601
55133;54.9075;1485;52.0748;57.7401;-17.4259;11.5514;1905
55135;58.2744;433;52.6123;63.9365;-16.8884;5.355;506
55137;53.7677;181;45.6634;61.872;-23.8373;7.4195;235
55139;57.6263;904;53.8703;61.3824;-15.6304;7.9091;1084
55141;48.4228;437;43.8687;52.9768;-25.632;16.3147;627
56001;51.6456;116;42.2253;61.066;-27.2754;8.2255;157
56003;40.4363;73;30.514;50.3586;-38.9867;18.9329;122
56005;57.1765;80;43.7525;70.6004;-25.7482;-1.3089;96
56007;66.7959;126;55.0985;78.4933;-14.4022;-9.2018;130
56009;58.5142;61;43.7308;73.2977;-25.7699;-4.0062;70
56011;50.8378;31;31.3596;70.316;-38.1411;-1.0245;45
56013;60.2098;197;51.7339;68.6858;-17.7668;0.6057;231
56015;52.427;94;41.6032;63.2508;-27.8975;6.0407;124
56017;59.82;55;42.3661;77.2739;-27.1346;-7.9824;61
56019;57.0253;58;41.6705;72.3801;-27.8302;-3.0886;68
56021;54.7946;375;49.2272;60.362;-20.2735;8.9295;479
56023;28.5159;35;18.8004;38.2313;-50.7003;31.0602;92
56025;60.7869;366;54.4565;67.1172;-15.0442;2.1743;422
56027;50.2065;24;29.6093;70.8038;-39.8914;-1.5123;33
56029;53.9684;140;45.0204;62.9164;-24.4803;6.3751;184
56031;57.6421;68;43.7936;71.4906;-25.7071;-2.1991;81
56033;58.3343;192;50.0001;66.6685;-19.5006;2.623;223
56035;57.8942;31;36.0253;79.763;-33.4754;-10.4715;38
56037;50.0705;145;41.7939;58.3471;-27.7068;10.9444;202
56039;34.7898;27;19.767;49.8126;-49.7337;19.4789;53
56041;25.418;32;14.0778;36.7583;-55.4229;32.5332;83
56043;56.7613;62;42.4655;71.0571;-27.0352;-1.7656;76
56045;68.2136;56;49.8253;86.6018;-19.6754;-17.3103;56
