01001;22.9774;70;17.5579;28.3969;-6.424;-4.5252;76
01003;28.2238;360;25.2564;31.1912;1.2745;-7.3195;314
01005;14.0073;36;8.849;19.1655;-15.1329;4.7062;63
01007;18.5414;36;12.34;24.7428;-11.6419;-0.8711;48
01009;16.5125;90;12.8965;20.1286;-11.0854;3.7431;135
01011;21.1384;15;9.5048;32.772;-14.4771;-8.9003;17
01013;13.9886;39;9.3192;18.6581;-14.6627;5.2136;70
01015;22.8264;321;20.304;25.3489;-3.6779;-1.4772;345
01017;18.6357;93;14.669;22.6025;-9.3129;1.2692;127
01019;21.4218;62;16.0249;26.8186;-7.957;-2.9469;72
01021;13.5034;61;9.9334;17.0734;-14.0485;6.7983;110
01023;15.6056;25;8.864;22.3471;-15.1179;1.5246;38
01025;12.5496;35;7.85;17.2492;-16.1319;6.6225;65
01027;13.9571;29;8.1859;19.7284;-15.796;4.1433;53
01029;13.3853;25;7.2289;19.5416;-16.753;4.3301;46
01031;16.2813;82;12.6828;19.8798;-11.2991;3.9919;123
01033;18.9963;139;15.8067;22.1858;-8.1752;1.6859;175
01035;9.9379;22;4.8008;15.075;-19.1811;8.7967;44
01037;21.832;31;13.8454;29.8187;-10.1365;-5.947;33
01039;15.0796;98;11.9657;18.1936;-12.0162;5.6781;157
01041;19.4888;38;12.8959;26.0816;-11.086;-2.2099;52
01043;18.6154;188;15.9015;21.3292;-8.0804;2.5425;254
01045;20.821;92;16.5139;25.128;-7.468;-1.2563;109
01047;21.0941;88;16.5261;25.6622;-7.4558;-1.7905;100
01049;15.1263;129;12.4446;17.8081;-11.5373;6.0636;215
01051;23.0457;122;18.8863;27.2052;-5.0956;-3.3335;131
01053;21.8506;93;17.2948;26.4064;-6.6871;-2.5347;104
01055;20.8485;328;18.547;23.15;-5.4349;0.7217;384
01057;12.9195;34;8.3964;17.4425;-15.5855;6.4292;70
01059;14.5739;69;11.0079;18.1399;-12.974;5.7318;114
01061;15.217;58;10.8902;19.5438;-13.0917;4.3279;94
01063;17.1553;8;3.6112;30.6994;-20.3707;-6.8277;13
01065;28.1176;33;17.7203;38.5149;-6.2616;-14.6432;30
01067;21.6396;41;14.6812;28.5981;-9.3007;-4.7264;46
01069;19.8317;175;16.8452;22.8182;-7.1367;1.0535;219
01071;19.4557;129;16.0572;22.8542;-7.9247;1.0175;163
01073;25.1786;1947;24.0388;26.3184;0.0569;-2.4467;1828
01075;14.1849;35;9.0855;19.2843;-14.8964;4.5874;62
01077;17.4259;194;14.94;19.9119;-9.0419;3.9598;278
01079;18.2123;67;13.7724;22.6522;-10.2095;1.2195;88
01081;21.0069;124;17.2756;24.7382;-6.7063;-0.8665;146
01083;20.2141;125;16.615;23.8132;-7.3669;0.0585;148
01085;24.372;16;11.2499;37.494;-12.732;-13.6223;15
01087;19.8348;17;8.5108;31.1587;-15.4711;-7.287;18
01089;24.4213;507;22.2888;26.5538;-1.6931;-2.6821;524
01091;24.5167;50;17.0088;32.0245;-6.9731;-8.1528;48
01093;15.8978;76;12.2253;19.5704;-11.7566;4.3013;119
01095;18.931;203;16.2845;21.5774;-7.6974;2.2943;266
01097;31.1862;1146;29.3644;33.0079;5.3825;-9.1362;898
01099;18.632;44;12.5985;24.6654;-11.3834;-0.7937;55
01101;26.2128;512;23.9053;28.5204;-0.0766;-4.6487;470
01103;18.3968;220;15.9483;20.8452;-8.0336;3.0265;295
01105;14.1965;16;5.6672;22.7257;-18.3147;1.146;26
01107;16.1281;40;10.8866;21.3696;-13.0953;2.5021;59
01109;13.801;42;9.3356;18.2663;-14.6463;5.6054;75
01111;16.2509;48;11.3935;21.1083;-12.5884;2.7634;73
01113;26.4526;122;21.715;31.1901;-2.2669;-7.3184;111
01115;21.5251;118;17.5961;25.454;-6.3858;-1.5823;139
01117;22.1126;161;18.6571;25.568;-5.3248;-1.6963;187
01119;21.3142;21;10.8963;31.7322;-13.0856;-7.8605;23
01121;17.0185;148;14.2231;19.8139;-9.7588;4.0578;208
01123;16.7474;92;13.1973;20.2974;-10.7846;3.5743;134
01125;21.3827;305;18.9524;23.813;-5.0295;0.0587;347
01127;19.479;201;16.7305;22.2274;-7.2514;1.6443;251
01129;12.7318;21;6.3237;19.1399;-17.6582;4.7318;39
01131;23.7407;24;13.0493;34.432;-10.9326;-10.5603;24
01133;12.9465;43;8.9938;16.8993;-14.9881;6.9724;82
02999;35.4436;689;32.6026;38.2845;8.6207;-14.4128;546
04001;9.5547;12;3.275;15.8345;-20.7069;8.0372;31
04003;20.8388;245;18.2076;23.47;-5.7743;0.4017;292
04005;19.9635;88;15.7189;24.208;-8.263;-0.3363;116
04007;23.6749;150;19.811;27.5389;-4.1709;-3.6672;155
04009;18.0272;52;12.9941;23.0604;-10.9878;0.8113;71
04011;18.0172;20;8.7926;27.2418;-15.1893;-3.3701;26
04013;26.219;6174;25.5516;26.8864;1.5697;-3.0147;5959
04015;33.2409;426;29.9927;36.489;6.0108;-12.6173;351
04017;23.5074;94;18.7284;28.2863;-5.2535;-4.4146;100
04019;25.6036;2138;24.4955;26.7118;0.5136;-2.8401;2060
04021;24.4565;295;21.6165;27.2965;-2.3654;-3.4248;318
04023;14.387;45;10.1591;18.6149;-13.8228;5.2568;76
04025;25.1652;461;22.7349;27.5954;-1.247;-3.7237;472
04027;25.1972;319;22.373;28.0213;-1.6089;-4.1496;332
05001;23.8079;81;18.4324;29.1834;-5.5495;-5.3117;80
05003;23.8103;70;18.1085;29.5121;-5.8734;-5.6404;72
05005;22.5545;172;18.844;26.2649;-5.1379;-2.3932;188
05007;19.1417;290;16.8461;21.4373;-7.1358;2.4344;382
05009;16.6174;85;12.8647;20.3701;-11.1172;3.5016;122
05011;17.2273;35;10.8949;23.5597;-13.087;0.312;48
05013;25.1288;23;13.8006;36.4569;-10.1813;-12.5852;20
05015;20.5035;66;15.3;25.707;-8.6819;-1.8353;85
05017;26.0081;33;16.7672;35.2491;-7.2147;-11.3774;34
05019;20.2356;64;14.9493;25.5219;-9.0326;-1.6502;74
05021;15.518;68;11.6157;19.4202;-12.3662;4.4515;99
05023;21.0246;73;16.0194;26.0299;-7.9625;-2.1582;91
05025;17.1505;22;9.0241;25.277;-14.9578;-1.4053;28
05027;16.7739;55;11.6727;21.8752;-12.3092;1.9965;83
05029;17.7431;52;12.7073;22.779;-11.2746;1.0927;69
05031;22.1553;198;19.0155;25.2951;-4.9664;-1.4234;220
05033;24.9791;132;20.6307;29.3275;-3.3512;-5.4558;131
05035;35.1833;122;28.9261;41.4406;4.9442;-17.5689;86
05037;22.925;54;16.632;29.218;-7.3499;-5.3463;57
05039;23.4328;31;14.5191;32.3465;-9.4628;-8.4748;32
05041;27.5193;46;19.304;35.7347;-4.6779;-11.863;41
05043;23.022;49;16.3465;29.6974;-7.6354;-5.8257;49
05045;20.8059;128;17.1456;24.4663;-6.8363;-0.5946;152
05047;22.9506;56;16.6357;29.2654;-7.3462;-5.3937;62
05049;20.7924;44;14.086;27.4987;-9.8959;-3.627;50
05051;27.027;386;24.1593;29.8946;0.1774;-6.0229;359
05053;23.2873;46;16.2922;30.2823;-7.6897;-6.4106;47
05055;17.7901;94;14.0591;21.5211;-9.9228;2.3506;129
05057;22.4566;69;16.8833;28.0298;-7.0986;-4.1581;74
05059;25.9159;107;20.8738;30.958;-3.1081;-7.0863;100
05061;21.7692;45;14.7904;28.748;-9.1915;-4.8763;51
05063;19.1429;92;15.0979;23.1878;-8.884;0.6839;119
05065;15.983;41;10.5951;21.3708;-13.3868;2.5009;65
05067;25.071;79;19.3798;30.7622;-4.6021;-6.8905;78
05069;25.2396;216;21.8236;28.6556;-2.1583;-4.7839;200
05071;19.9345;67;14.7838;25.0853;-9.1981;-1.2136;80
05073;23.8653;29;13.7058;34.0247;-10.2761;-10.153;30
05075;21.1419;72;15.9384;26.3454;-8.0435;-2.4737;83
05077;24.4028;29;15.2734;33.5322;-8.7085;-9.6605;27
05079;21.3759;26;12.859;29.8927;-11.1229;-6.021;31
05081;29.7504;48;21.0923;38.4086;-2.8896;-14.5369;40
05083;17.8295;69;13.2301;22.429;-10.7518;1.4427;89
05085;20.8463;93;16.5322;25.1605;-7.4497;-1.2888;109
05087;17.7704;36;11.5889;23.9518;-12.393;-0.0801;48
05089;24.1533;56;17.4346;30.8721;-6.5473;-7.0004;61
05091;24.1375;127;19.8379;28.437;-4.144;-4.5653;120
05093;26.8283;168;22.7088;30.9479;-1.2731;-7.0762;148
05095;34.4559;53;24.7171;44.1948;0.7352;-20.3231;36
05097;16.3989;26;9.2955;23.5022;-14.6864;0.3695;37
05099;16.064;26;9.1498;22.9782;-14.8321;0.8935;38
05101;16.6163;20;9.0323;24.2004;-14.9496;-0.3287;29
05103;23.6954;93;18.3909;28.9999;-5.591;-5.1282;94
05105;22.3243;28;13.766;30.8827;-10.2159;-7.011;32
05107;27.3345;75;20.9665;33.7025;-3.0154;-9.8308;63
05109;20.6707;36;13.2543;28.0872;-10.7276;-4.2155;44
05111;26.7065;106;21.4531;31.96;-2.5288;-8.0883;95
05113;20.0954;65;14.8525;25.3382;-9.1294;-1.4665;81
05115;19.1072;109;15.4097;22.8047;-8.5722;1.067;143
05117;23.1208;39;15.2443;30.9972;-8.7376;-7.1255;37
05119;28.4005;1098;26.6963;30.1047;2.7144;-6.233;924
05121;23.9376;71;18.1496;29.7256;-5.8323;-5.8539;72
05123;24.0953;61;17.9217;30.269;-6.0602;-6.3973;61
05125;26.1627;188;22.402;29.9234;-1.5799;-6.0517;180
05127;26.6492;45;18.5558;34.7426;-5.4261;-10.8709;43
05129;17.7194;31;11.0128;24.4261;-12.9691;-0.5544;39
05131;26.4161;380;23.6712;29.1611;-0.3107;-5.2894;354
05133;23.7208;56;17.2401;30.2015;-6.7418;-6.3298;55
05135;18.3473;57;13.0639;23.6308;-10.918;0.2409;83
05137;26.0434;46;17.6284;34.4584;-6.3535;-10.5867;40
05139;25.6757;181;21.7626;29.5889;-2.2193;-5.7172;164
05141;15.1299;42;10.0926;20.1671;-13.8893;3.7046;71
05143;19.8414;266;17.4014;22.2814;-6.5805;1.5903;332
05145;21.7471;177;18.4129;25.0812;-5.569;-1.2095;197
05147;20.6783;28;12.5696;28.787;-11.4123;-4.9153;32
05149;18.2664;52;13.0583;23.4746;-10.9236;0.3971;75
06001;30.4929;3817;29.5047;31.481;5.5228;-7.6093;2926
06003;8.8562;1;0;48.0908;-23.9819;-24.2191;2
06005;33.553;134;27.6481;39.4579;3.6662;-15.5862;105
06007;31.2489;826;29.0092;33.4885;5.0273;-9.6168;659
06009;32.6259;144;27.1456;38.1062;3.1637;-14.2345;115
06011;32.5051;67;24.4472;40.5629;0.4653;-16.6912;50
06013;29.8447;2485;28.6631;31.0263;4.6812;-7.1546;2043
06015;40.8484;110;33.039;48.6578;9.0571;-24.7861;67
06017;30.248;378;27.1819;33.3141;3.2;-9.4424;325
06019;22.3584;1475;21.1993;23.5176;-2.7826;0.3541;1600
06021;28.3422;96;22.4733;34.2111;-1.5086;-10.3394;83
06023;30.3063;434;27.4141;33.1985;3.4322;-9.3268;349
06025;22.7;242;19.8336;25.5664;-4.1483;-1.6947;265
06027;28.5507;93;22.3945;34.707;-1.5874;-10.8353;76
06029;29.3478;1494;27.8513;30.8442;3.8694;-6.9725;1254
06031;22.0606;175;18.7668;25.3544;-5.2151;-1.4827;196
06033;35.8335;316;31.6047;40.0623;7.6228;-16.1906;228
06035;31.3105;83;24.5236;38.0974;0.5417;-14.2257;66
06037;26.052;23755;25.7156;26.3884;1.7337;-2.5167;20986
06039;21.6178;195;18.5437;24.6919;-5.4382;-0.8202;230
06041;31.5488;981;29.5529;33.5447;5.571;-9.673;752
06043;29.1957;62;21.4228;36.9686;-2.5591;-13.0969;52
06045;32.0747;322;28.5119;35.6375;4.53;-11.7658;250
06047;27.9148;428;25.2562;30.5734;1.2743;-6.7017;379
06049;20.9908;32;12.6208;29.3607;-11.3611;-5.489;36
06051;42.0868;24;22.9683;61.2054;-1.0136;-37.3337;16
06053;28.5102;962;26.681;30.3393;2.6991;-6.4676;812
06055;28.1473;489;25.5556;30.7391;1.5737;-6.8674;418
06057;29.1183;328;25.856;32.3805;1.8741;-8.5088;285
06059;28.4935;6742;27.8055;29.1815;3.8236;-5.3098;5788
06061;30.563;570;28.0186;33.1075;4.0367;-9.2358;466
06063;30.9117;86;24.2853;37.538;0.3034;-13.6663;70
06065;28.7607;3534;27.7722;29.7492;3.7903;-5.8775;3092
06067;33.5268;3337;32.38;34.6736;8.3981;-10.8019;2471
06069;21.7502;74;16.7342;26.7662;-7.2477;-2.8945;84
06071;27.7898;3305;26.8293;28.7503;2.8474;-4.8786;2924
06073;30.3201;7616;29.6251;31.0151;5.6432;-7.1434;6123
06075;26.586;2504;25.465;27.707;1.4831;-3.8353;2044
06077;28.0248;1334;26.4957;29.5538;2.5138;-5.6821;1163
06079;30.0743;782;27.8819;32.2668;3.9;-8.3951;652
06081;28.7725;2346;27.5962;29.9487;3.6143;-6.077;1935
06083;25.4024;1159;23.8944;26.9104;-0.0875;-3.0387;1084
06085;25.6499;3516;24.7956;26.5042;0.8137;-2.6325;3327
06087;26.4889;760;24.5134;28.4644;0.5315;-4.5927;675
06089;37.489;657;34.5906;40.3874;10.6087;-16.5157;452
06091;23.9553;13;8.267;39.6435;-15.7149;-15.7718;13
06093;28.6995;181;24.42;32.979;0.4381;-9.1073;156
06095;35.8414;833;33.3903;38.2924;9.4084;-14.4207;575
06097;31.7662;1577;30.1366;33.3958;6.1547;-9.5241;1216
06099;28.2197;1077;26.5055;29.9339;2.5236;-6.0622;951
06101;34.9009;248;30.5089;39.293;6.527;-15.4213;178
06103;35.5609;250;31.0246;40.0972;7.0427;-16.2255;178
06105;30.4919;51;21.9374;39.0464;-2.0445;-15.1747;43
06107;24.0258;789;22.3236;25.728;-1.6583;-1.8563;808
06109;31.2502;197;26.7793;35.7212;2.7974;-11.8495;162
06111;29.1575;1829;27.809;30.5059;3.8271;-6.6342;1554
06113;34.4374;440;31.1897;37.6851;7.2078;-13.8134;316
06115;37.4222;210;32.3293;42.5152;8.3474;-18.6435;140
08001;24.3212;532;22.2384;26.404;-1.7435;-2.5323;570
08003;11.2718;17;5.2733;17.2703;-18.7086;6.6014;34
08005;22.7083;671;20.9757;24.441;-3.0062;-0.5693;781
08007;8.8641;5;0;21.2547;-23.9819;2.617;14
08009;10.6543;10;2.0394;19.2693;-21.9425;4.6024;22
08011;12.7459;13;4.0222;21.4695;-19.9597;2.4022;22
08013;16.115;321;14.3139;17.916;-9.668;5.9557;486
08015;16.3811;35;10.3858;22.3763;-13.5961;1.4954;49
08017;13.7775;6;0;30.2508;-23.9819;-6.3791;9
08019;17.8574;12;6.5738;29.1409;-17.4081;-5.2692;17
08021;7.3003;8;0;15.3863;-23.9819;8.4854;25
08023;7.0807;4;0;19.5467;-23.9819;4.325;12
08025;11.6224;8;0;23.5724;-23.9819;0.2993;14
08027;10.1756;3;0;28.8798;-23.9819;-5.0081;7
08029;17.0217;79;12.9736;21.0698;-11.0083;2.8019;106
08031;18.1341;1387;17.1403;19.1278;-6.8416;4.7439;1702
08033;8.6322;2;0;29.4865;-23.9819;-5.6148;5
08035;17.3948;45;12.0916;22.6981;-11.8903;1.1736;73
08037;19.2445;14;6.7624;31.7266;-17.2195;-7.8549;22
08039;23.5469;19;12.4008;34.693;-11.5811;-10.8213;20
08041;20.3657;687;18.8331;21.8982;-5.1488;1.9735;848
08043;19.9927;117;16.032;23.9533;-7.9499;-0.0816;139
08045;19.9293;59;14.5275;25.3311;-9.4544;-1.4594;74
08047;8.1217;2;0;28.1789;-23.9819;-4.3072;6
08049;20.2961;14;7.4393;33.1529;-16.5426;-9.2812;17
08051;18.6265;14;8.6587;28.5943;-15.3232;-4.7226;18
08053;53.7271;3;0;124.395;-23.9819;-100.5233;1
08055;11.4586;15;3.3314;19.5858;-20.6505;4.2859;31
08057;24.7338;5;0;52.0185;-23.9819;-28.1468;5
08059;20.4128;788;18.9751;21.8505;-5.0068;2.0212;998
08061;6.3364;3;0;23.4419;-23.9819;0.4298;8
08063;16.5614;19;8.6449;24.4779;-15.337;-0.6062;29
08065;10.7226;6;0;22.4942;-23.9819;1.3775;14
08067;15.2294;53;11.0506;19.4081;-12.9313;4.4636;84
08069;15.6652;285;13.8095;17.521;-10.1724;6.3507;447
08071;10.0545;31;5.4265;14.6826;-18.5554;9.1891;68
08073;17.7914;16;7.441;28.1417;-16.5409;-4.27;22
08075;14.6994;46;10.2079;19.191;-13.774;4.6807;72
08077;21.712;269;19.0478;24.3761;-4.9341;-0.5044;312
08079;30.485;3;0;73.0561;-23.9819;-49.1844;2
08081;26.5335;28;16.3519;36.715;-7.63;-12.8433;26
08083;14.0339;33;9.0692;18.9986;-14.9127;4.8731;58
08085;17.0226;66;12.4715;21.5737;-11.5104;2.298;92
08087;17.4594;60;12.8581;22.0607;-11.1238;1.811;83
08089;17.2598;67;12.8633;21.6562;-11.1186;2.2155;89
08091;10.1587;3;0;27.9414;-23.9819;-4.0697;8
08093;13.5909;8;0;27.9424;-23.9819;-4.0707;14
08095;6.2998;6;0;15.4842;-23.9819;8.3875;22
08097;10.5187;6;0;23.5048;-23.9819;0.3669;17
08099;16.6915;35;10.5126;22.8704;-13.4693;1.0013;47
08101;19.086;375;17.1178;21.0541;-6.8641;2.8176;464
08103;15.1182;10;3.8806;26.3557;-20.1013;-2.484;16
08105;11.8006;19;5.5132;18.0881;-18.4687;5.7836;38
08107;25.3451;25;14.8176;35.8726;-9.1643;-12.0009;23
08109;20.0061;12;8.2675;31.7446;-15.7144;-7.8729;14
08111;28.0956;2;0;81.1253;-23.9819;-57.2536;1
08113;18.3713;4;0;41.9189;-23.9819;-18.0472;5
08115;11.9196;9;0.2293;23.6099;-23.7526;0.2618;15
08117;19.8174;4;0;50.2365;-23.9819;-26.3648;11
08119;25.8588;24;15.1149;36.6027;-8.867;-12.731;25
08121;8.1451;8;0;18.3431;-23.9819;5.5286;21
08123;15.8894;231;13.8016;17.9771;-10.1803;5.8946;351
08125;14.0399;22;7.2798;20.8001;-16.7021;3.0716;39
09001;24.1555;3045;23.2861;25.0248;-0.6958;-1.1531;2980
09003;23.3578;3000;22.5048;24.2108;-1.4771;-0.3391;3060
09005;22.2169;588;20.3806;24.0531;-3.6013;-0.1814;642
09007;25.9702;531;23.7116;28.2288;-0.2703;-4.3571;491
09009;23.1018;2917;22.239;23.9647;-1.7429;-0.093;2978
09011;27.3888;922;25.5936;29.1839;1.6117;-5.3122;804
09013;22.9677;297;20.3352;25.6001;-3.6467;-1.7284;315
09015;23.88;341;21.2765;26.4835;-2.7054;-2.6118;346
10001;25.3783;266;22.2942;28.4623;-1.6877;-4.5906;263
10003;28.3728;1457;26.905;29.8407;2.9231;-5.969;1235
10005;27.1795;454;24.6113;29.7476;0.6294;-5.8759;401
11001;21.9853;865;20.4131;23.5576;-3.5688;0.3141;813
12001;26.3926;348;23.5891;29.1961;-0.3928;-5.3244;333
12003;30.5013;46;21.6289;39.3737;-2.353;-15.502;37
12005;34.0272;451;30.8777;37.1766;6.8958;-13.3049;338
12007;30.6547;73;23.5355;37.7739;-0.4464;-13.9022;60
12009;34.6887;1756;33.0442;36.3331;9.0623;-12.4614;1323
12011;29.8285;6728;29.0426;30.6143;5.0607;-6.7426;5565
12013;24.0434;34;15.2615;32.8253;-8.7204;-8.9536;35
12015;29.1779;668;26.558;31.7977;2.5761;-7.926;632
12017;31.0939;574;28.2358;33.9519;4.2539;-10.0802;506
12019;36.5032;288;32.2522;40.7542;8.2703;-16.8825;209
12021;29.4688;663;27.0914;31.8461;3.1095;-7.9744;603
12023;25.3251;112;20.6033;30.0469;-3.3786;-6.1752;110
12025;21.1212;6113;20.57;21.6725;-3.4119;2.1992;6669
12027;26.907;89;20.9779;32.8361;-3.004;-8.9644;86
12029;42.4406;52;30.7694;54.1119;6.7875;-30.2402;31
12031;35.5203;2291;34.0549;36.9857;10.073;-13.114;1570
12033;33.8113;912;31.6098;36.0129;7.6279;-12.1412;673
12035;27.865;107;22.2193;33.5107;-1.7626;-9.639;109
12037;36.7473;46;25.6924;47.8022;1.7105;-23.9305;33
12039;21.7792;71;16.4592;27.0992;-7.5227;-3.2275;79
12041;35.817;37;23.6842;47.9498;-0.2977;-24.0781;28
12043;33.7496;34;21.5669;45.9323;-2.415;-22.0606;26
12045;36.7431;55;26.7682;46.7181;2.7863;-22.8464;37
12047;30.6288;29;18.7407;42.5168;-5.2412;-18.6451;22
12049;26.1124;65;19.5971;32.6278;-4.3848;-8.7561;65
12051;29.6396;61;21.9129;37.3664;-2.069;-13.4947;53
12053;28.3871;492;25.6026;31.1717;1.6207;-7.3;478
12055;25.9519;363;22.8259;29.0778;-1.156;-5.2061;379
12057;29.4272;2785;28.3165;30.5379;4.3346;-6.6662;2324
12059;14.1159;37;9.1103;19.1215;-14.8716;4.7502;61
12061;32.3772;497;29.2235;35.5309;5.2416;-11.6592;418
12063;21.2845;105;17.0152;25.5537;-6.9667;-1.682;123
12065;22.9943;23;12.9673;33.0213;-11.0146;-9.1496;25
12067;18.8882;11;6.2724;31.504;-17.7095;-7.6323;14
12069;27.3863;769;25.1943;29.5783;1.2124;-5.7066;757
12071;27.5759;1535;26.0744;29.0774;2.0925;-5.2057;1490
12073;30.6711;385;27.5904;33.7519;3.6085;-9.8802;319
12075;29.4519;105;23.6269;35.2769;-0.355;-11.4052;93
12077;20.3904;12;7.0794;33.7014;-16.9025;-9.8297;14
12079;27.3361;43;18.8502;35.8219;-5.1317;-11.9502;39
12081;25.8891;1118;24.098;27.6803;0.1161;-3.8086;1127
12083;32.2139;856;29.9408;34.4869;5.9589;-10.6152;728
12085;27.8378;515;25.1435;30.532;1.1616;-6.6603;483
12087;30.6884;330;27.3249;34.052;3.343;-10.1803;269
12089;35.8848;134;29.7974;41.9723;5.8155;-18.1006;97
12091;33.226;397;29.9479;36.504;5.966;-12.6323;314
12093;36.8737;121;30.1875;43.5599;6.2056;-19.6882;88
12095;30.0118;1987;28.6738;31.3498;4.6919;-7.4781;1637
12097;30.4241;356;27.105;33.7432;3.1231;-9.8715;304
12099;27.6258;4183;26.6868;28.5648;2.7049;-4.6931;3854
12101;29.1328;1723;27.4965;30.7691;3.5146;-6.8974;1641
12103;26.7326;5404;25.9054;27.5599;1.9235;-3.6882;4927
12105;25.3695;1419;23.9859;26.753;0.004;-2.8813;1447
12107;34.2189;292;30.175;38.2628;6.1931;-14.3911;220
12109;31.0213;321;27.5315;34.5111;3.5496;-10.6394;263
12111;31.8982;605;29.1453;34.6512;5.1634;-10.7795;521
12113;29.871;210;25.8232;33.9188;1.8413;-10.0471;184
12115;28.9455;1972;27.4611;30.4299;3.4792;-6.5582;1695
12117;30.4057;757;28.2274;32.584;4.2455;-8.7123;647
12119;30.9103;147;25.6031;36.2176;1.6212;-12.3459;122
12121;26.0003;92;20.5165;31.4841;-3.4654;-7.6124;91
12123;32.3152;65;24.417;40.2134;0.4351;-16.3417;49
12125;22.5571;17;11.1253;33.989;-12.8566;-10.1173;18
12127;29.38;1888;27.9217;30.8384;3.9398;-6.9667;1655
12129;24.0769;33;15.2301;32.9237;-8.7518;-9.052;34
12131;24.2458;94;19.2272;29.2644;-4.7547;-5.3927;102
12133;19.8091;49;13.9597;25.6586;-10.0222;-1.7869;62
13001;18.8192;36;12.4198;25.2186;-11.5621;-1.3469;45
13003;19.2434;14;8.4125;30.0742;-15.5694;-6.2025;17
13005;12.4933;16;5.4439;19.5426;-18.538;4.3291;31
13007;13.8325;5;0;31.1804;-23.9819;-7.3087;8
13009;16.6426;58;12.2995;20.9856;-11.6824;2.8861;84
13011;13.6485;17;6.461;20.836;-17.5209;3.0357;31
13013;18.3651;56;13.4373;23.2929;-10.5446;0.5788;79
13015;23.0804;126;19.0139;27.1468;-4.968;-3.2751;138
13017;24.7809;48;17.4928;32.069;-6.4891;-8.1973;49
13019;19.1347;34;12.456;25.8135;-11.5259;-1.9418;46
13021;22.8588;371;20.4898;25.2278;-3.4921;-1.3561;384
13023;16.8719;22;9.1754;24.5684;-14.8065;-0.6967;34
13025;24.2732;25;14.445;34.1014;-9.5369;-10.2297;26
13027;19.7866;34;12.616;26.9572;-11.3659;-3.0855;42
13029;32.815;31;20.7918;44.8382;-3.1901;-20.9665;25
13031;21.5777;79;16.6806;26.4748;-7.3013;-2.6031;92
13033;17.6152;26;10.5563;24.6741;-13.4256;-0.8024;35
13035;27.754;39;18.5389;36.9691;-5.443;-13.0974;35
13037;15.9384;8;0.3921;31.4847;-23.5898;-7.613;12
13039;36.6379;44;25.6909;47.585;1.709;-23.7133;30
13043;18.4717;19;9.5168;27.4267;-14.4651;-3.555;25
13045;18.624;134;15.4232;21.8247;-8.5587;2.047;179
13047;24.4072;121;20.0453;28.7692;-3.9366;-4.8975;125
13049;26.9124;20;14.5969;39.228;-9.385;-15.3563;19
13051;30.5133;629;28.097;32.9297;4.1151;-9.058;501
13053;32.2499;8;3.6111;60.8887;-20.3708;-37.017;5
13055;17.6997;60;12.9547;22.4447;-11.0272;1.427;85
13057;20.5918;133;17.0498;24.1338;-6.9321;-0.2621;165
13059;21.1632;137;17.5154;24.8111;-6.4665;-0.9394;156
13061;16.5016;5;0;36.1619;-23.9819;-12.2902;8
13063;33.6127;390;30.2312;36.9941;6.2493;-13.1224;299
13065;22.6905;15;10.3191;35.0618;-13.6628;-11.1901;16
13067;27.6794;842;25.7945;29.5643;1.8126;-5.6926;790
13069;13.3655;40;9.1549;17.5761;-14.827;6.2956;74
13071;21.5188;104;17.2888;25.7488;-6.6931;-1.8771;115
13073;24.0169;82;18.7437;29.2901;-5.2382;-5.4184;92
13075;16.9058;31;9.8126;23.9991;-14.1693;-0.1274;40
13077;21.0836;104;16.9868;25.1805;-6.9951;-1.3088;122
13079;17.7694;12;5.632;29.9068;-18.3499;-6.0351;16
13081;16.758;35;10.9553;22.5607;-13.0266;1.311;56
13083;18.9291;29;11.8775;25.9808;-12.1044;-2.1091;38
13085;21.2141;17;9.9388;32.4894;-14.0431;-8.6177;21
13087;25.2747;64;18.9324;31.617;-5.0495;-7.7453;62
13089;22.3155;1053;20.9604;23.6705;-3.0215;0.2012;1141
13091;16.2639;38;10.5647;21.9631;-13.4172;1.9086;56
13093;14.783;15;6.7433;22.8228;-17.2386;1.0489;27
13095;24.2711;176;20.6662;27.8759;-3.3157;-4.0042;179
13097;27.8095;151;23.3408;32.2781;-0.6411;-8.4064;136
13099;16.2687;23;8.9921;23.5452;-14.9898;0.3265;33
13101;9.8586;3;0;30.7256;-23.9819;-6.8539;6
13103;24.1177;46;16.9838;31.2516;-6.9981;-7.3799;47
13105;13.2625;35;8.6583;17.8668;-15.3236;6.0049;61
13107;18.3697;44;12.7742;23.9653;-11.2077;-0.0936;61
13109;23.8058;23;13.2463;34.3652;-10.7356;-10.4935;24
13111;24.4817;71;18.6799;30.2834;-5.302;-6.4117;71
13113;24.4832;92;19.4132;29.5533;-4.5687;-5.6816;103
13115;19.7385;230;17.1453;22.3317;-6.8366;1.54;293
13117;18.4591;73;14.2021;22.7161;-9.7798;1.1556;102
13119;11.7832;31;7.3125;16.2539;-16.6694;7.6178;64
13121;23.8565;1322;22.5349;25.1782;-1.447;-1.3065;1263
13123;24.2268;47;17.0954;31.3582;-6.8865;-7.4865;48
13125;2.3374;1;0;17.2333;-23.9819;6.6384;10
13127;32.3405;222;28.0374;36.6435;4.0555;-12.7718;171
13129;22.6772;96;18.1077;27.2466;-5.8742;-3.3749;103
13131;13.7641;35;8.8677;18.6605;-15.1142;5.2112;59
13133;14.3805;17;6.4599;22.3012;-17.522;1.5705;30
13135;26.2467;452;23.7945;28.6989;-0.1874;-4.8272;462
13137;13.0568;47;9.2366;16.8769;-14.7453;6.9948;92
13139;16.981;178;14.463;19.4989;-9.5189;4.3728;262
13141;11.0518;6;0;25.5789;-23.9819;-1.7072;13
13143;21.0892;61;15.68;26.4984;-8.3019;-2.6267;75
13145;26.2001;46;18.5562;33.8441;-5.4257;-9.9724;44
13147;11.555;33;7.2851;15.825;-16.6968;8.0467;68
13149;19.6989;19;10.5188;28.8791;-13.4631;-5.0074;24
13151;26.971;121;22.1374;31.8047;-1.8445;-7.933;116
13153;24.9224;165;21.0761;28.7686;-2.9058;-4.8969;174
13155;20.1551;23;11.0424;29.2679;-12.9395;-5.3962;29
13157;22.2397;79;17.2239;27.2554;-6.758;-3.3837;90
13159;16.4365;15;6.3284;26.5445;-17.6535;-2.6728;21
13161;20.993;28;13.1393;28.8468;-10.8426;-4.9751;32
13163;10.3305;21;4.0784;16.5827;-19.9035;7.289;40
13165;23.9636;21;13.2412;34.6861;-10.7407;-10.8144;20
13167;7.5503;10;0;15.705;-23.9819;8.1667;28
13169;19.3578;29;12.2496;26.466;-11.7323;-2.5943;37
13171;22.6981;33;14.591;30.8052;-9.3909;-6.9335;36
13173;24.6565;14;10.219;39.0939;-13.7629;-15.2222;15
13175;21.094;90;16.6241;25.5639;-7.3578;-1.6922;105
13177;30.0228;27;18.2971;41.7484;-5.6848;-17.8767;23
13179;33.1923;42;22.9039;43.4807;-1.078;-19.609;32
13181;18.6709;14;7.3315;30.0104;-16.6504;-6.1387;20
13183;27.3733;12;10.4542;44.2924;-13.5277;-20.4207;11
13185;24.2193;147;20.2768;28.1618;-3.7051;-4.2901;147
13187;14.5076;21;7.8236;21.1916;-16.1583;2.6801;36
13189;21.5849;40;14.6372;28.5326;-9.3447;-4.6609;46
13191;38.2812;24;22.7294;53.8329;-1.2525;-29.9612;16
13193;12.0267;12;2.8342;21.2193;-21.1477;2.6524;26
13195;18.3339;41;12.6367;24.0311;-11.3452;-0.1594;57
13197;13.9063;6;0;29.4698;-23.9819;-5.5981;12
13199;21.3598;50;15.1799;27.5396;-8.802;-3.6679;54
13201;13.606;13;4.0334;23.1786;-19.9485;0.6931;23
13205;22.2088;45;15.3768;29.0407;-8.6051;-5.169;48
13207;16.1886;25;9.4988;22.8784;-14.4831;0.9933;39
13209;14.6445;11;3.6327;25.6563;-20.3492;-1.7846;19
13211;23.6566;29;14.6821;32.6311;-9.2998;-8.7594;31
13213;18.4797;44;12.9945;23.9649;-10.9874;-0.0932;60
13215;24.5414;405;22.133;26.9498;-1.8489;-3.0781;408
13217;17.2174;71;13.1519;21.2829;-10.83;2.5888;102
13219;15.5512;25;8.79;22.3125;-15.1919;1.5592;39
13221;20.0315;21;10.9965;29.0665;-12.9854;-5.1948;26
13223;23.5602;77;18.2673;28.8532;-5.7146;-4.9815;83
13225;28.9197;40;19.8221;38.0174;-4.1598;-14.1457;35
13227;16.9164;33;10.978;22.8548;-13.0039;1.0169;48
13229;19.5689;29;12.3613;26.7764;-11.6206;-2.9047;37
13231;10.491;12;2.912;18.0701;-21.0699;5.8016;26
13233;23.2684;111;18.8157;27.721;-5.1662;-3.8493;120
13235;16.0866;18;7.8032;24.37;-16.1787;-0.4983;25
13237;24.3754;30;15.4492;33.3016;-8.5327;-9.4299;31
13239;33.4355;7;4.6141;62.2569;-19.3678;-38.3852;6
13241;17.9659;38;11.8803;24.0514;-12.1016;-0.1797;49
13243;8.9279;6;0;18.8825;-23.9819;4.9892;20
13245;27.5408;420;24.8761;30.2055;0.8942;-6.3338;372
13247;23.3681;96;18.6663;28.07;-5.3156;-4.1983;107
13249;19.5443;7;0.2066;38.882;-23.7753;-15.0103;8
13251;25.0624;37;16.3757;33.7492;-7.6062;-9.8775;35
13253;22.678;27;12.8541;32.5019;-11.1278;-8.6302;27
13255;21.9383;127;18.0508;25.8259;-5.9311;-1.9542;144
13257;16.3104;58;11.9187;20.7022;-12.0632;3.1695;85
13259;17.2922;9;2.8096;31.7747;-21.1723;-7.903;11
13261;19.9782;62;14.111;25.8454;-9.8709;-1.9737;72
13263;19.0071;10;4.3771;33.6371;-19.6048;-9.7654;11
13265;0;0;0;21.1076;-23.9819;2.7641;6
13267;25.5851;53;18.4398;32.7304;-5.5421;-8.8587;52
13269;19.6746;18;9.0565;30.2927;-14.9254;-6.421;20
13271;18.6792;28;11.1799;26.1786;-12.802;-2.3069;38
13273;14.9208;15;6.2088;23.6328;-17.7731;0.2389;25
13275;23.3598;102;18.6815;28.038;-5.3004;-4.1663;102
13277;24.582;84;19.2376;29.9264;-4.7443;-6.0547;87
13279;18.2677;51;13.0908;23.4445;-10.8911;0.4272;67
13281;19.0776;22;9.541;28.6142;-14.4409;-4.7425;33
13283;9.2694;7;0;19.112;-23.9819;4.7597;19
13285;22.1463;143;18.4069;25.8857;-5.575;-2.014;159
13287;12.5306;15;4.1814;20.8798;-19.8005;2.9919;26
13289;15.6084;11;4.8126;26.4041;-19.1693;-2.5324;17
13291;17.6395;34;11.33;23.949;-12.6519;-0.0773;48
13293;17.2042;65;12.7625;21.6458;-11.2194;2.2259;94
13295;19.1592;161;16.1732;22.1452;-7.8087;1.7265;206
13297;11.727;47;8.0506;15.4034;-15.9313;8.4683;99
13299;17.8381;86;13.9512;21.7249;-10.0307;2.1468;116
13301;20.9005;13;7.5709;34.2302;-16.411;-10.3585;15
13303;10.9035;20;4.4217;17.3853;-19.5602;6.4864;42
13305;24.5051;63;18.3824;30.6278;-5.5995;-6.7561;63
13307;0;0;0;21.6779;-23.9819;2.1938;5
13309;17.9285;10;4.0125;31.8445;-19.9694;-7.9728;16
13311;14.181;24;7.7893;20.5726;-16.1926;3.2991;45
13313;21.0762;172;17.9143;24.2381;-6.0676;-0.3664;202
13315;18.6667;18;8.3492;28.9841;-15.6327;-5.1124;24
13317;16.1648;22;7.2549;25.0748;-16.727;-1.2031;29
13319;14.9466;14;6.9049;22.9883;-17.077;0.8834;23
13321;21.1754;40;14.4029;27.9479;-9.579;-4.0762;46
15999;26.2695;845;24.4916;28.0473;0.5097;-4.1756;791
16001;22.9005;501;20.8684;24.9325;-3.1135;-1.0608;541
16003;17.0094;7;1.0889;32.9299;-22.893;-9.0582;11
16005;15.4304;108;12.4267;18.4342;-11.5552;5.4375;170
16007;8.3311;9;0;17.6402;-23.9819;6.2315;24
16009;30.6351;31;19.5815;41.6887;-4.4004;-17.817;25
16011;8.7974;34;5.3457;12.2491;-18.6362;11.6226;94
16013;18.514;18;9.3015;27.7265;-14.6804;-3.8548;25
16015;21.483;8;4.9941;37.9719;-18.9878;-14.1002;9
16017;26.4616;95;21.064;31.8592;-2.9179;-7.9875;89
16019;12.1291;83;9.4897;14.7685;-14.4922;9.1032;171
16021;18.9134;19;10.0633;27.7634;-13.9186;-3.8917;25
16023;8.9998;4;0;24.0245;-23.9819;-0.1528;10
16025;30.7138;3;0;73.2586;-23.9819;-49.3869;3
16027;17.3357;212;14.918;19.7534;-9.0639;4.1183;299
16029;14.7224;13;5.6578;23.7869;-18.3241;0.0848;21
16031;11.4351;28;6.8901;15.9801;-17.0918;7.8916;59
16033;22.4274;2;0;64.2563;-23.9819;-40.3846;2
16035;28.8663;36;19.2657;38.4668;-4.7162;-14.5951;31
16037;9.7554;5;0;23.6529;-23.9819;0.2188;13
16039;23.6324;39;16.0919;31.1728;-7.89;-7.3011;41
16041;5.3471;7;0;12.4775;-23.9819;11.3942;32
16043;9.3575;11;2.2086;16.5064;-21.7733;7.3653;32
16045;16.0918;32;9.9038;22.2797;-14.0781;1.592;48
16047;13.7189;29;7.9747;19.4632;-16.0072;4.4085;48
16049;22.5548;47;15.6515;29.4582;-8.3304;-5.5865;51
16051;7.4429;12;2.2851;12.6006;-21.6968;11.2711;41
16053;19.837;44;13.5577;26.1162;-10.4242;-2.2445;51
16055;30.098;265;26.4152;33.7808;2.4333;-9.9091;223
16057;15.4499;49;10.952;19.9478;-13.0299;3.9239;77
16059;17.5538;19;9.0905;26.0171;-14.8914;-2.1454;27
16061;16.2036;11;3.5808;28.8265;-20.4011;-4.9548;15
16063;9.8077;5;0;22.5196;-23.9819;1.3521;12
16065;4.7484;7;0;10.8659;-23.9819;13.0058;35
16067;15.3497;36;10.2836;20.4158;-13.6983;3.4559;58
16069;24.2619;123;19.869;28.6549;-4.1129;-4.7832;126
16071;3.5392;2;0;15.3914;-23.9819;8.4803;14
16073;16.4074;18;7.2302;25.5846;-16.7517;-1.7129;25
16075;19.472;52;13.7949;25.1491;-10.187;-1.2774;64
16077;10.5113;8;0.136;20.8865;-23.8459;2.9852;18
16079;32.2576;78;25.023;39.4922;1.0411;-15.6205;59
16081;2.4914;1;0;17.6664;-23.9819;6.2053;9
16083;16.5998;141;13.7676;19.4321;-10.2143;4.4396;201
16085;35.8935;26;21.432;50.3549;-2.5499;-26.4832;18
16087;15.4632;27;8.6204;22.306;-15.3615;1.5657;40
17001;18.541;252;16.1097;20.9723;-7.8722;2.8994;302
17003;29.0606;49;20.4098;37.7114;-3.5721;-13.8397;42
17005;18.5051;46;12.8202;24.19;-11.1617;-0.3183;67
17007;23.3166;89;18.3809;28.2523;-5.601;-4.3806;95
17009;9.5773;10;1.341;17.8137;-22.6409;6.058;26
17011;18.3609;130;15.0307;21.6911;-8.9512;2.1806;169
17013;15.5724;20;6.0616;25.0833;-17.9203;-1.2116;27
17015;24.274;79;18.6659;29.882;-5.316;-6.0103;81
17017;28.4932;74;21.6436;35.3427;-2.3383;-11.471;63
17019;20.7976;346;18.5579;23.0374;-5.424;0.8343;393
17021;24.0451;170;20.1987;27.8914;-3.7832;-4.0197;167
17023;15.7645;52;11.1763;20.3527;-12.8056;3.519;81
17025;14.4131;43;9.7369;19.0892;-14.245;4.7825;74
17027;22.2319;108;17.8668;26.597;-6.1151;-2.7253;120
17029;22.0822;175;18.6415;25.5228;-5.3404;-1.6511;193
17031;23.4888;15311;23.11;23.8675;-0.8719;0.0042;15054
17033;16.5863;71;12.3536;20.8189;-11.6283;3.0528;98
17035;15.7888;29;9.5925;21.9851;-14.3894;1.8866;45
17037;19.1462;162;16.1095;22.183;-7.8724;1.6887;210
17039;18.8696;59;13.7564;23.9829;-10.2255;-0.1112;75
17041;15.4332;51;10.9426;19.9238;-13.0393;3.9479;81
17043;24.6919;1849;23.5581;25.8258;-0.4238;-1.9541;1866
17045;16.6139;71;12.4248;20.803;-11.5571;3.0687;100
17047;13.3514;18;6.527;20.1758;-17.4549;3.6959;38
17049;18.8225;90;14.7801;22.8649;-9.2018;1.0068;116
17051;20.4103;86;15.7073;25.1133;-8.2746;-1.2416;97
17053;20.0869;56;14.4958;25.678;-9.4861;-1.8063;70
17055;23.4206;216;20.0927;26.7485;-3.8892;-2.8768;218
17057;21.8432;178;18.4348;25.2516;-5.5471;-1.3799;185
17059;24.1329;33;15.4877;32.7781;-8.4942;-8.9064;34
17061;15.2285;52;10.4999;19.9571;-13.482;3.9146;77
17063;24.2445;106;19.5481;28.9409;-4.4338;-5.0692;107
17065;18.1481;33;10.971;25.3252;-13.0109;-1.4535;48
17067;15.2414;67;11.2844;19.1984;-12.6975;4.6733;107
17069;24.5051;26;14.4061;34.6042;-9.5758;-10.7325;25
17071;18.0408;26;10.6286;25.453;-13.3533;-1.5813;35
17073;17.0287;158;14.2433;19.814;-9.7386;4.0577;220
17075;20.4578;125;16.6878;24.2278;-7.2941;-0.3561;146
17077;15.8787;111;12.811;18.9465;-11.1709;4.9252;165
17079;15.3307;33;9.0138;21.6475;-14.9681;2.2242;48
17081;21.5489;142;17.8168;25.2811;-6.1651;-1.4094;156
17083;26.4341;80;20.5132;32.355;-3.4687;-8.4833;75
17085;22.0906;85;17.2267;26.9546;-6.7552;-3.0829;93
17087;19.1164;32;12.0096;26.2232;-11.9723;-2.3515;43
17089;23.5246;825;21.8903;25.1588;-2.0916;-1.2871;841
17091;24.3836;324;21.6716;27.0956;-2.3103;-3.2239;318
17093;16.1223;64;12.0748;20.1698;-11.9071;3.7019;96
17095;22.4476;241;19.4841;25.4111;-4.4978;-1.5394;251
17097;28.2704;1368;26.7637;29.7771;2.7818;-5.9054;1178
17099;22.4361;448;20.2595;24.6128;-3.7224;-0.7411;479
17101;22.2999;83;17.0949;27.505;-6.887;-3.6333;89
17103;19.079;116;15.4188;22.7393;-8.5631;1.1324;137
17105;18.7579;132;15.3735;22.1423;-8.6084;1.7294;165
17107;19.3353;110;15.4593;23.2112;-8.5226;0.6605;133
17109;19.9524;107;15.9316;23.9732;-8.0503;-0.1015;127
17111;24.4264;468;22.1841;26.6686;-1.7978;-2.7969;469
17113;21.2301;328;18.8656;23.5947;-5.1163;0.277;374
17115;22.3119;428;20.1348;24.4889;-3.8471;-0.6172;454
17117;20.4325;192;17.3415;23.5234;-6.6404;0.3483;223
17119;24.0736;917;22.4888;25.6585;-1.4931;-1.7868;916
17121;21.5922;162;18.0831;25.1012;-5.8988;-1.2295;187
17123;16.7334;39;11.1224;22.3444;-12.8595;1.5273;61
17125;21.8739;65;16.3399;27.4079;-7.642;-3.5362;74
17127;22.5443;62;16.6023;28.4863;-7.3796;-4.6146;68
17129;16.6451;33;10.5234;22.7669;-13.4585;1.1048;47
17131;20.4009;60;14.9239;25.878;-9.058;-2.0063;73
17133;16.3605;59;11.833;20.8879;-12.1489;2.9838;81
17135;16.2843;102;12.8653;19.7034;-11.1166;4.1683;148
17137;18.8192;119;15.2608;22.3777;-8.7211;1.494;156
17139;16.982;46;11.4764;22.4876;-12.5055;1.3841;67
17141;20.0472;139;16.6315;23.4629;-7.3504;0.4088;168
17143;24.6521;722;22.802;26.5021;-1.1799;-2.6304;681
17145;22.705;91;17.7475;27.6625;-6.2344;-3.7908;97
17147;20.0968;52;14.4529;25.7407;-9.529;-1.869;65
17149;17.0092;61;12.3973;21.621;-11.5846;2.2507;92
17151;15.4648;14;4.4865;26.4432;-19.4954;-2.5715;19
17153;19.3542;24;10.1517;28.5567;-13.8302;-4.685;28
17155;18.5301;16;9.0358;28.0245;-14.9461;-4.1528;22
17157;16.7142;92;13.0936;20.3348;-10.8883;3.5369;135
17159;15.9726;49;11.0782;20.867;-12.9037;3.0047;79
17161;23.7092;590;21.7465;25.6718;-2.2354;-1.8001;595
17163;27.3696;880;25.5196;29.2195;1.5377;-5.3478;767
17165;25.0962;149;20.693;29.4995;-3.2889;-5.6278;146
17167;26.0633;739;24.1246;28.002;0.1427;-4.1303;669
17169;16.6947;24;9.211;24.1785;-14.7709;-0.3068;38
17171;11.5034;14;3.7334;19.2733;-20.2485;4.5984;28
17173;18.8496;82;14.5609;23.1383;-9.421;0.7334;102
17175;14.0184;19;6.2322;21.8045;-17.7497;2.0672;33
17177;14.2458;124;11.5942;16.8974;-12.3877;6.9743;199
17179;22.8687;414;20.6385;25.0989;-3.3434;-1.2272;436
17181;20.2062;68;14.9625;25.4498;-9.0194;-1.5781;88
17183;24.2937;366;21.7265;26.8609;-2.2554;-2.9892;360
17185;20.2286;50;14.4167;26.0405;-9.5652;-2.1688;59
17187;17.0505;60;12.4798;21.6212;-11.5021;2.2505;88
17189;13.5283;44;9.0204;18.0362;-14.9615;5.8355;70
17191;20.0987;69;15.072;25.1253;-8.9099;-1.2536;87
17193;20.0366;74;15.1334;24.9398;-8.8485;-1.0681;90
17195;18.5029;179;15.737;21.2688;-8.2449;2.6029;236
17197;24.4321;823;22.7469;26.1173;-1.235;-2.2456;828
17199;20.6884;225;17.8674;23.5094;-6.1145;0.3623;254
17201;22.6925;773;21.0661;24.3188;-2.9158;-0.4471;827
17203;13.5838;66;10.1467;17.0209;-13.8352;6.8508;118
18001;11.9952;54;8.6235;15.367;-15.3584;8.5047;107
18003;23.36;891;21.8009;24.919;-2.181;-1.0473;911
18005;19.0687;158;16.0654;22.0721;-7.9165;1.7996;203
18007;17.3946;28;10.645;24.1442;-13.3369;-0.2725;43
18009;18.1946;46;12.5173;23.872;-11.4646;-0.0003;61
18011;21.7583;122;17.7416;25.775;-6.2403;-1.9033;134
18013;22.5297;42;15.5821;29.4773;-8.3998;-5.6056;45
18015;15.8009;52;11.353;20.2487;-12.6289;3.623;75
18017;25.7402;175;21.8231;29.6573;-2.1588;-5.7856;164
18019;30.7148;353;27.4842;33.9453;3.5023;-10.0736;281
18021;20.2608;95;15.8677;24.6538;-8.1142;-0.7821;112
18023;20.9017;114;16.8546;24.9489;-7.1273;-1.0772;131
18025;16.881;25;9.6558;24.1063;-14.3261;-0.2346;37
18027;18.1935;93;14.2839;22.1032;-9.698;1.7685;117
18029;27.7071;139;23.0178;32.3963;-0.9641;-8.5246;125
18031;25.1213;90;19.7655;30.4771;-4.2164;-6.6054;85
18033;15.8541;79;12.2091;19.4992;-11.7728;4.3725;117
18035;23.9303;401;21.556;26.3046;-2.4259;-2.4329;408
18037;11.4429;59;8.426;14.4598;-15.5559;9.4119;121
18039;21.2541;406;19.1482;23.36;-4.8337;0.5117;466
18041;25.3061;108;20.4483;30.1639;-3.5336;-6.2922;101
18043;25.2855;238;22.0001;28.5709;-1.9818;-4.6992;222
18045;20.1251;65;15.037;25.2131;-8.9449;-1.3414;79
18047;18.7037;52;13.4461;23.9612;-10.5358;-0.0895;67
18049;22.2167;75;16.7075;27.7258;-7.2744;-3.8541;80
18051;16.625;101;13.1699;20.08;-10.812;3.7917;137
18053;23.3734;266;20.5279;26.219;-3.454;-2.3473;271
18055;16.6737;91;13.0957;20.2516;-10.8862;3.6201;135
18057;26.0308;260;22.83;29.2315;-1.1519;-5.3598;251
18059;21.9233;121;17.9592;25.8875;-6.0227;-2.0158;134
18061;22.7624;82;17.7747;27.7502;-6.2072;-3.8785;91
18063;27.4208;231;23.8426;30.999;-0.1393;-7.1273;206
18065;22.4116;184;19.1022;25.7209;-4.8797;-1.8492;198
18067;23.416;261;20.543;26.2891;-3.4389;-2.4174;272
18069;19.365;116;15.6497;23.0802;-8.3322;0.7915;140
18071;16.7135;94;13.0735;20.3535;-10.9084;3.5182;139
18073;23.4842;77;18.0699;28.8986;-5.912;-5.0269;82
18075;19.3363;76;14.8472;23.8255;-9.1347;0.0462;92
18077;20.8542;90;16.4341;25.2744;-7.5478;-1.4027;106
18079;23.1123;70;17.6236;28.6009;-6.3583;-4.7292;73
18081;30.7811;301;27.2226;34.3396;3.2407;-10.4679;253
18083;19.3165;161;16.1882;22.4448;-7.7937;1.4269;183
18085;19.5549;167;16.5514;22.5585;-7.4305;1.3132;204
18087;17.7904;58;13.1361;22.4448;-10.8458;1.4269;80
18089;23.7856;1325;22.5015;25.0697;-1.4804;-1.198;1334
18091;24.2187;375;21.7338;26.7036;-2.2481;-2.8319;369
18093;19.945;141;16.5613;23.3288;-7.4206;0.5429;167
18095;26.5068;544;24.2437;28.7698;0.2618;-4.8981;490
18097;31.786;3023;30.6365;32.9355;6.6546;-9.0638;2261
18099;17.5553;114;14.2311;20.8795;-9.7508;2.9922;153
18101;17.9324;28;10.7683;25.0965;-13.2136;-1.2248;38
18103;21.6148;112;17.5238;25.7059;-6.4581;-1.8342;122
18105;18.9243;195;16.233;21.6156;-7.7489;2.2561;250
18107;18.7104;108;14.9894;22.4315;-8.9925;1.4402;139
18109;28.6572;188;24.5211;32.7932;0.5392;-8.9215;163
18111;18.5462;38;12.4781;24.6143;-11.5038;-0.7426;50
18113;15.7781;80;12.2321;19.324;-11.7498;4.5477;125
18115;25.6612;23;14.2684;37.054;-9.7135;-13.1823;20
18117;19.3279;61;14.3041;24.3518;-9.6778;-0.4801;75
18119;16.3724;43;11.2471;21.4977;-12.7348;2.374;61
18121;18.6975;55;13.4209;23.9742;-10.561;-0.1025;68
18123;17.6641;54;12.7803;22.5479;-11.2016;1.3238;75
18125;9.5952;22;4.3949;14.7954;-19.587;9.0763;56
18127;25.4883;340;22.7682;28.2085;-1.2137;-4.3368;337
18129;19.9875;71;15.2586;24.7164;-8.7233;-0.8447;85
18131;25.8993;61;19.1207;32.678;-4.8612;-8.8063;53
18133;21.8752;98;17.3616;26.3889;-6.6203;-2.5172;106
18135;18.1115;87;14.175;22.048;-9.8069;1.8237;113
18137;20.1915;79;15.4457;24.9372;-8.5362;-1.0655;92
18139;22.105;71;16.6585;27.5515;-7.3234;-3.6798;74
18141;22.8988;844;21.3133;24.4843;-2.6686;-0.6126;879
18143;25.0943;67;18.9861;31.2025;-4.9958;-7.3308;68
18145;21.8128;127;17.9245;25.7011;-6.0574;-1.8294;140
18147;18.5416;54;13.4367;23.6465;-10.5452;0.2252;69
18149;24.7845;85;19.3383;30.2307;-4.6436;-6.359;83
18151;20.7488;80;16.1163;25.3813;-7.8656;-1.5096;93
18153;20.5019;84;15.6247;25.379;-8.3572;-1.5073;95
18155;24.8343;30;15.3158;34.3529;-8.6661;-10.4812;30
18157;26.4659;367;23.7033;29.2286;-0.2786;-5.3569;333
18159;21.8827;58;16.09;27.6754;-7.8919;-3.8037;64
18161;9.0712;10;0.8181;17.3242;-23.1638;6.5475;26
18163;26.3681;776;24.4493;28.287;0.4674;-4.4153;686
18165;25.5733;87;19.8256;31.3209;-4.1563;-7.4492;80
18167;24.8024;459;22.4477;27.1571;-1.5342;-3.2854;437
18169;22.3096;124;18.2517;26.3675;-5.7302;-2.4958;138
18171;21.1688;29;12.947;29.3906;-11.0349;-5.5189;32
18173;20.1499;106;16.2375;24.0622;-7.7444;-0.1905;125
18175;21.78;75;16.7134;26.8466;-7.2685;-2.9749;83
18177;24.0439;294;21.2218;26.8659;-2.7601;-2.9942;292
18179;14.5219;59;10.5984;18.4454;-13.3835;5.4263;94
18181;17.7049;74;13.4456;21.9642;-10.5363;1.9075;97
18183;18.7965;74;14.3773;23.2157;-9.6046;0.656;96
19001;11.598;22;5.8042;17.3917;-18.1777;6.48;48
19003;11.3104;14;2.9343;19.6864;-21.0476;4.1853;27
19005;14.3669;38;9.4402;19.2935;-14.5417;4.5782;68
19007;16.4811;48;11.3847;21.5776;-12.5972;2.2941;75
19009;10.8078;18;4.2227;17.3929;-19.7592;6.4788;42
19011;16.6143;66;12.4235;20.8052;-11.5584;3.0665;96
19013;22.4706;409;20.2408;24.7005;-3.7411;-0.8288;438
19015;15.7965;87;12.1608;19.4323;-11.8211;4.4394;120
19017;11.5512;46;7.9419;15.1604;-16.04;8.7113;94
19019;16.5887;60;11.8704;21.307;-12.1115;2.5647;83
19021;13.1329;55;9.1766;17.0892;-14.8053;6.7825;93
19023;12.0129;41;7.4723;16.5535;-16.5096;7.3182;79
19025;10.8116;35;6.5967;15.0265;-17.3852;8.8452;69
19027;13.2037;55;9.4782;16.9293;-14.5037;6.9424;98
19029;16.197;56;11.4894;20.9047;-12.4925;2.967;83
19031;12.6605;40;8.2605;17.0606;-15.7214;6.8111;75
19033;19.4781;177;16.4618;22.4944;-7.5201;1.3773;211
19035;14.705;45;9.7712;19.6388;-14.2107;4.2329;70
19037;13.2017;37;8.4332;17.9703;-15.5487;5.9014;60
19039;16.2824;28;9.1819;23.3828;-14.8;0.4889;40
19041;16.8351;56;11.8348;21.8353;-12.1471;2.0364;77
19043;9.9978;40;6.5376;13.458;-17.4443;10.4137;89
19045;20.9183;189;17.8235;24.0132;-6.1584;-0.1415;218
19047;14.662;50;10.289;19.0351;-13.6929;4.8366;76
19049;16.0359;83;12.3464;19.7253;-11.6355;4.1464;114
19051;10.8038;18;4.1075;17.5;-19.8744;6.3717;40
19053;15.7173;28;9.1896;22.2451;-14.7923;1.6266;43
19055;15.5874;47;10.8151;20.3596;-13.1668;3.5121;70
19057;19.1733;154;15.9833;22.3633;-7.9986;1.5084;188
19059;19.8565;61;14.4906;25.2225;-9.4913;-1.3508;74
19061;22.7518;324;20.1567;25.3469;-3.8252;-1.4752;332
19063;18.0453;40;12.1967;23.894;-11.7852;-0.0223;57
19065;13.5194;66;9.9581;17.0808;-14.0238;6.7909;109
19067;18.6534;63;13.7824;23.5244;-10.1995;0.3473;86
19069;11.9034;28;7.1704;16.6365;-16.8115;7.2352;60
19071;14.0868;28;7.7538;20.4197;-16.2281;3.452;46
19073;11.9515;30;6.8388;17.0642;-17.1431;6.8075;60
19075;7.1411;20;3.508;10.7742;-20.4739;13.0975;63
19077;13.901;36;8.8884;18.9136;-15.0935;4.9581;61
19079;14.9019;52;10.2028;19.6011;-13.7791;4.2706;78
19081;13.74;35;8.7108;18.7692;-15.2711;5.1025;58
19083;13.1974;54;9.3182;17.0766;-14.6637;6.7951;103
19085;15.5258;52;10.761;20.2906;-13.2209;3.5811;74
19087;13.6207;49;9.2058;18.0355;-14.7761;5.8362;81
19089;7.5083;20;2.2804;12.7361;-21.7015;11.1356;53
19091;13.7086;32;8.5055;18.9116;-15.4764;4.9601;56
19093;9.6009;19;4.1362;15.0655;-19.8457;8.8062;43
19095;9.671;30;5.7352;13.6068;-18.2467;10.2649;71
19097;18.3593;63;13.6015;23.1171;-10.3804;0.7546;86
19099;22.7553;143;18.8253;26.6852;-5.1566;-2.8135;148
19101;11.9415;37;7.4686;16.4145;-16.5133;7.4572;66
19103;16.4738;136;13.6386;19.3091;-10.3433;4.5626;196
19105;14.8787;51;10.2952;19.4621;-13.6867;4.4096;79
19107;15.4029;42;10.0415;20.7643;-13.9404;3.1074;63
19109;13.6203;51;9.6518;17.5889;-14.3301;6.2828;91
19111;21.9416;158;18.311;25.5722;-5.6709;-1.7005;173
19113;20.1515;472;18.2868;22.0163;-5.6951;1.8554;559
19115;17.1554;31;10.4982;23.8126;-13.4837;0.0591;45
19117;16.0568;36;10.0764;22.0373;-13.9055;1.8344;50
19119;9.9349;23;5.313;14.5567;-18.6689;9.315;54
19121;13.8449;33;8.5566;19.1332;-15.4253;4.7385;57
19123;14.5845;63;10.5851;18.5839;-13.3968;5.2878;99
19125;14.9214;73;11.2026;18.6403;-12.7793;5.2314;117
19127;20.3417;141;16.7652;23.9182;-7.2167;-0.0465;164
19129;21.0696;45;14.7386;27.4006;-9.2433;-3.5289;50
19131;12.2152;32;6.9791;17.4513;-17.0028;6.4204;59
19133;14.4085;37;8.9257;19.8913;-15.0562;3.9804;60
19135;14.619;28;8.0878;21.1502;-15.8941;2.7215;44
19137;19.7594;50;13.779;25.7398;-10.2029;-1.8681;68
19139;18.1421;114;14.6682;21.6161;-9.3137;2.2556;145
19141;10.1119;37;6.0988;14.1249;-17.8831;9.7468;81
19143;10.2052;16;3.9752;16.4352;-20.0067;7.4365;37
19145;17.3786;72;12.9126;21.8446;-11.0693;2.0271;94
19147;15.1072;36;9.5876;20.6267;-14.3943;3.245;58
19149;13.0222;57;9.1425;16.9019;-14.8394;6.9698;99
19151;14.487;33;8.6633;20.3106;-15.3186;3.5611;55
19153;27.4031;1186;25.8138;28.9923;1.8319;-5.1206;1036
19155;25.3046;326;22.5053;28.1038;-1.4766;-4.2321;311
19157;13.5644;49;9.1238;18.005;-14.8581;5.8667;81
19159;11.7149;16;4.6107;18.819;-19.3712;5.0527;33
19161;14.4091;47;9.4564;19.3617;-14.5255;4.51;69
19163;24.8465;492;22.6128;27.0802;-1.3691;-3.2085;474
19165;12.342;36;7.3601;17.3239;-16.6218;6.5478;66
19167;7.835;38;5.0352;10.6348;-18.9467;13.2369;113
19169;14.4598;116;11.6921;17.2275;-12.2898;6.6442;190
19171;16.2472;55;11.6495;20.845;-12.3324;3.0267;87
19173;9.0857;24;2.5055;15.6658;-21.4764;8.2059;45
19175;19.0106;52;13.3526;24.6685;-10.6293;-0.7968;65
19177;12.7247;21;6.0376;19.4118;-17.9443;4.4599;40
19179;22.7031;174;19.1683;26.238;-4.8136;-2.3663;182
19181;16.4703;76;12.5916;20.3491;-11.3903;3.5226;106
19183;13.3296;48;9.1214;17.5378;-14.8605;6.3339;92
19185;12.5427;26;5.9114;19.174;-18.0705;4.6977;45
19187;18.8366;151;15.6449;22.0283;-8.337;1.8434;189
19189;10.5978;26;6.0177;15.1779;-17.9642;8.6938;59
19191;10.798;40;6.8349;14.7611;-17.147;9.1106;83
19193;22.7537;389;20.3849;25.1225;-3.597;-1.2508;395
19195;8.6887;18;2.8779;14.4995;-21.104;9.3722;42
19197;14.6086;50;9.9975;19.2197;-13.9844;4.652;79
20001;17.4311;57;12.3292;22.5331;-11.6527;1.3386;73
20003;17.8171;32;10.6849;24.9492;-13.297;-1.0775;42
20005;15.9027;52;10.9975;20.8079;-12.9844;3.0638;73
20007;16.4211;23;8.5501;24.2922;-15.4318;-0.4205;33
20009;19.4203;107;15.5861;23.2544;-8.3958;0.6173;129
20011;22.0182;69;16.3301;27.7062;-7.6518;-3.8345;80
20013;10.7989;31;5.2287;16.369;-18.7532;7.5027;59
20015;21.2949;155;17.8191;24.7706;-6.1628;-0.8989;177
20017;25.5603;21;12.6108;38.5098;-11.3711;-14.6381;17
20019;25.0344;28;14.3426;35.7263;-9.6393;-11.8546;28
20021;20.2455;95;15.6701;24.821;-8.3118;-0.9493;103
20023;12.2551;10;2.4472;22.063;-21.5347;1.8087;21
20025;21.5038;10;5.5022;37.5055;-18.4797;-13.6338;15
20027;16.3361;37;10.2882;22.384;-13.6937;1.4877;51
20029;13.4855;46;8.2018;18.7691;-15.7801;5.1026;69
20031;16.4072;29;9.5067;23.3077;-14.4752;0.564;41
20033;12.568;8;0;25.5373;-23.9819;-1.6656;14
20035;20.7847;147;17.197;24.3724;-6.7849;-0.5007;159
20037;19.548;159;16.1874;22.9087;-7.7945;0.963;186
20039;18.3284;20;8.477;28.1799;-15.5049;-4.3082;24
20041;15.5137;68;11.4089;19.6185;-12.573;4.2532;98
20043;18.2814;29;10.9714;25.5914;-13.0105;-1.7197;37
20045;20.3745;138;16.7602;23.9888;-7.2217;-0.1171;166
20047;10.2627;9;0.6543;19.8712;-23.3276;4.0005;22
20049;13.3392;15;3.0555;23.6229;-20.9264;0.2488;24
20051;15.6266;55;11.3585;19.8948;-12.6234;3.9769;87
20053;17.6882;28;9.6276;25.7488;-14.3543;-1.8771;36
20055;20.4777;59;15.1464;25.8089;-8.8355;-1.9372;69
20057;19.4593;70;14.7524;24.1662;-9.2295;-0.2945;89
20059;20.4564;78;15.5724;25.3405;-8.4095;-1.4688;92
20061;24.0164;60;17.8405;30.1924;-6.1414;-6.3207;59
20063;10.0959;7;0.0261;20.1658;-23.9558;3.7059;16
20065;10.8566;9;0.4944;21.2187;-23.4875;2.653;18
20067;27.0595;20;14.9869;39.1321;-8.995;-15.2604;18
20069;19.9137;18;9.6509;30.1765;-14.331;-6.3048;19
20071;10.4794;3;0;28.1338;-23.9819;-4.2621;7
20073;21.1789;48;14.0002;28.3576;-9.9817;-4.4859;50
20075;17.1215;9;2.774;31.469;-21.2079;-7.5973;12
20077;9.7824;19;3.3561;16.2086;-20.6258;7.6631;43
20079;11.9623;69;8.874;15.0506;-15.1079;8.8211;130
20081;12.8278;6;0;26.5052;-23.9819;-2.6335;11
20083;11.2934;5;0;27.8452;-23.9819;-3.9735;11
20085;17.0271;32;10.1378;23.9163;-13.8441;-0.0446;46
20087;19.9613;50;13.5923;26.3303;-10.3896;-2.4586;58
20089;22.7969;22;12.2544;33.3393;-11.7275;-9.4676;27
20091;23.2615;813;21.6518;24.8711;-2.3301;-0.9994;878
20093;14.4391;7;1.5091;27.3691;-22.4728;-3.4974;12
20095;18.4827;31;11.4064;25.5589;-12.5755;-1.6872;42
20097;8.3151;8;0;16.8682;-23.9819;7.0035;20
20099;16.72;82;12.7532;20.6867;-11.2287;3.185;112
20101;19.1023;9;3.2323;34.9722;-20.7496;-11.1005;12
20103;26.1446;174;22.1773;30.1119;-1.8046;-6.2402;154
20105;14.0078;13;4.522;23.4936;-19.4599;0.3781;24
20107;15.9512;33;9.4943;22.4081;-14.4876;1.4636;44
20109;8.9057;6;0;20.6719;-23.9819;3.1998;16
20111;17.6446;90;13.6992;21.5901;-10.2827;2.2816;113
20113;10.0778;47;6.9569;13.1987;-17.025;10.673;120
20115;10.0961;28;5.7058;14.4863;-18.2761;9.3854;74
20117;11.1762;35;6.8825;15.47;-17.0994;8.4017;67
20119;20.8496;20;10.6475;31.0517;-13.3344;-7.18;22
20121;22.7708;87;17.6883;27.8533;-6.2936;-3.9816;88
20123;14.6016;27;6.7857;22.4174;-17.1962;1.4543;41
20125;23.2971;196;19.7466;26.8475;-4.2353;-2.9758;187
20127;14.4157;20;6.0267;22.8047;-17.9552;1.067;34
20129;23.4461;11;7.4172;39.4751;-16.5647;-15.6034;12
20131;12.089;31;6.444;17.734;-17.5379;6.1377;53
20133;25.0833;92;19.4905;30.6761;-4.4914;-6.8044;86
20135;10.4321;11;1.8005;19.0637;-22.1814;4.808;23
20137;16.0063;23;8.3518;23.6608;-15.6301;0.2109;34
20139;17.6619;50;12.1221;23.2018;-11.8598;0.6699;67
20141;10.1441;17;1.4375;18.8508;-22.5444;5.0209;34
20143;17.6887;22;9.4206;25.9568;-14.5613;-2.0851;31
20145;7.0777;13;0;14.3106;-23.9819;9.5611;38
20147;12.2342;19;5.3088;19.1596;-18.6731;4.7121;38
20149;16.5072;36;10.6996;22.3148;-13.2823;1.5569;58
20151;20.6754;43;13.7299;27.6208;-10.252;-3.7491;49
20153;19.052;15;6.9713;31.1326;-17.0106;-7.2609;19
20155;19.9811;217;17.1891;22.7732;-6.7928;1.0985;261
20157;15.5871;30;8.9218;22.2523;-15.0601;1.6194;44
20159;13.6728;31;8.127;19.2185;-15.8549;4.6532;57
20161;16.4859;78;12.6928;20.2791;-11.2891;3.5926;109
20163;18.9944;29;11.1461;26.8426;-12.8358;-2.9709;35
20165;12.3719;14;3.9356;20.8082;-20.0463;3.0635;25
20167;12.933;28;7.5047;18.3613;-16.4772;5.5104;47
20169;20.4794;150;17.0925;23.8663;-6.8894;0.0054;182
20171;13.2387;11;2.718;23.7594;-21.2639;0.1123;22
20173;23.616;1146;22.227;25.0051;-1.7549;-1.1334;1171
20175;12.6473;27;7.4031;17.8915;-16.5788;5.9802;49
20177;20.687;471;18.7575;22.6164;-5.2244;1.2553;545
20179;21.1459;13;6.8063;35.4855;-17.1756;-11.6138;14
20181;13.0594;17;5.3998;20.7191;-18.5821;3.1526;30
20183;12.3935;20;5.222;19.565;-18.7599;4.3067;34
20185;17.5654;21;8.8056;26.3251;-15.1763;-2.4534;32
20187;15.199;4;0;35.5685;-23.9819;-11.6968;7
20189;11.7778;8;1.3274;22.2283;-22.6545;1.6434;18
20191;17.5294;82;13.4314;21.6273;-10.5505;2.2444;114
20193;18.1676;25;10.2118;26.1234;-13.7701;-2.2517;31
20195;12.1369;10;2.5543;21.7194;-21.4276;2.1523;21
20197;17.8914;21;9.6146;26.1682;-14.3673;-2.2965;30
20199;9.9579;4;0;27.846;-23.9819;-3.9743;8
20201;7.8128;18;1.7358;13.8898;-22.2461;9.9819;45
20203;11.3755;6;0;28.2915;-23.9819;-4.4198;10
20205;16.8176;45;11.1276;22.5075;-12.8543;1.3642;59
20207;17.6478;20;8.1689;27.1268;-15.813;-3.2551;26
20209;28.3997;579;26.0341;30.7653;2.0522;-6.8936;490
21001;21.1777;53;15.2278;27.1277;-8.7541;-3.256;63
21003;16.503;43;11.3114;21.6945;-12.6705;2.1772;61
21005;15.1448;27;8.5844;21.7052;-15.3975;2.1665;46
21007;31.8283;51;22.077;41.5797;-1.9049;-17.708;38
21009;22.8814;127;18.7651;26.9977;-5.2168;-3.126;136
21011;14.7366;24;8.4567;21.0166;-15.5252;2.8551;38
21013;27.6863;135;22.9273;32.4454;-1.0546;-8.5737;117
21015;33.2506;175;28.3001;38.2011;4.3182;-14.3294;134
21017;26.3064;73;20.1418;32.471;-3.8401;-8.5993;66
21019;28.8506;254;25.2525;32.4487;1.2706;-8.577;212
21021;27.5027;101;21.9894;33.0159;-1.9925;-9.1442;90
21023;24.3862;32;15.2497;33.5228;-8.7322;-9.6511;33
21025;30.8706;63;23.1538;38.5873;-0.8281;-14.7156;48
21027;23.8721;64;17.5987;30.1454;-6.3832;-6.2737;62
21029;26.5544;99;21.2785;31.8304;-2.7034;-7.9587;94
21031;25.5152;45;17.6808;33.3496;-6.3011;-9.4779;43
21033;19.5149;55;13.9148;25.1149;-10.0671;-1.2432;62
21035;14.7803;72;11.1832;18.3773;-12.7987;5.4944;120
21037;34.7033;464;31.4815;37.9251;7.4996;-14.0534;318
21039;17.6659;20;9.1871;26.1447;-14.7948;-2.273;26
21041;20.5312;31;12.6808;28.3816;-11.3011;-4.5099;35
21043;27.665;94;21.984;33.3461;-1.9979;-9.4744;83
21045;19.7606;48;13.9307;25.5905;-10.0512;-1.7188;57
21047;21.1007;128;17.3499;24.8516;-6.632;-0.9799;149
21049;22.6498;86;17.7386;27.5611;-6.2433;-3.6894;94
21051;26.6894;69;20.3235;33.0554;-3.6584;-9.1837;63
21053;20.559;31;13.0309;28.0871;-10.951;-4.2154;37
21055;21.4732;37;13.7176;29.2288;-10.2643;-5.3571;42
21057;14.9264;20;7.8331;22.0197;-16.1488;1.852;31
21059;27.226;343;24.2933;30.1586;0.3114;-6.2869;305
21061;30.7576;45;21.5517;39.9636;-2.4302;-16.0919;37
21063;26.3824;22;15.0063;37.7584;-8.9756;-13.8867;21
21065;16.3903;37;10.6423;22.1384;-13.3396;1.7333;55
21067;28.4024;640;26.1773;30.6276;2.1954;-6.7559;553
21069;19.835;42;13.5613;26.1086;-10.4206;-2.2369;49
21071;30.8361;186;26.3719;35.3003;2.39;-11.4286;146
21073;29.8828;176;25.4256;34.3399;1.4437;-10.4682;141
21075;24.1964;36;15.3697;33.0231;-8.6122;-9.1514;42
21077;26.6417;17;13.1188;40.1646;-10.8631;-16.2929;17
21079;14.0326;25;7.5309;20.5342;-16.451;3.3375;44
21081;23.5425;47;16.5997;30.4853;-7.3822;-6.6136;48
21083;18.0714;115;14.5697;21.5731;-9.4122;2.2986;154
21085;26.1588;88;20.5762;31.7414;-3.4057;-7.8697;80
21087;14.1595;25;8.0797;20.2393;-15.9022;3.6324;46
21089;26.1801;132;21.6919;30.6683;-2.29;-6.7966;123
21091;16.405;16;7.2834;25.5266;-16.6985;-1.6549;22
21093;27.65;200;23.7927;31.5073;-0.1892;-7.6356;177
21095;31.0791;172;26.3771;35.7811;2.3952;-11.9094;133
21097;25.7896;69;19.3927;32.1866;-4.5892;-8.3149;64
21099;16.9927;40;11.5669;22.4184;-12.415;1.4533;57
21101;23.7171;137;19.6511;27.783;-4.3308;-3.9113;140
21103;17.7208;34;11.4586;23.9829;-12.5233;-0.1112;48
21105;15.1693;20;6.3096;24.0291;-17.6723;-0.1574;28
21107;23.208;164;19.5383;26.8778;-4.4436;-3.0061;172
21109;20.7069;34;13.5005;27.9133;-10.4814;-4.0416;41
21111;33.0593;3095;31.875;34.2436;7.8931;-10.3719;2240
21113;30.3925;83;23.8018;36.9833;-0.1801;-13.1116;69
21115;28.5959;96;22.7941;34.3976;-1.1878;-10.5259;81
21117;33.0048;660;30.4399;35.5696;6.458;-11.6979;478
21119;27.3339;58;20.1463;34.5215;-3.8356;-10.6498;52
21121;20.8146;88;16.3568;25.2724;-7.6251;-1.4007;104
21123;21.9142;41;14.9325;28.8959;-9.0494;-5.0242;47
21125;24.2665;131;20.0316;28.5014;-3.9503;-4.6297;132
21127;29.6794;60;21.9096;37.4492;-2.0723;-13.5775;50
21129;26.9537;34;17.3634;36.5441;-6.6185;-12.6724;29
21131;24.5284;37;16.3942;32.6627;-7.5877;-8.791;36
21133;29.8979;113;24.3398;35.456;0.3579;-11.5843;92
21135;19.8787;37;13.2668;26.4905;-10.7151;-2.6188;45
21137;18.5491;55;13.5362;23.562;-10.4457;0.3097;69
21139;20.2855;30;12.6471;27.9239;-11.3348;-4.0522;37
21141;20.4316;80;15.8256;25.0377;-8.1563;-1.166;92
21143;17.9204;22;8.6047;27.2362;-15.3772;-3.3645;28
21145;27.6203;292;24.3454;30.8952;0.3635;-7.0235;253
21147;45.7125;93;36.3226;55.1023;12.3407;-31.2306;50
21149;20.9138;35;13.7276;28.1;-10.2543;-4.2283;40
21151;27.3925;168;23.1688;31.6162;-0.8131;-7.7445;149
21153;17.3571;25;10.246;24.4681;-13.7359;-0.5964;37
21155;23.6627;53;17.0918;30.2337;-6.8901;-6.362;56
21157;25.8031;121;21.1062;30.5;-2.8757;-6.6283;114
21159;37.3802;50;26.8707;47.8896;2.8888;-24.0179;32
21161;21.2161;61;15.7199;26.7122;-8.262;-2.8405;69
21163;21.8405;39;14.9515;28.7296;-9.0304;-4.8579;45
21165;25.7546;17;13.0475;38.4616;-10.9344;-14.5899;16
21167;25.377;75;19.4614;31.2927;-4.5205;-7.421;74
21169;18.1282;27;10.9556;25.3008;-13.0263;-1.4291;37
21171;20.5278;41;14.068;26.9876;-9.9139;-3.1159;49
21173;25.2998;66;19.0381;31.5616;-4.9438;-7.6899;64
21175;23.6991;41;15.9278;31.4703;-8.0541;-7.5986;41
21177;26.0658;128;21.4044;30.7271;-2.5775;-6.8554;123
21179;26.7056;89;21.0463;32.3649;-2.9356;-8.4932;87
21181;21.2389;25;11.4679;31.0099;-12.514;-7.1382;29
21183;16.7426;59;12.2664;21.2189;-11.7155;2.6528;84
21185;25.8542;62;19.3559;32.3526;-4.626;-8.4809;61
21187;16.6969;25;9.6266;23.7672;-14.3553;0.1045;36
21189;26.4524;21;14.5079;38.3969;-9.474;-14.5252;20
21191;24.4394;40;16.5835;32.2953;-7.3984;-8.4236;40
21193;42.6884;169;36.201;49.1759;12.2191;-25.3042;95
21195;31.6982;295;28.0738;35.3227;4.0919;-11.451;225
21197;34.8665;45;24.3607;45.3722;0.3788;-21.5005;32
21199;21.1791;156;17.776;24.5823;-6.2059;-0.7106;181
21201;22.5344;9;5.73;39.3389;-18.2519;-15.4672;10
21203;25.8557;55;18.8512;32.8603;-5.1307;-8.9886;51
21205;23.6917;52;17.1466;30.2367;-6.8353;-6.365;54
21207;17.7999;44;12.3829;23.2169;-11.599;0.6548;60
21209;29.0357;79;22.4941;35.5773;-1.4878;-11.7056;66
21211;21.5244;71;16.3544;26.6944;-7.6275;-2.8227;81
21213;21.1805;46;14.7298;27.6311;-9.2521;-3.7594;54
21215;15.5032;13;5.4294;25.5769;-18.5525;-1.7052;20
21217;13.1698;42;9.0871;17.2525;-14.8948;6.6192;76
21219;18.5924;34;11.9058;25.2789;-12.0761;-1.4072;42
21221;17.5192;32;10.5006;24.5379;-13.4813;-0.6662;42
21223;21.441;19;10.6642;32.2179;-13.3177;-8.3462;22
21225;21.2672;47;14.9293;27.6051;-9.0526;-3.7334;53
21227;24.1444;214;20.8336;27.4552;-3.1483;-3.5835;220
21229;12.2291;20;6.4408;18.0173;-17.5411;5.8544;40
21231;25.5508;64;19.1001;32.0016;-4.8818;-8.1299;61
21233;28.3313;65;21.0315;35.6311;-2.9504;-11.7594;59
21235;22.821;115;18.5201;27.122;-5.4618;-3.2503;123
21237;16.9505;16;7.9159;25.9851;-16.066;-2.1134;23
21239;21.057;45;14.8091;27.3048;-9.1728;-3.4331;53
22001;29.4999;198;25.3275;33.6723;1.3456;-9.8006;164
22003;20.1998;52;14.5841;25.8155;-9.3978;-1.9438;63
22005;22.7799;95;18.1712;27.3886;-5.8107;-3.5169;105
22007;16.2971;32;10.4181;22.1761;-13.5638;1.6956;48
22009;16.3954;90;12.8357;19.9552;-11.1462;3.9165;131
22011;20.8903;69;15.9091;25.8716;-8.0728;-1.9999;81
22013;22.0118;45;14.6875;29.3361;-9.2944;-5.4644;48
22015;31.754;221;27.5543;35.9536;3.5724;-12.0819;178
22017;28.9812;796;26.9226;31.0398;2.9407;-7.1681;656
22019;29.4172;509;26.852;31.9823;2.8701;-8.1106;422
22021;18.7905;29;10.5702;27.0108;-13.4117;-3.1391;34
22023;31.1839;33;20.0062;42.3616;-3.9757;-18.4899;25
22025;22.1547;29;13.7364;30.5731;-10.2455;-6.7014;31
22027;18.0037;40;11.8245;24.1829;-12.1574;-0.3112;52
22029;29.0662;54;21.227;36.9054;-2.7549;-13.0337;46
22031;15.2849;39;10.2868;20.283;-13.6951;3.5887;59
22033;27.1125;785;25.2093;29.0157;1.2274;-5.144;711
22035;26.0722;18;12.9232;39.2213;-11.0587;-15.3496;16
22037;14.0907;22;7.0749;21.1064;-16.907;2.7653;36
22039;25.4597;108;20.5213;30.3982;-3.4606;-6.5265;104
22041;23.838;73;17.9644;29.7116;-6.0175;-5.8399;70
22043;21.7815;49;15.3409;28.2221;-8.641;-4.3504;55
22045;33.4418;203;28.8092;38.0744;4.8273;-14.2027;149
22047;28.1984;70;21.4781;34.9188;-2.5038;-11.0471;59
22049;16.3604;41;10.3513;22.3694;-13.6306;1.5023;53
22051;31.0295;1435;29.4226;32.6365;5.4407;-8.7648;1153
22053;28.1134;111;22.7687;33.458;-1.2132;-9.5863;93
22055;26.2566;353;23.5004;29.0128;-0.4815;-5.1411;331
22057;19.5752;164;16.568;22.5823;-7.4139;1.2894;203
22059;17.3131;45;11.9228;22.7034;-12.0591;1.1683;58
22061;21.0637;75;16.0883;26.0391;-7.8936;-2.1674;82
22063;24.676;144;20.629;28.7229;-3.3529;-4.8512;148
22065;26.574;27;16.3092;36.8389;-7.6727;-12.9672;23
22067;23.1569;81;17.9669;28.347;-6.015;-4.4753;85
22069;20.4317;78;15.7467;25.1167;-8.2352;-1.245;90
22071;27.092;1404;25.5998;28.5842;1.6179;-4.7125;1147
22073;24.6251;348;22.0087;27.2416;-1.9732;-3.3699;341
22075;29.9287;59;22.0982;37.7593;-1.8837;-13.8876;47
22077;23.0067;47;16.1388;29.8745;-7.8431;-6.0028;50
22079;25.1437;364;22.5251;27.7623;-1.4568;-3.8906;343
22081;20.6691;24;11.8859;29.4522;-12.096;-5.5805;28
22083;21.3639;56;15.2137;27.5141;-8.7682;-3.6424;61
22085;17.2478;60;12.6865;21.8091;-11.2954;2.0626;84
22087;34.3791;265;30.2349;38.5233;6.253;-14.6516;196
22089;22.5045;67;17.0873;27.9216;-6.8946;-4.0499;73
22091;22.383;17;10.5974;34.1686;-13.3845;-10.2969;18
22093;11.0052;18;5.1423;16.8681;-18.8396;7.0036;36
22095;23.8319;49;17.1045;30.5593;-6.8774;-6.6876;52
22097;25.3188;198;21.7388;28.8989;-2.2431;-5.0272;192
22099;28.1689;97;22.5094;33.8284;-1.4725;-9.9567;83
22101;28.0261;136;23.2996;32.7526;-0.6823;-8.8809;117
22103;33.672;397;30.3485;36.9955;6.3666;-13.1238;303
22105;21.8906;183;18.6462;25.1351;-5.3357;-1.2634;204
22107;15.4445;10;4.1568;26.7321;-19.8251;-2.8604;15
22109;20.0327;155;16.8639;23.2015;-7.118;0.6702;193
22111;18.6181;52;13.284;23.9521;-10.6979;-0.0804;68
22113;22.0767;149;18.4378;25.7156;-5.5441;-1.8439;159
22115;20.8025;78;16.147;25.4581;-7.8349;-1.5864;95
22117;24.3057;127;19.986;28.6255;-3.9959;-4.7538;127
22119;28.8278;160;24.2142;33.4414;0.2323;-9.5697;134
22121;20.8849;28;12.9564;28.8135;-11.0255;-4.9418;33
22123;20.1376;38;13.442;26.8333;-10.5399;-2.9616;46
22125;24.1175;12;8.5237;39.7113;-15.4582;-15.8396;13
22127;25.6162;55;18.6196;32.6128;-5.3623;-8.7411;52
23001;25.8773;424;23.3347;28.4198;-0.6472;-4.5481;388
23003;17.2232;216;14.8759;19.5705;-9.106;4.3012;298
23005;28.4221;1030;26.6336;30.2106;2.6517;-6.3389;868
23007;20.4262;78;15.7974;25.0551;-8.1845;-1.1834;97
23009;25.1195;196;21.4079;28.8312;-2.574;-4.9595;185
23011;26.6505;460;24.1587;29.1422;0.1768;-5.2705;420
23013;27.5095;174;23.2084;31.8106;-0.7735;-7.9389;156
23015;30.612;155;25.562;35.662;1.5801;-11.7903;121
23017;26.1987;217;22.5965;29.8008;-1.3854;-5.9291;202
23019;27.6461;538;25.2651;30.0272;1.2832;-6.1555;468
23021;21.2703;67;16.0128;26.5278;-7.9691;-2.6561;76
23023;30.249;130;24.9119;35.5862;0.93;-11.7145;101
23025;23.5753;172;19.9627;27.1879;-4.0192;-3.3162;173
23027;23.021;102;18.4493;27.5927;-5.5326;-3.721;108
23029;24.8764;148;20.6937;29.059;-3.2882;-5.1873;143
23031;25.27;583;23.1612;27.3787;-0.8207;-3.507;553
24001;24.6476;395;22.1286;27.1667;-1.8533;-3.295;377
24003;34.8241;1341;32.9564;36.6917;8.9745;-12.82;965
24005;29.1294;2913;28.0617;30.1971;4.0798;-6.3254;2434
24009;30.844;118;25.2446;36.4434;1.2627;-12.5717;97
24011;27.8235;95;22.0593;33.5877;-1.9226;-9.716;84
24013;22.4079;293;19.8036;25.0121;-4.1783;-1.1404;327
24015;29.6285;222;25.7152;33.5418;1.7333;-9.6701;186
24017;37.3861;208;32.2824;42.4899;8.3005;-18.6182;146
24019;32.7019;143;27.1458;38.258;3.1639;-14.3863;107
24021;24.5115;362;21.9578;27.0652;-2.0241;-3.1935;366
24023;14.6623;61;10.6827;18.6419;-13.2992;5.2298;99
24025;28.5383;432;25.8351;31.2415;1.8532;-7.3698;386
24027;29.3392;319;26.0806;32.5979;2.0987;-8.7262;284
24029;31.3957;81;24.3237;38.4677;0.3418;-14.596;61
24031;24.3533;1924;23.2557;25.4509;-0.7262;-1.5792;1925
24033;30.4199;1509;28.8831;31.9567;4.9012;-8.085;1170
24035;29.061;104;23.4091;34.7129;-0.5728;-10.8412;90
24037;30.4845;156;25.6695;35.2994;1.6876;-11.4277;130
24039;39.5749;102;31.5682;47.5816;7.5863;-23.7099;64
24041;23.5325;114;18.9888;28.0762;-4.9931;-4.2045;119
24043;22.2128;408;20.0152;24.4104;-3.9667;-0.5387;443
24045;34.3764;299;30.3864;38.3664;6.4045;-14.4947;212
24047;32.5959;154;27.2267;37.9652;3.2448;-14.0935;120
24510;30.3703;2361;29.0624;31.6781;5.0805;-7.8064;1781
25001;28.3464;1023;26.4541;30.2387;2.4722;-6.367;886
25003;22.5483;597;20.6756;24.4211;-3.3063;-0.5494;629
25005;19.3137;1608;18.3394;20.288;-5.6425;3.5837;1970
25007;26.986;54;19.1542;34.8179;-4.8277;-10.9462;44
25009;25.0696;2839;24.1155;26.0237;0.1336;-2.152;2646
25011;21.7238;235;18.8319;24.6157;-5.15;-0.744;261
25013;22.9159;1706;21.7922;24.0395;-2.1897;-0.1678;1764
25015;21.4395;411;19.3184;23.5607;-4.6635;0.311;449
25017;24.4857;5319;23.8112;25.1602;-0.1707;-1.2885;5057
25019;27.393;30;16.3042;38.4818;-7.6777;-14.6101;23
25021;25.1111;2652;24.128;26.0943;0.1461;-2.2226;2452
25023;27.9826;1571;26.568;29.3973;2.5861;-5.5256;1352
25025;26.8393;2503;25.7233;27.9553;1.7414;-4.0836;2111
25027;21.7421;2394;20.8403;22.6439;-3.1416;1.2278;2595
26001;25.1772;53;17.9379;32.4164;-6.044;-8.5447;54
26003;28.5659;42;19.6622;37.4695;-4.3197;-13.5978;37
26005;16.7398;183;14.2766;19.203;-9.7053;4.6687;266
26007;24.0208;120;19.6478;28.3938;-4.3341;-4.5221;120
26009;25.3655;75;19.4413;31.2897;-4.5406;-7.418;74
26011;21.1812;51;15.1921;27.1702;-8.7898;-3.2985;60
26013;22.8003;29;13.7581;31.8425;-10.2238;-7.9708;34
26015;19.1098;120;15.6449;22.5746;-8.337;1.2971;154
26017;21.2804;365;19.0688;23.4921;-4.9131;0.3796;407
26019;30.2651;60;22.2626;38.2675;-1.7193;-14.3958;50
26021;22.9755;529;20.9813;24.9698;-3.0006;-1.0981;550
26023;23.6753;142;19.6998;27.6507;-4.2821;-3.779;146
26025;25.0587;496;22.8133;27.304;-1.1686;-3.4323;470
26027;21.0116;135;17.4306;24.5925;-6.5513;-0.7208;155
26029;24.0958;76;18.4856;29.7059;-5.4963;-5.8342;77
26031;32.5354;114;26.3657;38.705;2.3838;-14.8333;87
26033;24.7036;107;19.8759;29.5314;-4.106;-5.6597;104
26035;28.7828;123;23.5359;34.0297;-0.446;-10.158;107
26037;18.3183;113;14.92;21.7166;-9.0619;2.1551;153
26039;23.5868;41;15.9376;31.236;-8.0443;-7.3643;42
26041;22.6731;140;18.7959;26.5503;-5.186;-2.6786;150
26043;25.009;124;20.2795;29.7384;-3.7024;-5.8667;121
26045;20.5037;210;17.6942;23.3132;-6.2877;0.5585;252
26047;23.4782;88;18.409;28.5475;-5.5729;-4.6758;90
26049;26.6029;1273;25.1324;28.0734;1.1505;-4.2017;1152
26051;24.6112;88;19.3548;29.8676;-4.6271;-5.9959;89
26053;18.6639;89;14.1741;23.1536;-9.8078;0.7181;107
26055;24.4511;196;20.9174;27.9847;-3.0645;-4.113;201
26057;14.6819;87;11.481;17.8827;-12.5009;5.989;143
26059;20.7977;135;17.0622;24.5331;-6.9197;-0.6614;152
26061;18.2733;123;14.7496;21.7971;-9.2323;2.0746;155
26063;18.0487;123;14.7032;21.3942;-9.2787;2.4775;158
26065;21.98;620;20.2233;23.7366;-3.7586;0.1351;672
26067;21.157;138;17.5314;24.7826;-6.4505;-0.9109;158
26069;33.962;150;28.3326;39.5914;4.3507;-15.7197;109
26071;21.7336;76;16.3648;27.1023;-7.6171;-3.2306;82
26073;19.0781;99;15.2655;22.8908;-8.7164;0.9809;124
26075;24.9901;501;22.7636;27.2167;-1.2183;-3.345;486
26077;21.7566;573;19.9439;23.5693;-4.038;0.3024;637
26079;25.7787;43;17.8746;33.6827;-6.1073;-9.811;42
26081;19.3725;1168;18.234;20.5109;-5.7479;3.3608;1434
26083;21.5008;8;1.9169;41.0846;-22.065;-17.2129;12
26085;25.318;36;16.2673;34.3688;-7.7146;-10.4971;34
26087;19.007;143;15.8663;22.1478;-8.1156;1.7239;183
26089;24.5378;59;18.1113;30.9644;-5.8706;-7.0927;58
26091;23.961;307;21.2221;26.6999;-2.7598;-2.8282;307
26093;24.7945;259;21.7577;27.8314;-2.2242;-3.9597;262
26095;27.8208;32;17.5381;38.1036;-6.4438;-14.2319;26
26097;27.0388;48;19.0822;34.9955;-4.8997;-11.1238;43
26099;26.6523;2385;25.5804;27.7242;1.5985;-3.8525;2269
26101;17.9685;76;13.6919;22.2452;-10.29;1.6265;100
26103;24.6803;207;21.2544;28.1061;-2.7275;-4.2344;206
26105;20.0217;94;15.7429;24.3006;-8.239;-0.4289;111
26107;20.3417;87;15.9702;24.7132;-8.0117;-0.8415;105
26109;16.4983;73;12.5392;20.4575;-11.4427;3.4142;107
26111;22.43;190;19.2209;25.6391;-4.761;-1.7674;209
26113;23.1298;37;15.5038;30.7558;-8.4781;-6.8841;41
26115;26.5489;427;24.0133;29.0846;0.0314;-5.2129;390
26117;20.1584;144;16.8008;23.516;-7.1811;0.3557;175
26119;26.8613;46;18.2372;35.4854;-5.7447;-11.6137;43
26121;22.5055;481;20.4634;24.5475;-3.5185;-0.6758;514
26123;18.8583;101;15.0995;22.6171;-8.8824;1.2546;131
26125;25.4221;3366;24.5579;26.2863;0.576;-2.4146;3207
26127;22.8791;75;17.5642;28.1939;-6.4177;-4.3222;79
26129;30.1996;93;23.8136;36.5855;-0.1683;-12.7138;78
26131;18.0054;32;10.9113;25.0995;-13.0706;-1.2278;42
26133;19.8981;59;14.5854;25.2107;-9.3965;-1.339;73
26135;35.8616;55;25.7629;45.9602;1.781;-22.0885;36
26137;21.0082;47;14.867;27.1493;-9.1149;-3.2776;57
26139;13.3254;261;11.6847;14.9661;-12.2972;8.9056;486
26141;17.0501;44;11.7064;22.3939;-12.2755;1.4778;63
26143;31.4904;123;25.5593;37.4215;1.5774;-13.5498;103
26145;20.5053;545;18.7579;22.2527;-5.224;1.619;640
26147;27.5026;544;25.1588;29.8465;1.1769;-5.9748;477
26149;20.2824;170;17.1356;23.4292;-6.8463;0.4425;202
26151;18.7623;123;15.2882;22.2365;-8.6937;1.6352;158
26153;27.3296;46;18.802;35.8572;-5.1799;-11.9855;38
26155;20.2194;176;17.2044;23.2343;-6.7775;0.6374;215
26157;15.7906;117;12.8646;18.7166;-11.1173;5.1551;176
26159;22.5973;206;19.4503;25.7444;-4.5316;-1.8727;217
26161;24.5774;577;22.5443;26.6105;-1.4376;-2.7388;565
26163;25.0691;6166;24.4348;25.7035;0.4529;-1.8318;5595
26165;20.1519;77;15.5402;24.7636;-8.4417;-0.8919;97
27001;24.6601;71;18.2541;31.0661;-5.7278;-7.1944;66
27003;26.371;416;23.7915;28.9504;-0.1904;-5.0787;407
27005;16.4277;79;12.6078;20.2476;-11.3741;3.6241;109
27007;20.3226;75;15.5742;25.0709;-8.4077;-1.1992;93
27009;14.3175;52;9.81;18.825;-14.1719;5.0467;83
27011;14.2762;25;7.7266;20.8259;-16.2553;3.0458;37
27013;18.0151;134;14.7513;21.2788;-9.2306;2.5929;175
27015;11.4251;59;8.2669;14.5833;-15.715;9.2884;121
27017;17.56;82;13.5996;21.5204;-10.3823;2.3513;111
27019;14.4451;64;10.8351;18.0552;-13.1468;5.8165;110
27021;18.1972;76;13.8479;22.5465;-10.134;1.3252;94
27023;9.0666;27;4.9303;13.203;-19.0516;10.6687;68
27025;22.4012;79;17.2499;27.5526;-6.732;-3.6809;89
27027;15.2239;99;12.1233;18.3246;-11.8586;5.5471;152
27029;7.1641;14;0.3168;14.0113;-23.6651;9.8604;35
27031;21.8071;13;7.8313;35.7829;-16.1506;-11.9112;15
27033;10.1802;31;5.7219;14.6385;-18.26;9.2332;70
27035;16.568;133;13.5566;19.5793;-10.4253;4.2924;184
27037;22.8342;439;20.675;24.9935;-3.3069;-1.1218;487
27039;10.6206;20;5.6312;15.6101;-18.3507;8.2616;52
27041;13.3068;66;9.8663;16.7474;-14.1156;7.1243;121
27043;9.9059;40;6.3764;13.4354;-17.6055;10.4363;95
27045;11.1703;50;7.3529;14.9876;-16.629;8.8841;100
27047;12.2987;82;9.3723;15.225;-14.6096;8.6467;154
27049;14.867;101;11.7698;17.9641;-12.2121;5.9076;163
27051;11.5087;20;5.0627;17.9547;-18.9192;5.917;36
27053;21.8298;3044;21.0294;22.6301;-2.9525;1.2416;3251
27055;15.295;46;10.5811;20.009;-13.4008;3.8627;73
27057;20.7018;53;14.7589;26.6446;-9.223;-2.7729;62
27059;13.6731;40;9.2788;18.0673;-14.7031;5.8044;73
27061;21.5321;137;17.8302;25.234;-6.1517;-1.3623;155
27063;9.0553;25;4.5963;13.5142;-19.3856;10.3575;59
27065;16.0913;30;9.9431;22.2395;-14.0388;1.6322;45
27067;9.2635;58;6.7302;11.7968;-17.2517;12.0749;142
27069;16.6049;22;7.8369;25.3729;-16.145;-1.5012;30
27071;25.1595;63;18.7618;31.5571;-5.2201;-7.6854;60
27073;10.7529;19;5.3137;16.1922;-18.6682;7.6795;50
27075;18.2902;34;11.6841;24.8963;-12.2978;-1.0246;45
27077;26.8066;19;13.2335;40.3796;-10.7484;-16.5079;16
27079;14.2201;52;9.9269;18.5132;-14.055;5.3585;90
27081;14.038;26;7.6723;20.4038;-16.3096;3.4679;39
27083;13.236;60;9.6281;16.8439;-14.3538;7.0278;95
27085;9.1783;50;6.4903;11.8664;-17.4916;12.0053;117
27087;12.4308;11;1.8256;23.0361;-22.1563;0.8356;19
27089;11.3924;25;6.095;16.6898;-17.8869;7.1819;49
27091;13.09;67;9.3393;16.8406;-14.6426;7.0311;113
27093;10.9566;38;7.1168;14.7964;-16.8651;9.0753;87
27095;18.9667;62;13.9331;24.0003;-10.0488;-0.1286;77
27097;13.4984;63;9.9902;17.0067;-13.9917;6.865;112
27099;15.9736;121;12.9504;18.9967;-11.0315;4.875;188
27101;13.3421;30;7.3637;19.3204;-16.6182;4.5513;49
27103;12.1872;45;8.2084;16.1659;-15.7735;7.7058;83
27105;13.1086;49;9.1795;17.0377;-14.8024;6.834;94
27107;14.0366;26;7.488;20.5853;-16.4939;3.2864;43
27109;15.9166;197;13.6212;18.212;-10.3607;5.6597;294
27111;14.3021;144;11.7744;16.8298;-12.2075;7.0419;237
27113;14.7849;37;9.5847;19.9852;-14.3972;3.8865;56
27115;16.2366;49;11.3834;21.0899;-12.5985;2.7818;80
27117;10.1836;27;5.3306;15.0366;-18.6513;8.8351;55
27119;14.3177;90;11.1306;17.5048;-12.8513;6.3669;142
27121;18.8087;38;12.2028;25.4147;-11.7791;-1.543;55
27123;22.4052;1571;21.2534;23.5571;-2.7285;0.3146;1635
27125;9.7827;8;0;19.5973;-23.9819;4.2744;20
27127;10.9154;39;6.712;15.1189;-17.2699;8.7528;86
27129;9.9252;47;6.1291;13.7212;-17.8528;10.1505;89
27131;16.2939;108;13.0714;19.5164;-10.9105;4.3553;154
27133;9.805;21;4.9231;14.687;-19.0588;9.1847;47
27135;16.7099;35;10.5684;22.8515;-13.4135;1.0202;46
27137;20.712;760;19.1837;22.2403;-4.7982;1.6314;864
27139;21.0347;97;16.7189;25.3505;-7.263;-1.4788;115
27141;19.4647;62;14.4901;24.4393;-9.4918;-0.5676;80
27143;6.0455;18;2.1796;9.9115;-21.8023;13.9602;65
27145;14.2411;188;12.155;16.3273;-11.8269;7.5444;316
27147;13.158;61;9.7022;16.6138;-14.2797;7.2579;109
27149;8.0959;15;2.1049;14.087;-21.877;9.7847;43
27151;10.0422;27;4.8172;15.2672;-19.1647;8.6045;58
27153;15.3227;62;11.2453;19.4001;-12.7366;4.4716;98
27155;14.9271;19;6.6624;23.1917;-17.3195;0.68;27
27157;13.7282;48;9.3936;18.0628;-14.5883;5.8089;78
27159;14.2449;36;9.201;19.2888;-14.7809;4.5829;60
27161;16.216;49;11.1227;21.3094;-12.8592;2.5623;70
27163;24.9083;273;21.9072;27.9094;-2.0747;-4.0377;277
27165;16.1236;39;10.4361;21.8111;-13.5458;2.0606;56
27167;10.3618;16;3.7823;16.9413;-20.1996;6.9304;35
27169;17.8211;128;14.5723;21.07;-9.4096;2.8017;170
27171;17.4813;119;14.2428;20.7198;-9.7391;3.1519;171
27173;9.1351;26;4.6502;13.62;-19.3317;10.2517;61
28001;23.6051;80;18.2904;28.9199;-5.6915;-5.0482;79
28003;17.3277;82;13.4638;21.1916;-10.5181;2.6801;118
28005;15.3999;22;7.9554;22.8443;-16.0265;1.0274;33
28007;13.4011;38;8.3619;18.4402;-15.62;5.4315;62
28009;13.0611;13;3.4585;22.6637;-20.5234;1.208;23
28011;21.0109;61;15.5944;26.4274;-8.3875;-2.5557;68
28013;19.1616;45;13.0542;25.2689;-10.9277;-1.3972;57
28015;19.4252;19;10.0989;28.7514;-13.883;-4.8797;24
28017;21.1436;45;14.6361;27.6511;-9.3458;-3.7794;51
28019;24.4959;27;14.4258;34.566;-9.5561;-10.6943;29
28021;13.3055;5;0;29.4535;-23.9819;-5.5818;13
28023;13.3595;30;7.3899;19.3291;-16.592;4.5426;48
28025;21.096;41;14.1277;28.0643;-9.8542;-4.1926;46
28027;30.1155;73;22.9886;37.2424;-0.9933;-13.3707;57
28029;16.7435;47;11.6869;21.8001;-12.295;2.0716;64
28031;17.0296;30;10.3963;23.663;-13.5856;0.2087;44
28033;29.8319;143;24.9101;34.7538;0.9282;-10.8821;124
28035;27.0269;204;23.2299;30.824;-0.752;-6.9523;178
28037;21.2827;22;11.691;30.8745;-12.2909;-7.0028;27
28039;18.1543;34;11.8566;24.4519;-12.1253;-0.5802;46
28041;22.891;25;13.3132;32.4687;-10.6687;-8.597;27
28043;22.255;51;15.6509;28.859;-8.331;-4.9873;54
28045;37.0983;140;30.8642;43.3323;6.8823;-19.4606;96
28047;32.1583;534;29.4101;34.9064;5.4282;-11.0347;406
28049;24.0369;527;21.9588;26.1151;-2.0231;-2.2434;524
28051;19.2315;28;10.7044;27.7586;-13.2775;-3.8869;33
28053;28.4532;24;16.3267;40.5796;-7.6552;-16.7079;20
28055;21.5624;3;0;54.0375;-23.9819;-30.1658;3
28057;14.0623;43;9.6225;18.5021;-14.3594;5.3696;77
28059;30.1474;316;26.82;33.4747;2.8381;-9.603;264
28061;15.1278;26;8.7189;21.5367;-15.263;2.335;41
28063;4.7736;2;0;20.0765;-23.9819;3.7952;9
28065;11.5717;15;4.1229;19.0205;-19.859;4.8512;30
28067;17.3313;139;14.3754;20.2873;-9.6065;3.5844;199
28069;9.8559;12;2.003;17.7089;-21.9789;6.1628;24
28071;20.4298;60;14.9834;25.8762;-8.9985;-2.0045;70
28073;17.3234;48;12.2808;22.3659;-11.7011;1.5058;70
28075;23.6097;222;20.4081;26.8114;-3.5738;-2.9397;218
28077;23.3517;33;14.5853;32.1181;-9.3966;-8.2464;34
28079;17.0688;39;11.2366;22.9011;-12.7453;0.9706;57
28081;17.296;127;14.2246;20.3675;-9.7573;3.5042;179
28083;28.8446;92;22.6748;35.0144;-1.3071;-11.1427;78
28085;14.502;59;10.6158;18.3882;-13.3661;5.4835;93
28087;19.5477;98;15.6239;23.4715;-8.358;0.4002;121
28089;23.3466;66;17.3931;29.3;-6.5888;-5.4283;74
28091;9.8216;32;6.1478;13.4955;-17.8341;10.3762;76
28093;32.027;66;24.2302;39.8238;0.2483;-15.9521;51
28095;20.4106;93;16.1262;24.6951;-7.8557;-0.8234;111
28097;12.1018;22;5.3282;18.8755;-18.6537;4.9962;40
28099;14.0173;44;9.6448;18.3898;-14.3371;5.4819;78
28101;18.027;49;12.702;23.3519;-11.2799;0.5198;66
28103;16.6843;16;6.9719;26.3968;-17.01;-2.5251;22
28105;20.421;50;14.4889;26.3531;-9.493;-2.4814;59
28107;27.4628;80;21.1304;33.7952;-2.8515;-9.9235;68
28109;31.547;134;26.1628;36.9312;2.1809;-13.0595;106
28111;22.653;25;13.646;31.6601;-10.3359;-7.7884;27
28113;19.9647;87;15.4828;24.4466;-8.4991;-0.5749;99
28115;20.7011;62;15.3497;26.0526;-8.6322;-2.1809;76
28117;12.7762;46;8.928;16.6244;-15.0539;7.2473;87
28119;25.3019;28;14.6449;35.959;-9.337;-12.0873;24
28121;21.9627;152;18.4574;25.4681;-5.5245;-1.5964;176
28123;20.4406;54;14.7953;26.0858;-9.1866;-2.2141;63
28125;25.9144;12;8.8428;42.986;-15.1391;-19.1143;11
28127;19.2139;54;13.9017;24.5261;-10.0802;-0.6544;67
28129;13.6211;27;8.31;18.9322;-15.6719;4.9395;49
28131;32.3115;39;21.95;42.6731;-2.0319;-18.8014;29
28133;27.3871;65;20.4561;34.3181;-3.5258;-10.4464;57
28135;25.8455;36;17.0189;34.672;-6.963;-10.8003;34
28137;20.3836;42;13.7726;26.9947;-10.2093;-3.123;48
28139;12.6862;38;8.2415;17.1308;-15.7404;6.7409;68
28141;15.5941;50;11.0914;20.0967;-12.8905;3.775;74
28143;28.2053;14;11.4459;44.9647;-12.536;-21.093;11
28145;17.3157;56;12.5591;22.0722;-11.4228;1.7995;82
28147;13.9755;23;7.7767;20.1744;-16.2052;3.6973;38
28149;24.569;111;19.9197;29.2182;-4.0622;-5.3465;109
28151;29.976;144;25.0169;34.9352;1.035;-11.0635;117
28153;18.7369;35;12.2879;25.1859;-11.694;-1.3142;45
28155;12.2456;20;5.7574;18.7337;-18.2245;5.138;40
28157;28.4976;20;14.7829;42.2122;-9.199;-18.3405;16
28159;16.8809;40;11.2549;22.5069;-12.727;1.3648;58
28161;22.2946;40;14.5608;30.0283;-9.4211;-6.1566;43
28163;25.1894;63;18.5021;31.8767;-5.4798;-8.005;57
29001;19.4472;77;14.742;24.1524;-9.2399;-0.2807;88
29003;14.6808;34;9.4267;19.9348;-14.5552;3.9369;59
29005;18.0904;32;10.7756;25.4052;-13.2063;-1.5335;41
29007;19.7205;86;15.3384;24.1027;-8.6435;-0.231;110
29009;20.7059;111;16.6302;24.7816;-7.3517;-0.9099;125
29011;11.9808;32;6.83;17.1316;-17.1519;6.7401;58
29013;20.1663;72;15.1191;25.2135;-8.8628;-1.3418;78
29015;29.4914;89;22.9765;36.0063;-1.0054;-12.1346;72
29017;23.1099;39;15.5468;30.6731;-8.4351;-6.8014;44
29019;24.1867;235;21.0153;27.3581;-2.9666;-3.4864;239
29021;23.541;369;21.0093;26.0727;-2.9726;-2.201;373
29023;23.2617;153;19.4682;27.0552;-4.5137;-3.1835;159
29025;11.5999;20;5.6126;17.5872;-18.3693;6.2845;44
29027;18.406;77;14.114;22.6979;-9.8679;1.1738;104
29029;27.1274;122;22.1603;32.0945;-1.8216;-8.2228;114
29031;17.1456;159;14.3647;19.9265;-9.6172;3.9452;216
29033;19.2296;51;13.1816;25.2775;-10.8003;-1.4058;58
29035;29.9587;24;17.6462;42.2712;-6.3357;-18.3995;22
29037;21.99;156;18.4523;25.5277;-5.5296;-1.656;175
29039;13.9638;41;9.1867;18.7408;-14.7952;5.1309;69
29041;11.879;26;6.5415;17.2165;-17.4404;6.6552;49
29043;21.7349;81;16.7966;26.6732;-7.1853;-2.8015;90
29045;15.0305;23;7.9385;22.1225;-16.0434;1.7492;34
29047;25.4908;443;23.1078;27.8739;-0.8741;-4.0022;431
29049;16.8597;42;11.3593;22.36;-12.6226;1.5117;64
29051;22.7268;181;19.2865;26.1671;-4.6954;-2.2954;200
29053;14.874;40;9.937;19.8109;-14.0449;4.0608;64
29055;19.0531;65;14.139;23.9672;-9.8429;-0.0955;82
29057;17.4226;28;10.0859;24.7593;-13.896;-0.8876;42
29059;25.2228;60;18.4811;31.9645;-5.5008;-8.0928;59
29061;19.4466;33;12.1448;26.7484;-11.8371;-2.8767;43
29063;16.1915;25;8.3173;24.0657;-15.6646;-0.194;39
29065;14.8318;40;9.7895;19.8741;-14.1924;3.9976;65
29067;13.5924;28;7.9737;19.2111;-16.0082;4.6606;51
29069;24.108;149;20.0547;28.1614;-3.9272;-4.2897;156
29071;23.4749;244;20.4684;26.4813;-3.5135;-2.6096;252
29073;16.2823;49;10.9202;21.6444;-13.0617;2.2273;71
29075;13.6909;23;6.9731;20.4087;-17.0088;3.463;45
29077;23.9598;700;22.1199;25.7996;-1.862;-1.9279;715
29079;18.0642;44;11.8584;24.2701;-12.1235;-0.3984;62
29081;15.3122;33;9.4217;21.2028;-14.5602;2.6689;54
29083;20.1307;80;15.2816;24.9798;-8.7003;-1.1081;104
29085;22.9021;41;15.1298;30.6744;-8.8521;-6.8027;43
29087;17.9506;30;10.2332;25.6679;-13.7487;-1.7962;35
29089;14.2237;30;7.7951;20.6523;-16.1868;3.2194;44
29091;20.3212;116;16.4672;24.1751;-7.5147;-0.3034;136
29093;24.5015;52;17.0586;31.9443;-6.9233;-8.0726;50
29095;26.6427;2353;25.5292;27.7563;1.5473;-3.8846;2038
29097;27.055;427;24.3765;29.7335;0.3946;-5.8618;379
29099;33.568;522;30.6741;36.4619;6.6922;-12.5902;389
29101;15.0008;64;11.1936;18.8079;-12.7883;5.0638;104
29103;6.8695;10;0;14.7693;-23.9819;9.1024;28
29105;20.373;84;15.8831;24.8629;-8.0988;-0.9912;104
29107;19.3234;108;15.4198;23.2271;-8.5621;0.6446;131
29109;17.5528;95;13.8002;21.3054;-10.1817;2.5663;136
29111;16.0202;29;9.6984;22.3419;-14.2835;1.5298;45
29113;22.6874;83;17.4413;27.9336;-6.5406;-4.0619;87
29115;16.046;61;11.5564;20.5357;-12.4255;3.336;85
29117;15.7743;53;10.8646;20.684;-13.1173;3.1877;74
29119;24.0247;64;17.9384;30.1111;-6.0435;-6.2394;64
29121;15.7844;61;11.3062;20.2626;-12.6757;3.6091;83
29123;23.9917;53;17.0227;30.9606;-6.9592;-7.0889;53
29125;14.6025;21;7.295;21.91;-16.6869;1.9617;34
29127;23.7489;128;19.1175;28.3803;-4.8644;-4.5086;127
29129;5.9765;7;0;13.2695;-23.9819;10.6022;25
29131;19.9642;69;14.8816;25.0467;-9.1003;-1.175;82
29133;24.3895;59;17.9233;30.8558;-6.0586;-6.9841;56
29135;19.3371;45;12.647;26.0271;-11.3349;-2.1554;54
29137;17.0709;30;9.6308;24.511;-14.3511;-0.6393;44
29139;12.3093;31;6.5996;18.0189;-17.3823;5.8528;54
29141;25.4178;76;19.3514;31.4842;-4.6305;-7.6125;76
29143;25.2342;79;19.508;30.9604;-4.4739;-7.0887;78
29145;22.6444;161;19.0509;26.2378;-4.931;-2.3661;166
29147;15.0486;51;10.5644;19.5328;-13.4175;4.3389;86
29149;20.1547;40;13.4058;26.9035;-10.5761;-3.0318;49
29151;12.1313;23;6.8762;17.3864;-17.1057;6.4853;46
29153;17.1245;27;10.2704;23.9785;-13.7115;-0.1068;41
29155;22.5335;76;17.2209;27.8461;-6.761;-3.9744;83
29157;9.3861;29;5.2846;13.4876;-18.6973;10.3841;72
29159;21.6918;144;17.9389;25.4447;-6.043;-1.573;153
29161;22.1233;111;17.8522;26.3944;-6.1297;-2.5227;122
29163;25.4433;77;19.2815;31.605;-4.7004;-7.7333;70
29165;25.2507;130;20.865;29.6363;-3.1169;-5.7646;127
29167;11.862;44;7.9882;15.7357;-15.9937;8.136;89
29169;24.1121;74;18.5628;29.6614;-5.4191;-5.7897;75
29171;11.7617;17;4.0686;19.4549;-19.9133;4.4168;32
29173;9.4163;16;2.5699;16.2627;-21.412;7.609;36
29175;14.868;73;11.0585;18.6776;-12.9234;5.1941;105
29177;21.8029;71;16.565;27.0408;-7.4169;-3.1691;79
29179;19.4791;21;10.6066;28.3517;-13.3753;-4.48;28
29181;17.5979;42;11.9625;23.2334;-12.0194;0.6383;59
29183;29.0913;446;26.3608;31.8217;2.3789;-7.95;391
29185;17.5912;35;10.228;24.9545;-13.7539;-1.0828;49
29186;19.9247;48;14.0655;25.784;-9.9164;-1.9123;57
29187;25.9825;200;22.2296;29.7354;-1.7523;-5.8637;196
29189;26.5325;3752;25.6708;27.3942;1.6889;-3.5225;3353
29195;14.9728;71;11.0945;18.8511;-12.8874;5.0206;109
29197;13.9778;14;3.9496;24.006;-20.0323;-0.1343;25
29199;10.5289;12;2.0836;18.9743;-21.8983;4.8974;29
29201;22.1272;130;18.2302;26.0243;-5.7517;-2.1526;142
29203;20.4057;27;11.975;28.8365;-12.0069;-4.9648;32
29205;12.0364;26;6.0239;18.0489;-17.958;5.8228;42
29207;17.9414;95;14.1366;21.7463;-9.8453;2.1254;129
29209;28.1519;100;22.4431;33.8606;-1.5388;-9.9889;90
29211;7.4617;14;0.9691;13.9543;-23.0128;9.9174;40
29213;24.1412;116;19.3551;28.9272;-4.6268;-5.0555;124
29215;14.1793;55;10.251;18.1075;-13.7309;5.7642;94
29217;17.8987;75;13.0852;22.7122;-10.8967;1.1595;91
29219;18.7605;47;13.1639;24.3571;-10.818;-0.4854;63
29221;22.8575;58;16.8816;28.8333;-7.1003;-4.9616;61
29223;24.5983;55;17.689;31.5075;-6.2929;-7.6358;57
29225;19.8398;63;14.7711;24.9086;-9.2108;-1.0369;79
29227;20.1058;17;7.3852;32.8264;-16.5967;-8.9547;17
29229;20.5874;58;15.0375;26.1374;-8.9444;-2.2657;74
29510;27.0001;1698;25.5639;28.4363;1.582;-4.5646;1407
30001;22.8835;24;13.3599;32.4071;-10.622;-8.5354;27
30003;18.5248;15;7.7277;29.3219;-16.2542;-5.4502;20
30005;11.6628;9;2.6023;20.7232;-21.3796;3.1485;19
30007;30.0746;14;12.8415;47.3076;-11.1404;-23.4359;12
30009;16.9653;27;9.7484;24.1821;-14.2335;-0.3104;38
30011;4.0518;2;0;22.6224;-23.9819;1.2493;7
30013;24.9503;265;21.8909;28.0097;-2.091;-4.138;255
30015;16.8911;15;7.3707;26.4115;-16.6112;-2.5398;23
30017;18.0038;39;11.8954;24.1123;-12.0865;-0.2406;50
30019;18.6304;10;4.8968;32.364;-19.0851;-8.4923;12
30021;14.7045;22;7.9251;21.4839;-16.0568;2.3878;37
30023;17.8204;42;11.9597;23.6812;-12.0222;0.1905;52
30025;16.2968;8;2.4941;30.0995;-21.4878;-6.2278;12
30027;16.5259;42;11.0644;21.9874;-12.9175;1.8843;57
30029;22.319;164;18.8579;25.78;-5.124;-1.9083;183
30031;13.4802;65;10.1453;16.8151;-13.8366;7.0566;116
30033;0;0;0;19.6329;-23.9819;4.2388;6
30035;23.4552;20;12.3525;34.558;-11.6294;-10.6863;20
30037;12.5939;2;0;41.3619;-23.9819;-17.4902;4
30039;23.89;11;7.1228;40.6571;-16.8591;-16.7854;11
30041;19.0546;43;13.1194;24.9898;-10.8625;-1.1181;53
30043;14.5534;12;5.1198;23.9869;-18.8621;-0.1152;21
30045;6.7707;3;0;20.7642;-23.9819;3.1075;10
30047;17.0771;50;11.7993;22.3549;-12.1826;1.5168;70
30049;27.1439;158;22.8588;31.429;-1.1231;-7.5573;143
30051;17.0151;5;0;35.7082;-23.9819;-11.8365;8
30053;30.4176;63;22.7604;38.0748;-1.2215;-14.2031;52
30055;13.759;5;0;29.7591;-23.9819;-5.8874;9
30057;18.9434;20;9.8382;28.0487;-14.1437;-4.177;24
30059;6.5817;2;0;23.5412;-23.9819;0.3305;7
30061;19.8051;9;3.7966;35.8137;-20.1853;-11.942;11
30063;27.5657;231;23.9631;31.1683;-0.0188;-7.2966;208
30065;16.8801;14;5.2662;28.4941;-18.7157;-4.6224;20
30067;17.5151;44;11.9635;23.0666;-12.0184;0.8051;56
30069;24.25;2;0;69.5703;-23.9819;-45.6986;2
30071;19.2143;15;7.8032;30.6255;-16.1787;-6.7538;18
30073;17.1921;17;8.5688;25.8153;-15.4131;-1.9436;24
30075;24.8804;8;6.298;43.4628;-17.6839;-19.5911;8
30077;18.7973;19;8.9326;28.662;-15.0493;-4.7903;23
30079;7.7315;3;0;25.4135;-23.9819;-1.5418;8
30081;24.0411;92;18.9662;29.116;-5.0157;-5.2443;95
30083;14.9938;24;8.3372;21.6503;-15.6447;2.2214;38
30085;16.6699;18;8.2003;25.1396;-15.7816;-1.2679;25
30087;26.2395;19;14.0027;38.4763;-9.9792;-14.6046;18
30089;22.0871;30;12.5815;31.5928;-11.4004;-7.7211;32
30091;17.6875;18;7.9901;27.3849;-15.9918;-3.5132;24
30093;24.4427;158;20.4756;28.4098;-3.5063;-4.5381;159
30095;19.1461;19;9.5456;28.7466;-14.4363;-4.8749;25
30097;15.4278;8;1.4063;29.4494;-22.5756;-5.5777;15
30099;23.4689;25;13.8938;33.0441;-10.0881;-9.1724;26
30101;39.1178;33;25.5547;52.6808;1.5728;-28.8091;20
30103;28.0438;4;0;61.3396;-23.9819;-37.4679;4
30105;20.5085;30;12.8251;28.1919;-11.1568;-4.3202;33
30107;20.2087;9;4.25;36.1675;-19.7319;-12.2958;11
30109;9.8091;2;0;31.458;-23.9819;-7.5863;6
30111;23.9916;351;21.4553;26.528;-2.5266;-2.6563;360
31001;14.4514;86;11.142;17.7608;-12.8399;6.1109;134
31003;6.9166;12;0.2931;13.5401;-23.6888;10.3316;40
31005;13.5928;1;0;54.6425;-23.9819;-30.7708;2
31007;0;0;0;26.8852;-23.9819;-3.0135;3
31009;9.2505;2;0;38.7128;-23.9819;-14.8411;3
31011;15.3077;22;7.7693;22.8462;-16.2126;1.0255;33
31013;16.2257;30;10.0479;22.4034;-13.934;1.4683;46
31015;10.8187;10;0;22.2626;-23.9819;1.6091;17
31017;12.9529;10;2.7793;23.1265;-21.2026;0.7452;20
31019;19.5089;95;15.3044;23.7135;-8.6775;0.1582;120
31021;10.8939;23;5.1405;16.6474;-18.8414;7.2243;44
31023;12.1344;27;6.4498;17.819;-17.5321;6.0527;44
31025;18.9997;63;14.0446;23.9548;-9.9373;-0.0831;76
31027;12.0992;25;6.2899;17.9085;-17.692;5.9632;48
31029;9.0772;8;0;18.5882;-23.9819;5.2835;20
31031;9.7405;10;1.6286;17.8524;-22.3533;6.0193;27
31033;12.2475;24;6.9824;17.5126;-16.9995;6.3591;45
31035;17.7055;26;9.7371;25.6739;-14.2448;-1.8022;35
31037;10.6151;22;5.3133;15.917;-18.6686;7.9547;48
31039;12.5718;29;6.8174;18.3261;-17.1645;5.5456;51
31041;12.887;39;8.2514;17.5227;-15.7305;6.349;68
31043;22.3342;48;15.7269;28.9415;-8.255;-5.0698;51
31045;15.5502;24;8.6774;22.4229;-15.3045;1.4488;37
31047;12.5449;49;8.7161;16.3737;-15.2658;7.498;89
31049;19.0908;10;3.6332;34.5483;-20.3487;-10.6766;13
31051;11.8375;15;4.9869;18.6881;-18.995;5.1836;32
31053;16.8597;104;13.4205;20.2989;-10.5614;3.5728;154
31055;27.0052;1443;25.5788;28.4315;1.5969;-4.5598;1255
31057;4.9398;4;0;17.3813;-23.9819;6.4904;15
31059;6.9411;12;1.2268;12.6553;-22.7551;11.2164;39
31061;14.8616;15;5.5603;24.1629;-18.4216;-0.2912;25
31063;7.7926;5;0;19.1099;-23.9819;4.7618;15
31065;15.9763;26;8.236;23.7166;-15.7459;0.1551;38
31067;12.7252;63;9.3142;16.1362;-14.6677;7.7355;117
31069;27.0806;16;12.3618;41.7994;-11.6201;-17.9277;15
31071;19.0603;10;3.7066;34.4139;-20.2753;-10.5422;12
31073;16.3603;6;0;33.0861;-23.9819;-9.2144;10
31075;8.5649;1;0;37.5792;-23.9819;-13.7075;3
31077;15.9353;10;4.0429;27.8277;-19.939;-3.956;16
31079;19.7071;148;16.3923;23.0219;-7.5896;0.8498;178
31081;15.2734;25;8.8105;21.7362;-15.1714;2.1355;37
31083;6.0477;5;0;16.2501;-23.9819;7.6216;22
31085;7.5859;2;0;27.6171;-23.9819;-3.7454;5
31087;9.6063;8;0;19.9014;-23.9819;3.9703;19
31089;10.1075;31;5.0534;15.1616;-18.9285;8.7101;55
31091;19.969;4;0;48.5638;-23.9819;-24.6921;5
31093;11.4854;14;2.7461;20.2247;-21.2358;3.647;29
31095;11.6264;27;5.5509;17.7019;-18.431;6.1698;51
31097;12.6636;15;3.7693;21.5579;-20.2126;2.3138;28
31099;8.3311;10;0.1693;16.4929;-23.8126;7.3788;30
31101;21.9564;32;13.9776;29.9353;-10.0043;-6.0636;37
31103;8.5587;2;0;31.0934;-23.9819;-7.2217;5
31105;12.8333;10;2.7867;22.8799;-21.1952;0.9918;20
31107;8.1445;20;3.5025;12.7866;-20.4794;11.0851;53
31109;18.9264;501;17.2099;20.643;-6.772;3.2287;628
31111;16.1538;89;12.6822;19.6255;-11.2997;4.2462;128
31113;10.2712;1;0;40.4846;-23.9819;-16.6129;4
31115;23.4846;4;0;55.3486;-23.9819;-31.4769;3
31117;0;0;0;29.9008;-23.9819;-6.0291;3
31119;16.0012;81;12.2503;19.7522;-11.7316;4.1195;125
31121;13.5734;22;6.8948;20.2521;-17.0871;3.6196;36
31123;7.8941;10;0;16.4449;-23.9819;7.4268;26
31125;9.6806;10;0.806;18.5551;-23.1759;5.3166;22
31127;14.2885;28;7.683;20.8939;-16.2989;2.9778;39
31129;14.6693;23;6.7625;22.5761;-17.2194;1.2956;34
31131;18.3642;56;13.1527;23.5757;-10.8292;0.296;76
31133;4.0283;5;0;13.4209;-23.9819;10.4508;23
31135;22.0711;15;9.4521;34.6901;-14.5298;-10.8184;16
31137;11.5381;24;5.4115;17.6648;-18.5704;6.2069;46
31139;14.3268;25;7.3872;21.2664;-16.5947;2.6053;38
31141;13.0345;52;9.2834;16.7856;-14.6985;7.0861;104
31143;6.5468;9;0;13.4843;-23.9819;10.3874;31
31145;14.6422;31;9.1552;20.1292;-14.8267;3.7425;54
31147;20.6215;53;14.0187;27.2242;-9.9632;-3.3525;61
31149;8.1165;6;0;23.5035;-23.9819;0.3682;10
31151;12.3103;36;7.2064;17.4141;-16.7755;6.4576;65
31153;31.1719;177;26.4696;35.8742;2.4877;-12.0025;148
31155;14.9834;48;10.5262;19.4406;-13.4557;4.4311;76
31157;15.9423;98;12.6579;19.2266;-11.324;4.6451;147
31159;9.0061;25;3.9287;14.0836;-20.0532;9.7881;61
31161;19.1873;25;10.1882;28.1863;-13.7937;-4.3146;34
31163;9.3331;7;0;18.7953;-23.9819;5.0764;20
31165;13.9175;4;0;32.3832;-23.9819;-8.5115;7
31167;9.3832;8;0;19.1808;-23.9819;4.6909;21
31169;13.0493;23;6.5693;19.5293;-17.4126;4.3424;41
31171;20.1674;3;0;50.5676;-23.9819;-26.6959;3
31173;7.6013;6;0;16.8989;-23.9819;6.9728;20
31175;8.8819;11;0.3864;17.3773;-23.5955;6.4944;29
31177;15.1996;36;9.7451;20.654;-14.2368;3.2177;58
31179;11.5074;17;4.1712;18.8435;-19.8107;5.0282;36
31181;12.6637;17;4.1776;21.1498;-19.8043;2.7219;28
31183;0;0;0;24.6609;-23.9819;-0.7892;4
31185;13.7733;36;8.9565;18.59;-15.0254;5.2817;63
32001;35.361;73;27.0839;43.6382;3.102;-19.7665;51
32003;40.6955;2429;39.0733;42.3178;15.0914;-18.4461;1602
32005;27.8179;70;21.249;34.3868;-2.7329;-10.5151;70
32007;26.3898;51;19.0337;33.7459;-4.9482;-9.8742;49
32009;35.5334;5;0;73.5574;-23.9819;-49.6857;3
32011;35.83;4;0;78.7543;-23.9819;-54.8826;3
32013;31.7598;30;20.333;43.1866;-3.6489;-19.3149;24
32015;33.7469;10;12.2279;55.2658;-11.754;-31.3941;8
32017;22.1283;11;6.4694;37.7872;-17.5125;-13.9155;13
32019;36.4481;84;28.5617;44.3346;4.5798;-20.4629;61
32021;47.1131;35;31.1926;63.0336;7.2107;-39.1619;18
32023;30.7168;49;21.6688;39.7649;-2.3131;-15.8932;42
32027;32.0849;14;12.5635;51.6064;-11.4184;-27.7347;11
32029;40.0671;9;10.5257;69.6086;-13.4562;-45.7369;6
32031;33.9182;843;31.6251;36.2114;7.6432;-12.3397;629
32033;17.7858;21;9.5054;26.0662;-14.4765;-2.1945;29
32510;39.8372;193;34.1582;45.5163;10.1763;-21.6446;128
33001;26.6098;191;22.7346;30.485;-1.2473;-6.6133;174
33003;31.2842;166;26.3205;36.2478;2.3386;-12.3761;133
33005;24.0402;237;20.8991;27.1814;-3.0828;-3.3097;240
33007;23.8857;153;19.9645;27.807;-4.0174;-3.9353;151
33009;23.7413;246;20.6718;26.8108;-3.3101;-2.9391;243
33011;24.3741;977;22.816;25.9322;-1.1659;-2.0605;975
33013;25.2751;410;22.74;27.8102;-1.2419;-3.9385;388
33015;27.8497;686;25.7406;29.9587;1.7587;-6.087;609
33017;26.0029;322;23.1023;28.9036;-0.8796;-5.0319;299
33019;21.847;135;18.0172;25.6768;-5.9647;-1.8051;146
34001;28.1762;931;26.2785;30.0738;2.2966;-6.2021;770
34003;24.0632;3539;23.2617;24.8646;-0.7202;-0.9929;3445
34005;27.3163;1160;25.7339;28.8987;1.752;-5.027;1040
34007;26.9084;1765;25.6395;28.1773;1.6576;-4.3056;1542
34009;29.2098;538;26.527;31.8927;2.5451;-8.021;444
34011;23.7895;455;21.5666;26.0125;-2.4153;-2.1408;453
34013;21.5926;2257;20.6763;22.5088;-3.3056;1.3629;2295
34015;28.8082;712;26.6813;30.9351;2.6994;-7.0634;608
34017;23.5893;2088;22.5586;24.6201;-1.4233;-0.7484;2016
34019;24.2266;295;21.4325;27.0206;-2.5494;-3.1489;290
34021;23.1782;1033;21.7411;24.6153;-2.2408;-0.7436;1040
34023;26.4491;2157;25.3302;27.568;1.3483;-3.6963;1996
34025;30.0591;2289;28.8018;31.3165;4.8199;-7.4448;1817
34027;23.2477;1267;21.9544;24.541;-2.0275;-0.6693;1301
34029;29.4644;2358;28.1348;30.794;4.1529;-6.9223;2056
34031;21.1148;1461;20.0096;22.22;-3.9723;1.6517;1584
34033;25.5448;234;22.2268;28.8627;-1.7551;-4.991;217
34035;23.4166;676;21.634;25.1992;-2.3479;-1.3275;703
34037;29.1372;400;26.2387;32.0356;2.2568;-8.1639;333
34039;21.7415;1806;20.7229;22.7601;-3.259;1.1116;1913
34041;24.9737;346;22.2877;27.6596;-1.6942;-3.7879;328
35001;20.0436;1026;18.8118;21.2753;-5.1701;2.5964;1265
35003;24.6438;9;5.4735;43.814;-18.5084;-19.9423;9
35005;26.1076;216;22.5253;29.6899;-1.4566;-5.8182;204
35007;21.9505;47;15.3778;28.5231;-8.6041;-4.6514;53
35009;16.2335;82;12.6096;19.8575;-11.3723;4.0142;122
35011;18.8253;10;3.0279;34.6227;-20.954;-10.751;13
35013;21.1552;236;18.4453;23.8651;-5.5366;0.0066;283
35015;25.4488;190;21.7565;29.141;-2.2254;-5.2693;184
35017;19.1466;70;14.5344;23.7588;-9.4475;0.1129;91
35019;21.9394;14;9.0464;34.8324;-14.9355;-10.9607;14
35021;4.1598;1;0;26.2754;-23.9819;-2.4037;5
35023;25.5337;19;13.8634;37.2041;-10.1185;-13.3324;18
35025;23.2898;149;19.541;27.0386;-4.4409;-3.1669;158
35027;15.9986;30;9.6449;22.3522;-14.337;1.5195;47
35028;9.458;16;3.7479;15.1682;-20.234;8.7035;47
35029;20.218;63;15.0084;25.4276;-8.9735;-1.5559;78
35031;13.2561;25;8.0111;18.5012;-15.9708;5.3705;46
35033;13.0691;9;2.4876;23.6506;-21.4943;0.2211;16
35035;19.1139;85;14.9007;23.3271;-9.0812;0.5446;112
35037;25.301;49;17.8949;32.707;-6.087;-8.8353;46
35039;14.0473;44;9.3761;18.7184;-14.6058;5.1533;75
35041;10.6169;25;6.1201;15.1137;-17.8618;8.758;58
35043;21.5634;92;17.0989;26.028;-6.883;-2.1563;114
35045;22.2068;127;18.3331;26.0805;-5.6488;-2.2088;143
35047;15.1396;54;10.6917;19.5875;-13.2902;4.2842;77
35049;18.9988;195;16.3134;21.6843;-7.6685;2.1874;256
35051;26.4399;64;18.9434;33.9363;-5.0385;-10.0646;60
35053;21.5155;31;13.5922;29.4388;-10.3897;-5.5671;36
35055;16.9365;43;11.8194;22.0536;-12.1625;1.8181;61
35057;25.6109;29;16.1722;35.0496;-7.8097;-11.1779;28
35059;13.8193;13;3.3609;24.2777;-20.621;-0.406;21
35061;20.9796;115;17.0967;24.8625;-6.8852;-0.9908;140
36001;26.7252;1303;25.2194;28.231;1.2375;-4.3593;1143
36003;22.1381;170;18.7066;25.5697;-5.2753;-1.698;177
36007;23.2545;856;21.6559;24.853;-2.326;-0.9813;865
36009;25.5945;341;22.7946;28.3945;-1.1873;-4.5228;319
36011;21.5514;280;18.926;24.1768;-5.0559;-0.3051;308
36013;21.7448;539;19.8415;23.648;-4.1404;0.2237;604
36015;26.3891;440;23.8507;28.9275;-0.1312;-5.0558;381
36017;22.7279;185;19.3248;26.131;-4.6571;-2.2593;187
36019;24.1094;232;20.9652;27.2537;-3.0167;-3.382;231
36021;28.0099;305;24.7228;31.297;0.7409;-7.4253;256
36023;23.3139;160;19.5932;27.0346;-4.3887;-3.1629;163
36025;23.5855;199;20.1863;26.9846;-3.7956;-3.1129;198
36027;25.9783;896;24.2441;27.7124;0.2622;-3.8407;804
36029;24.9168;4034;24.1318;25.7018;0.1499;-1.8301;3811
36031;31.072;196;26.5971;35.5469;2.6152;-11.6752;149
36033;30.9644;216;26.7116;35.2171;2.7297;-11.3454;163
36035;21.2594;221;18.3537;24.1652;-5.6282;-0.2935;238
36037;24.0746;221;20.839;27.3102;-3.1429;-3.4385;217
36039;30.2356;228;26.1236;34.3475;2.1417;-10.4758;183
36041;30.4952;30;19.1483;41.8421;-4.8336;-17.9704;23
36043;20.2585;249;17.6474;22.8696;-6.3345;1.0021;288
36045;26.8264;391;24.0619;29.5908;0.08;-5.7191;339
36049;22.4931;82;17.4806;27.5056;-6.5013;-3.6339;85
36051;26.3404;206;22.6745;30.0064;-1.3074;-6.1347;189
36053;22.5243;208;19.3947;25.654;-4.5872;-1.7823;215
36055;22.8686;2345;21.9194;23.8178;-2.0625;0.0539;2397
36057;19.1769;215;16.4708;21.883;-7.5111;1.9887;262
36059;26.2807;5494;25.5814;26.9799;1.5995;-3.1082;4939
36061;20.8607;21346;20.5708;21.1506;-3.4111;2.7211;22640
36063;27.4187;985;25.6785;29.1589;1.6966;-5.2872;860
36065;23.2676;1010;21.7865;24.7488;-2.1954;-0.8771;1033
36067;26.1875;1820;24.9575;27.4176;0.9756;-3.5459;1632
36069;23.2824;317;20.6621;25.9028;-3.3198;-2.0311;320
36071;29.4461;1071;27.6452;31.247;3.6633;-7.3753;859
36073;22.8453;131;18.8385;26.852;-5.1434;-2.9803;139
36075;25.7494;386;23.1429;28.3558;-0.839;-4.4841;362
36077;19.9385;203;17.0625;22.8145;-6.9194;1.0572;236
36079;30.9231;289;27.3253;34.5208;3.3434;-10.6491;225
36083;27.9027;684;25.7488;30.0566;1.7669;-6.1849;574
36087;25.1845;809;23.42;26.9489;-0.5619;-3.0772;761
36089;27.827;444;25.1886;30.4653;1.2067;-6.5936;382
36091;26.4788;540;24.2252;28.7324;0.2433;-4.8607;497
36093;26.7067;751;24.7305;28.683;0.7486;-4.8113;661
36095;28.8295;130;23.7256;33.9335;-0.2563;-10.0618;113
36097;26.2334;77;20.1639;32.3029;-3.818;-8.4312;68
36099;25.074;142;20.7961;29.3519;-3.1858;-5.4802;131
36101;29.0325;457;26.3035;31.7615;2.3216;-7.8898;379
36103;30.7593;4922;29.8921;31.6266;5.9102;-7.7549;3874
36105;27.8471;288;24.526;31.1681;0.5441;-7.2964;249
36107;24.1501;159;20.3602;27.9399;-3.6217;-4.0682;159
36109;22.4071;217;19.3473;25.4669;-4.6346;-1.5952;229
36111;23.8502;591;21.8707;25.8297;-2.1112;-1.958;582
36113;28.6832;274;25.1773;32.189;1.1954;-8.3173;225
36115;27.353;240;23.7972;30.9087;-0.1847;-7.037;209
36117;21.8463;262;19.152;24.5406;-4.8299;-0.6689;283
36119;24.7752;3525;23.9399;25.6104;-0.042;-1.7387;3280
36121;20.6217;114;16.7413;24.5021;-7.2406;-0.6304;137
36123;24.6373;94;19.4545;29.82;-4.5274;-5.9483;90
37001;19.8;292;17.4966;22.1034;-6.4853;1.7683;363
37003;14.6877;48;10.4845;18.8909;-13.4974;4.9808;79
37005;14.0161;25;8.1291;19.9032;-15.8528;3.9685;44
37007;17.9765;48;12.6993;23.2538;-11.2826;0.6179;64
37009;12.7915;51;9.1227;16.4603;-14.8592;7.4114;97
37011;20.3749;46;14.2662;26.4835;-9.7157;-2.6118;54
37013;25.8168;133;21.337;30.2967;-2.6449;-6.425;126
37015;21.5437;39;14.4276;28.6599;-9.5543;-4.7882;43
37017;15.1299;45;10.6357;19.624;-13.3462;4.2477;73
37019;29.5646;155;24.8465;34.2827;0.8646;-10.411;142
37021;23.6279;643;21.754;25.5018;-2.2279;-1.6301;675
37023;15.6662;159;13.2136;18.1189;-10.7683;5.7528;252
37025;18.1007;229;15.7254;20.476;-8.2565;3.3957;321
37027;18.5185;163;15.6599;21.377;-8.322;2.4947;222
37029;22.7333;15;10.0924;35.3741;-13.8895;-11.5024;17
37031;31.4936;211;27.1924;35.7948;3.2105;-11.9231;169
37033;17.8919;35;11.6825;24.1013;-12.2994;-0.2296;49
37035;19.9732;291;17.6599;22.2865;-6.322;1.5852;363
37037;14.5688;64;10.9036;18.2339;-13.0783;5.6378;110
37039;14.7214;50;10.4278;19.015;-13.5541;4.8567;86
37041;24.459;38;16.3347;32.5833;-7.6472;-8.7116;40
37043;14.8897;19;7.1596;22.6197;-16.8223;1.252;33
37045;16.347;182;13.9395;18.7546;-10.0424;5.1171;271
37047;19.1831;105;15.4808;22.8855;-8.5011;0.9862;136
37049;26.7456;179;22.8103;30.681;-1.1716;-6.8093;169
37051;29.44;424;26.6261;32.2538;2.6442;-8.3821;363
37053;37.374;58;27.5689;47.179;3.587;-23.3073;39
37055;34.5755;84;27.024;42.1271;3.0421;-18.2554;62
37057;17.4101;268;15.3147;19.5056;-8.6672;4.3661;383
37059;14.6066;52;10.4876;18.7256;-13.4943;5.1461;88
37061;14.0796;64;10.5698;17.5893;-13.4121;6.2824;110
37063;22.6802;354;20.2691;25.0913;-3.7128;-1.2196;377
37065;24.3987;115;19.8913;28.906;-4.0906;-5.0343;112
37067;21.1104;639;19.4524;22.7685;-4.5295;1.1032;739
37069;17.2395;65;12.846;21.633;-11.1359;2.2387;90
37071;21.9819;484;20.0109;23.953;-3.971;-0.0813;543
37073;18.9794;18;9.2673;28.6916;-14.7146;-4.8199;22
37075;20.7253;23;11.758;29.6926;-12.2239;-5.8209;28
37077;20.9855;72;16.0583;25.9126;-7.9236;-2.0409;85
37079;18.5915;29;11.5629;25.6202;-12.419;-1.7485;37
37081;23.4597;918;21.9232;24.9961;-2.0587;-1.1244;953
37083;20.7238;117;16.7652;24.6823;-7.2167;-0.8106;133
37085;18.3371;133;15.1698;21.5045;-8.8121;2.3672;179
37087;18.9306;161;15.9273;21.934;-8.0546;1.9377;212
37089;20.3448;252;17.6745;23.015;-6.3074;0.8567;320
37091;19.901;41;13.3447;26.4574;-10.6372;-2.5857;47
37093;19.8315;26;11.9812;27.6819;-12.0007;-3.8102;33
37095;31.6804;21;17.3078;46.053;-6.6741;-22.1813;17
37097;17.5585;211;15.1538;19.9631;-8.8281;3.9086;294
37099;15.5055;55;11.2802;19.7308;-12.7017;4.1409;87
37101;15.4091;153;12.8994;17.9189;-11.0825;5.9528;242
37103;10.7561;10;2.9775;18.5347;-21.0044;5.337;23
37105;19.347;89;15.2683;23.4257;-8.7136;0.446;116
37107;23.0973;142;19.2691;26.9255;-4.7128;-3.0538;149
37109;20.222;118;16.5361;23.9079;-7.4458;-0.0362;146
37111;20.6599;107;16.6781;24.6417;-7.3038;-0.77;132
37113;17.5879;80;13.4493;21.7265;-10.5326;2.1452;115
37115;14.5631;43;9.9499;19.1764;-14.032;4.6953;71
37117;22.6948;60;16.7861;28.6035;-7.1958;-4.7318;64
37119;25.3243;1124;23.8335;26.8151;-0.1484;-2.9434;1091
37121;12.2136;33;7.8002;16.627;-16.1817;7.2447;66
37123;18.2635;52;13.0949;23.432;-10.887;0.4397;70
37125;24.3833;212;20.9405;27.8262;-3.0414;-3.9545;225
37127;17.6935;142;14.742;20.645;-9.2399;3.2267;195
37129;29.4409;384;26.4698;32.4121;2.4879;-8.5404;325
37131;15.7523;30;9.2836;22.221;-14.6983;1.6507;47
37133;30.298;189;25.9512;34.6448;1.9693;-10.7731;157
37135;23.4324;167;19.8284;27.0363;-4.1535;-3.1646;174
37137;35.8443;51;25.7124;45.9762;1.7305;-22.1045;36
37139;26.3638;88;20.6109;32.1167;-3.371;-8.245;78
37141;17.5163;46;12.3611;22.6716;-11.6208;1.2001;68
37143;22.0988;27;13.1141;31.0835;-10.8678;-7.2118;32
37145;17.8079;62;13.2769;22.3389;-10.705;1.5328;86
37147;20.4751;163;17.3061;23.6441;-6.6758;0.2276;197
37149;14.4688;46;9.7398;19.1979;-14.2421;4.6738;76
37151;15.9946;210;13.8198;18.1694;-10.1621;5.7023;325
37153;18.9128;101;15.0918;22.7338;-8.8901;1.1379;132
37155;21.9157;147;18.3228;25.5086;-5.6591;-1.6369;163
37157;18.1445;210;15.6575;20.6315;-8.3244;3.2402;284
37159;16.3956;260;14.3598;18.4314;-9.6221;5.4403;385
37161;13.8009;124;11.312;16.2898;-12.6699;7.5819;216
37163;13.5612;72;10.3683;16.754;-13.6136;7.1177;133
37165;21.6185;59;15.9717;27.2652;-8.0102;-3.3935;69
37167;16.5903;123;13.6113;19.5693;-10.3706;4.3024;187
37169;17.1671;79;13.3162;21.018;-10.6657;2.8537;111
37171;18.2333;180;15.5087;20.9579;-8.4732;2.9138;240
37173;20.7244;30;12.9227;28.5261;-11.0592;-4.6544;38
37175;19.9357;82;15.5207;24.3507;-8.4612;-0.479;103
37177;30.1911;12;11.6162;48.7661;-12.3657;-24.8944;11
37179;17.1178;141;14.2755;19.96;-9.7064;3.9117;201
37181;22.8794;90;18.0424;27.7165;-5.9395;-3.8448;94
37183;24.7383;759;22.9673;26.5093;-1.0146;-2.6376;768
37185;19.7592;31;12.2284;27.29;-11.7535;-3.4183;37
37187;23.5331;32;15.0643;32.002;-8.9176;-8.1303;34
37189;16.9768;71;12.9349;21.0187;-11.047;2.853;100
37191;19.4263;172;16.5117;22.341;-7.4702;1.5307;216
37193;14.0899;117;11.4993;16.6805;-12.4826;7.1912;203
37195;21.7541;146;18.1918;25.3165;-5.7901;-1.4448;164
37197;14.2101;66;10.6208;17.7994;-13.3611;6.0723;115
37199;11.7149;34;7.1912;16.2386;-16.7907;7.6331;65
38001;18.6498;12;4.7367;32.563;-19.2452;-8.6913;16
38003;9.7283;26;4.545;14.9116;-19.4369;8.9601;62
38005;10.9706;12;2.7315;19.2097;-21.2504;4.662;24
38007;17.7413;2;0;61.2711;-23.9819;-37.3994;3
38009;12.3207;20;6.2965;18.345;-17.6854;5.5267;40
38011;9.7772;7;0;19.9378;-23.9819;3.9339;16
38013;13.2061;10;2.6498;23.7624;-21.3321;0.1093;18
38015;15.6515;109;12.6589;18.6441;-11.323;5.2276;168
38017;19.1211;218;16.4983;21.744;-7.4836;2.1277;272
38019;11.4692;15;5.116;17.8224;-18.8659;6.0493;31
38021;12.9275;18;4.5723;21.2828;-19.4096;2.5889;31
38023;13.9681;10;1.8141;26.122;-22.1678;-2.2503;17
38025;20.5366;12;7.4017;33.6715;-16.5802;-9.7998;15
38027;14.2819;11;1.4659;27.0979;-22.516;-3.2262;18
38029;13.6023;15;5.5021;21.7024;-18.4798;2.1693;24
38031;8.4883;6;0;18.7728;-23.9819;5.0989;20
38033;7.2547;3;0;22.0243;-23.9819;1.8474;11
38035;19.1773;130;15.7066;22.6481;-8.2753;1.2236;164
38037;11.6808;9;1.1762;22.1854;-22.8057;1.6863;18
38039;9.45;9;0.2095;18.6904;-23.7724;5.1813;18
38041;6.4884;6;0;16.4748;-23.9819;7.3969;18
38043;9.778;6;0;19.8609;-23.9819;4.0108;16
38045;9.9762;13;1.1634;18.789;-22.8185;5.0827;29
38047;5.8765;4;0;16.7202;-23.9819;7.1515;15
38049;15.4521;21;8.2632;22.641;-15.7187;1.2307;34
38051;13.6403;15;5.332;21.9485;-18.6499;1.9232;27
38053;15.2868;14;5.5779;24.9957;-18.404;-1.124;20
38055;12.1766;22;6.6567;17.6964;-17.3252;6.1753;46
38057;9.88;13;1.8322;17.9279;-22.1497;5.9438;30
38059;14.3282;47;10.0961;18.5603;-13.8858;5.3114;82
38061;16.6704;19;8.6399;24.7008;-15.342;-0.8291;29
38063;13.9249;18;5.0159;22.8339;-18.966;1.0378;27
38065;10.1238;3;0;29.6461;-23.9819;-5.7744;7
38067;20.0315;38;12.7267;27.3363;-11.2552;-3.4646;43
38069;15.5869;16;6.296;24.8778;-17.6859;-1.0061;28
38071;20.8823;42;14.0538;27.7108;-9.9281;-3.8391;54
38073;17.8665;20;9.0086;26.7243;-14.9733;-2.8526;30
38075;8.9453;7;0;20.7164;-23.9819;3.1553;15
38077;11.4675;37;7.2486;15.6864;-16.7333;8.1853;72
38079;11.2301;9;1.4588;21.0014;-22.5231;2.8703;21
38081;6.8504;6;0;15.3794;-23.9819;8.4923;21
38083;5.3101;3;0;18.4964;-23.9819;5.3753;12
38085;0;0;0;25.4959;-23.9819;-1.6242;3
38087;17.8126;3;0;44.8149;-23.9819;-20.9432;4
38089;11.4544;33;7.2891;15.6197;-16.6928;8.252;76
38091;17.4375;9;4.4226;30.4525;-19.5593;-6.5808;12
38093;13.3972;52;9.4671;17.3273;-14.5148;6.5444;94
38095;9.1061;8;0;18.3048;-23.9819;5.5669;19
38097;10.5551;18;4.3692;16.7411;-19.6127;7.1306;44
38099;14.5556;42;9.8298;19.2813;-14.1521;4.5904;65
38101;17.0094;119;13.8615;20.1574;-10.1204;3.7143;167
38103;7.9635;13;0.4496;15.4775;-23.5323;8.3942;34
38105;14.287;45;9.9602;18.6139;-14.0217;5.2578;76
39001;24.0816;89;18.8136;29.3495;-5.1683;-5.4778;90
39003;23.4949;375;21.0588;25.9309;-2.9231;-2.0592;382
39005;17.0755;124;13.9847;20.1663;-9.9972;3.7054;174
39007;23.1055;361;20.6709;25.54;-3.311;-1.6683;380
39009;27.0524;186;23.0819;31.0228;-0.9;-7.1511;161
39011;20.7122;134;17.1067;24.3177;-6.8752;-0.446;161
39013;22.1448;325;19.6647;24.6249;-4.3172;-0.7532;356
39015;31.95;154;26.7526;37.1474;2.7707;-13.2757;116
39017;29.5077;967;27.6325;31.383;3.6506;-7.5113;808
39019;18.309;71;13.8901;22.7278;-10.0918;1.1439;91
39021;21.5411;112;17.3895;25.6926;-6.5924;-1.8209;121
39023;25.2824;548;23.1264;27.4383;-0.8555;-3.5666;517
39025;35.3083;506;32.221;38.3956;8.2391;-14.5239;361
39027;22.1101;118;17.9684;26.2518;-6.0135;-2.3801;124
39029;20.4279;372;18.3202;22.5355;-5.6617;1.3362;433
39031;17.8077;104;14.2343;21.3812;-9.7476;2.4905;139
39033;22.5654;183;19.1841;25.9468;-4.7978;-2.0751;191
39035;23.5458;5268;22.8934;24.1983;-1.0885;-0.3266;5181
39037;17.123;150;14.2551;19.9908;-9.7268;3.8809;208
39039;19.7515;100;15.8258;23.6771;-8.1561;0.1946;126
39041;20.2565;142;16.8787;23.6342;-7.1032;0.2375;172
39043;27.2789;296;24.1372;30.4207;0.1553;-6.549;263
39045;24.3483;320;21.6457;27.051;-2.3362;-3.1793;322
39047;23.4694;100;18.7566;28.1823;-5.2253;-4.3106;105
39049;30.0542;3032;28.9728;31.1356;4.9909;-7.2639;2415
39051;16.1439;82;12.5835;19.7043;-11.3984;4.1674;128
39053;22.0876;93;17.5198;26.6554;-6.4621;-2.7837;105
39055;20.9982;189;17.9879;24.0084;-5.994;-0.1367;226
39057;25.6098;361;22.9433;28.2763;-1.0386;-4.4046;348
39059;23.8557;165;20.0681;27.6433;-3.9138;-3.7716;164
39061;29.7686;3615;28.7705;30.7667;4.7886;-6.895;2849
39063;16.9335;174;14.3443;19.5228;-9.6376;4.3489;235
39065;21.1458;103;16.8534;25.4383;-7.1285;-1.5666;115
39067;27.2089;83;21.1657;33.252;-2.8162;-9.3803;72
39069;12.9975;61;9.4744;16.5207;-14.5075;7.351;107
39071;26.0718;143;21.6583;30.4853;-2.3236;-6.6136;138
39073;24.5098;90;19.3364;29.6832;-4.6455;-5.8115;89
39075;8.7395;31;5.4484;12.0307;-18.5335;11.841;91
39077;19.9748;154;16.7496;23.2001;-7.2323;0.6716;184
39079;25.2698;122;20.6018;29.9377;-3.3801;-6.066;120
39081;25.6096;394;23.0422;28.1769;-0.9397;-4.3052;362
39083;19.3793;146;16.1361;22.6226;-7.8458;1.2491;181
39085;28.1733;778;26.1898;30.1568;2.2079;-6.2851;689
39087;29.6781;277;26.1481;33.2081;2.1662;-9.3364;226
39089;28.3239;486;25.7761;30.8718;1.7942;-7.0001;417
39091;23.042;149;19.251;26.833;-4.7309;-2.9613;160
39093;23.806;800;22.143;25.4691;-1.8389;-1.5974;812
39095;27.622;1862;26.3369;28.907;2.355;-5.0353;1565
39097;28.9898;121;23.7854;34.1942;-0.1965;-10.3225;102
39099;20.3664;924;19.0289;21.7038;-4.953;2.1679;1077
39101;24.7676;224;21.4728;28.0625;-2.5091;-4.1908;225
39103;23.0181;297;20.3648;25.6714;-3.6171;-1.7997;320
39105;18.2873;69;13.8257;22.7488;-10.1562;1.1229;91
39107;16.437;92;13.0036;19.8703;-10.9783;4.0014;136
39109;24.6249;326;21.9164;27.3334;-2.0655;-3.4617;321
39111;18.815;45;13.1415;24.4885;-10.8404;-0.6168;63
39113;27.5681;2038;26.3596;28.7765;2.3777;-4.9048;1761
39115;19.3301;44;13.2008;25.4593;-10.7811;-1.5876;54
39117;17.9098;61;13.317;22.5026;-10.6649;1.3691;84
39119;26.3301;337;23.4453;29.2149;-0.5366;-5.3432;311
39121;14.2556;27;8.5391;19.9722;-15.4428;3.8995;46
39123;20.943;138;17.4126;24.4734;-6.5693;-0.6017;158
39125;20.9894;57;15.4449;26.534;-8.537;-2.6623;65
39127;21.3275;99;17.0356;25.6195;-6.9463;-1.7478;112
39129;26.0091;142;21.7032;30.315;-2.2787;-6.4433;133
39131;19.0543;67;14.3404;23.7682;-9.6415;0.1035;85
39133;25.3267;372;22.7426;27.9108;-1.2393;-4.0391;363
39135;19.5144;108;15.7804;23.2484;-8.2015;0.6233;133
39137;14.4984;64;10.7665;18.2302;-13.2154;5.6415;110
39139;20.9218;384;18.8052;23.0384;-5.1767;0.8333;439
39141;24.0459;220;20.8279;27.264;-3.154;-3.3923;221
39143;19.5971;184;16.6987;22.4955;-7.2832;1.3762;221
39145;24.8144;346;22.1243;27.5046;-1.8576;-3.6329;335
39147;19.9406;188;17.0004;22.8808;-6.9815;0.9909;219
39149;18.6966;108;15.0863;22.3069;-8.8956;1.5648;140
39151;21.8751;1256;20.6466;23.1036;-3.3353;0.7681;1375
39153;25.629;1988;24.4848;26.7732;0.5029;-2.9015;1834
39155;21.3612;740;19.813;22.9094;-4.1689;0.9623;844
39157;19.3837;264;16.9848;21.7827;-6.9971;2.089;336
39159;19.6117;81;15.1056;24.1177;-8.8763;-0.246;101
39161;16.0083;87;12.4539;19.5626;-11.528;4.3091;122
39163;22.9054;39;15.1939;30.617;-8.788;-6.7453;41
39165;31.0761;346;27.7764;34.3757;3.7945;-10.504;285
39167;23.0213;221;19.9212;26.1215;-4.0607;-2.2498;230
39169;19.7597;254;17.2899;22.2295;-6.692;1.6422;316
39171;19.0506;107;15.283;22.8183;-8.6989;1.0534;134
39173;20.2728;266;17.7975;22.748;-6.1844;1.1237;314
39175;15.2716;61;11.159;19.3842;-12.8229;4.4875;90
40001;15.2127;32;9.6949;20.7305;-14.287;3.1412;50
40003;13.2999;29;5.5339;21.0659;-18.448;2.8058;39
40005;21.2316;39;14.3208;28.1423;-9.6611;-4.2706;45
40007;12.8827;15;4.9715;20.7938;-19.0104;3.0779;27
40009;21.5144;77;16.1888;26.8399;-7.7931;-2.9682;91
40011;15.046;37;9.2538;20.8382;-14.7281;3.0335;56
40013;26.1824;134;21.4549;30.9099;-2.527;-7.0382;126
40015;21.7194;100;17.192;26.2468;-6.7899;-2.3751;118
40017;24.1916;158;20.3444;28.0388;-3.6375;-4.1671;164
40019;24.5851;172;20.7407;28.4294;-3.2412;-4.5577;169
40021;19.8655;79;15.281;24.4499;-8.7009;-0.5782;92
40023;27.6061;73;20.8611;34.3511;-3.1208;-10.4794;61
40025;23.6934;16;11.0587;36.3282;-12.9232;-12.4565;15
40027;23.4494;295;20.7562;26.1426;-3.2257;-2.2709;316
40029;22.0035;24;12.1538;31.8533;-11.8281;-7.9816;26
40031;28.8055;277;25.3957;32.2153;1.4138;-8.3436;239
40033;25.9955;34;16.3346;35.6564;-7.6473;-11.7847;33
40035;18.7939;45;12.859;24.7288;-11.1229;-0.8571;60
40037;26.5173;221;22.9302;30.1044;-1.0517;-6.2327;200
40039;18.8181;74;14.2238;23.4124;-9.7581;0.4593;91
40041;26.1146;117;21.1174;31.1119;-2.8645;-7.2402;111
40043;17.4287;22;8.7815;26.0759;-15.2004;-2.2042;30
40045;9.8723;12;1.283;18.4617;-22.6989;5.41;27
40047;16.8861;173;14.2244;19.5478;-9.7575;4.3239;236
40049;18.7177;106;14.8361;22.5993;-9.1458;1.2724;129
40051;18.1614;115;14.694;21.6287;-9.2879;2.243;148
40053;12.5423;19;5.6656;19.4191;-18.3163;4.4526;36
40055;18.0699;29;9.8973;26.2424;-14.0846;-2.3707;42
40057;12.1048;14;3.7039;20.5058;-20.278;3.3659;24
40059;16.6072;13;6.0932;27.1211;-17.8887;-3.2494;22
40061;19.6246;41;12.9592;26.2901;-11.0227;-2.4184;47
40063;22.788;62;16.4379;29.1381;-7.544;-5.2664;68
40065;20.6913;80;15.9782;25.4045;-8.0037;-1.5328;91
40067;19.7096;32;11.48;27.9391;-12.5019;-4.0674;39
40069;23.6141;42;15.8748;31.3533;-8.1071;-7.4816;40
40071;22.2325;209;19.0351;25.4299;-4.9468;-1.5582;216
40073;15.8143;38;10.4555;21.173;-13.5264;2.6987;55
40075;16.1211;46;10.3304;21.9118;-13.6515;1.9599;63
40077;26.6475;39;17.9132;35.3818;-6.0687;-11.5101;36
40079;20.8167;125;17.0309;24.6024;-6.951;-0.7307;154
40081;16.5321;75;12.5091;20.5551;-11.4728;3.3166;107
40083;22.109;92;17.2669;26.9511;-6.715;-3.0794;93
40085;16.0988;23;7.5974;24.6001;-16.3845;-0.7284;32
40087;23.2476;68;17.6096;28.8855;-6.3723;-5.0138;71
40089;21.398;91;16.8687;25.9272;-7.1132;-2.0555;104
40091;30.3851;88;23.703;37.0673;-0.2789;-13.1956;71
40093;12.1285;23;5.7867;18.4704;-18.1952;5.4013;39
40095;16.3277;40;10.4829;22.1725;-13.499;1.6992;56
40097;30.2308;150;25.2306;35.231;1.2487;-11.3593;119
40099;24.5784;55;17.5369;31.62;-6.445;-7.7483;54
40101;30.4249;285;26.7616;34.0881;2.7797;-10.2164;223
40103;18.3351;35;11.5848;25.0854;-12.3971;-1.2137;47
40105;19.4427;35;12.578;26.3073;-11.4039;-2.4356;44
40107;20.9106;34;13.3376;28.4835;-10.6443;-4.6118;41
40109;29.9536;2272;28.7048;31.2023;4.7229;-7.3306;1816
40111;26.8889;162;22.5117;31.2662;-1.4702;-7.3945;140
40113;23.5152;125;19.3033;27.7271;-4.6786;-3.8554;130
40115;28.0559;157;23.4582;32.6535;-0.5237;-8.7818;132
40117;21.1044;55;15.2854;26.9234;-8.6965;-3.0517;61
40119;20.9525;154;17.4761;24.4288;-6.5058;-0.5571;171
40121;19.3789;141;16.0224;22.7354;-7.9595;1.1363;173
40123;19.443;113;15.6431;23.2429;-8.3388;0.6288;139
40125;24.6687;227;21.3135;28.0239;-2.6684;-4.1522;216
40127;24.5764;46;17.0223;32.1305;-6.9596;-8.2588;48
40129;16.1601;14;6.3868;25.9334;-17.5951;-2.0617;20
40131;28.5163;161;24.0772;32.9554;0.0953;-9.0837;137
40133;24.6988;112;19.7252;29.6724;-4.2567;-5.8007;108
40135;24.0769;93;19.0995;29.0543;-4.8824;-5.1826;98
40137;27.1802;211;23.3602;31.0001;-0.6217;-7.1284;190
40139;18.7107;46;13.1933;24.2282;-10.7886;-0.3565;58
40141;14.9972;29;8.4705;21.5238;-15.5114;2.3479;52
40143;29.724;1788;28.3273;31.1206;4.3454;-7.2489;1456
40145;25.8018;113;21.0151;30.5885;-2.9668;-6.7168;109
40147;22.9311;182;19.505;26.3572;-4.4769;-2.4855;188
40149;8.9255;22;3.5608;14.2901;-20.4211;9.5816;60
40151;13.075;32;7.1039;19.0461;-16.878;4.8256;53
40153;19.1937;56;13.8812;24.5062;-10.1007;-0.6345;70
41001;22.407;64;16.5248;28.2893;-7.4571;-4.4176;70
41003;19.3909;138;16.0859;22.6959;-7.896;1.1758;173
41005;26.8871;870;25.0799;28.6942;1.098;-4.8225;805
41007;35.2326;193;30.0875;40.3778;6.1056;-16.5061;134
41009;32.0707;156;26.9736;37.1678;2.9917;-13.2961;119
41011;34.9819;342;31.215;38.7489;7.2331;-14.8772;237
41013;31.4853;65;23.6163;39.3543;-0.3656;-15.4826;51
41015;37.4896;128;30.7098;44.2693;6.7279;-20.3976;89
41017;30.452;264;26.7379;34.1662;2.756;-10.2945;225
41019;31.4654;418;28.4198;34.511;4.4379;-10.6393;329
41021;16.0447;5;0;35.6374;-23.9819;-11.7657;8
41023;24.295;29;15.2009;33.3891;-8.781;-9.5174;29
41025;25.5918;25;15.3819;35.8016;-8.6;-11.9299;24
41027;27.4144;65;20.5541;34.2747;-3.4278;-10.403;57
41029;29.2241;609;26.8399;31.6084;2.858;-7.7367;529
41031;19.7631;28;11.6715;27.8548;-12.3104;-3.9831;36
41033;32.0253;356;28.5847;35.4658;4.6028;-11.5941;272
41035;23.3578;185;19.9626;26.7529;-4.0193;-2.8812;192
41037;25.2593;26;15.2263;35.2924;-8.7556;-11.4207;26
41039;28.8856;1037;27.099;30.6723;3.1171;-6.8006;881
41041;33.8904;245;29.4951;38.2856;5.5132;-14.4139;174
41043;29.8777;384;26.8337;32.9218;2.8518;-9.0501;320
41045;13.2255;54;9.2856;17.1653;-14.6963;6.7064;94
41047;25.914;819;24.0667;27.7613;0.0848;-3.8896;788
41049;33.7157;31;21.6074;45.8241;-2.3745;-21.9524;23
41051;30.6661;2711;29.4615;31.8707;5.4796;-7.999;2091
41053;22.9116;163;19.2571;26.5662;-4.7248;-2.6945;177
41055;39.0048;13;16.1421;61.8675;-7.8398;-37.9958;8
41057;31.0561;126;25.3905;36.7217;1.4086;-12.85;101
41059;24.0261;202;20.6432;27.409;-3.3387;-3.5373;202
41061;24.8895;85;19.3654;30.4135;-4.6165;-6.5418;83
41063;16.808;21;8.3276;25.2884;-15.6543;-1.4167;30
41065;26.4578;99;21.0187;31.8969;-2.9632;-8.0252;89
41067;25.7974;796;23.9764;27.6185;-0.0055;-3.7468;778
41069;26.0041;7;2.6933;49.3149;-21.2886;-25.4432;7
41071;20.7919;179;17.6324;23.9514;-6.3495;-0.0797;207
42001;16.8738;184;14.3746;19.373;-9.6073;4.4987;264
42003;26.1769;6671;25.5345;26.8193;1.5526;-2.9476;5946
42005;19.6982;281;17.3333;22.063;-6.6486;1.8087;335
42007;21.0224;708;19.4596;22.5852;-4.5223;1.2865;802
42009;12.5673;102;10.0625;15.0722;-13.9194;8.7995;190
42011;19.7866;1149;18.6094;20.9638;-5.3725;2.9079;1364
42013;19.3629;493;17.596;21.1298;-6.3859;2.7419;606
42015;18.8578;185;16.0644;21.6513;-7.9175;2.2204;235
42017;24.9861;1561;23.7392;26.233;-0.2427;-2.3613;1550
42019;20.0153;443;18.1159;21.9146;-5.866;1.9571;534
42021;15.2738;523;13.9292;16.6185;-10.0527;7.2532;795
42023;16.9091;21;8.902;24.9163;-15.0799;-1.0446;29
42025;16.5119;185;14.0401;18.9838;-9.9418;4.8879;267
42027;19.9653;251;17.4673;22.4633;-6.5146;1.4084;298
42029;22.7206;963;21.2719;24.1692;-2.71;-0.2975;1030
42031;19.8344;128;16.3006;23.3683;-7.6813;0.5034;155
42033;17.5727;253;15.3446;19.8008;-8.6373;4.0709;342
42035;19.3757;126;15.9269;22.8246;-8.055;1.0471;154
42037;15.0555;168;12.7142;17.3967;-11.2677;6.475;257
42039;18.7634;276;16.475;21.0518;-7.5069;2.8199;348
42041;20.7027;584;18.9969;22.4084;-4.985;1.4633;684
42043;20.3211;763;18.8458;21.7964;-5.1361;2.0753;866
42045;27.3212;2557;26.24;28.4025;2.2581;-4.5308;2189
42047;25.06;157;21.0736;29.0465;-2.9083;-5.1748;149
42049;23.5524;990;22.0632;25.0417;-1.9187;-1.17;1006
42051;18.5059;539;16.9028;20.1091;-7.0791;3.7626;681
42053;30.2087;28;18.599;41.8185;-5.3829;-17.9468;23
42055;15.9451;305;14.1108;17.7793;-9.8711;6.0924;450
42057;11.2493;23;5.4988;16.9998;-18.4831;6.8719;47
42059;18.0882;125;14.7913;21.3851;-9.1906;2.4866;168
42061;17.4695;119;14.2372;20.7018;-9.7447;3.1699;164
42063;16.6146;225;14.3939;18.8352;-9.588;5.0365;322
42065;18.4972;166;15.5054;21.4889;-8.4765;2.3828;209
42067;11.6161;40;7.8523;15.3799;-16.1296;8.4918;78
42069;15.792;780;14.63;16.954;-9.3519;6.9177;1166
42071;18.4617;1088;17.3326;19.5909;-6.6493;4.2808;1404
42073;16.9501;335;15.0949;18.8054;-8.887;5.0663;458
42075;16.4668;306;14.5698;18.3637;-9.4121;5.508;442
42077;19.0092;943;17.7686;20.2497;-6.2133;3.622;1178
42079;15.0938;1138;14.1815;16.0061;-9.8004;7.8656;1755
42081;22.3684;456;20.2568;24.4801;-3.7251;-0.6084;478
42083;25.6626;238;22.2919;29.0333;-1.69;-5.1616;219
42085;18.1688;400;16.3482;19.9894;-7.6337;3.8823;524
42087;16.4675;140;13.6729;19.2621;-10.309;4.6096;201
42089;22.6948;277;19.9643;25.4253;-4.0176;-1.5536;298
42091;23.6611;2623;22.7354;24.5869;-1.2465;-0.7152;2621
42093;16.1722;61;11.8222;20.5221;-12.1597;3.3496;81
42095;19.9245;803;18.5213;21.3277;-5.4606;2.544;957
42097;17.7318;382;15.8911;19.5724;-8.0908;4.2993;495
42099;20.8978;108;16.7855;25.0102;-7.1964;-1.1385;124
42101;27.8554;6048;27.1147;28.596;3.1328;-4.7243;4960
42103;24.3647;101;19.4502;29.2792;-4.5317;-5.4075;101
42105;22.732;68;17.1278;28.3361;-6.8541;-4.4644;71
42107;16.0546;552;14.6588;17.4505;-9.3231;6.4212;818
42109;14.0324;69;10.6921;17.3727;-13.2898;6.499;121
42111;14.2088;210;12.2226;16.195;-11.7593;7.6767;348
42113;18.8765;25;10.3922;27.3608;-13.5897;-3.4891;29
42115;14.9997;96;11.8989;18.1004;-12.083;5.7713;154
42117;18.0446;119;14.6953;21.3938;-9.2866;2.4779;155
42119;13.697;69;10.0498;17.3441;-13.9321;6.5276;117
42121;22.8438;248;19.9413;25.7463;-4.0406;-1.8746;253
42123;22.0307;181;18.7518;25.3095;-5.2301;-1.4378;194
42125;20.4322;789;18.981;21.8835;-5.0009;1.9882;918
42127;20.4429;138;16.8649;24.0209;-7.117;-0.1492;165
42129;20.0041;1370;18.9304;21.0778;-5.0515;2.7939;1639
42131;23.2108;86;18.1949;28.2266;-5.787;-4.3549;93
42133;18.7768;915;17.54;20.0137;-6.4419;3.858;1166
44001;18.6108;150;15.5825;21.6391;-8.3994;2.2326;196
44003;25.5772;656;23.5864;27.568;-0.3955;-3.6963;626
44005;27.7893;342;24.7712;30.8074;0.7893;-6.9357;296
44007;22.2752;2367;21.3366;23.2138;-2.6453;0.6579;2505
44009;27.0003;360;24.1522;29.8485;0.1703;-5.9768;329
45001;18.7863;52;13.0508;24.5218;-10.9311;-0.6501;71
45003;25.1995;305;22.362;28.0369;-1.6199;-4.1652;300
45005;22.1864;17;9.8297;34.5431;-14.1522;-10.6714;18
45007;17.3953;318;15.4636;19.3271;-8.5183;4.5446;453
45009;13.8679;20;7.083;20.6527;-16.8989;3.219;34
45011;26.2538;47;18.6228;33.8849;-5.3591;-10.0132;44
45013;31.9864;202;27.495;36.4777;3.5131;-12.606;170
45015;37.7637;212;32.5927;42.9347;8.6108;-19.063;147
45017;12.2678;12;3.6001;20.9354;-20.3818;2.9363;25
45019;32.0623;728;29.7247;34.3998;5.7428;-10.5281;559
45021;17.9909;100;14.3969;21.5848;-9.585;2.2869;135
45023;20.7792;73;15.732;25.8265;-8.2499;-1.9548;87
45025;16.9588;70;12.9373;20.9803;-11.0446;2.8914;99
45027;20.964;41;14.1394;27.7886;-9.8425;-3.9169;50
45029;24.1024;71;18.4011;29.8038;-5.5808;-5.9321;72
45031;22.5818;131;18.6639;26.4996;-5.318;-2.6279;144
45033;22.7857;65;17.0871;28.4843;-6.8948;-4.6126;68
45035;29.1903;133;24.1855;34.1951;0.2036;-10.3234;119
45037;18.9751;30;11.9982;25.9521;-11.9837;-2.0804;39
45039;22.6308;38;15.0952;30.1665;-8.8867;-6.2948;44
45041;23.962;238;20.8972;27.0267;-3.0847;-3.155;245
45043;21.5059;80;16.5661;26.4457;-7.4158;-2.574;95
45045;20.74;754;19.2471;22.2329;-4.7348;1.6388;901
45047;19.0671;136;15.7411;22.3931;-8.2408;1.4786;177
45049;16.6757;24;9.3902;23.9611;-14.5917;-0.0894;36
45051;24.27;342;21.6744;26.8656;-2.3075;-2.9939;370
45053;27.5085;25;16.0561;38.9609;-7.9258;-15.0892;23
45055;24.0996;101;19.3764;28.8228;-4.6055;-4.9511;104
45057;17.3567;106;14.0279;20.6856;-9.954;3.1861;149
45059;17.2673;118;14.0179;20.5167;-9.964;3.355;166
45061;15.1315;23;8.2184;22.0446;-15.7635;1.8271;33
45063;25.5599;381;22.9859;28.134;-0.996;-4.2623;379
45065;17.9678;11;6.4702;29.4654;-17.5117;-5.5937;16
45067;18.0568;49;12.8533;23.2602;-11.1286;0.6115;65
45069;15.4864;41;10.2239;20.7488;-13.758;3.1229;64
45071;15.5772;68;11.7101;19.4442;-12.2718;4.4275;105
45073;19.8958;144;16.5944;23.1972;-7.3875;0.6745;183
45075;23.0448;147;19.2414;26.8482;-4.7405;-2.9765;157
45077;17.1717;170;14.5602;19.7831;-9.4217;4.0886;252
45079;25.9065;588;23.7958;28.0173;-0.1861;-4.1456;544
45081;10.6386;23;5.3858;15.8915;-18.5961;7.9802;49
45083;17.8455;466;16.205;19.486;-7.7769;4.3857;656
45085;20.296;124;16.6991;23.893;-7.2828;-0.0213;151
45087;16.8259;68;12.7335;20.9184;-11.2484;2.9533;101
45089;16.7206;40;11.4238;22.0175;-12.5581;1.8542;57
45091;23.2893;285;20.5759;26.0027;-3.406;-2.131;308
46003;8.3775;6;0;19.8303;-23.9819;4.0414;16
46005;17.0175;55;12.2913;21.7437;-11.6906;2.128;84
46007;7.4365;2;0;25.623;-23.9819;-1.7513;8
46009;7.9727;15;1.1719;14.7735;-22.81;9.0982;37
46011;11.8433;39;7.74;15.9466;-16.2419;7.9251;74
46013;14.4614;86;11.274;17.6489;-12.7079;6.2228;139
46015;17.0487;17;7.8373;26.26;-16.1446;-2.3883;22
46017;22.9052;2;0;70.4365;-23.9819;-46.5648;1
46019;21.4368;29;13.1141;29.7595;-10.8678;-5.8878;33
46021;10.2113;4;0;25.2335;-23.9819;-1.3618;10
46023;21.6695;31;13.2086;30.1304;-10.7733;-6.2587;37
46025;11.4674;11;2.5137;20.421;-21.4682;3.4507;24
46027;16.4527;25;9.3183;23.5872;-14.6636;0.2845;35
46029;14.4284;49;10.0692;18.7876;-13.9127;5.0841;89
46031;12.4185;5;0;29.8508;-23.9819;-5.9791;9
46033;21.5161;18;11.0008;32.0314;-12.9811;-8.1597;22
46035;15.8405;55;11.2333;20.4477;-12.7486;3.424;78
46037;16.6019;28;9.3912;23.8125;-14.5907;0.0592;37
46039;6.3764;9;0;15.3416;-23.9819;8.5301;23
46041;9.0983;3;0;25.2112;-23.9819;-1.3395;8
46043;8.3879;7;0;18.2918;-23.9819;5.5799;19
46045;7.6337;9;0;15.6747;-23.9819;8.197;24
46047;15.7831;20;7.7524;23.8138;-16.2295;0.0579;33
46049;8.8431;6;0;20.8873;-23.9819;2.9844;15
46051;13.9244;27;6.3634;21.4853;-17.6185;2.3864;38
46053;13.9723;17;6.2722;21.6724;-17.7097;2.1993;28
46055;26.7956;11;8.6808;44.9105;-15.3011;-21.0388;10
46057;11.5156;14;3.9065;19.1247;-20.0754;4.747;27
46059;13.2612;11;3.7119;22.8106;-20.27;1.0611;22
46061;9.5685;5;0;22.9627;-23.9819;0.909;13
46063;9.9992;2;0;33.1961;-23.9819;-9.3244;6
46065;20.923;40;14.1874;27.6586;-9.7945;-3.7869;46
46067;10.2404;25;4.5213;15.9594;-19.4606;7.9123;50
46069;16.1673;7;0;32.8594;-23.9819;-8.9877;10
46071;22.8216;7;4.0122;41.631;-19.9697;-17.7593;8
46073;7.3016;3;0;20.9068;-23.9819;2.9649;14
46075;13.3466;3;0;34.6047;-23.9819;-10.733;6
46077;15.3034;20;7.303;23.3037;-16.6789;0.568;35
46079;17.326;34;10.7049;23.9471;-13.277;-0.0754;48
46081;18.2911;57;13.1938;23.3883;-10.7881;0.4834;72
46083;16.2105;38;10.3043;22.1168;-13.6776;1.7549;55
46085;12.6213;7;0;26.9062;-23.9819;-3.0345;11
46087;7.5185;11;0;15.9263;-23.9819;7.9454;31
46089;15.5837;15;6.359;24.8084;-17.6229;-0.9367;21
46091;12.6466;15;2.6128;22.6804;-21.3691;1.1913;25
46093;20.0974;41;13.8183;26.3765;-10.1636;-2.5048;51
46095;9.8766;2;0;32.853;-23.9819;-8.9813;5
46097;17.1024;15;6.0781;28.1266;-17.9038;-4.2549;19
46099;20.4426;324;18.1331;22.7521;-5.8488;1.1196;382
46101;12.9276;16;5.0238;20.8315;-18.9581;3.0402;27
46103;24.6042;204;21.1889;28.0194;-2.793;-4.1477;204
46105;18.2577;14;6.7178;29.7976;-17.2641;-5.9259;19
46107;9.0761;10;0;19.2166;-23.9819;4.6551;16
46109;7.5839;14;1.7726;13.3952;-22.2093;10.4765;42
46111;15.8465;9;1.724;29.969;-22.2579;-6.0973;14
46113;10.0481;1;0;49.2582;-23.9819;-25.3865;2
46115;16.1126;31;9.4518;22.7733;-14.5301;1.0984;40
46117;43.9404;13;18.2755;69.6054;-5.7064;-45.7337;7
46119;8.5597;2;0;28.5619;-23.9819;-4.6902;6
46121;13.5475;3;0;37.3118;-23.9819;-13.4401;4
46123;13.4269;17;6.484;20.3697;-17.4979;3.502;29
46125;16.2791;36;9.5801;22.9781;-14.4018;0.8936;46
46127;21.3334;39;13.9427;28.724;-10.0392;-4.8523;42
46129;9.1715;12;1.418;16.925;-22.5639;6.9467;31
46135;14.0583;43;9.5155;18.6011;-14.4664;5.2706;75
46137;27.4398;4;0;63.5437;-23.9819;-39.672;3
47001;23.352;248;20.4121;26.292;-3.5698;-2.4203;266
47003;20.6844;92;16.3345;25.0342;-7.6474;-1.1625;110
47005;20.1657;53;14.4006;25.9308;-9.5813;-2.0591;68
47007;15.7936;20;8.2537;23.3336;-15.7282;0.5381;30
47009;16.9127;209;14.5887;19.2366;-9.3932;4.6351;308
47011;18.3764;161;15.4842;21.2687;-8.4977;2.603;216
47013;28.1671;154;23.623;32.7112;-0.3589;-8.8395;139
47015;16.9613;27;10.3236;23.5989;-13.6583;0.2728;42
47017;18.4065;84;14.2107;22.6022;-9.7712;1.2695;117
47019;17.1111;144;14.272;19.9501;-9.7099;3.9216;205
47021;23.0863;55;16.8285;29.344;-7.1534;-5.4723;62
47023;12.9343;26;6.9734;18.8951;-17.0085;4.9766;45
47025;22.4683;80;17.4531;27.4834;-6.5288;-3.6117;90
47027;17.7352;21;9.2479;26.2225;-14.734;-2.3508;29
47029;21.0592;87;16.5373;25.581;-7.4446;-1.7093;102
47031;22.4907;132;18.6062;26.3752;-5.3757;-2.5035;145
47033;14.9894;40;9.8718;20.107;-14.1101;3.7647;58
47035;21.9124;110;17.6887;26.1361;-6.2932;-2.2644;133
47037;25.2291;1519;23.9391;26.519;-0.0428;-2.6473;1438
47039;18.9866;35;12.4411;25.5322;-11.5408;-1.6605;47
47041;15.8843;37;10.5314;21.2372;-13.4505;2.6345;59
47043;20.2894;92;16.0425;24.5364;-7.9394;-0.6647;112
47045;23.0078;118;18.7113;27.3042;-5.2706;-3.4325;126
47047;18.4908;37;12.32;24.6617;-11.6619;-0.79;49
47049;21.3538;46;14.8856;27.822;-9.0963;-3.9503;54
47051;17.5469;87;13.7851;21.3086;-10.1968;2.5631;121
47053;17.6435;138;14.5402;20.7467;-9.4417;3.125;197
47055;17.0596;70;12.9209;21.1983;-11.061;2.6734;97
47057;16.0167;38;10.5783;21.455;-13.4036;2.4167;60
47059;18.2932;153;15.3529;21.2335;-8.629;2.6382;209
47061;12.0792;24;6.6379;17.5204;-17.344;6.3513;49
47063;24.9132;164;21.0889;28.7374;-2.893;-4.8657;163
47065;22.6966;855;21.1513;24.2419;-2.8306;-0.3702;909
47067;14.5132;16;5.814;23.2124;-18.1679;0.6593;27
47069;17.0783;49;12.0961;22.0606;-11.8858;1.8111;68
47071;15.3365;55;11.0525;19.6206;-12.9294;4.2511;89
47073;18.6695;115;15.225;22.114;-8.7569;1.7577;155
47075;23.4942;42;15.7923;31.196;-8.1896;-7.3243;46
47077;19.4697;62;14.4321;24.5073;-9.5498;-0.6356;81
47079;22.3391;107;17.9207;26.7576;-6.0612;-2.8859;127
47081;24.7624;60;18.2449;31.2799;-5.737;-7.4082;59
47083;23.3608;25;13.7401;32.9816;-10.2418;-9.1099;29
47085;22.1943;55;16.1324;28.2563;-7.8495;-4.3846;60
47087;17.896;29;10.5288;25.2633;-13.4531;-1.3916;40
47089;13.459;63;10.0998;16.8182;-13.8821;7.0535;117
47091;15.4581;34;9.8851;21.031;-14.0968;2.8407;57
47093;23.0351;1061;21.6256;24.4447;-2.3563;-0.573;1118
47095;27.0033;29;16.4254;37.5813;-7.5565;-13.7096;26
47097;22.9496;64;16.97;28.9291;-7.0119;-5.0574;70
47099;19.1984;110;15.5095;22.8874;-8.4724;0.9843;139
47101;20.1427;29;12.6135;27.6719;-11.3684;-3.8002;35
47103;22.3986;96;17.7943;27.0029;-6.1876;-3.1312;106
47105;16.8859;86;13.2577;20.514;-10.7242;3.3577;125
47107;15.6962;103;12.591;18.8013;-11.3909;5.0704;158
47109;15.6374;58;11.4411;19.8337;-12.5408;4.038;91
47111;14.6239;36;9.6933;19.5544;-14.2886;4.3173;63
47113;19.0764;180;16.1867;21.966;-7.7952;1.9057;223
47115;22.0973;75;17.0391;27.1555;-6.9428;-3.2838;82
47117;22.0664;73;16.8292;27.3035;-7.1527;-3.4318;82
47119;20.5009;146;17.1083;23.8936;-6.8736;-0.0219;174
47121;12.3719;12;4.2946;20.4491;-19.6873;3.4226;24
47123;16.9674;72;12.982;20.9528;-10.9999;2.9189;105
47125;20.8524;157;17.5612;24.1436;-6.4207;-0.2719;191
47127;14.5052;9;2.5501;26.4604;-21.4318;-2.5887;16
47129;25.1404;56;18.4931;31.7877;-5.4888;-7.916;55
47131;16.3415;87;12.7766;19.9064;-11.2053;3.9653;129
47133;20.9142;61;15.4459;26.3826;-8.536;-2.5109;71
47135;20.0345;22;10.8967;29.1723;-13.0852;-5.3006;28
47137;12.0485;9;2.7396;21.3575;-21.2423;2.5142;19
47139;21.3365;43;14.7724;27.9007;-9.2095;-4.029;52
47141;19.7081;135;16.3058;23.1104;-7.6761;0.7613;173
47143;21.5025;74;16.4255;26.5794;-7.5564;-2.7077;87
47145;26.7319;194;22.9409;30.5229;-1.041;-6.6512;182
47147;19.9455;99;15.9456;23.9453;-8.0363;-0.0736;121
47149;27.2926;253;23.8936;30.6916;-0.0883;-6.8199;236
47151;24.9697;64;18.7548;31.1846;-5.2271;-7.3129;63
47153;14.5825;18;7.3034;21.8617;-16.6785;2.01;29
47155;16.8807;109;13.6909;20.0704;-10.291;3.8013;164
47157;29.475;2038;28.1812;30.7689;4.1993;-6.8972;1643
47159;15.5893;39;10.3472;20.8314;-13.6347;3.0403;58
47161;15.6194;26;8.9858;22.253;-14.9961;1.6187;40
47163;21.9133;485;19.9525;23.8741;-4.0294;-0.0024;549
47165;21.6567;229;18.8281;24.4854;-5.1538;-0.6137;264
47167;19.4406;68;14.7694;24.1118;-9.2125;-0.2401;85
47169;26.3755;22;14.8004;37.9505;-9.1815;-14.0788;21
47171;13.1661;41;9.0007;17.3316;-14.9812;6.5401;74
47173;22.0924;36;14.7887;29.3961;-9.1932;-5.5244;40
47175;11.5371;7;0;23.3853;-23.9819;0.4864;16
47177;17.9869;92;14.2273;21.7465;-9.7546;2.1252;123
47179;20.6909;270;18.1762;23.2055;-5.8057;0.6662;325
47181;13.3587;30;8.312;18.4054;-15.6699;5.4663;53
47183;15.9832;86;12.3514;19.6149;-11.6305;4.2568;130
47185;16.5168;53;11.9595;21.0741;-12.0224;2.7976;82
47187;18.319;128;15.1026;21.5355;-8.8793;2.3362;172
47189;23.5089;165;19.8925;27.1253;-4.0894;-3.2536;170
48001;27.8357;154;23.261;32.4103;-0.7209;-8.5386;132
48003;21.5218;33;14.1471;28.8964;-9.8348;-5.0247;38
48005;22.9705;200;19.7062;26.2349;-4.2757;-2.3632;207
48007;32.1135;90;25.3313;38.8956;1.3494;-15.0239;71
48009;15.3488;18;7.2369;23.4607;-16.745;0.411;29
48011;20.2672;9;1.3611;39.1733;-22.6208;-15.3016;10
48013;19.7375;74;15.102;24.373;-8.8799;-0.5013;89
48015;15.0867;48;10.1264;20.047;-13.8555;3.8247;77
48017;18.7919;22;9.5627;28.0212;-14.4192;-4.1495;27
48019;21.8047;38;14.3334;29.2759;-9.6485;-5.4042;42
48021;23.8341;93;18.8467;28.8215;-5.1352;-4.9498;98
48023;19.6888;23;10.2033;29.1743;-13.7786;-5.3026;29
48025;25.7189;86;19.9735;31.4643;-4.0084;-7.5926;76
48027;18.3001;291;16.1584;20.4418;-7.8235;3.4299;390
48029;22.7128;2821;21.8674;23.5581;-2.1145;0.3136;2979
48031;13.5696;16;5.6574;21.4819;-18.3245;2.3898;28
48033;28.9682;3;0;70.0245;-23.9819;-46.1528;3
48035;19.0353;68;13.8363;24.2342;-10.1456;-0.3625;86
48037;23.2535;246;20.2609;26.2461;-3.721;-2.3744;255
48039;31.0551;475;28.253;33.8571;4.2711;-9.9854;387
48041;19.1115;143;15.9201;22.303;-8.0618;1.5687;184
48043;12.1178;15;4.4676;19.7679;-19.5143;4.1038;28
48045;14.6338;6;0;30.8972;-23.9819;-7.0255;10
48047;19.7902;26;11.5011;28.0794;-12.4808;-4.2077;31
48049;24.737;151;20.4797;28.9944;-3.5022;-5.1227;153
48051;15.4755;33;9.7462;21.2047;-14.2357;2.667;50
48053;25.1962;119;20.2084;30.1839;-3.7735;-6.3122;113
48055;20.4208;77;15.5507;25.2909;-8.4312;-1.4192;83
48057;21.1813;48;14.997;27.3655;-8.9849;-3.4938;57
48059;20.9325;48;14.2546;27.6104;-9.7273;-3.7387;55
48061;14.8462;418;13.4135;16.2789;-10.5684;7.5928;684
48063;28.9119;38;19.1822;38.6415;-4.7997;-14.7698;33
48065;14.2451;16;5.7783;22.712;-18.2036;1.1597;27
48067;20.8645;92;16.3969;25.3321;-7.585;-1.4604;106
48069;13.5116;14;6.1119;20.9113;-17.87;2.9604;26
48071;34.8142;62;26.1117;43.5167;2.1298;-19.645;44
48073;19.0054;121;15.3457;22.6652;-8.6362;1.2065;153
48075;15.8687;26;8.3587;23.3788;-15.6232;0.4929;36
48077;20.8307;38;13.7865;27.8749;-10.1954;-4.0032;45
48079;13.3407;8;1.2861;25.3953;-22.6958;-1.5236;14
48081;15.4265;16;5.2371;25.6159;-18.7448;-1.7442;20
48083;17.1478;43;11.2612;23.0344;-12.7207;0.8373;62
48085;24.2515;360;21.7019;26.8012;-2.28;-2.9295;388
48087;8.4999;12;0;18.6416;-23.9819;5.2301;22
48089;14.2093;44;9.3836;19.0351;-14.5983;4.8366;76
48091;21.7494;162;18.3192;25.1795;-5.6627;-1.3078;188
48093;17.2619;58;12.2467;22.2772;-11.7352;1.5945;76
48095;43.044;25;24.0851;62.0029;0.1032;-38.1312;15
48097;17.8375;89;13.9001;21.7749;-10.0818;2.0968;117
48099;17.1169;73;13.0532;21.1807;-10.9287;2.691;96
48101;23.7797;14;7.6691;39.8904;-16.3128;-16.0187;14
48103;27.3238;15;11.7485;42.8991;-12.2334;-19.0274;13
48105;26.3154;16;11.497;41.1338;-12.4849;-17.2621;14
48107;20.5131;28;12.0596;28.9667;-11.9223;-5.095;30
48109;38.5205;13;16.9299;60.1111;-7.052;-36.2394;8
48111;18.8111;17;8.2317;29.3905;-15.7502;-5.5188;22
48113;27.2262;4410;26.4174;28.0351;2.4355;-4.1634;3898
48115;17.1116;42;11.5975;22.6257;-12.3844;1.246;58
48117;16.4967;38;11.0566;21.9369;-12.9253;1.9348;55
48119;16.8984;17;5.9776;27.8191;-18.0043;-3.9474;27
48121;25.6829;382;23.0695;28.2963;-0.9124;-4.4246;375
48123;18.375;75;13.7926;22.9575;-10.1893;0.9142;90
48125;13.0075;12;1.7128;24.3023;-22.2691;-0.4306;17
48127;13.2445;18;6.4377;20.0514;-17.5442;3.8203;32
48129;24.7699;22;12.9967;36.5432;-10.9852;-12.6715;22
48131;14.1868;28;8.6881;19.6855;-15.2938;4.1862;47
48133;21.6854;104;16.7396;26.6312;-7.2423;-2.7595;111
48135;26.1638;322;23.3019;29.0257;-0.68;-5.154;306
48137;22.5768;8;2.1627;42.9909;-21.8192;-19.1192;8
48139;20.4594;177;17.3463;23.5724;-6.6356;0.2993;207
48141;18.8664;983;17.6841;20.0486;-6.2978;3.8231;1302
48143;14.2308;72;10.4892;17.9724;-13.4927;5.8993;111
48145;16.0669;48;10.8965;21.2372;-13.0854;2.6345;73
48147;18.8739;90;14.6048;23.143;-9.3771;0.7287;123
48149;12.6348;54;8.7076;16.562;-15.2743;7.3097;105
48151;13.8318;16;5.8009;21.8626;-18.181;2.0091;28
48153;21.1303;31;13.1684;29.0922;-10.8135;-5.2205;36
48155;20.9877;12;4.3899;37.5855;-19.592;-13.7138;11
48157;23.7462;238;20.6901;26.8022;-3.2918;-2.9305;261
48159;23.5768;31;14.4578;32.6958;-9.5241;-8.8241;36
48161;13.8799;37;8.6093;19.1505;-15.3726;4.7212;61
48163;7.6949;15;1.2666;14.1232;-22.7153;9.7485;42
48165;15.923;24;9.0531;22.7929;-14.9288;1.0788;37
48167;36.1326;779;33.5914;38.6738;9.6095;-14.8021;526
48169;17.6299;15;7.7816;27.4782;-16.2003;-3.6065;20
48171;14.0303;51;9.5037;18.5568;-14.4782;5.3149;89
48173;27.8961;3;0;67.0521;-23.9819;-43.1804;3
48175;26.289;24;14.9744;37.6036;-9.0075;-13.7319;22
48177;23.8225;71;17.8735;29.7715;-6.1084;-5.8998;71
48179;23.0684;106;18.5229;27.6138;-5.459;-3.7421;111
48181;23.5195;374;21.0246;26.0145;-2.9573;-2.1428;381
48183;28.7081;358;25.6744;31.7418;1.6925;-7.8701;312
48185;18.1188;41;11.8914;24.3461;-12.0905;-0.4744;51
48187;20.9694;146;17.5145;24.4244;-6.4674;-0.5527;174
48189;10.1893;53;7.2616;13.117;-16.7203;10.7547;118
48191;14.8596;17;6.453;23.2662;-17.5289;0.6055;26
48193;16.2245;34;9.4678;22.9811;-14.5141;0.8906;52
48195;15.9737;13;5.9702;25.9771;-18.0117;-2.1054;20
48197;23.272;35;13.7455;32.7986;-10.2364;-8.9269;32
48199;27.5781;137;22.9195;32.2368;-1.0624;-8.3651;122
48201;30.0688;5990;29.3045;30.8331;5.3226;-6.9614;4884
48203;23.9892;142;19.9347;28.0436;-4.0472;-4.1719;145
48205;15.2118;10;2.9947;27.4289;-20.9872;-3.5572;15
48207;15.4561;34;8.0847;22.8275;-15.8972;1.0442;42
48209;17.7356;83;13.8663;21.6049;-10.1156;2.2668;121
48211;29.1561;18;14.2752;44.037;-9.7067;-20.1653;14
48213;23.9784;214;20.649;27.3078;-3.3329;-3.4361;227
48215;14.1005;516;12.8745;15.3265;-11.1074;8.5452;905
48217;20.4449;97;15.9706;24.9192;-8.0113;-1.0475;132
48219;15.708;46;11.1165;20.2995;-12.8654;3.5722;69
48221;32.0031;118;26.1258;37.8804;2.1439;-14.0087;96
48223;17.3076;80;13.2742;21.3409;-10.7077;2.5308;111
48225;22.7111;69;16.7738;28.6484;-7.2081;-4.7767;76
48227;21.4462;110;17.3967;25.4956;-6.5852;-1.6239;126
48229;23.642;7;1.3309;45.9532;-22.651;-22.0815;7
48231;18.3287;167;15.4274;21.2301;-8.5545;2.6416;220
48233;24.7658;103;19.868;29.6635;-4.1139;-5.7918;101
48235;35.0609;8;7.0646;63.0572;-16.9173;-39.1855;6
48237;31.0069;43;21.065;40.9488;-2.9169;-17.0771;35
48239;21.8981;46;15.2547;28.5416;-8.7272;-4.6699;50
48241;26.233;112;21.1839;31.2821;-2.798;-7.4104;107
48243;9.8768;3;0;27.9969;-23.9819;-4.1252;8
48245;27.823;843;25.9093;29.7367;1.9274;-5.865;711
48247;17.973;14;7.5678;28.3781;-16.4141;-4.5064;19
48249;19.0444;94;15.1646;22.9242;-8.8173;0.9475;118
48251;22.4114;237;19.4779;25.3449;-4.504;-1.4732;263
48253;19.6168;68;14.5187;24.7149;-9.4632;-0.8432;81
48255;15.9937;42;10.2652;21.7222;-13.7167;2.1495;55
48257;24.1084;142;20.0102;28.2066;-3.9717;-4.3349;148
48259;26.1427;60;19.1418;33.1437;-4.8401;-9.272;56
48261;15.1735;1;0;62.7098;-23.9819;-38.8381;2
48263;16.0746;3;0;41.4188;-23.9819;-17.5471;6
48265;21.1582;161;17.5336;24.7829;-6.4483;-0.9112;188
48267;29.758;27;17.0902;42.4258;-6.8917;-18.5541;21
48269;0;0;0;50.0832;-23.9819;-26.2115;1
48271;22.2785;11;5.7501;38.8069;-18.2318;-14.9352;12
48273;20.3433;69;15.4252;25.2614;-8.5567;-1.3897;82
48275;10.2105;13;2.3072;18.1138;-21.6747;5.7579;28
48277;17.3634;127;14.0992;20.6276;-9.8827;3.2441;172
48279;10.8744;33;6.6218;15.127;-17.3601;8.7447;68
48281;23.339;52;16.6266;30.0514;-7.3553;-6.1797;55
48283;13.2608;10;1.9935;24.5281;-21.9884;-0.6564;19
48285;13.4493;52;9.289;17.6095;-14.6929;6.2622;101
48287;14.8112;28;8.3171;21.3054;-15.6648;2.5663;44
48289;28.0621;61;20.4964;35.6279;-3.4855;-11.7562;51
48291;32.4437;194;27.8126;37.0747;3.8307;-13.203;145
48293;22.4923;91;17.1645;27.82;-6.8174;-3.9483;91
48295;14.9607;9;2.6339;27.2876;-21.348;-3.4159;14
48297;18.037;29;11.1358;24.9383;-12.8461;-1.0666;38
48299;24.0123;81;17.881;30.1436;-6.1009;-6.2719;84
48301;0;0;0;74.3622;-23.9819;-50.4905;0
48303;18.568;422;16.7816;20.3544;-7.2003;3.5173;556
48305;7.864;10;1.3344;14.3935;-22.6475;9.4782;28
48307;15.9326;32;9.6414;22.2238;-14.3405;1.6479;48
48309;21.4612;538;19.5771;23.3453;-4.4048;0.5264;592
48311;32.4728;5;0;66.832;-23.9819;-42.9603;4
48313;22.3063;32;13.4561;31.1565;-10.5258;-7.2848;37
48315;25.6604;35;16.7195;34.6013;-7.2624;-10.7296;33
48317;11.2299;7;0.2275;22.2322;-23.7544;1.6395;16
48319;14.1644;14;3.7799;24.5488;-20.202;-0.6771;21
48321;23.0717;93;18.2695;27.8739;-5.7124;-4.0022;97
48323;8.6213;28;5.096;12.1466;-18.8859;11.7251;81
48325;17.2617;67;12.9752;21.5483;-11.0067;2.3234;92
48327;18.7309;12;4.9677;32.4941;-19.0142;-8.6224;14
48329;23.574;229;20.5102;26.6377;-3.4717;-2.766;248
48331;16.0293;70;11.908;20.1506;-12.0739;3.7211;96
48333;11.7197;15;2.3599;21.0795;-21.622;2.7922;29
48335;21.1672;37;13.6393;28.6951;-10.3426;-4.8234;43
48337;22.6165;88;17.4048;27.8283;-6.5771;-3.9566;97
48339;35.7637;518;32.6782;38.8493;8.6963;-14.9776;385
48341;19.1307;37;12.8493;25.4121;-11.1326;-1.5404;48
48343;24.0976;45;16.806;31.3892;-7.1759;-7.5175;47
48345;17.9485;9;1.4259;34.4712;-22.556;-10.5995;10
48347;20.0737;114;16.2196;23.9279;-7.7623;-0.0562;137
48349;19.2732;126;15.6726;22.8739;-8.3093;0.9978;152
48351;23.0955;39;15.3213;30.8697;-8.6606;-6.998;39
48353;20.9973;64;15.4659;26.5286;-8.516;-2.6569;73
48355;28.1267;896;26.2811;29.9723;2.2992;-6.1006;774
48357;19.2891;23;11.1989;27.3794;-12.783;-3.5077;29
48359;6.7365;2;0;25.1288;-23.9819;-1.2571;6
48361;30.4357;282;26.8794;33.9921;2.8975;-10.1204;228
48363;26.3955;116;21.3553;31.4358;-2.6266;-7.5641;106
48365;17.7179;57;12.8273;22.6085;-11.1546;1.2632;77
48367;24.5182;172;20.8096;28.2268;-3.1723;-4.3551;178
48369;8.5165;12;1.9734;15.0596;-22.0085;8.8121;32
48371;22.6511;37;15.0408;30.2615;-8.9411;-6.3898;40
48373;27.0393;125;22.0988;31.9798;-1.8831;-8.1081;121
48375;23.2034;330;20.6267;25.7802;-3.3552;-1.9085;341
48377;12.1826;13;3.8335;20.5317;-20.1484;3.34;23
48379;13.5542;15;5.6565;21.4519;-18.3254;2.4198;27
48381;23.368;208;20.1804;26.5556;-3.8015;-2.6839;230
48383;23.4188;9;4.7432;42.0944;-19.2387;-18.2227;9
48385;33.7892;16;15.8736;51.7047;-8.1083;-27.833;12
48387;20.9545;59;14.9488;26.9601;-9.0331;-3.0884;70
48389;21.6526;39;14.8129;28.4923;-9.169;-4.6206;43
48391;27.3563;40;18.3469;36.3658;-5.635;-12.4941;32
48393;23.7138;5;0;52.7762;-23.9819;-28.9045;4
48395;18.3169;41;11.9093;24.7245;-12.0726;-0.8528;54
48397;28.1439;54;20.5145;35.7733;-3.4674;-11.9016;52
48399;18.7752;46;12.866;24.6843;-11.1159;-0.8126;61
48401;17.7077;123;14.3757;21.0397;-9.6062;2.832;159
48403;29.1709;52;20.4931;37.8487;-3.4888;-13.977;46
48405;20.8856;29;11.9404;29.8308;-12.0415;-5.9591;34
48407;29.6863;52;21.4912;37.8814;-2.4907;-14.0097;46
48409;26.7445;182;22.8324;30.6566;-1.1495;-6.7849;165
48411;15.0796;24;7.3117;22.8476;-16.6702;1.0241;32
48413;15.058;7;0.0713;30.0447;-23.9106;-6.173;11
48415;17.9636;50;12.7784;23.1488;-11.2035;0.7229;68
48417;12.9093;11;1.6315;24.1871;-22.3504;-0.3154;19
48419;23.4864;84;18.0657;28.9072;-5.9162;-5.0355;93
48421;21.2942;10;6.212;36.3763;-17.7699;-12.5046;11
48423;25.343;441;22.9228;27.7631;-1.0591;-3.8914;435
48425;17.8945;12;6.211;29.5779;-17.7709;-5.7062;17
48427;5.9857;20;3.2369;8.7344;-20.745;15.1373;80
48429;20.087;41;13.37;26.804;-10.6119;-2.9323;46
48431;29.1674;6;0.6191;57.7157;-23.3628;-33.844;5
48433;19.6073;10;4.3862;34.8284;-19.5957;-10.9567;12
48435;25.0573;14;11.0144;39.1002;-12.9675;-15.2285;13
48437;13.9054;21;7.4589;20.3519;-16.523;3.5198;35
48439;28.8952;2945;27.8446;29.9457;3.8627;-6.074;2502
48441;20.5646;319;18.2518;22.8774;-5.7301;0.9943;375
48443;7.8457;2;0;27.8736;-23.9819;-4.0019;6
48445;22.7872;44;15.8919;29.6824;-8.09;-5.8107;48
48447;16.4949;8;0.7582;32.2316;-23.2237;-8.3599;12
48449;25.1596;88;19.5946;30.7246;-4.3873;-6.8529;84
48451;25.4197;332;22.6126;28.2268;-1.3693;-4.3551;315
48453;25.4243;1082;23.894;26.9545;-0.0879;-3.0828;1040
48455;21.9275;43;14.4861;29.3689;-9.4958;-5.4972;48
48457;21.528;60;15.6943;27.3616;-8.2876;-3.4899;74
48459;17.4399;75;13.3592;21.5205;-10.6227;2.3512;106
48461;23.8823;13;9.8526;37.912;-14.1293;-14.0403;13
48463;25.0251;81;19.4218;30.6284;-4.5601;-6.7567;77
48465;13.2025;52;9.5819;16.8232;-14.4;7.0485;98
48467;19.1774;128;15.6754;22.6795;-8.3065;1.1922;162
48469;23.9395;195;20.5532;27.3258;-3.4287;-3.4541;200
48471;26.7394;92;21.1596;32.3192;-2.8223;-8.4475;84
48473;23.313;43;16.1885;30.4376;-7.7934;-6.5659;46
48475;31.8908;55;23.416;40.3656;-0.5659;-16.4939;41
48477;14.8168;57;10.2209;19.4127;-13.761;4.459;93
48479;12.4254;160;10.4685;14.3823;-13.5134;9.4894;306
48481;16.9685;91;13.3684;20.5685;-10.6135;3.3032;127
48483;11.4083;18;4.7243;18.0923;-19.2576;5.7794;34
48485;26.0969;444;23.6092;28.5845;-0.3727;-4.7128;406
48487;14.5949;51;10.0643;19.1255;-13.9176;4.7462;74
48489;8.6466;21;3.9223;13.3709;-20.0596;10.5008;53
48491;19.8823;204;17.0692;22.6954;-6.9127;1.1763;258
48493;17.8218;48;12.6384;23.0053;-11.3435;0.8664;67
48495;28.7671;36;19.0608;38.4735;-4.9211;-14.6018;30
48497;18.1724;79;14.0648;22.28;-9.9171;1.5917;110
48499;23.6426;118;18.9494;28.3358;-5.0325;-4.4641;134
48501;24.3245;21;13.5293;35.1197;-10.4526;-11.248;21
48503;23.7342;87;18.1242;29.3441;-5.8577;-5.4724;90
48505;15.7825;18;7.1684;24.3965;-16.8135;-0.5248;29
48507;15.2447;22;8.3793;22.1101;-15.6026;1.7616;34
49001;16.6423;12;5.7385;27.5461;-18.2434;-3.6744;18
49003;9.1684;36;6.1281;12.2086;-17.8538;11.6631;92
49005;4.1513;27;2.0781;6.2246;-21.9038;17.6471;144
49007;14.2858;41;9.4649;19.1067;-14.517;4.765;68
49009;0;0;0;37.0739;-23.9819;-13.2022;2
49011;8.3532;97;6.671;10.0353;-17.3109;13.8364;303
49013;10.5095;12;3.5753;17.4436;-20.4066;6.4281;28
49015;13.3845;12;3.6586;23.1103;-20.3233;0.7614;22
49017;3.2996;2;0;16.4423;-23.9819;7.4294;13
49019;23.3283;19;11.889;34.7675;-12.0929;-10.8958;21
49021;8.673;16;4.0585;13.2876;-19.9234;10.5841;47
49023;8.7473;7;0;19.5059;-23.9819;4.3658;20
49025;12.1559;8;0.2799;24.0319;-23.702;-0.1602;15
49027;8.7219;10;2.4175;15.0263;-21.5644;8.8454;34
49029;10.2909;5;0;22.2672;-23.9819;1.6045;12
49031;13.4169;3;0;35.8185;-23.9819;-11.9468;6
49033;0;0;0;21.3987;-23.9819;2.473;5
49035;11.5446;772;10.7212;12.3679;-13.2607;11.5038;1622
49037;8.7558;5;0;20.5607;-23.9819;3.311;14
49039;2.4562;6;0;8.0877;-23.9819;15.784;53
49041;9.2249;20;4.3093;14.1405;-19.6726;9.7312;51
49043;8.0614;8;0.4507;15.6722;-23.5312;8.1995;26
49045;14.5126;37;9.6118;19.4134;-14.3701;4.4583;62
49047;11.2485;20;6.1785;16.3185;-17.8034;7.5532;44
49049;8.2;157;6.89;9.51;-17.0919;14.3617;459
49051;5.0101;6;0;14.3004;-23.9819;9.5713;24
49053;11.274;57;8.141;14.407;-15.8409;9.4647;141
49055;2.9763;1;0;20.8835;-23.9819;2.9882;7
49057;10.5496;192;9.0356;12.0635;-14.9463;11.8082;442
50001;21.478;78;16.6044;26.3516;-7.3775;-2.4799;90
50003;29.0567;165;24.4507;33.6627;0.4688;-9.791;137
50005;20.0854;85;15.6288;24.542;-8.3531;-0.6703;98
50007;24.3236;323;21.6259;27.0214;-2.356;-3.1497;317
50009;21.5435;20;11.6527;31.4344;-12.3292;-7.5627;23
50011;21.8235;108;17.6139;26.0331;-6.368;-2.1614;120
50013;33.1252;22;18.2174;48.0331;-5.7645;-24.1614;16
50015;24.308;54;17.6495;30.9666;-6.3324;-7.0949;56
50017;16.7881;57;12.2871;21.2892;-11.6948;2.5825;80
50019;22.4749;82;17.4539;27.4959;-6.528;-3.6242;87
50021;21.3651;201;18.287;24.4432;-5.6949;-0.5715;231
50023;21.9368;185;18.6454;25.2281;-5.3365;-1.3564;197
50025;22.4929;136;18.5235;26.4623;-5.4584;-2.5906;146
50027;22.0774;182;18.7843;25.3705;-5.1976;-1.4988;204
51001;29.0355;135;23.8091;34.2619;-0.1728;-10.3902;116
51003;25.8267;285;22.7762;28.8771;-1.2057;-5.0054;265
51005;21.659;105;17.3696;25.9484;-6.6123;-2.0767;113
51007;19.3097;16;8.4591;30.1604;-15.5228;-6.2887;19
51009;19.7982;496;18.0172;21.5792;-5.9647;2.2925;604
51011;12.8417;20;6.6913;18.992;-17.2906;4.8797;38
51015;18.2771;265;16.0465;20.5076;-7.9354;3.3641;349
51017;34.89;31;21.9549;47.8252;-2.027;-23.9535;20
51021;18.7007;18;9.4789;27.9225;-14.503;-4.0508;23
51023;20.6389;66;15.6155;25.6624;-8.3664;-1.7907;78
51025;13.0742;20;6.4704;19.678;-17.5115;4.1937;34
51027;21.4134;81;16.7169;26.1098;-7.265;-2.2381;89
51029;15.9547;22;8.4282;23.4811;-15.5537;0.3906;31
51033;29.7808;42;20.4048;39.1567;-3.5771;-15.285;36
51035;15.5976;133;12.8663;18.3289;-11.1156;5.5428;217
51036;32.8015;7;4.4005;61.2025;-19.5814;-37.3308;5
51037;18.6475;29;11.4619;25.8331;-12.52;-1.9614;36
51041;28.4137;2175;27.2014;29.6261;3.2195;-5.7544;1835
51043;31.8912;50;22.7504;41.0321;-1.2315;-17.1604;39
51045;11.4638;8;0.2707;22.6569;-23.7112;1.2148;16
51047;17.9934;54;12.9445;23.0424;-11.0374;0.8293;76
51049;24.3024;18;11.9072;36.6975;-12.0747;-12.8258;19
51051;25.4082;64;19.147;31.6695;-4.8349;-7.7978;62
51057;27.0938;29;16.5574;37.6302;-7.4245;-13.7585;27
51059;27.096;2621;26.0511;28.1409;2.0692;-4.2692;2424
51061;30.9086;128;25.4937;36.3235;1.5118;-12.4518;103
51063;10.8702;21;5.2293;16.5112;-18.7526;7.3605;49
51065;22.5543;27;13.666;31.4426;-10.3159;-7.5709;31
51067;14.4505;68;10.9491;17.952;-13.0328;5.9197;119
51069;30.0434;242;26.2124;33.8745;2.2305;-10.0028;199
51071;23.7001;71;18.107;29.2933;-5.8749;-5.4216;71
51073;30.1454;87;23.7024;36.5883;-0.2795;-12.7166;69
51075;20.6742;24;11.687;29.6615;-12.2949;-5.7898;29
51079;27.1291;26;15.8308;38.4275;-8.1511;-14.5558;23
51081;10.7744;17;4.6571;16.8916;-19.3248;6.9801;38
51083;16.0726;73;12.1431;20.0021;-11.8388;3.8696;110
51085;30.8009;191;26.4225;35.1792;2.4406;-11.3075;157
51089;17.1742;154;14.4369;19.9116;-9.545;3.9601;223
51091;26.1821;15;10.3601;42.004;-13.6218;-18.1323;13
51093;25.476;54;18.5274;32.4246;-5.4545;-8.5529;51
51095;30.3575;933;28.4043;32.3106;4.4224;-8.4389;762
51097;14.2198;8;1.0502;27.3895;-22.9317;-3.5178;14
51099;23.4134;25;14.1422;32.6846;-9.8397;-8.8129;26
51101;26.5098;25;14.9295;38.0901;-9.0524;-14.2184;23
51103;24.8733;46;16.5686;33.178;-7.4133;-9.3063;50
51105;21.2142;92;16.7493;25.6792;-7.2326;-1.8075;105
51107;28.7425;160;24.2383;33.2467;0.2564;-9.375;142
51109;25.6709;57;18.8799;32.4618;-5.102;-8.5901;52
51111;21.2625;30;13.1871;29.3379;-10.7948;-5.4662;36
51113;18.4547;27;10.8598;26.0497;-13.1221;-2.178;37
51115;21.1922;36;13.3254;29.0589;-10.6565;-5.1872;41
51117;19.6815;73;15.0212;24.3418;-8.9607;-0.4701;90
51119;25.6716;38;16.6528;34.6905;-7.3291;-10.8188;34
51121;19.8498;260;17.4049;22.2946;-6.577;1.5771;318
51125;16.0406;29;9.4744;22.6068;-14.5075;1.2649;43
51127;33.1044;25;19.8595;46.3493;-4.1224;-22.4776;19
51131;36.607;59;26.4344;46.7796;2.4525;-22.9079;41
51133;26.3603;49;18.2415;34.4792;-5.7404;-10.6075;45
51135;22.8568;50;15.7472;29.9664;-8.2347;-6.0947;45
51137;25.5008;74;19.3092;31.6924;-4.6727;-7.8207;70
51139;18.0444;58;13.1801;22.9088;-10.8018;0.9629;82
51141;14.8787;42;10.1159;19.6415;-13.866;4.2302;68
51143;16.8304;258;14.7226;18.9381;-9.2593;4.9336;365
51145;29.5531;31;18.9952;40.111;-4.9867;-16.2393;26
51147;22.2734;37;14.6296;29.9172;-9.3523;-6.0455;44
51153;37.7462;359;33.6811;41.8113;9.6992;-17.9396;257
51157;21.2988;18;10.3702;32.2274;-13.6117;-8.3557;20
51159;28.76;30;17.268;40.252;-6.7139;-16.3803;25
51161;22.4123;718;20.7238;24.1009;-3.2581;-0.2292;762
51163;24.1121;117;19.691;28.5332;-4.2909;-4.6615;116
51165;17.9672;199;15.4212;20.5131;-8.5607;3.3586;275
51167;22.3388;90;17.696;26.9817;-6.2859;-3.11;100
51169;20.5055;90;16.092;24.919;-7.8899;-1.0473;104
51171;19.0809;103;15.2209;22.9409;-8.761;0.9308;129
51173;17.2116;98;13.7463;20.6768;-10.2356;3.1949;136
51175;20.7363;50;14.8245;26.6482;-9.1574;-2.7765;56
51177;30.8606;297;27.3264;34.3948;3.3445;-10.5231;245
51181;10.5727;5;0;24.5237;-23.9819;-0.652;12
51183;24.8797;23;13.1442;36.6151;-10.8377;-12.7434;21
51185;25.861;183;22.0896;29.6325;-1.8923;-5.7608;173
51187;27.6974;94;22.0397;33.3551;-1.9422;-9.4834;84
51191;21.1691;222;18.3172;24.021;-5.6647;-0.1493;263
51193;31.5366;62;23.0352;40.038;-0.9467;-16.1663;53
51195;26.1388;182;22.2978;29.9798;-1.6841;-6.1081;165
51197;20.004;82;15.5788;24.4292;-8.4031;-0.5575;103
51550;34.0665;2250;32.6521;35.4808;8.6702;-11.6091;1603
51800;24.4817;109;19.8016;29.1618;-4.1803;-5.2901;106
53001;15.4663;25;9.0074;21.9252;-14.9745;1.9465;39
53003;23.9807;68;17.6738;30.2876;-6.3081;-6.4159;71
53005;28.8044;334;25.7079;31.9008;1.726;-8.0291;291
53007;25.723;213;22.1565;29.2895;-1.8254;-5.4178;200
53009;33.1141;297;29.1806;37.0475;5.1987;-13.1758;229
53011;30.4502;763;28.2607;32.6397;4.2788;-8.768;626
53013;28.57;24;16.0704;41.0696;-7.9115;-17.1979;20
53015;29.348;325;26.0968;32.5991;2.1149;-8.7274;272
53017;20.0465;63;15.0491;25.0438;-8.9328;-1.1721;77
53019;32.7894;17;16.3293;49.2495;-7.6526;-25.3778;13
53021;23.7747;87;18.7001;28.8494;-5.2818;-4.9777;90
53023;13.4436;6;0;27.7622;-23.9819;-3.8905;12
53025;27.6217;180;23.576;31.6674;-0.4059;-7.7957;161
53027;33.535;341;29.8914;37.1786;5.9095;-13.3069;243
53029;30.9632;200;26.5662;35.3601;2.5843;-11.4884;167
53031;28.83;90;22.6381;35.0218;-1.3438;-11.1501;81
53033;27.6928;4744;26.8899;28.4956;2.908;-4.6239;4089
53035;29.6311;586;27.1878;32.0744;3.2059;-8.2027;484
53037;21.2403;77;16.2541;26.2265;-7.7278;-2.3548;85
53039;32.9974;77;25.4288;40.566;1.4469;-16.6943;54
53041;30.2956;280;26.6308;33.9604;2.6489;-10.0887;224
53043;22.5299;38;14.9803;30.0795;-9.0016;-6.2078;43
53045;36.3091;190;31.0435;41.5747;7.0616;-17.703;134
53047;25.2203;110;20.3937;30.0468;-3.5882;-6.1751;108
53049;36.8468;139;30.4728;43.2208;6.4909;-19.3491;88
53051;32.3439;40;22.2228;42.4649;-1.7591;-18.5932;30
53053;28.4851;1750;27.1295;29.8406;3.1476;-5.9689;1501
53055;18.6245;29;11.3621;25.887;-12.6198;-2.0153;42
53057;25.4798;292;22.4689;28.4907;-1.513;-4.619;280
53059;27.6054;25;16.4269;38.7838;-7.555;-14.9121;23
53061;30.8608;1313;29.1767;32.5449;5.1948;-8.6732;1075
53063;25.9322;1333;24.4967;27.3676;0.5148;-3.4959;1229
53065;20.9484;78;16.0335;25.8633;-7.9484;-1.9916;90
53067;27.371;483;24.8846;29.8574;0.9027;-5.9857;442
53069;13.9121;9;2.4959;25.3284;-21.486;-1.4567;15
53071;16.7102;134;13.7562;19.6641;-10.2257;4.2076;186
53073;21.7762;338;19.3808;24.1715;-4.6011;-0.2998;380
53075;17.8567;72;13.5488;22.1646;-10.4331;1.7071;93
53077;24.1689;605;22.1991;26.1387;-1.7828;-2.267;604
54001;19.8424;56;14.3886;25.2963;-9.5933;-1.4246;67
54003;21.531;154;18.0971;24.9648;-5.8848;-1.0931;173
54005;28.2852;113;22.9831;33.5872;-0.9988;-9.7155;94
54007;25.8902;68;19.3685;32.412;-4.6134;-8.5403;59
54009;22.3327;112;18.1514;26.5139;-5.8305;-2.6422;118
54011;29.6237;548;27.0664;32.1811;3.0845;-8.3094;438
54013;27.3311;35;17.9004;36.7619;-6.0815;-12.8902;33
54015;28.6409;41;19.5778;37.7039;-4.4041;-13.8322;36
54017;21.9644;27;13.1157;30.8131;-10.8662;-6.9414;30
54019;27.0265;237;23.4978;30.5551;-0.4841;-6.6834;211
54021;17.6896;23;9.7067;25.6725;-14.2752;-1.8008;32
54023;16.9687;27;10.2323;23.705;-13.7496;0.1667;38
54025;26.9738;171;22.7839;31.1638;-1.198;-7.2921;151
54027;23.9655;56;17.5806;30.3503;-6.4013;-6.4786;57
54029;25.6245;159;21.6194;29.6297;-2.3625;-5.758;151
54031;15.8406;26;9.2505;22.4307;-14.7314;1.441;41
54033;25.2324;356;22.5337;27.9311;-1.4482;-4.0594;337
54035;22.729;84;17.7927;27.6653;-6.1892;-3.7936;90
54037;24.7469;97;19.7861;29.7078;-4.1958;-5.8361;96
54039;35.008;1275;33.0664;36.9496;9.0845;-13.0779;871
54041;26.4141;88;20.5992;32.2291;-3.3827;-8.3574;83
54043;34.1777;103;27.4963;40.859;3.5144;-16.9873;74
54045;43.3677;275;38.2271;48.5084;14.2452;-24.6367;151
54047;25.1984;135;20.9258;29.4709;-3.0561;-5.5992;126
54049;26.0199;310;23.0324;29.0075;-0.9495;-5.1358;280
54051;23.937;157;20.0814;27.7926;-3.9005;-3.9209;155
54053;23.7019;94;18.8335;28.5704;-5.1484;-4.6987;95
54055;21.3446;241;18.5785;24.1106;-5.4034;-0.2389;277
54057;24.5442;103;19.661;29.4275;-4.3209;-5.5558;102
54059;41.8749;181;35.7626;47.9872;11.7807;-24.1155;103
54061;20.5656;196;17.6196;23.5116;-6.3623;0.3601;226
54063;17.0724;41;11.0882;23.0566;-12.8937;0.8151;53
54065;23.1136;46;16.0019;30.2252;-7.98;-6.3535;48
54067;27.0904;107;21.8857;32.2951;-2.0962;-8.4234;97
54069;27.6926;330;24.5931;30.792;0.6112;-6.9203;271
54071;11.3392;16;3.9788;18.6995;-20.0031;5.1722;33
54073;19.8924;23;11.413;28.3718;-12.5689;-4.5001;29
54075;20.9982;36;13.7044;28.2919;-10.2775;-4.4202;42
54077;16.3211;74;12.4454;20.1969;-11.5365;3.6748;110
54079;25.5145;126;21.0348;29.9942;-2.9471;-6.1225;124
54081;25.9481;320;23.0567;28.8396;-0.9252;-4.9679;300
54083;24.3448;118;19.7578;28.9319;-4.2241;-5.0602;114
54085;20.9772;42;14.0902;27.8643;-9.8917;-3.9926;48
54087;24.6476;65;18.5489;30.7464;-5.433;-6.8747;64
54089;20.3225;58;14.8841;25.7608;-9.0978;-1.8891;64
54091;26.8509;77;20.6146;33.0872;-3.3673;-9.2155;67
54093;27.7645;41;18.7299;36.7992;-5.252;-12.9275;36
54095;24.3753;46;16.7773;31.9733;-7.2046;-8.1016;42
54097;24.5698;86;19.1288;30.0108;-4.8531;-6.1391;87
54099;27.1988;176;23.1497;31.2479;-0.8322;-7.3762;156
54101;23.1912;41;15.8091;30.5734;-8.1728;-6.7017;43
54103;28.2303;94;22.4104;34.0501;-1.5715;-10.1784;80
54105;24.9641;22;13.1368;36.7913;-10.8451;-12.9196;19
54107;26.9594;398;24.2524;29.6665;0.2705;-5.7948;357
54109;29.8214;115;24.3634;35.2795;0.3815;-11.4078;94
55001;23.7934;59;17.4228;30.1639;-6.5591;-6.2922;66
55003;19.4132;57;13.854;24.9723;-10.1279;-1.1006;72
55005;13.5298;98;10.7374;16.3222;-13.2445;7.5495;167
55007;20.6957;51;14.3951;26.9962;-9.5868;-3.1245;57
55009;18.1024;422;16.3366;19.8682;-7.6453;4.0035;560
55011;12.6291;32;7.7977;17.4605;-16.1842;6.4112;57
55013;18.6391;46;12.936;24.3423;-11.0459;-0.4706;60
55015;14.8424;60;10.9376;18.7472;-13.0443;5.1245;97
55017;19.0921;150;15.876;22.3083;-8.1059;1.5634;190
55019;13.1148;75;9.7429;16.4867;-14.239;7.385;132
55021;17.6427;133;14.5005;20.785;-9.4814;3.0867;181
55023;23.1669;61;16.9403;29.3935;-7.0416;-5.5218;67
55025;20.3212;778;18.8616;21.7808;-5.1203;2.0909;924
55027;15.2365;183;12.9288;17.5442;-11.0531;6.3275;284
55029;12.9996;62;9.5916;16.4076;-14.3903;7.4641;112
55031;23.1651;170;19.5456;26.7847;-4.4363;-2.913;178
55033;11.3373;52;8.053;14.6216;-15.9289;9.2501;110
55035;19.9675;226;17.2534;22.6816;-6.7285;1.1901;272
55037;24.0761;19;11.5079;36.6443;-12.474;-12.7726;18
55039;16.9975;239;14.7402;19.2548;-9.2417;4.6169;338
55041;18.4052;27;10.4909;26.3195;-13.491;-2.4478;37
55043;14.7612;113;11.8559;17.6664;-12.126;6.2053;188
55045;12.0568;65;8.9366;15.177;-15.0453;8.6947;120
55047;15.2477;59;10.6699;19.8255;-13.312;4.0462;88
55049;12.9084;42;8.7268;17.09;-15.2551;6.7817;75
55051;20.7422;30;12.307;29.1774;-11.6749;-5.3057;35
55053;22.8528;57;16.5862;29.1194;-7.3957;-5.2477;67
55055;17.14;173;14.4948;19.7851;-9.4871;4.0866;238
55057;15.8884;60;11.5847;20.192;-12.3972;3.6797;91
55059;20.2081;358;18.075;22.3413;-5.9069;1.5304;427
55061;13.5887;45;9.3291;17.8482;-14.6528;6.0235;75
55063;20.5638;275;18.0261;23.1016;-5.9558;0.7701;331
55065;13.7487;41;9.1692;18.3281;-14.8127;5.5436;66
55067;15.1695;59;10.9926;19.3465;-12.9893;4.5252;92
55069;18.9764;90;14.8428;23.11;-9.1391;0.7617;111
55071;12.7353;179;10.7806;14.69;-13.2013;9.1817;329
55073;13.6015;211;11.7232;15.4797;-12.2587;8.392;377
55075;16.0198;116;12.8531;19.1865;-11.1288;4.6852;177
55077;18.6196;41;12.3957;24.8435;-11.5862;-0.9718;58
55078;13.8838;160;11.6294;16.1383;-12.3525;7.7334;275
55079;20.5582;3036;19.7993;21.317;-4.1826;2.5547;3422
55081;15.1185;81;11.7131;18.5238;-12.2688;5.3479;132
55085;24.2384;143;20.1685;28.3082;-3.8134;-4.4365;139
55087;17.392;302;15.3856;19.3983;-8.5963;4.4734;412
55089;17.0213;146;14.2433;19.7994;-9.7386;4.0723;214
55091;13.0542;19;5.0317;21.0766;-18.9502;2.7951;32
55093;13.2806;50;9.4831;17.0782;-14.4988;6.7935;93
55095;16.4783;89;12.8616;20.0949;-11.1203;3.7768;134
55097;17.3988;122;14.2172;20.5804;-9.7647;3.2913;170
55099;15.405;47;10.6397;20.1703;-13.3422;3.7014;71
55101;19.8889;466;18.0453;21.7325;-5.9366;2.1392;556
55103;20.3268;62;14.9162;25.7374;-9.0657;-1.8657;76
55105;21.6482;420;19.5225;23.7738;-4.4594;0.0979;468
55107;20.5108;54;14.5937;26.428;-9.3882;-2.5563;64
55109;17.0441;95;13.5016;20.5867;-10.4803;3.285;135
55111;17.3036;131;14.1949;20.4124;-9.787;3.4593;184
55113;29.5343;72;22.3643;36.7043;-1.6176;-12.8326;59
55117;13.8013;233;11.9565;15.6461;-12.0254;8.2256;395
55119;12.5599;37;7.9625;17.1573;-16.0194;6.7144;68
55121;11.3492;52;7.9757;14.7228;-16.0062;9.1489;109
55123;16.2728;81;12.53;20.0155;-11.4519;3.8562;118
55125;22.3552;86;17.3276;27.3828;-6.6543;-3.5111;87
55127;23.5624;270;20.6468;26.478;-3.3351;-2.6063;273
55129;24.2936;63;17.9766;30.6107;-6.0053;-6.739;61
55131;17.9217;186;15.2939;20.5495;-8.688;3.3222;256
55133;21.1347;707;19.5614;22.708;-4.4205;1.1637;831
55135;16.3321;131;13.3248;19.3394;-10.6571;4.5323;195
55137;22.4801;85;17.2917;27.6685;-6.6902;-3.7968;89
55139;21.2705;438;19.2202;23.3207;-4.7617;0.551;485
55141;14.7228;165;12.3974;17.0482;-11.5845;6.8235;265
56001;18.2807;52;13.1613;23.4001;-10.8206;0.4716;65
56003;17.7418;35;11.4715;24.012;-12.5104;-0.1403;46
56005;24.5759;35;16.1392;33.0125;-7.8427;-9.1408;37
56007;25.9349;49;18.4959;33.3739;-5.486;-9.5022;46
56009;27.1827;32;17.6152;36.7501;-6.3667;-12.8784;29
56011;21.7;14;9.3606;34.0393;-14.6213;-10.1676;17
56013;17.5993;65;13.2806;21.918;-10.7013;1.9537;91
56015;13.5238;28;8.3099;18.7377;-15.672;5.134;51
56017;28.2506;30;17.4271;39.074;-6.5548;-15.2023;24
56019;29.8561;30;18.678;41.0342;-5.3039;-17.1625;25
56021;19.0672;164;16.125;22.0093;-7.8569;1.8624;209
56023;13.3327;18;6.5047;20.1606;-17.4772;3.7111;33
56025;28.5618;212;24.701;32.4227;0.7191;-8.551;181
56027;17.4215;10;3.1525;31.6906;-20.8294;-7.8189;14
56029;20.7229;63;15.4175;26.0282;-8.5644;-2.1565;77
56031;23.8773;30;14.8367;32.918;-9.1452;-9.0463;31
56033;19.9287;79;15.3777;24.4796;-8.6042;-0.6079;92
56035;10.9032;6;0;23.8125;-23.9819;0.0592;14
56037;16.9716;54;12.4174;21.5258;-11.5645;2.3459;78
56039;17.8329;14;7.3244;28.3415;-16.6575;-4.4698;20
56041;16.5747;22;9.5492;23.6002;-14.4327;0.2715;32
56043;10.7532;14;3.4823;18.0241;-20.4996;5.8476;30
56045;21.7012;20;10.8687;32.5336;-13.1132;-8.6619;22
